mc	mn	quarterbeats	quarterbeats_all_endings	duration_qb	mc_onset	mn_onset	event	timesig	staff	voice	duration	nominal_duration	scalar	chord_id	articulation	thoroughbass_duration	thoroughbass_level_1	thoroughbass_level_2	thoroughbass_level_3	slur
1	1	0	0	2.0	0	0	Chord	4/4	1	1	1/2	1/2	1	0						
1	1	2	2	2.0	1/2	1/2	Chord	4/4	1	1	1/2	1/2	1	1						
1	1	0	0	2.0	0	0	Chord	4/4	2	1	1/2	1/2	1	2						
1	1	2	2	2.0	1/2	1/2	Chord	4/4	2	1	1/2	1/2	1	3						
1	1	0	0	2.0	0	0	Chord	4/4	3	1	1/2	1/2	1	4						
1	1	2	2	2.0	1/2	1/2	Chord	4/4	3	1	1/2	1/2	1	5						
1	1	0	0	2.0	0	0	Chord	4/4	4	1	1/2	1/2	1	6						
1	1	2	2	2.0	1/2	1/2	Chord	4/4	4	1	1/2	1/2	1	7						
1	1	0	0	2.0	0	0	Chord	4/4	5	1	1/2	1/2	1	8						
1	1	2	2	2.0	1/2	1/2	Chord	4/4	5	1	1/2	1/2	1	9						
1	1	0	0	2.0	0	0	Chord	4/4	5	2	1/2	1/2	1	10						
1	1	2	2	2.0	1/2	1/2	Chord	4/4	5	2	1/2	1/2	1	11						
1	1	0	0	2.0	0	0	Chord	4/4	5	3	1/2	1/2	1	12						
1	1	2	2	2.0	1/2	1/2	Chord	4/4	5	3	1/2	1/2	1	13						
1	1	0	0	2.0	0	0	Chord	4/4	6	1	1/2	1/2	1	14						
1	1	2	2	2.0	1/2	1/2	Chord	4/4	6	1	1/2	1/2	1	15						
1	1	0	0	2.0	0	0	Chord	4/4	7	1	1/2	1/2	1	16						
1	1	2	2	0.0	1/2	1/2	FiguredBass	4/4	7	1	0					1/2	6			
1	1	2	2	2.0	1/2	1/2	Chord	4/4	7	1	1/2	1/2	1	17						
1	1	0	0	2.0	0	0	Chord	4/4	8	1	1/2	1/2	1	18						
1	1	2	2	2.0	1/2	1/2	Chord	4/4	8	1	1/2	1/2	1	19						
2	2	4	4	2.0	0	0	Chord	4/4	1	1	1/2	1/2	1	20						
2	2	6	6	2.0	1/2	1/2	Chord	4/4	1	1	1/2	1/2	1	21						
2	2	4	4	2.0	0	0	Chord	4/4	2	1	1/2	1/2	1	22						
2	2	6	6	2.0	1/2	1/2	Chord	4/4	2	1	1/2	1/2	1	23						
2	2	4	4	2.0	0	0	Chord	4/4	3	1	1/2	1/2	1	24						
2	2	6	6	2.0	1/2	1/2	Chord	4/4	3	1	1/2	1/2	1	25						
2	2	4	4	2.0	0	0	Chord	4/4	4	1	1/2	1/2	1	26						
2	2	6	6	2.0	1/2	1/2	Chord	4/4	4	1	1/2	1/2	1	27						
2	2	4	4	2.0	0	0	Chord	4/4	5	1	1/2	1/2	1	28						
2	2	6	6	2.0	1/2	1/2	Chord	4/4	5	1	1/2	1/2	1	29						
2	2	4	4	2.0	0	0	Chord	4/4	5	2	1/2	1/2	1	30						
2	2	6	6	2.0	1/2	1/2	Chord	4/4	5	2	1/2	1/2	1	31						
2	2	4	4	2.0	0	0	Chord	4/4	5	3	1/2	1/2	1	32						
2	2	6	6	2.0	1/2	1/2	Chord	4/4	5	3	1/2	1/2	1	33						
2	2	4	4	2.0	0	0	Chord	4/4	6	1	1/2	1/2	1	34						
2	2	6	6	2.0	1/2	1/2	Chord	4/4	6	1	1/2	1/2	1	35						
2	2	4	4	2.0	0	0	Chord	4/4	7	1	1/2	1/2	1	36						
2	2	6	6	2.0	1/2	1/2	Chord	4/4	7	1	1/2	1/2	1	37						
2	2	4	4	2.0	0	0	Chord	4/4	8	1	1/2	1/2	1	38						
2	2	6	6	2.0	1/2	1/2	Chord	4/4	8	1	1/2	1/2	1	39						
3	3	8	8	3.0	0	0	Chord	4/4	1	1	3/4	1/2	3/2	40						
3	3	11	11	1.0	3/4	3/4	Chord	4/4	1	1	1/4	1/4	1	41						
3	3	8	8	2.0	0	0	Chord	4/4	2	1	1/2	1/2	1	42						
3	3	10	10	2.0	1/2	1/2	Chord	4/4	2	1	1/2	1/2	1	43	ornamentTremblement					
3	3	8	8	2.0	0	0	Chord	4/4	3	1	1/2	1/2	1	44						
3	3	10	10	2.0	1/2	1/2	Chord	4/4	3	1	1/2	1/2	1	45						
3	3	8	8	2.0	0	0	Chord	4/4	4	1	1/2	1/2	1	46						
3	3	10	10	2.0	1/2	1/2	Chord	4/4	4	1	1/2	1/2	1	47						
3	3	8	8	3.0	0	0	Chord	4/4	5	1	3/4	1/2	3/2	48						
3	3	11	11	1.0	3/4	3/4	Chord	4/4	5	1	1/4	1/4	1	49						
3	3	8	8	2.0	0	0	Chord	4/4	5	2	1/2	1/2	1	50						
3	3	10	10	2.0	1/2	1/2	Chord	4/4	5	2	1/2	1/2	1	51						
3	3	8	8	2.0	0	0	Chord	4/4	5	3	1/2	1/2	1	52						
3	3	10	10	2.0	1/2	1/2	Chord	4/4	5	3	1/2	1/2	1	53						
3	3	8	8	2.0	0	0	Chord	4/4	6	1	1/2	1/2	1	54						
3	3	10	10	2.0	1/2	1/2	Chord	4/4	6	1	1/2	1/2	1	55						
3	3	8	8	0.0	0	0	FiguredBass	4/4	7	1	0					3/4	6	5		
3	3	8	8	3.0	0	0	Chord	4/4	7	1	3/4	1/2	3/2	56						
3	3	11	11	0.0	3/4	3/4	FiguredBass	4/4	7	1	0					1/4	5			
3	3	11	11	1.0	3/4	3/4	Chord	4/4	7	1	1/4	1/4	1	57						
3	3	12	12	0.0	1	1	FiguredBass	4/4	7	1	0					1/4	6			
3	3	8	8	2.0	0	0	Chord	4/4	8	1	1/2	1/2	1	58						
3	3	10	10	2.0	1/2	1/2	Chord	4/4	8	1	1/2	1/2	1	59						
4	4	12	12	2.0	0	0	Chord	4/4	1	1	1/2	1/2	1	60						
4	4	14	14	2.0	1/2	1/2	Chord	4/4	1	1	1/2	1/2	1	61						
4	4	12	12	2.0	0	0	Chord	4/4	2	1	1/2	1/2	1	62						
4	4	14	14	2.0	1/2	1/2	Chord	4/4	2	1	1/2	1/2	1	63						
4	4	12	12	2.0	0	0	Chord	4/4	3	1	1/2	1/2	1	64						
4	4	14	14	2.0	1/2	1/2	Chord	4/4	3	1	1/2	1/2	1	65						
4	4	12	12	2.0	0	0	Chord	4/4	4	1	1/2	1/2	1	66						
4	4	14	14	2.0	1/2	1/2	Chord	4/4	4	1	1/2	1/2	1	67						
4	4	12	12	2.0	0	0	Chord	4/4	5	1	1/2	1/2	1	68						
4	4	14	14	2.0	1/2	1/2	Chord	4/4	5	1	1/2	1/2	1	69						
4	4	12	12	2.0	0	0	Chord	4/4	5	2	1/2	1/2	1	70						
4	4	14	14	2.0	1/2	1/2	Chord	4/4	5	2	1/2	1/2	1	71						
4	4	12	12	2.0	0	0	Chord	4/4	5	3	1/2	1/2	1	72						
4	4	14	14	2.0	1/2	1/2	Chord	4/4	5	3	1/2	1/2	1	73						
4	4	12	12	2.0	0	0	Chord	4/4	6	1	1/2	1/2	1	74						
4	4	14	14	2.0	1/2	1/2	Chord	4/4	6	1	1/2	1/2	1	75						
4	4	12	12	2.0	0	0	Chord	4/4	7	1	1/2	1/2	1	76						
4	4	14	14	2.0	1/2	1/2	Chord	4/4	7	1	1/2	1/2	1	77						
4	4	12	12	2.0	0	0	Chord	4/4	8	1	1/2	1/2	1	78						
4	4	14	14	2.0	1/2	1/2	Chord	4/4	8	1	1/2	1/2	1	79						
5	5	16	16	2.0	0	0	Chord	4/4	1	1	1/2	1/2	1	80						
5	5	18	18	1.0	1/2	1/2	Chord	4/4	1	1	1/4	1/4	1	81						
5	5	19	19	1.0	3/4	3/4	Chord	4/4	1	1	1/4	1/4	1	82						
5	5	16	16	2.0	0	0	Chord	4/4	2	1	1/2	1/2	1	83						
5	5	18	18	1.0	1/2	1/2	Chord	4/4	2	1	1/4	1/4	1	84						
5	5	19	19	1.0	3/4	3/4	Chord	4/4	2	1	1/4	1/4	1	85						
5	5	16	16	2.0	0	0	Chord	4/4	3	1	1/2	1/2	1	86						
5	5	18	18	1.0	1/2	1/2	Chord	4/4	3	1	1/4	1/4	1	87						
5	5	19	19	1.0	3/4	3/4	Chord	4/4	3	1	1/4	1/4	1	88						
5	5	16	16	2.0	0	0	Chord	4/4	4	1	1/2	1/2	1	89						
5	5	18	18	1.0	1/2	1/2	Chord	4/4	4	1	1/4	1/4	1	90						
5	5	19	19	1.0	3/4	3/4	Chord	4/4	4	1	1/4	1/4	1	91						
5	5	16	16	2.0	0	0	Chord	4/4	5	1	1/2	1/2	1	92						
5	5	18	18	1.0	1/2	1/2	Chord	4/4	5	1	1/4	1/4	1	93						
5	5	19	19	1.0	3/4	3/4	Chord	4/4	5	1	1/4	1/4	1	94						
5	5	16	16	2.0	0	0	Chord	4/4	5	2	1/2	1/2	1	95						
5	5	18	18	2.0	1/2	1/2	Chord	4/4	5	2	1/2	1/2	1	96						
5	5	16	16	2.0	0	0	Chord	4/4	5	3	1/2	1/2	1	97						
5	5	18	18	2.0	1/2	1/2	Chord	4/4	5	3	1/2	1/2	1	98						
5	5	16	16	2.0	0	0	Chord	4/4	6	1	1/2	1/2	1	99						
5	5	18	18	2.0	1/2	1/2	Chord	4/4	6	1	1/2	1/2	1	100						
5	5	16	16	0.0	0	0	FiguredBass	4/4	7	1	0					1/2	6			
5	5	16	16	2.0	0	0	Chord	4/4	7	1	1/2	1/2	1	101						
5	5	18	18	0.0	1/2	1/2	FiguredBass	4/4	7	1	0					1/4	6			
5	5	18	18	1.0	1/2	1/2	Chord	4/4	7	1	1/4	1/4	1	102						
5	5	19	19	1.0	3/4	3/4	Chord	4/4	7	1	1/4	1/4	1	103						
5	5	16	16	2.0	0	0	Chord	4/4	8	1	1/2	1/2	1	104						
5	5	18	18	2.0	1/2	1/2	Chord	4/4	8	1	1/2	1/2	1	105						
6	6	20	20	2.0	0	0	Chord	4/4	1	1	1/2	1/2	1	106						
6	6	22	22	2.0	1/2	1/2	Chord	4/4	1	1	1/2	1/2	1	107	ornamentTremblement					
6	6	20	20	2.0	0	0	Chord	4/4	2	1	1/2	1/2	1	108						
6	6	22	22	2.0	1/2	1/2	Chord	4/4	2	1	1/2	1/2	1	109						
6	6	20	20	2.0	0	0	Chord	4/4	3	1	1/2	1/2	1	110						
6	6	22	22	2.0	1/2	1/2	Chord	4/4	3	1	1/2	1/2	1	111	ornamentTremblement					
6	6	20	20	2.0	0	0	Chord	4/4	4	1	1/2	1/2	1	112						
6	6	22	22	2.0	1/2	1/2	Chord	4/4	4	1	1/2	1/2	1	113						
6	6	20	20	2.0	0	0	Chord	4/4	5	1	1/2	1/2	1	114						
6	6	22	22	2.0	1/2	1/2	Chord	4/4	5	1	1/2	1/2	1	115	ornamentTremblement					
6	6	20	20	4.0	0	0	Chord	4/4	5	2	1	1	1	116						
6	6	20	20	2.0	0	0	Chord	4/4	5	3	1/2	1/2	1	117						
6	6	22	22	2.0	1/2	1/2	Chord	4/4	5	3	1/2	1/2	1	118						
6	6	20	20	2.0	0	0	Chord	4/4	6	1	1/2	1/2	1	119						
6	6	22	22	2.0	1/2	1/2	Chord	4/4	6	1	1/2	1/2	1	120						
6	6	20	20	0.0	0	0	FiguredBass	4/4	7	1	0					1/2	6	5	h	
6	6	20	20	2.0	0	0	Chord	4/4	7	1	1/2	1/2	1	121						
6	6	22	22	0.0	1/2	1/2	FiguredBass	4/4	7	1	0					1/2	#			
6	6	22	22	2.0	1/2	1/2	Chord	4/4	7	1	1/2	1/2	1	122	ornamentTremblement					
6	6	20	20	2.0	0	0	Chord	4/4	8	1	1/2	1/2	1	123						
6	6	22	22	2.0	1/2	1/2	Chord	4/4	8	1	1/2	1/2	1	124						
7	7	24	24	4.0	0	0	Chord	4/4	1	1	1	1	1	125						
7	7	24	24	4.0	0	0	Chord	4/4	2	1	1	1	1	126						
7	7	24	24	4.0	0	0	Chord	4/4	3	1	1	1	1	127						
7	7	24	24	4.0	0	0	Chord	4/4	4	1	1	1	1	128						
7	7	24	24	4.0	0	0	Chord	4/4	5	1	1	1	1	129						
7	7	24	24	4.0	0	0	Chord	4/4	5	2	1	1	1	130						
7	7	24	24	4.0	0	0	Chord	4/4	5	3	1	1	1	131						
7	7	24	24	4.0	0	0	Chord	4/4	5	4	1	1	1	132						
7	7	24	24	4.0	0	0	Chord	4/4	6	1	1	1	1	133						
7	7	24	24	4.0	0	0	Chord	4/4	7	1	1	1	1	134						
7	7	24	24	4.0	0	0	Chord	4/4	8	1	1	1	1	135						
8	8	28	28	4.0	0	0	Chord	4/4	1	1	1	1	1	136						
8	8	28	28	4.0	0	0	Chord	4/4	2	1	1	1	1	137						
8	8	28	28	4.0	0	0	Chord	4/4	3	1	1	1	1	138						
8	8	28	28	4.0	0	0	Chord	4/4	4	1	1	1	1	139						
8	8	28	28	4.0	0	0	Chord	4/4	5	1	1	1	1	140						
8	8	28	28	4.0	0	0	Chord	4/4	5	2	1	1	1	141						
8	8	28	28	4.0	0	0	Chord	4/4	5	3	1	1	1	142						
8	8	28	28	4.0	0	0	Chord	4/4	6	1	1	1	1	143						
8	8	28	28	4.0	0	0	Chord	4/4	7	1	1	1	1	144						
8	8	28	28	4.0	0	0	Chord	4/4	8	1	1	1	1	145						
9	9	32	32	2.0	0	0	Chord	4/4	1	1	1/2	1/2	1	146						
9	9	34	34	2.0	1/2	1/2	Chord	4/4	1	1	1/2	1/2	1	147						
9	9	32	32	2.0	0	0	Chord	4/4	2	1	1/2	1/2	1	148						
9	9	34	34	2.0	1/2	1/2	Chord	4/4	2	1	1/2	1/2	1	149						
9	9	32	32	2.0	0	0	Chord	4/4	3	1	1/2	1/2	1	150						
9	9	34	34	2.0	1/2	1/2	Chord	4/4	3	1	1/2	1/2	1	151						
9	9	32	32	2.0	0	0	Chord	4/4	4	1	1/2	1/2	1	152						
9	9	34	34	2.0	1/2	1/2	Chord	4/4	4	1	1/2	1/2	1	153						
9	9	32	32	2.0	0	0	Chord	4/4	5	1	1/2	1/2	1	154						
9	9	34	34	2.0	1/2	1/2	Chord	4/4	5	1	1/2	1/2	1	155						
9	9	32	32	2.0	0	0	Chord	4/4	5	2	1/2	1/2	1	156						
9	9	34	34	2.0	1/2	1/2	Chord	4/4	5	2	1/2	1/2	1	157						
9	9	32	32	2.0	0	0	Chord	4/4	5	3	1/2	1/2	1	158						
9	9	34	34	2.0	1/2	1/2	Chord	4/4	5	3	1/2	1/2	1	159						
9	9	32	32	2.0	0	0	Chord	4/4	6	1	1/2	1/2	1	160						
9	9	34	34	2.0	1/2	1/2	Chord	4/4	6	1	1/2	1/2	1	161						
9	9	32	32	2.0	0	0	Chord	4/4	7	1	1/2	1/2	1	162						
9	9	34	34	0.0	1/2	1/2	FiguredBass	4/4	7	1	0					1/2	6			
9	9	34	34	2.0	1/2	1/2	Chord	4/4	7	1	1/2	1/2	1	163						
9	9	32	32	2.0	0	0	Chord	4/4	8	1	1/2	1/2	1	164						
9	9	34	34	2.0	1/2	1/2	Chord	4/4	8	1	1/2	1/2	1	165						
10	10	36	36	3.0	0	0	Chord	4/4	1	1	3/4	1/2	3/2	166						
10	10	39	39	1.0	3/4	3/4	Chord	4/4	1	1	1/4	1/4	1	167						
10	10	36	36	2.0	0	0	Chord	4/4	2	1	1/2	1/2	1	168						
10	10	38	38	2.0	1/2	1/2	Chord	4/4	2	1	1/2	1/2	1	169	ornamentTremblement					
10	10	36	36	2.0	0	0	Chord	4/4	3	1	1/2	1/2	1	170						
10	10	38	38	2.0	1/2	1/2	Chord	4/4	3	1	1/2	1/2	1	171						
10	10	36	36	2.0	0	0	Chord	4/4	4	1	1/2	1/2	1	172						
10	10	38	38	2.0	1/2	1/2	Chord	4/4	4	1	1/2	1/2	1	173						
10	10	36	36	3.0	0	0	Chord	4/4	5	1	3/4	1/2	3/2	174						
10	10	39	39	1.0	3/4	3/4	Chord	4/4	5	1	1/4	1/4	1	175						
10	10	36	36	4.0	0	0	Chord	4/4	5	2	1	1	1	176						
10	10	36	36	4.0	0	0	Chord	4/4	5	3	1	1	1	177						
10	10	36	36	2.0	0	0	Chord	4/4	6	1	1/2	1/2	1	178						
10	10	38	38	2.0	1/2	1/2	Chord	4/4	6	1	1/2	1/2	1	179						
10	10	36	36	0.0	0	0	FiguredBass	4/4	7	1	0					3/4	5__			
10	10	36	36	3.0	0	0	Chord	4/4	7	1	3/4	1/2	3/2	180						
10	10	39	39	0.0	3/4	3/4	FiguredBass	4/4	7	1	0					1/4	_			
10	10	39	39	1.0	3/4	3/4	Chord	4/4	7	1	1/4	1/4	1	181						
10	10	40	40	0.0	1	1	FiguredBass	4/4	7	1	0					1/4	6			
10	10	36	36	2.0	0	0	Chord	4/4	8	1	1/2	1/2	1	182						
10	10	38	38	2.0	1/2	1/2	Chord	4/4	8	1	1/2	1/2	1	183						
11	11	40	40	4.0	0	0	Chord	4/4	1	1	1	1	1	184						
11	11	40	40	4.0	0	0	Chord	4/4	2	1	1	1	1	185						
11	11	40	40	4.0	0	0	Chord	4/4	3	1	1	1	1	186						
11	11	40	40	4.0	0	0	Chord	4/4	4	1	1	1	1	187						
11	11	40	40	4.0	0	0	Chord	4/4	5	1	1	1	1	188						
11	11	40	40	4.0	0	0	Chord	4/4	5	2	1	1	1	189						
11	11	40	40	4.0	0	0	Chord	4/4	5	3	1	1	1	190						
11	11	40	40	4.0	0	0	Chord	4/4	6	1	1	1	1	191						
11	11	40	40	4.0	0	0	Chord	4/4	7	1	1	1	1	192						
11	11	40	40	4.0	0	0	Chord	4/4	8	1	1	1	1	193						
12	12	44	44	2.0	0	0	Chord	4/4	1	1	1/2	1/2	1	194						
12	12	46	46	1.0	1/2	1/2	Chord	4/4	1	1	1/4	1/4	1	195						
12	12	47	47	1.0	3/4	3/4	Chord	4/4	1	1	1/4	1/4	1	196						
12	12	44	44	2.0	0	0	Chord	4/4	2	1	1/2	1/2	1	197						
12	12	46	46	1.0	1/2	1/2	Chord	4/4	2	1	1/4	1/4	1	198						
12	12	47	47	1.0	3/4	3/4	Chord	4/4	2	1	1/4	1/4	1	199						
12	12	44	44	2.0	0	0	Chord	4/4	3	1	1/2	1/2	1	200						
12	12	46	46	1.0	1/2	1/2	Chord	4/4	3	1	1/4	1/4	1	201						
12	12	47	47	1.0	3/4	3/4	Chord	4/4	3	1	1/4	1/4	1	202						
12	12	44	44	2.0	0	0	Chord	4/4	4	1	1/2	1/2	1	203						
12	12	46	46	1.0	1/2	1/2	Chord	4/4	4	1	1/4	1/4	1	204						
12	12	47	47	1.0	3/4	3/4	Chord	4/4	4	1	1/4	1/4	1	205						
12	12	44	44	2.0	0	0	Chord	4/4	5	1	1/2	1/2	1	206						
12	12	46	46	1.0	1/2	1/2	Chord	4/4	5	1	1/4	1/4	1	207						
12	12	47	47	1.0	3/4	3/4	Chord	4/4	5	1	1/4	1/4	1	208						
12	12	44	44	2.0	0	0	Chord	4/4	5	2	1/2	1/2	1	209						
12	12	46	46	2.0	1/2	1/2	Chord	4/4	5	2	1/2	1/2	1	210						
12	12	44	44	2.0	0	0	Chord	4/4	5	3	1/2	1/2	1	211						
12	12	46	46	2.0	1/2	1/2	Chord	4/4	5	3	1/2	1/2	1	212						
12	12	44	44	2.0	0	0	Chord	4/4	6	1	1/2	1/2	1	213						
12	12	46	46	2.0	1/2	1/2	Chord	4/4	6	1	1/2	1/2	1	214						
12	12	44	44	2.0	0	0	Chord	4/4	7	1	1/2	1/2	1	215						
12	12	46	46	0.0	1/2	1/2	FiguredBass	4/4	7	1	0					1/4	6			
12	12	46	46	1.0	1/2	1/2	Chord	4/4	7	1	1/4	1/4	1	216						
12	12	47	47	1.0	3/4	3/4	Chord	4/4	7	1	1/4	1/4	1	217						
12	12	44	44	2.0	0	0	Chord	4/4	8	1	1/2	1/2	1	218						
12	12	46	46	2.0	1/2	1/2	Chord	4/4	8	1	1/2	1/2	1	219						
13	13	48	48	2.0	0	0	Chord	4/4	1	1	1/2	1/2	1	220						
13	13	50	50	2.0	1/2	1/2	Chord	4/4	1	1	1/2	1/2	1	221	ornamentTremblement					
13	13	48	48	2.0	0	0	Chord	4/4	2	1	1/2	1/2	1	222						
13	13	50	50	2.0	1/2	1/2	Chord	4/4	2	1	1/2	1/2	1	223						
13	13	48	48	2.0	0	0	Chord	4/4	3	1	1/2	1/2	1	224						
13	13	50	50	2.0	1/2	1/2	Chord	4/4	3	1	1/2	1/2	1	225	ornamentTremblement					
13	13	48	48	2.0	0	0	Chord	4/4	4	1	1/2	1/2	1	226						
13	13	50	50	2.0	1/2	1/2	Chord	4/4	4	1	1/2	1/2	1	227						
13	13	48	48	2.0	0	0	Chord	4/4	5	1	1/2	1/2	1	228						
13	13	50	50	2.0	1/2	1/2	Chord	4/4	5	1	1/2	1/2	1	229	ornamentTremblement					
13	13	48	48	2.0	0	0	Chord	4/4	5	2	1/2	1/2	1	230						
13	13	50	50	2.0	1/2	1/2	Chord	4/4	5	2	1/2	1/2	1	231						
13	13	48	48	2.0	0	0	Chord	4/4	5	3	1/2	1/2	1	232						
13	13	50	50	2.0	1/2	1/2	Chord	4/4	5	3	1/2	1/2	1	233						
13	13	48	48	2.0	0	0	Chord	4/4	6	1	1/2	1/2	1	234						
13	13	50	50	2.0	1/2	1/2	Chord	4/4	6	1	1/2	1/2	1	235						
13	13	48	48	0.0	0	0	FiguredBass	4/4	7	1	0					1/2	7			
13	13	48	48	2.0	0	0	Chord	4/4	7	1	1/2	1/2	1	236						
13	13	50	50	0.0	1/2	1/2	FiguredBass	4/4	7	1	0					1/2	#			
13	13	50	50	2.0	1/2	1/2	Chord	4/4	7	1	1/2	1/2	1	237	ornamentTremblement					
13	13	48	48	2.0	0	0	Chord	4/4	8	1	1/2	1/2	1	238						
13	13	50	50	2.0	1/2	1/2	Chord	4/4	8	1	1/2	1/2	1	239						
14	14	52	52	4.0	0	0	Chord	4/4	1	1	1	1	1	240						
14	14	52	52	4.0	0	0	Chord	4/4	2	1	1	1	1	241						
14	14	52	52	4.0	0	0	Chord	4/4	3	1	1	1	1	242						
14	14	52	52	4.0	0	0	Chord	4/4	4	1	1	1	1	243						
14	14	52	52	4.0	0	0	Chord	4/4	5	1	1	1	1	244						
14	14	52	52	4.0	0	0	Chord	4/4	5	2	1	1	1	245						
14	14	52	52	4.0	0	0	Chord	4/4	5	3	1	1	1	246						
14	14	52	52	4.0	0	0	Chord	4/4	5	4	1	1	1	247						
14	14	52	52	4.0	0	0	Chord	4/4	6	1	1	1	1	248						
14	14	52	52	4.0	0	0	Chord	4/4	7	1	1	1	1	249						
14	14	52	52	4.0	0	0	Chord	4/4	8	1	1	1	1	250						
15	15	56	56	2.0	0	0	Chord	4/4	1	1	1/2	1/2	1	251						
15	15	58	58	2.0	1/2	1/2	Chord	4/4	1	1	1/2	1/2	1	252						
15	15	56	56	2.0	0	0	Chord	4/4	2	1	1/2	1/2	1	253						
15	15	58	58	2.0	1/2	1/2	Chord	4/4	2	1	1/2	1/2	1	254						
15	15	56	56	2.0	0	0	Chord	4/4	3	1	1/2	1/2	1	255						
15	15	58	58	2.0	1/2	1/2	Chord	4/4	3	1	1/2	1/2	1	256						
15	15	56	56	2.0	0	0	Chord	4/4	4	1	1/2	1/2	1	257						
15	15	58	58	2.0	1/2	1/2	Chord	4/4	4	1	1/2	1/2	1	258						
15	15	56	56	2.0	0	0	Chord	4/4	5	1	1/2	1/2	1	259						
15	15	58	58	2.0	1/2	1/2	Chord	4/4	5	1	1/2	1/2	1	260						
15	15	56	56	2.0	0	0	Chord	4/4	5	2	1/2	1/2	1	261						
15	15	58	58	2.0	1/2	1/2	Chord	4/4	5	2	1/2	1/2	1	262						
15	15	56	56	2.0	0	0	Chord	4/4	5	3	1/2	1/2	1	263						
15	15	58	58	2.0	1/2	1/2	Chord	4/4	5	3	1/2	1/2	1	264						
15	15	56	56	2.0	0	0	Chord	4/4	6	1	1/2	1/2	1	265						
15	15	58	58	2.0	1/2	1/2	Chord	4/4	6	1	1/2	1/2	1	266						
15	15	56	56	0.0	0	0	FiguredBass	4/4	7	1	0					1/2	6			
15	15	56	56	2.0	0	0	Chord	4/4	7	1	1/2	1/2	1	267						
15	15	58	58	2.0	1/2	1/2	Chord	4/4	7	1	1/2	1/2	1	268						
15	15	56	56	2.0	0	0	Chord	4/4	8	1	1/2	1/2	1	269						
15	15	58	58	2.0	1/2	1/2	Chord	4/4	8	1	1/2	1/2	1	270						
16	16	60	60	2.0	0	0	Chord	4/4	1	1	1/2	1/2	1	271						
16	16	62	62	2.0	1/2	1/2	Chord	4/4	1	1	1/2	1/2	1	272						
16	16	60	60	2.0	0	0	Chord	4/4	2	1	1/2	1/2	1	273						
16	16	62	62	2.0	1/2	1/2	Chord	4/4	2	1	1/2	1/2	1	274						
16	16	60	60	2.0	0	0	Chord	4/4	3	1	1/2	1/2	1	275						
16	16	62	62	2.0	1/2	1/2	Chord	4/4	3	1	1/2	1/2	1	276						
16	16	60	60	2.0	0	0	Chord	4/4	4	1	1/2	1/2	1	277						
16	16	62	62	2.0	1/2	1/2	Chord	4/4	4	1	1/2	1/2	1	278						
16	16	60	60	2.0	0	0	Chord	4/4	5	1	1/2	1/2	1	279						
16	16	62	62	2.0	1/2	1/2	Chord	4/4	5	1	1/2	1/2	1	280						
16	16	60	60	2.0	0	0	Chord	4/4	5	2	1/2	1/2	1	281						
16	16	62	62	2.0	1/2	1/2	Chord	4/4	5	2	1/2	1/2	1	282						
16	16	60	60	2.0	0	0	Chord	4/4	5	3	1/2	1/2	1	283						
16	16	62	62	2.0	1/2	1/2	Chord	4/4	5	3	1/2	1/2	1	284						
16	16	60	60	2.0	0	0	Chord	4/4	6	1	1/2	1/2	1	285						
16	16	62	62	2.0	1/2	1/2	Chord	4/4	6	1	1/2	1/2	1	286						
16	16	60	60	2.0	0	0	Chord	4/4	7	1	1/2	1/2	1	287						
16	16	62	62	2.0	1/2	1/2	Chord	4/4	7	1	1/2	1/2	1	288						
16	16	60	60	2.0	0	0	Chord	4/4	8	1	1/2	1/2	1	289						
16	16	62	62	2.0	1/2	1/2	Chord	4/4	8	1	1/2	1/2	1	290						
17	17	64	64	3.0	0	0	Chord	4/4	1	1	3/4	1/2	3/2	291						
17	17	67	67	1.0	3/4	3/4	Chord	4/4	1	1	1/4	1/4	1	292						
17	17	64	64	2.0	0	0	Chord	4/4	2	1	1/2	1/2	1	293						
17	17	66	66	2.0	1/2	1/2	Chord	4/4	2	1	1/2	1/2	1	294	ornamentTremblement					
17	17	64	64	2.0	0	0	Chord	4/4	3	1	1/2	1/2	1	295						
17	17	66	66	2.0	1/2	1/2	Chord	4/4	3	1	1/2	1/2	1	296						
17	17	64	64	2.0	0	0	Chord	4/4	4	1	1/2	1/2	1	297						
17	17	66	66	2.0	1/2	1/2	Chord	4/4	4	1	1/2	1/2	1	298						
17	17	64	64	3.0	0	0	Chord	4/4	5	1	3/4	1/2	3/2	299						
17	17	67	67	1.0	3/4	3/4	Chord	4/4	5	1	1/4	1/4	1	300						
17	17	64	64	4.0	0	0	Chord	4/4	5	2	1	1	1	301						
17	17	64	64	4.0	0	0	Chord	4/4	5	3	1	1	1	302						
17	17	64	64	2.0	0	0	Chord	4/4	6	1	1/2	1/2	1	303						
17	17	66	66	2.0	1/2	1/2	Chord	4/4	6	1	1/2	1/2	1	304						
17	17	64	64	0.0	0	0	FiguredBass	4/4	7	1	0					3/4	5__			
17	17	64	64	3.0	0	0	Chord	4/4	7	1	3/4	1/2	3/2	305						
17	17	67	67	0.0	3/4	3/4	FiguredBass	4/4	7	1	0					1/4	_			
17	17	67	67	1.0	3/4	3/4	Chord	4/4	7	1	1/4	1/4	1	306						
17	17	68	68	0.0	1	1	FiguredBass	4/4	7	1	0					1/4	6			
17	17	64	64	2.0	0	0	Chord	4/4	8	1	1/2	1/2	1	307						
17	17	66	66	2.0	1/2	1/2	Chord	4/4	8	1	1/2	1/2	1	308						
18	18	68	68	2.0	0	0	Chord	4/4	1	1	1/2	1/2	1	309						
18	18	70	70	1.0	1/2	1/2	Chord	4/4	1	1	1/4	1/4	1	310						
18	18	71	71	1.0	3/4	3/4	Chord	4/4	1	1	1/4	1/4	1	311						
18	18	68	68	2.0	0	0	Chord	4/4	2	1	1/2	1/2	1	312						
18	18	70	70	1.0	1/2	1/2	Chord	4/4	2	1	1/4	1/4	1	313						
18	18	71	71	1.0	3/4	3/4	Chord	4/4	2	1	1/4	1/4	1	314						
18	18	68	68	2.0	0	0	Chord	4/4	3	1	1/2	1/2	1	315						
18	18	70	70	1.0	1/2	1/2	Chord	4/4	3	1	1/4	1/4	1	316						
18	18	71	71	1.0	3/4	3/4	Chord	4/4	3	1	1/4	1/4	1	317						
18	18	68	68	2.0	0	0	Chord	4/4	4	1	1/2	1/2	1	318						
18	18	70	70	1.0	1/2	1/2	Chord	4/4	4	1	1/4	1/4	1	319						
18	18	71	71	1.0	3/4	3/4	Chord	4/4	4	1	1/4	1/4	1	320						
18	18	68	68	2.0	0	0	Chord	4/4	5	1	1/2	1/2	1	321						
18	18	70	70	1.0	1/2	1/2	Chord	4/4	5	1	1/4	1/4	1	322						
18	18	71	71	1.0	3/4	3/4	Chord	4/4	5	1	1/4	1/4	1	323						
18	18	68	68	2.0	0	0	Chord	4/4	5	2	1/2	1/2	1	324						
18	18	70	70	2.0	1/2	1/2	Chord	4/4	5	2	1/2	1/2	1	325						
18	18	68	68	2.0	0	0	Chord	4/4	5	3	1/2	1/2	1	326						
18	18	70	70	2.0	1/2	1/2	Chord	4/4	5	3	1/2	1/2	1	327						
18	18	68	68	2.0	0	0	Chord	4/4	6	1	1/2	1/2	1	328						
18	18	70	70	2.0	1/2	1/2	Chord	4/4	6	1	1/2	1/2	1	329						
18	18	68	68	2.0	0	0	Chord	4/4	7	1	1/2	1/2	1	330						
18	18	70	70	1.0	1/2	1/2	Chord	4/4	7	1	1/4	1/4	1	331						
18	18	71	71	1.0	3/4	3/4	Chord	4/4	7	1	1/4	1/4	1	332						
18	18	68	68	2.0	0	0	Chord	4/4	8	1	1/2	1/2	1	333						
18	18	70	70	2.0	1/2	1/2	Chord	4/4	8	1	1/2	1/2	1	334						
19	19	72	72	2.0	0	0	Chord	4/4	1	1	1/2	1/2	1	335						
19	19	74	74	2.0	1/2	1/2	Chord	4/4	1	1	1/2	1/2	1	336						
19	19	72	72	2.0	0	0	Chord	4/4	2	1	1/2	1/2	1	337						
19	19	74	74	2.0	1/2	1/2	Chord	4/4	2	1	1/2	1/2	1	338						
19	19	72	72	2.0	0	0	Chord	4/4	3	1	1/2	1/2	1	339						
19	19	74	74	2.0	1/2	1/2	Chord	4/4	3	1	1/2	1/2	1	340						
19	19	72	72	2.0	0	0	Chord	4/4	4	1	1/2	1/2	1	341						
19	19	74	74	2.0	1/2	1/2	Chord	4/4	4	1	1/2	1/2	1	342						
19	19	72	72	2.0	0	0	Chord	4/4	5	1	1/2	1/2	1	343						
19	19	74	74	2.0	1/2	1/2	Chord	4/4	5	1	1/2	1/2	1	344						
19	19	72	72	2.0	0	0	Chord	4/4	5	2	1/2	1/2	1	345						
19	19	74	74	2.0	1/2	1/2	Chord	4/4	5	2	1/2	1/2	1	346						
19	19	72	72	2.0	0	0	Chord	4/4	5	3	1/2	1/2	1	347						
19	19	74	74	2.0	1/2	1/2	Chord	4/4	5	3	1/2	1/2	1	348						
19	19	72	72	2.0	0	0	Chord	4/4	6	1	1/2	1/2	1	349						
19	19	74	74	2.0	1/2	1/2	Chord	4/4	6	1	1/2	1/2	1	350						
19	19	72	72	0.0	0	0	FiguredBass	4/4	7	1	0					1/2	2			
19	19	72	72	2.0	0	0	Chord	4/4	7	1	1/2	1/2	1	351						
19	19	74	74	2.0	1/2	1/2	Chord	4/4	7	1	1/2	1/2	1	352						
19	19	72	72	2.0	0	0	Chord	4/4	8	1	1/2	1/2	1	353						
19	19	74	74	2.0	1/2	1/2	Chord	4/4	8	1	1/2	1/2	1	354						
20	20	76	76	2.0	0	0	Chord	4/4	1	1	1/2	1/2	1	355						
20	20	78	78	2.0	1/2	1/2	Chord	4/4	1	1	1/2	1/2	1	356						
20	20	76	76	2.0	0	0	Chord	4/4	2	1	1/2	1/2	1	357						
20	20	78	78	2.0	1/2	1/2	Chord	4/4	2	1	1/2	1/2	1	358						
20	20	76	76	2.0	0	0	Chord	4/4	3	1	1/2	1/2	1	359						
20	20	78	78	2.0	1/2	1/2	Chord	4/4	3	1	1/2	1/2	1	360						
20	20	76	76	2.0	0	0	Chord	4/4	4	1	1/2	1/2	1	361						
20	20	78	78	2.0	1/2	1/2	Chord	4/4	4	1	1/2	1/2	1	362						
20	20	76	76	2.0	0	0	Chord	4/4	5	1	1/2	1/2	1	363						
20	20	78	78	2.0	1/2	1/2	Chord	4/4	5	1	1/2	1/2	1	364						
20	20	76	76	2.0	0	0	Chord	4/4	5	2	1/2	1/2	1	365						
20	20	78	78	2.0	1/2	1/2	Chord	4/4	5	2	1/2	1/2	1	366						
20	20	76	76	2.0	0	0	Chord	4/4	5	3	1/2	1/2	1	367						
20	20	78	78	2.0	1/2	1/2	Chord	4/4	5	3	1/2	1/2	1	368						
20	20	76	76	2.0	0	0	Chord	4/4	6	1	1/2	1/2	1	369						
20	20	78	78	2.0	1/2	1/2	Chord	4/4	6	1	1/2	1/2	1	370						
20	20	76	76	0.0	0	0	FiguredBass	4/4	7	1	0					1/2	4			
20	20	76	76	2.0	0	0	Chord	4/4	7	1	1/2	1/2	1	371						
20	20	78	78	0.0	1/2	1/2	FiguredBass	4/4	7	1	0					1/2	6			
20	20	78	78	2.0	1/2	1/2	Chord	4/4	7	1	1/2	1/2	1	372						
20	20	76	76	2.0	0	0	Chord	4/4	8	1	1/2	1/2	1	373						
20	20	78	78	2.0	1/2	1/2	Chord	4/4	8	1	1/2	1/2	1	374						
21	21	80	80	2.0	0	0	Chord	4/4	1	1	1/2	1/2	1	375						
21	21	82	82	2.0	1/2	1/2	Chord	4/4	1	1	1/2	1/2	1	376	ornamentTremblement					
21	21	80	80	2.0	0	0	Chord	4/4	2	1	1/2	1/2	1	377						
21	21	82	82	2.0	1/2	1/2	Chord	4/4	2	1	1/2	1/2	1	378						
21	21	80	80	2.0	0	0	Chord	4/4	3	1	1/2	1/2	1	379						
21	21	82	82	2.0	1/2	1/2	Chord	4/4	3	1	1/2	1/2	1	380	ornamentTremblement					
21	21	80	80	2.0	0	0	Chord	4/4	4	1	1/2	1/2	1	381						
21	21	82	82	2.0	1/2	1/2	Chord	4/4	4	1	1/2	1/2	1	382						
21	21	80	80	2.0	0	0	Chord	4/4	5	1	1/2	1/2	1	383						
21	21	82	82	2.0	1/2	1/2	Chord	4/4	5	1	1/2	1/2	1	384	ornamentTremblement					
21	21	80	80	4.0	0	0	Chord	4/4	5	2	1	1	1	385						
21	21	80	80	2.0	0	0	Chord	4/4	5	3	1/2	1/2	1	386						
21	21	82	82	2.0	1/2	1/2	Chord	4/4	5	3	1/2	1/2	1	387						
21	21	80	80	2.0	0	0	Chord	4/4	6	1	1/2	1/2	1	388						
21	21	82	82	2.0	1/2	1/2	Chord	4/4	6	1	1/2	1/2	1	389						
21	21	80	80	0.0	0	0	FiguredBass	4/4	7	1	0					1/2	6	5	h	
21	21	80	80	2.0	0	0	Chord	4/4	7	1	1/2	1/2	1	390						
21	21	82	82	0.0	1/2	1/2	FiguredBass	4/4	7	1	0					1/2	#			
21	21	82	82	2.0	1/2	1/2	Chord	4/4	7	1	1/2	1/2	1	391	ornamentTremblement					
21	21	80	80	2.0	0	0	Chord	4/4	8	1	1/2	1/2	1	392						
21	21	82	82	2.0	1/2	1/2	Chord	4/4	8	1	1/2	1/2	1	393						
22	22	84	84	4.0	0	0	Chord	4/4	1	1	1	1	1	394						
22	22	84	84	4.0	0	0	Chord	4/4	2	1	1	1	1	395						
22	22	84	84	4.0	0	0	Chord	4/4	3	1	1	1	1	396						
22	22	84	84	4.0	0	0	Chord	4/4	4	1	1	1	1	397						
22	22	84	84	4.0	0	0	Chord	4/4	5	1	1	1	1	398						
22	22	84	84	4.0	0	0	Chord	4/4	5	2	1	1	1	399						
22	22	84	84	4.0	0	0	Chord	4/4	5	3	1	1	1	400						
22	22	84	84	4.0	0	0	Chord	4/4	6	1	1	1	1	401						
22	22	84	84	4.0	0	0	Chord	4/4	7	1	1	1	1	402						
22	22	84	84	4.0	0	0	Chord	4/4	8	1	1	1	1	403						
23	23	88	88	2.0	0	0	Chord	4/4	1	1	1/2	1/2	1	404						
23	23	90	90	1.0	1/2	1/2	Chord	4/4	1	1	1/4	1/4	1	405						
23	23	91	91	1.0	3/4	3/4	Chord	4/4	1	1	1/4	1/4	1	406						
23	23	88	88	2.0	0	0	Chord	4/4	2	1	1/2	1/2	1	407						
23	23	90	90	1.0	1/2	1/2	Chord	4/4	2	1	1/4	1/4	1	408						
23	23	91	91	1.0	3/4	3/4	Chord	4/4	2	1	1/4	1/4	1	409						
23	23	88	88	2.0	0	0	Chord	4/4	3	1	1/2	1/2	1	410						
23	23	90	90	1.0	1/2	1/2	Chord	4/4	3	1	1/4	1/4	1	411						
23	23	91	91	1.0	3/4	3/4	Chord	4/4	3	1	1/4	1/4	1	412						
23	23	88	88	2.0	0	0	Chord	4/4	4	1	1/2	1/2	1	413						
23	23	90	90	1.0	1/2	1/2	Chord	4/4	4	1	1/4	1/4	1	414						
23	23	91	91	1.0	3/4	3/4	Chord	4/4	4	1	1/4	1/4	1	415						
23	23	88	88	2.0	0	0	Chord	4/4	5	1	1/2	1/2	1	416						
23	23	90	90	1.0	1/2	1/2	Chord	4/4	5	1	1/4	1/4	1	417						
23	23	91	91	1.0	3/4	3/4	Chord	4/4	5	1	1/4	1/4	1	418						
23	23	88	88	2.0	0	0	Chord	4/4	5	2	1/2	1/2	1	419						
23	23	90	90	2.0	1/2	1/2	Chord	4/4	5	2	1/2	1/2	1	420						
23	23	88	88	2.0	0	0	Chord	4/4	5	3	1/2	1/2	1	421						
23	23	90	90	2.0	1/2	1/2	Chord	4/4	5	3	1/2	1/2	1	422						
23	23	88	88	2.0	0	0	Chord	4/4	6	1	1/2	1/2	1	423						
23	23	90	90	2.0	1/2	1/2	Chord	4/4	6	1	1/2	1/2	1	424						
23	23	88	88	0.0	0	0	FiguredBass	4/4	7	1	0					1/2	6			
23	23	88	88	2.0	0	0	Chord	4/4	7	1	1/2	1/2	1	425						
23	23	90	90	1.0	1/2	1/2	Chord	4/4	7	1	1/4	1/4	1	426						
23	23	91	91	1.0	3/4	3/4	Chord	4/4	7	1	1/4	1/4	1	427						
23	23	88	88	2.0	0	0	Chord	4/4	8	1	1/2	1/2	1	428						
23	23	90	90	2.0	1/2	1/2	Chord	4/4	8	1	1/2	1/2	1	429						
24	24	92	92	2.0	0	0	Chord	4/4	1	1	1/2	1/2	1	430						
24	24	94	94	1.0	1/2	1/2	Chord	4/4	1	1	1/4	1/4	1	431						
24	24	95	95	1.0	3/4	3/4	Chord	4/4	1	1	1/4	1/4	1	432						
24	24	92	92	2.0	0	0	Chord	4/4	2	1	1/2	1/2	1	433						
24	24	94	94	1.0	1/2	1/2	Chord	4/4	2	1	1/4	1/4	1	434						
24	24	95	95	1.0	3/4	3/4	Chord	4/4	2	1	1/4	1/4	1	435						
24	24	92	92	2.0	0	0	Chord	4/4	3	1	1/2	1/2	1	436						
24	24	94	94	1.0	1/2	1/2	Chord	4/4	3	1	1/4	1/4	1	437						
24	24	95	95	1.0	3/4	3/4	Chord	4/4	3	1	1/4	1/4	1	438						
24	24	92	92	2.0	0	0	Chord	4/4	4	1	1/2	1/2	1	439						
24	24	94	94	1.0	1/2	1/2	Chord	4/4	4	1	1/4	1/4	1	440						
24	24	95	95	1.0	3/4	3/4	Chord	4/4	4	1	1/4	1/4	1	441						
24	24	92	92	2.0	0	0	Chord	4/4	5	1	1/2	1/2	1	442						
24	24	94	94	1.0	1/2	1/2	Chord	4/4	5	1	1/4	1/4	1	443						
24	24	95	95	1.0	3/4	3/4	Chord	4/4	5	1	1/4	1/4	1	444						
24	24	92	92	2.0	0	0	Chord	4/4	5	2	1/2	1/2	1	445						
24	24	94	94	2.0	1/2	1/2	Chord	4/4	5	2	1/2	1/2	1	446						
24	24	92	92	2.0	0	0	Chord	4/4	5	3	1/2	1/2	1	447						
24	24	94	94	2.0	1/2	1/2	Chord	4/4	5	3	1/2	1/2	1	448						
24	24	92	92	2.0	0	0	Chord	4/4	6	1	1/2	1/2	1	449						
24	24	94	94	2.0	1/2	1/2	Chord	4/4	6	1	1/2	1/2	1	450						
24	24	92	92	2.0	0	0	Chord	4/4	7	1	1/2	1/2	1	451						
24	24	94	94	1.0	1/2	1/2	Chord	4/4	7	1	1/4	1/4	1	452						
24	24	95	95	1.0	3/4	3/4	Chord	4/4	7	1	1/4	1/4	1	453						
24	24	92	92	2.0	0	0	Chord	4/4	8	1	1/2	1/2	1	454						
24	24	94	94	2.0	1/2	1/2	Chord	4/4	8	1	1/2	1/2	1	455						
25	25	96	96	2.0	0	0	Chord	4/4	1	1	1/2	1/2	1	456						
25	25	98	98	2.0	1/2	1/2	Chord	4/4	1	1	1/2	1/2	1	457	ornamentTremblement					
25	25	96	96	2.0	0	0	Chord	4/4	2	1	1/2	1/2	1	458						
25	25	98	98	2.0	1/2	1/2	Chord	4/4	2	1	1/2	1/2	1	459						
25	25	96	96	2.0	0	0	Chord	4/4	3	1	1/2	1/2	1	460						
25	25	98	98	2.0	1/2	1/2	Chord	4/4	3	1	1/2	1/2	1	461	ornamentTremblement					
25	25	96	96	2.0	0	0	Chord	4/4	4	1	1/2	1/2	1	462						
25	25	98	98	2.0	1/2	1/2	Chord	4/4	4	1	1/2	1/2	1	463						
25	25	96	96	2.0	0	0	Chord	4/4	5	1	1/2	1/2	1	464						
25	25	98	98	2.0	1/2	1/2	Chord	4/4	5	1	1/2	1/2	1	465	ornamentTremblement					
25	25	96	96	2.0	0	0	Chord	4/4	5	2	1/2	1/2	1	466						
25	25	98	98	2.0	1/2	1/2	Chord	4/4	5	2	1/2	1/2	1	467						
25	25	96	96	2.0	0	0	Chord	4/4	5	3	1/2	1/2	1	468						
25	25	98	98	2.0	1/2	1/2	Chord	4/4	5	3	1/2	1/2	1	469						
25	25	96	96	2.0	0	0	Chord	4/4	6	1	1/2	1/2	1	470						
25	25	98	98	2.0	1/2	1/2	Chord	4/4	6	1	1/2	1/2	1	471						
25	25	96	96	0.0	0	0	FiguredBass	4/4	7	1	0					1/2	6	5		
25	25	96	96	2.0	0	0	Chord	4/4	7	1	1/2	1/2	1	472						
25	25	98	98	2.0	1/2	1/2	Chord	4/4	7	1	1/2	1/2	1	473	ornamentTremblement					
25	25	96	96	2.0	0	0	Chord	4/4	8	1	1/2	1/2	1	474						
25	25	98	98	2.0	1/2	1/2	Chord	4/4	8	1	1/2	1/2	1	475						
26	26	100	100	2.0	0	0	Chord	4/4	1	1	1/2	1/2	1	476						
26	26	102	102	2.0	1/2	1/2	Chord	4/4	1	1	1/2	1/2	1	477						
26	26	100	100	2.0	0	0	Chord	4/4	2	1	1/2	1/2	1	478						
26	26	102	102	2.0	1/2	1/2	Chord	4/4	2	1	1/2	1/2	1	479						
26	26	100	100	2.0	0	0	Chord	4/4	3	1	1/2	1/2	1	480						
26	26	102	102	2.0	1/2	1/2	Chord	4/4	3	1	1/2	1/2	1	481						
26	26	100	100	2.0	0	0	Chord	4/4	4	1	1/2	1/2	1	482						
26	26	102	102	2.0	1/2	1/2	Chord	4/4	4	1	1/2	1/2	1	483						
26	26	100	100	2.0	0	0	Chord	4/4	5	1	1/2	1/2	1	484						
26	26	102	102	2.0	1/2	1/2	Chord	4/4	5	1	1/2	1/2	1	485						
26	26	100	100	2.0	0	0	Chord	4/4	5	2	1/2	1/2	1	486						
26	26	102	102	2.0	1/2	1/2	Chord	4/4	5	2	1/2	1/2	1	487						
26	26	100	100	2.0	0	0	Chord	4/4	5	3	1/2	1/2	1	488						
26	26	102	102	2.0	1/2	1/2	Chord	4/4	5	3	1/2	1/2	1	489						
26	26	100	100	2.0	0	0	Chord	4/4	6	1	1/2	1/2	1	490						
26	26	102	102	2.0	1/2	1/2	Chord	4/4	6	1	1/2	1/2	1	491						
26	26	100	100	2.0	0	0	Chord	4/4	7	1	1/2	1/2	1	492						
26	26	102	102	2.0	1/2	1/2	Chord	4/4	7	1	1/2	1/2	1	493						
26	26	100	100	2.0	0	0	Chord	4/4	8	1	1/2	1/2	1	494						
26	26	102	102	2.0	1/2	1/2	Chord	4/4	8	1	1/2	1/2	1	495						
27	27	104	104	2.0	0	0	Chord	4/4	1	1	1/2	1/2	1	496						
27	27	106	106	1.0	1/2	1/2	Chord	4/4	1	1	1/4	1/4	1	497						
27	27	107	107	1.0	3/4	3/4	Chord	4/4	1	1	1/4	1/4	1	498						
27	27	104	104	2.0	0	0	Chord	4/4	2	1	1/2	1/2	1	499						
27	27	106	106	1.0	1/2	1/2	Chord	4/4	2	1	1/4	1/4	1	500						
27	27	107	107	1.0	3/4	3/4	Chord	4/4	2	1	1/4	1/4	1	501						
27	27	104	104	2.0	0	0	Chord	4/4	3	1	1/2	1/2	1	502						
27	27	106	106	1.0	1/2	1/2	Chord	4/4	3	1	1/4	1/4	1	503						
27	27	107	107	1.0	3/4	3/4	Chord	4/4	3	1	1/4	1/4	1	504						
27	27	104	104	2.0	0	0	Chord	4/4	4	1	1/2	1/2	1	505						
27	27	106	106	1.0	1/2	1/2	Chord	4/4	4	1	1/4	1/4	1	506						
27	27	107	107	1.0	3/4	3/4	Chord	4/4	4	1	1/4	1/4	1	507						
27	27	104	104	2.0	0	0	Chord	4/4	5	1	1/2	1/2	1	508						
27	27	106	106	1.0	1/2	1/2	Chord	4/4	5	1	1/4	1/4	1	509						
27	27	107	107	1.0	3/4	3/4	Chord	4/4	5	1	1/4	1/4	1	510						
27	27	104	104	2.0	0	0	Chord	4/4	5	2	1/2	1/2	1	511						
27	27	106	106	2.0	1/2	1/2	Chord	4/4	5	2	1/2	1/2	1	512						
27	27	104	104	2.0	0	0	Chord	4/4	5	3	1/2	1/2	1	513						
27	27	106	106	2.0	1/2	1/2	Chord	4/4	5	3	1/2	1/2	1	514						
27	27	104	104	2.0	0	0	Chord	4/4	6	1	1/2	1/2	1	515						
27	27	106	106	2.0	1/2	1/2	Chord	4/4	6	1	1/2	1/2	1	516						
27	27	104	104	0.0	0	0	FiguredBass	4/4	7	1	0					1/2	6			
27	27	104	104	2.0	0	0	Chord	4/4	7	1	1/2	1/2	1	517						
27	27	106	106	0.0	1/2	1/2	FiguredBass	4/4	7	1	0					1/4	6			
27	27	106	106	1.0	1/2	1/2	Chord	4/4	7	1	1/4	1/4	1	518						
27	27	107	107	1.0	3/4	3/4	Chord	4/4	7	1	1/4	1/4	1	519						
27	27	104	104	2.0	0	0	Chord	4/4	8	1	1/2	1/2	1	520						
27	27	106	106	2.0	1/2	1/2	Chord	4/4	8	1	1/2	1/2	1	521						
28	28	108	108	2.0	0	0	Chord	4/4	1	1	1/2	1/2	1	522						
28	28	110	110	2.0	1/2	1/2	Chord	4/4	1	1	1/2	1/2	1	523	ornamentTremblement					
28	28	108	108	2.0	0	0	Chord	4/4	2	1	1/2	1/2	1	524						
28	28	110	110	2.0	1/2	1/2	Chord	4/4	2	1	1/2	1/2	1	525						
28	28	108	108	2.0	0	0	Chord	4/4	3	1	1/2	1/2	1	526						
28	28	110	110	2.0	1/2	1/2	Chord	4/4	3	1	1/2	1/2	1	527	ornamentTremblement					
28	28	108	108	2.0	0	0	Chord	4/4	4	1	1/2	1/2	1	528						
28	28	110	110	2.0	1/2	1/2	Chord	4/4	4	1	1/2	1/2	1	529						
28	28	108	108	2.0	0	0	Chord	4/4	5	1	1/2	1/2	1	530						
28	28	110	110	2.0	1/2	1/2	Chord	4/4	5	1	1/2	1/2	1	531	ornamentTremblement					
28	28	108	108	4.0	0	0	Chord	4/4	5	2	1	1	1	532						
28	28	108	108	2.0	0	0	Chord	4/4	5	3	1/2	1/2	1	533						
28	28	110	110	2.0	1/2	1/2	Chord	4/4	5	3	1/2	1/2	1	534						
28	28	108	108	2.0	0	0	Chord	4/4	6	1	1/2	1/2	1	535						
28	28	110	110	2.0	1/2	1/2	Chord	4/4	6	1	1/2	1/2	1	536						
28	28	108	108	0.0	0	0	FiguredBass	4/4	7	1	0					1/2	6	5	h	
28	28	108	108	2.0	0	0	Chord	4/4	7	1	1/2	1/2	1	537						
28	28	110	110	0.0	1/2	1/2	FiguredBass	4/4	7	1	0					1/2	#			
28	28	110	110	2.0	1/2	1/2	Chord	4/4	7	1	1/2	1/2	1	538	ornamentTremblement					
28	28	108	108	2.0	0	0	Chord	4/4	8	1	1/2	1/2	1	539						
28	28	110	110	2.0	1/2	1/2	Chord	4/4	8	1	1/2	1/2	1	540						
29	29	112	112	2.0	0	0	Chord	4/4	1	1	1/2	1/2	1	541						
29	29	114	114	1.0	1/2	1/2	Chord	4/4	1	1	1/4	1/4	1	542						
29	29	115	115	1.0	3/4	3/4	Chord	4/4	1	1	1/4	1/4	1	543						
29	29	112	112	2.0	0	0	Chord	4/4	2	1	1/2	1/2	1	544						
29	29	114	114	1.0	1/2	1/2	Chord	4/4	2	1	1/4	1/4	1	545						
29	29	115	115	1.0	3/4	3/4	Chord	4/4	2	1	1/4	1/4	1	546						
29	29	112	112	2.0	0	0	Chord	4/4	3	1	1/2	1/2	1	547						
29	29	114	114	1.0	1/2	1/2	Chord	4/4	3	1	1/4	1/4	1	548						
29	29	115	115	1.0	3/4	3/4	Chord	4/4	3	1	1/4	1/4	1	549						
29	29	112	112	2.0	0	0	Chord	4/4	4	1	1/2	1/2	1	550						
29	29	114	114	1.0	1/2	1/2	Chord	4/4	4	1	1/4	1/4	1	551						
29	29	115	115	1.0	3/4	3/4	Chord	4/4	4	1	1/4	1/4	1	552						
29	29	112	112	2.0	0	0	Chord	4/4	5	1	1/2	1/2	1	553						
29	29	114	114	1.0	1/2	1/2	Chord	4/4	5	1	1/4	1/4	1	554						
29	29	115	115	1.0	3/4	3/4	Chord	4/4	5	1	1/4	1/4	1	555						
29	29	112	112	2.0	0	0	Chord	4/4	5	2	1/2	1/2	1	556						
29	29	114	114	2.0	1/2	1/2	Chord	4/4	5	2	1/2	1/2	1	557						
29	29	112	112	2.0	0	0	Chord	4/4	5	3	1/2	1/2	1	558						
29	29	114	114	2.0	1/2	1/2	Chord	4/4	5	3	1/2	1/2	1	559						
29	29	112	112	2.0	0	0	Chord	4/4	6	1	1/2	1/2	1	560						
29	29	114	114	2.0	1/2	1/2	Chord	4/4	6	1	1/2	1/2	1	561						
29	29	112	112	2.0	0	0	Chord	4/4	7	1	1/2	1/2	1	562						
29	29	114	114	0.0	1/2	1/2	FiguredBass	4/4	7	1	0					1/4	6			
29	29	114	114	1.0	1/2	1/2	Chord	4/4	7	1	1/4	1/4	1	563						
29	29	115	115	1.0	3/4	3/4	Chord	4/4	7	1	1/4	1/4	1	564						
29	29	112	112	2.0	0	0	Chord	4/4	8	1	1/2	1/2	1	565						
29	29	114	114	2.0	1/2	1/2	Chord	4/4	8	1	1/2	1/2	1	566						
30	30	116	116	2.0	0	0	Chord	4/4	1	1	1/2	1/2	1	567						
30	30	118	118	2.0	1/2	1/2	Chord	4/4	1	1	1/2	1/2	1	568						
30	30	116	116	2.0	0	0	Chord	4/4	2	1	1/2	1/2	1	569						
30	30	118	118	2.0	1/2	1/2	Chord	4/4	2	1	1/2	1/2	1	570						
30	30	116	116	2.0	0	0	Chord	4/4	3	1	1/2	1/2	1	571						
30	30	118	118	2.0	1/2	1/2	Chord	4/4	3	1	1/2	1/2	1	572						
30	30	116	116	2.0	0	0	Chord	4/4	4	1	1/2	1/2	1	573						
30	30	118	118	2.0	1/2	1/2	Chord	4/4	4	1	1/2	1/2	1	574						
30	30	116	116	2.0	0	0	Chord	4/4	5	1	1/2	1/2	1	575						
30	30	118	118	2.0	1/2	1/2	Chord	4/4	5	1	1/2	1/2	1	576						
30	30	116	116	2.0	0	0	Chord	4/4	5	2	1/2	1/2	1	577						
30	30	118	118	2.0	1/2	1/2	Chord	4/4	5	2	1/2	1/2	1	578						
30	30	116	116	2.0	0	0	Chord	4/4	5	3	1/2	1/2	1	579						
30	30	118	118	2.0	1/2	1/2	Chord	4/4	5	3	1/2	1/2	1	580						
30	30	116	116	2.0	0	0	Chord	4/4	6	1	1/2	1/2	1	581						
30	30	118	118	2.0	1/2	1/2	Chord	4/4	6	1	1/2	1/2	1	582						
30	30	116	116	2.0	0	0	Chord	4/4	7	1	1/2	1/2	1	583						
30	30	118	118	0.0	1/2	1/2	FiguredBass	4/4	7	1	0					1/2	6			
30	30	118	118	2.0	1/2	1/2	Chord	4/4	7	1	1/2	1/2	1	584						
30	30	116	116	2.0	0	0	Chord	4/4	8	1	1/2	1/2	1	585						
30	30	118	118	2.0	1/2	1/2	Chord	4/4	8	1	1/2	1/2	1	586						
31	31	120	120	2.0	0	0	Chord	4/4	1	1	1/2	1/2	1	587						
31	31	122	122	2.0	1/2	1/2	Chord	4/4	1	1	1/2	1/2	1	588						
31	31	120	120	2.0	0	0	Chord	4/4	2	1	1/2	1/2	1	589						
31	31	122	122	2.0	1/2	1/2	Chord	4/4	2	1	1/2	1/2	1	590						
31	31	120	120	1.0	0	0	Chord	4/4	3	1	1/4	1/4	1	591						0
31	31	121	121	1.0	1/4	1/4	Chord	4/4	3	1	1/4	1/4	1	592						
31	31	122	122	2.0	1/2	1/2	Chord	4/4	3	1	1/2	1/2	1	593						
31	31	120	120	2.0	0	0	Chord	4/4	4	1	1/2	1/2	1	594						
31	31	122	122	2.0	1/2	1/2	Chord	4/4	4	1	1/2	1/2	1	595						
31	31	120	120	2.0	0	0	Chord	4/4	4	2	1/2	1/2	1	596						
31	31	122	122	2.0	1/2	1/2	Chord	4/4	4	2	1/2	1/2	1	597						
31	31	120	120	2.0	0	0	Chord	4/4	5	1	1/2	1/2	1	598						
31	31	122	122	2.0	1/2	1/2	Chord	4/4	5	1	1/2	1/2	1	599						
31	31	120	120	1.0	0	0	Chord	4/4	5	2	1/4	1/4	1	600						
31	31	121	121	1.0	1/4	1/4	Chord	4/4	5	2	1/4	1/4	1	601						
31	31	122	122	2.0	1/2	1/2	Chord	4/4	5	2	1/2	1/2	1	602						
31	31	120	120	2.0	0	0	Chord	4/4	5	3	1/2	1/2	1	603						
31	31	122	122	2.0	1/2	1/2	Chord	4/4	5	3	1/2	1/2	1	604						
31	31	120	120	2.0	0	0	Chord	4/4	6	1	1/2	1/2	1	605						
31	31	122	122	2.0	1/2	1/2	Chord	4/4	6	1	1/2	1/2	1	606						
31	31	120	120	0.0	0	0	FiguredBass	4/4	7	1	0					1/2	6			
31	31	120	120	2.0	0	0	Chord	4/4	7	1	1/2	1/2	1	607						
31	31	122	122	0.0	1/2	1/2	FiguredBass	4/4	7	1	0					1/2	5			
31	31	122	122	2.0	1/2	1/2	Chord	4/4	7	1	1/2	1/2	1	608						
31	31	120	120	2.0	0	0	Chord	4/4	8	1	1/2	1/2	1	609						
31	31	122	122	2.0	1/2	1/2	Chord	4/4	8	1	1/2	1/2	1	610						
32	32	124	124	2.0	0	0	Chord	4/4	1	1	1/2	1/2	1	611						
32	32	126	126	2.0	1/2	1/2	Chord	4/4	1	1	1/2	1/2	1	612	ornamentTremblement					
32	32	124	124	2.0	0	0	Chord	4/4	2	1	1/2	1/2	1	613						
32	32	126	126	2.0	1/2	1/2	Chord	4/4	2	1	1/2	1/2	1	614	ornamentTremblement					
32	32	124	124	2.0	0	0	Chord	4/4	3	1	1/2	1/2	1	615						
32	32	126	126	2.0	1/2	1/2	Chord	4/4	3	1	1/2	1/2	1	616						
32	32	124	124	2.0	0	0	Chord	4/4	4	1	1/2	1/2	1	617						
32	32	126	126	2.0	1/2	1/2	Chord	4/4	4	1	1/2	1/2	1	618						
32	32	124	124	2.0	0	0	Chord	4/4	4	2	1/2	1/2	1	619						
32	32	126	126	2.0	1/2	1/2	Chord	4/4	4	2	1/2	1/2	1	620						
32	32	124	124	2.0	0	0	Chord	4/4	5	1	1/2	1/2	1	621						
32	32	126	126	2.0	1/2	1/2	Chord	4/4	5	1	1/2	1/2	1	622						
32	32	124	124	2.0	0	0	Chord	4/4	5	2	1/2	1/2	1	623						
32	32	126	126	2.0	1/2	1/2	Chord	4/4	5	2	1/2	1/2	1	624						
32	32	124	124	2.0	0	0	Chord	4/4	5	3	1/2	1/2	1	625						
32	32	126	126	2.0	1/2	1/2	Chord	4/4	5	3	1/2	1/2	1	626						
32	32	124	124	2.0	0	0	Chord	4/4	5	4	1/2	1/2	1	627						
32	32	124	124	2.0	0	0	Chord	4/4	6	1	1/2	1/2	1	628						
32	32	126	126	2.0	1/2	1/2	Chord	4/4	6	1	1/2	1/2	1	629						
32	32	124	124	2.0	0	0	Chord	4/4	7	1	1/2	1/2	1	630						
32	32	126	126	2.0	1/2	1/2	Chord	4/4	7	1	1/2	1/2	1	631	ornamentTremblement					
32	32	124	124	2.0	0	0	Chord	4/4	8	1	1/2	1/2	1	632						
32	32	126	126	2.0	1/2	1/2	Chord	4/4	8	1	1/2	1/2	1	633						
33	33	128	128	2.0	0	0	Chord	4/4	1	1	1/2	1/2	1	634						
33	33	130	130	2.0	1/2	1/2	Chord	4/4	1	1	1/2	1/2	1	635						
33	33	128	128	2.0	0	0	Chord	4/4	2	1	1/2	1/2	1	636						
33	33	130	130	2.0	1/2	1/2	Chord	4/4	2	1	1/2	1/2	1	637						
33	33	128	128	2.0	0	0	Chord	4/4	3	1	1/2	1/2	1	638						
33	33	130	130	2.0	1/2	1/2	Chord	4/4	3	1	1/2	1/2	1	639						
33	33	128	128	2.0	0	0	Chord	4/4	4	1	1/2	1/2	1	640						
33	33	130	130	2.0	1/2	1/2	Chord	4/4	4	1	1/2	1/2	1	641						
33	33	128	128	2.0	0	0	Chord	4/4	5	1	1/2	1/2	1	642						
33	33	130	130	2.0	1/2	1/2	Chord	4/4	5	1	1/2	1/2	1	643						
33	33	128	128	2.0	0	0	Chord	4/4	5	2	1/2	1/2	1	644						
33	33	130	130	2.0	1/2	1/2	Chord	4/4	5	2	1/2	1/2	1	645						
33	33	128	128	2.0	0	0	Chord	4/4	5	3	1/2	1/2	1	646						
33	33	130	130	2.0	1/2	1/2	Chord	4/4	5	3	1/2	1/2	1	647						
33	33	128	128	2.0	0	0	Chord	4/4	6	1	1/2	1/2	1	648						
33	33	130	130	2.0	1/2	1/2	Chord	4/4	6	1	1/2	1/2	1	649						
33	33	128	128	2.0	0	0	Chord	4/4	7	1	1/2	1/2	1	650						
33	33	130	130	2.0	1/2	1/2	Chord	4/4	7	1	1/2	1/2	1	651						
33	33	128	128	2.0	0	0	Chord	4/4	8	1	1/2	1/2	1	652						
33	33	130	130	2.0	1/2	1/2	Chord	4/4	8	1	1/2	1/2	1	653						
34	34	132	132	2.0	0	0	Chord	4/4	1	1	1/2	1/2	1	654						
34	34	134	134	1.0	1/2	1/2	Chord	4/4	1	1	1/4	1/4	1	655						
34	34	135	135	1.0	3/4	3/4	Chord	4/4	1	1	1/4	1/4	1	656						
34	34	132	132	2.0	0	0	Chord	4/4	2	1	1/2	1/2	1	657						
34	34	134	134	1.0	1/2	1/2	Chord	4/4	2	1	1/4	1/4	1	658						
34	34	135	135	1.0	3/4	3/4	Chord	4/4	2	1	1/4	1/4	1	659						
34	34	132	132	2.0	0	0	Chord	4/4	3	1	1/2	1/2	1	660						
34	34	134	134	1.0	1/2	1/2	Chord	4/4	3	1	1/4	1/4	1	661						
34	34	135	135	1.0	3/4	3/4	Chord	4/4	3	1	1/4	1/4	1	662						
34	34	132	132	2.0	0	0	Chord	4/4	4	1	1/2	1/2	1	663						
34	34	134	134	1.0	1/2	1/2	Chord	4/4	4	1	1/4	1/4	1	664						
34	34	135	135	1.0	3/4	3/4	Chord	4/4	4	1	1/4	1/4	1	665						
34	34	132	132	2.0	0	0	Chord	4/4	5	1	1/2	1/2	1	666						
34	34	134	134	1.0	1/2	1/2	Chord	4/4	5	1	1/4	1/4	1	667						
34	34	135	135	1.0	3/4	3/4	Chord	4/4	5	1	1/4	1/4	1	668						
34	34	132	132	2.0	0	0	Chord	4/4	5	2	1/2	1/2	1	669						
34	34	134	134	2.0	1/2	1/2	Chord	4/4	5	2	1/2	1/2	1	670						
34	34	132	132	2.0	0	0	Chord	4/4	5	3	1/2	1/2	1	671						
34	34	134	134	2.0	1/2	1/2	Chord	4/4	5	3	1/2	1/2	1	672						
34	34	132	132	2.0	0	0	Chord	4/4	6	1	1/2	1/2	1	673						
34	34	134	134	2.0	1/2	1/2	Chord	4/4	6	1	1/2	1/2	1	674						
34	34	132	132	0.0	0	0	FiguredBass	4/4	7	1	0					1/2	6			
34	34	132	132	2.0	0	0	Chord	4/4	7	1	1/2	1/2	1	675						
34	34	134	134	0.0	1/2	1/2	FiguredBass	4/4	7	1	0					1/4	6			
34	34	134	134	1.0	1/2	1/2	Chord	4/4	7	1	1/4	1/4	1	676						
34	34	135	135	1.0	3/4	3/4	Chord	4/4	7	1	1/4	1/4	1	677						
34	34	132	132	2.0	0	0	Chord	4/4	8	1	1/2	1/2	1	678						
34	34	134	134	2.0	1/2	1/2	Chord	4/4	8	1	1/2	1/2	1	679						
35	35	136	136	2.0	0	0	Chord	4/4	1	1	1/2	1/2	1	680						
35	35	138	138	2.0	1/2	1/2	Chord	4/4	1	1	1/2	1/2	1	681	ornamentTremblement					
35	35	136	136	2.0	0	0	Chord	4/4	2	1	1/2	1/2	1	682						
35	35	138	138	2.0	1/2	1/2	Chord	4/4	2	1	1/2	1/2	1	683						
35	35	136	136	2.0	0	0	Chord	4/4	3	1	1/2	1/2	1	684						
35	35	138	138	2.0	1/2	1/2	Chord	4/4	3	1	1/2	1/2	1	685	ornamentTremblement					
35	35	136	136	2.0	0	0	Chord	4/4	4	1	1/2	1/2	1	686						
35	35	138	138	2.0	1/2	1/2	Chord	4/4	4	1	1/2	1/2	1	687						
35	35	136	136	2.0	0	0	Chord	4/4	5	1	1/2	1/2	1	688						
35	35	138	138	2.0	1/2	1/2	Chord	4/4	5	1	1/2	1/2	1	689	ornamentTremblement					
35	35	136	136	4.0	0	0	Chord	4/4	5	2	1	1	1	690						
35	35	136	136	2.0	0	0	Chord	4/4	5	3	1/2	1/2	1	691						
35	35	138	138	2.0	1/2	1/2	Chord	4/4	5	3	1/2	1/2	1	692						
35	35	136	136	2.0	0	0	Chord	4/4	6	1	1/2	1/2	1	693						
35	35	138	138	2.0	1/2	1/2	Chord	4/4	6	1	1/2	1/2	1	694						
35	35	136	136	0.0	0	0	FiguredBass	4/4	7	1	0					1/2	6	5	h	
35	35	136	136	2.0	0	0	Chord	4/4	7	1	1/2	1/2	1	695						
35	35	138	138	0.0	1/2	1/2	FiguredBass	4/4	7	1	0					1/2	#			
35	35	138	138	2.0	1/2	1/2	Chord	4/4	7	1	1/2	1/2	1	696	ornamentTremblement					
35	35	136	136	2.0	0	0	Chord	4/4	8	1	1/2	1/2	1	697						
35	35	138	138	2.0	1/2	1/2	Chord	4/4	8	1	1/2	1/2	1	698						
36	36	140	140	4.0	0	0	Chord	4/4	1	1	1	1	1	699						
36	36	140	140	4.0	0	0	Chord	4/4	2	1	1	1	1	700						
36	36	140	140	4.0	0	0	Chord	4/4	3	1	1	1	1	701						
36	36	140	140	4.0	0	0	Chord	4/4	4	1	1	1	1	702						
36	36	140	140	4.0	0	0	Chord	4/4	5	1	1	1	1	703						
36	36	140	140	4.0	0	0	Chord	4/4	5	2	1	1	1	704						
36	36	140	140	4.0	0	0	Chord	4/4	5	3	1	1	1	705						
36	36	140	140	4.0	0	0	Chord	4/4	6	1	1	1	1	706						
36	36	140	140	4.0	0	0	Chord	4/4	7	1	1	1	1	707						
36	36	140	140	4.0	0	0	Chord	4/4	8	1	1	1	1	708						
37	37	144	144	2.0	0	0	Chord	4/4	1	1	1/2	1/2	1	709						
37	37	146	146	1.0	1/2	1/2	Chord	4/4	1	1	1/4	1/4	1	710						
37	37	147	147	1.0	3/4	3/4	Chord	4/4	1	1	1/4	1/4	1	711						
37	37	144	144	2.0	0	0	Chord	4/4	2	1	1/2	1/2	1	712						
37	37	146	146	1.0	1/2	1/2	Chord	4/4	2	1	1/4	1/4	1	713						
37	37	147	147	1.0	3/4	3/4	Chord	4/4	2	1	1/4	1/4	1	714						
37	37	144	144	2.0	0	0	Chord	4/4	3	1	1/2	1/2	1	715						
37	37	146	146	1.0	1/2	1/2	Chord	4/4	3	1	1/4	1/4	1	716						
37	37	147	147	1.0	3/4	3/4	Chord	4/4	3	1	1/4	1/4	1	717						
37	37	144	144	2.0	0	0	Chord	4/4	4	1	1/2	1/2	1	718						
37	37	146	146	1.0	1/2	1/2	Chord	4/4	4	1	1/4	1/4	1	719						
37	37	147	147	1.0	3/4	3/4	Chord	4/4	4	1	1/4	1/4	1	720						
37	37	144	144	2.0	0	0	Chord	4/4	5	1	1/2	1/2	1	721						
37	37	146	146	1.0	1/2	1/2	Chord	4/4	5	1	1/4	1/4	1	722						
37	37	147	147	1.0	3/4	3/4	Chord	4/4	5	1	1/4	1/4	1	723						
37	37	144	144	2.0	0	0	Chord	4/4	5	2	1/2	1/2	1	724						
37	37	146	146	2.0	1/2	1/2	Chord	4/4	5	2	1/2	1/2	1	725						
37	37	144	144	2.0	0	0	Chord	4/4	5	3	1/2	1/2	1	726						
37	37	146	146	2.0	1/2	1/2	Chord	4/4	5	3	1/2	1/2	1	727						
37	37	144	144	2.0	0	0	Chord	4/4	6	1	1/2	1/2	1	728						
37	37	146	146	2.0	1/2	1/2	Chord	4/4	6	1	1/2	1/2	1	729						
37	37	144	144	2.0	0	0	Chord	4/4	7	1	1/2	1/2	1	730						
37	37	146	146	0.0	1/2	1/2	FiguredBass	4/4	7	1	0					1/4	2			
37	37	146	146	1.0	1/2	1/2	Chord	4/4	7	1	1/4	1/4	1	731						
37	37	147	147	1.0	3/4	3/4	Chord	4/4	7	1	1/4	1/4	1	732						
37	37	144	144	2.0	0	0	Chord	4/4	8	1	1/2	1/2	1	733						
37	37	146	146	2.0	1/2	1/2	Chord	4/4	8	1	1/2	1/2	1	734						
38	38	148	148	2.0	0	0	Chord	4/4	1	1	1/2	1/2	1	735						
38	38	150	150	2.0	1/2	1/2	Chord	4/4	1	1	1/2	1/2	1	736						
38	38	148	148	2.0	0	0	Chord	4/4	2	1	1/2	1/2	1	737						
38	38	150	150	2.0	1/2	1/2	Chord	4/4	2	1	1/2	1/2	1	738						
38	38	148	148	2.0	0	0	Chord	4/4	3	1	1/2	1/2	1	739						
38	38	150	150	2.0	1/2	1/2	Chord	4/4	3	1	1/2	1/2	1	740						
38	38	148	148	2.0	0	0	Chord	4/4	4	1	1/2	1/2	1	741						
38	38	150	150	2.0	1/2	1/2	Chord	4/4	4	1	1/2	1/2	1	742						
38	38	148	148	2.0	0	0	Chord	4/4	5	1	1/2	1/2	1	743						
38	38	150	150	2.0	1/2	1/2	Chord	4/4	5	1	1/2	1/2	1	744						
38	38	148	148	2.0	0	0	Chord	4/4	5	2	1/2	1/2	1	745						
38	38	150	150	2.0	1/2	1/2	Chord	4/4	5	2	1/2	1/2	1	746						
38	38	148	148	2.0	0	0	Chord	4/4	5	3	1/2	1/2	1	747						
38	38	150	150	2.0	1/2	1/2	Chord	4/4	5	3	1/2	1/2	1	748						
38	38	148	148	2.0	0	0	Chord	4/4	6	1	1/2	1/2	1	749						
38	38	150	150	2.0	1/2	1/2	Chord	4/4	6	1	1/2	1/2	1	750						
38	38	148	148	2.0	0	0	Chord	4/4	7	1	1/2	1/2	1	751						
38	38	150	150	0.0	1/2	1/2	FiguredBass	4/4	7	1	0					1/2	6			
38	38	150	150	2.0	1/2	1/2	Chord	4/4	7	1	1/2	1/2	1	752						
38	38	148	148	2.0	0	0	Chord	4/4	8	1	1/2	1/2	1	753						
38	38	150	150	2.0	1/2	1/2	Chord	4/4	8	1	1/2	1/2	1	754						
39	39	152	152	2.0	0	0	Chord	4/4	1	1	1/2	1/2	1	755						
39	39	154	154	2.0	1/2	1/2	Chord	4/4	1	1	1/2	1/2	1	756						
39	39	152	152	2.0	0	0	Chord	4/4	2	1	1/2	1/2	1	757						
39	39	154	154	2.0	1/2	1/2	Chord	4/4	2	1	1/2	1/2	1	758						
39	39	152	152	1.0	0	0	Chord	4/4	3	1	1/4	1/4	1	759						1
39	39	153	153	1.0	1/4	1/4	Chord	4/4	3	1	1/4	1/4	1	760						
39	39	154	154	2.0	1/2	1/2	Chord	4/4	3	1	1/2	1/2	1	761						
39	39	152	152	2.0	0	0	Chord	4/4	4	1	1/2	1/2	1	762						
39	39	154	154	2.0	1/2	1/2	Chord	4/4	4	1	1/2	1/2	1	763						
39	39	152	152	2.0	0	0	Chord	4/4	5	1	1/2	1/2	1	764						
39	39	154	154	2.0	1/2	1/2	Chord	4/4	5	1	1/2	1/2	1	765						
39	39	152	152	1.0	0	0	Chord	4/4	5	2	1/4	1/4	1	766						
39	39	153	153	1.0	1/4	1/4	Chord	4/4	5	2	1/4	1/4	1	767						
39	39	154	154	2.0	1/2	1/2	Chord	4/4	5	2	1/2	1/2	1	768						
39	39	152	152	2.0	0	0	Chord	4/4	5	3	1/2	1/2	1	769						
39	39	154	154	2.0	1/2	1/2	Chord	4/4	5	3	1/2	1/2	1	770						
39	39	152	152	2.0	0	0	Chord	4/4	6	1	1/2	1/2	1	771						
39	39	154	154	2.0	1/2	1/2	Chord	4/4	6	1	1/2	1/2	1	772						
39	39	152	152	0.0	0	0	FiguredBass	4/4	7	1	0					1/2	7			
39	39	152	152	2.0	0	0	Chord	4/4	7	1	1/2	1/2	1	773						
39	39	154	154	0.0	1/2	1/2	FiguredBass	4/4	7	1	0					1/2	6			
39	39	154	154	2.0	1/2	1/2	Chord	4/4	7	1	1/2	1/2	1	774						
39	39	156	156	0.0	1	1	FiguredBass	4/4	7	1	0					1/2	6			
39	39	152	152	2.0	0	0	Chord	4/4	8	1	1/2	1/2	1	775						
39	39	154	154	2.0	1/2	1/2	Chord	4/4	8	1	1/2	1/2	1	776						
40	40	156	156	2.0	0	0	Chord	4/4	1	1	1/2	1/2	1	777						
40	40	158	158	2.0	1/2	1/2	Chord	4/4	1	1	1/2	1/2	1	778	ornamentTremblement					
40	40	156	156	2.0	0	0	Chord	4/4	2	1	1/2	1/2	1	779						
40	40	158	158	2.0	1/2	1/2	Chord	4/4	2	1	1/2	1/2	1	780						
40	40	156	156	2.0	0	0	Chord	4/4	3	1	1/2	1/2	1	781						
40	40	158	158	2.0	1/2	1/2	Chord	4/4	3	1	1/2	1/2	1	782	ornamentTremblement					
40	40	156	156	2.0	0	0	Chord	4/4	4	1	1/2	1/2	1	783						
40	40	158	158	2.0	1/2	1/2	Chord	4/4	4	1	1/2	1/2	1	784						
40	40	156	156	2.0	0	0	Chord	4/4	5	1	1/2	1/2	1	785						
40	40	158	158	2.0	1/2	1/2	Chord	4/4	5	1	1/2	1/2	1	786	ornamentTremblement					
40	40	156	156	2.0	0	0	Chord	4/4	5	2	1/2	1/2	1	787						
40	40	158	158	2.0	1/2	1/2	Chord	4/4	5	2	1/2	1/2	1	788						
40	40	156	156	2.0	0	0	Chord	4/4	5	3	1/2	1/2	1	789						
40	40	158	158	2.0	1/2	1/2	Chord	4/4	5	3	1/2	1/2	1	790						
40	40	156	156	2.0	0	0	Chord	4/4	6	1	1/2	1/2	1	791						
40	40	158	158	2.0	1/2	1/2	Chord	4/4	6	1	1/2	1/2	1	792						
40	40	156	156	0.0	0	0	FiguredBass	4/4	7	1	0					1/2	6	5		
40	40	156	156	2.0	0	0	Chord	4/4	7	1	1/2	1/2	1	793						
40	40	158	158	2.0	1/2	1/2	Chord	4/4	7	1	1/2	1/2	1	794	ornamentTremblement					
40	40	156	156	2.0	0	0	Chord	4/4	8	1	1/2	1/2	1	795						
40	40	158	158	2.0	1/2	1/2	Chord	4/4	8	1	1/2	1/2	1	796						
41	41	160	160	2.0	0	0	Chord	4/4	1	1	1/2	1/2	1	797						
41	41	162	162	2.0	1/2	1/2	Chord	4/4	1	1	1/2	1/2	1	798						
41	41	160	160	2.0	0	0	Chord	4/4	2	1	1/2	1/2	1	799						
41	41	162	162	2.0	1/2	1/2	Chord	4/4	2	1	1/2	1/2	1	800						
41	41	160	160	2.0	0	0	Chord	4/4	3	1	1/2	1/2	1	801						
41	41	162	162	2.0	1/2	1/2	Chord	4/4	3	1	1/2	1/2	1	802						
41	41	160	160	2.0	0	0	Chord	4/4	4	1	1/2	1/2	1	803						
41	41	162	162	2.0	1/2	1/2	Chord	4/4	4	1	1/2	1/2	1	804						
41	41	160	160	2.0	0	0	Chord	4/4	5	1	1/2	1/2	1	805						
41	41	162	162	2.0	1/2	1/2	Chord	4/4	5	1	1/2	1/2	1	806						
41	41	160	160	2.0	0	0	Chord	4/4	5	2	1/2	1/2	1	807						
41	41	162	162	2.0	1/2	1/2	Chord	4/4	5	2	1/2	1/2	1	808						
41	41	160	160	2.0	0	0	Chord	4/4	5	3	1/2	1/2	1	809						
41	41	162	162	2.0	1/2	1/2	Chord	4/4	5	3	1/2	1/2	1	810						
41	41	160	160	2.0	0	0	Chord	4/4	5	4	1/2	1/2	1	811						
41	41	160	160	2.0	0	0	Chord	4/4	6	1	1/2	1/2	1	812						
41	41	162	162	2.0	1/2	1/2	Chord	4/4	6	1	1/2	1/2	1	813						
41	41	160	160	2.0	0	0	Chord	4/4	7	1	1/2	1/2	1	814						
41	41	162	162	2.0	1/2	1/2	Chord	4/4	7	1	1/2	1/2	1	815						
41	41	160	160	2.0	0	0	Chord	4/4	8	1	1/2	1/2	1	816						
41	41	162	162	2.0	1/2	1/2	Chord	4/4	8	1	1/2	1/2	1	817						
42	42	164	164	2.0	0	0	Chord	4/4	1	1	1/2	1/2	1	818						
42	42	166	166	1.0	1/2	1/2	Chord	4/4	1	1	1/4	1/4	1	819						
42	42	167	167	1.0	3/4	3/4	Chord	4/4	1	1	1/4	1/4	1	820						
42	42	164	164	2.0	0	0	Chord	4/4	2	1	1/2	1/2	1	821						
42	42	166	166	1.0	1/2	1/2	Chord	4/4	2	1	1/4	1/4	1	822						
42	42	167	167	1.0	3/4	3/4	Chord	4/4	2	1	1/4	1/4	1	823						
42	42	164	164	2.0	0	0	Chord	4/4	3	1	1/2	1/2	1	824						
42	42	166	166	1.0	1/2	1/2	Chord	4/4	3	1	1/4	1/4	1	825						
42	42	167	167	1.0	3/4	3/4	Chord	4/4	3	1	1/4	1/4	1	826						
42	42	164	164	2.0	0	0	Chord	4/4	4	1	1/2	1/2	1	827						
42	42	166	166	1.0	1/2	1/2	Chord	4/4	4	1	1/4	1/4	1	828						
42	42	167	167	1.0	3/4	3/4	Chord	4/4	4	1	1/4	1/4	1	829						
42	42	164	164	2.0	0	0	Chord	4/4	5	1	1/2	1/2	1	830						
42	42	166	166	1.0	1/2	1/2	Chord	4/4	5	1	1/4	1/4	1	831						
42	42	167	167	1.0	3/4	3/4	Chord	4/4	5	1	1/4	1/4	1	832						
42	42	164	164	2.0	0	0	Chord	4/4	5	2	1/2	1/2	1	833						
42	42	166	166	2.0	1/2	1/2	Chord	4/4	5	2	1/2	1/2	1	834						
42	42	164	164	2.0	0	0	Chord	4/4	5	3	1/2	1/2	1	835						
42	42	166	166	2.0	1/2	1/2	Chord	4/4	5	3	1/2	1/2	1	836						
42	42	164	164	2.0	0	0	Chord	4/4	6	1	1/2	1/2	1	837						
42	42	166	166	2.0	1/2	1/2	Chord	4/4	6	1	1/2	1/2	1	838						
42	42	164	164	0.0	0	0	FiguredBass	4/4	7	1	0					1/2	#			
42	42	164	164	2.0	0	0	Chord	4/4	7	1	1/2	1/2	1	839						
42	42	166	166	0.0	1/2	1/2	FiguredBass	4/4	7	1	0					1/4	6			
42	42	166	166	1.0	1/2	1/2	Chord	4/4	7	1	1/4	1/4	1	840						
42	42	167	167	1.0	3/4	3/4	Chord	4/4	7	1	1/4	1/4	1	841						
42	42	164	164	2.0	0	0	Chord	4/4	8	1	1/2	1/2	1	842						
42	42	166	166	2.0	1/2	1/2	Chord	4/4	8	1	1/2	1/2	1	843						
43	43	168	168	2.0	0	0	Chord	4/4	1	1	1/2	1/2	1	844						
43	43	170	170	2.0	1/2	1/2	Chord	4/4	1	1	1/2	1/2	1	845	ornamentTremblement					
43	43	168	168	2.0	0	0	Chord	4/4	2	1	1/2	1/2	1	846						
43	43	170	170	2.0	1/2	1/2	Chord	4/4	2	1	1/2	1/2	1	847						
43	43	168	168	2.0	0	0	Chord	4/4	3	1	1/2	1/2	1	848						
43	43	170	170	2.0	1/2	1/2	Chord	4/4	3	1	1/2	1/2	1	849	ornamentTremblement					
43	43	168	168	2.0	0	0	Chord	4/4	4	1	1/2	1/2	1	850						
43	43	170	170	2.0	1/2	1/2	Chord	4/4	4	1	1/2	1/2	1	851						
43	43	168	168	2.0	0	0	Chord	4/4	5	1	1/2	1/2	1	852						
43	43	170	170	2.0	1/2	1/2	Chord	4/4	5	1	1/2	1/2	1	853	ornamentTremblement					
43	43	168	168	2.0	0	0	Chord	4/4	5	2	1/2	1/2	1	854						
43	43	170	170	2.0	1/2	1/2	Chord	4/4	5	2	1/2	1/2	1	855						
43	43	168	168	2.0	0	0	Chord	4/4	5	3	1/2	1/2	1	856						
43	43	170	170	2.0	1/2	1/2	Chord	4/4	5	3	1/2	1/2	1	857						
43	43	168	168	2.0	0	0	Chord	4/4	6	1	1/2	1/2	1	858						
43	43	170	170	2.0	1/2	1/2	Chord	4/4	6	1	1/2	1/2	1	859						
43	43	168	168	0.0	0	0	FiguredBass	4/4	7	1	0					1/2	7			
43	43	168	168	2.0	0	0	Chord	4/4	7	1	1/2	1/2	1	860						
43	43	170	170	0.0	1/2	1/2	FiguredBass	4/4	7	1	0					1/2	#			
43	43	170	170	2.0	1/2	1/2	Chord	4/4	7	1	1/2	1/2	1	861	ornamentTremblement					
43	43	168	168	2.0	0	0	Chord	4/4	8	1	1/2	1/2	1	862						
43	43	170	170	2.0	1/2	1/2	Chord	4/4	8	1	1/2	1/2	1	863						
44	44	172	172	4.0	0	0	Chord	4/4	1	1	1	1	1	864						
44	44	172	172	4.0	0	0	Chord	4/4	2	1	1	1	1	865						
44	44	172	172	4.0	0	0	Chord	4/4	3	1	1	1	1	866						
44	44	172	172	4.0	0	0	Chord	4/4	4	1	1	1	1	867						
44	44	172	172	4.0	0	0	Chord	4/4	5	1	1	1	1	868						
44	44	172	172	4.0	0	0	Chord	4/4	5	2	1	1	1	869						
44	44	172	172	4.0	0	0	Chord	4/4	5	3	1	1	1	870						
44	44	172	172	4.0	0	0	Chord	4/4	6	1	1	1	1	871						
44	44	172	172	4.0	0	0	Chord	4/4	7	1	1	1	1	872						
44	44	172	172	4.0	0	0	Chord	4/4	8	1	1	1	1	873						
45	45	178	178	2.0	1/2	1/2	Chord	4/4	1	1	1/2	1/2	1	874						
45	45	178	178	2.0	1/2	1/2	Chord	4/4	2	1	1/2	1/2	1	875						
45	45	178	178	2.0	1/2	1/2	Chord	4/4	3	1	1/2	1/2	1	876						
45	45	178	178	2.0	1/2	1/2	Chord	4/4	4	1	1/2	1/2	1	877						
45	45	178	178	2.0	1/2	1/2	Chord	4/4	5	1	1/2	1/2	1	878						
45	45	178	178	2.0	1/2	1/2	Chord	4/4	5	2	1/2	1/2	1	879						
45	45	178	178	2.0	1/2	1/2	Chord	4/4	5	3	1/2	1/2	1	880						
45	45	178	178	2.0	1/2	1/2	Chord	4/4	6	1	1/2	1/2	1	881						
45	45	178	178	0.0	1/2	1/2	FiguredBass	4/4	7	1	0					1/2	6			
45	45	178	178	2.0	1/2	1/2	Chord	4/4	7	1	1/2	1/2	1	882						
45	45	178	178	2.0	1/2	1/2	Chord	4/4	8	1	1/2	1/2	1	883						
46	46	180	180	2.0	0	0	Chord	4/4	1	1	1/2	1/2	1	884						
46	46	182	182	2.0	1/2	1/2	Chord	4/4	1	1	1/2	1/2	1	885						
46	46	180	180	2.0	0	0	Chord	4/4	2	1	1/2	1/2	1	886						
46	46	182	182	2.0	1/2	1/2	Chord	4/4	2	1	1/2	1/2	1	887						
46	46	180	180	2.0	0	0	Chord	4/4	3	1	1/2	1/2	1	888						
46	46	182	182	2.0	1/2	1/2	Chord	4/4	3	1	1/2	1/2	1	889						
46	46	180	180	2.0	0	0	Chord	4/4	4	1	1/2	1/2	1	890						
46	46	182	182	2.0	1/2	1/2	Chord	4/4	4	1	1/2	1/2	1	891						
46	46	180	180	2.0	0	0	Chord	4/4	5	1	1/2	1/2	1	892						
46	46	182	182	2.0	1/2	1/2	Chord	4/4	5	1	1/2	1/2	1	893						
46	46	180	180	2.0	0	0	Chord	4/4	5	2	1/2	1/2	1	894						
46	46	182	182	2.0	1/2	1/2	Chord	4/4	5	2	1/2	1/2	1	895						
46	46	180	180	2.0	0	0	Chord	4/4	5	3	1/2	1/2	1	896						
46	46	182	182	2.0	1/2	1/2	Chord	4/4	5	3	1/2	1/2	1	897						
46	46	180	180	2.0	0	0	Chord	4/4	6	1	1/2	1/2	1	898						
46	46	182	182	2.0	1/2	1/2	Chord	4/4	6	1	1/2	1/2	1	899						
46	46	180	180	2.0	0	0	Chord	4/4	7	1	1/2	1/2	1	900						
46	46	182	182	0.0	1/2	1/2	FiguredBass	4/4	7	1	0					1/2	6			
46	46	182	182	2.0	1/2	1/2	Chord	4/4	7	1	1/2	1/2	1	901						
46	46	180	180	2.0	0	0	Chord	4/4	8	1	1/2	1/2	1	902						
46	46	182	182	2.0	1/2	1/2	Chord	4/4	8	1	1/2	1/2	1	903						
47	47	184	184	4.0	0	0	Chord	4/4	1	1	1	1	1	904	ornamentTremblement					
47	47	184	184	2.0	0	0	Chord	4/4	2	1	1/2	1/2	1	905						2
47	47	186	186	2.0	1/2	1/2	Chord	4/4	2	1	1/2	1/2	1	906	ornamentTremblement					
47	47	184	184	2.0	0	0	Chord	4/4	3	1	1/2	1/2	1	907						3
47	47	186	186	2.0	1/2	1/2	Chord	4/4	3	1	1/2	1/2	1	908						
47	47	184	184	2.0	0	0	Chord	4/4	4	1	1/2	1/2	1	909						4
47	47	186	186	2.0	1/2	1/2	Chord	4/4	4	1	1/2	1/2	1	910						
47	47	184	184	4.0	0	0	Chord	4/4	5	1	1	1	1	911	ornamentTremblement					
47	47	184	184	2.0	0	0	Chord	4/4	5	2	1/2	1/2	1	912						
47	47	186	186	2.0	1/2	1/2	Chord	4/4	5	2	1/2	1/2	1	913						
47	47	184	184	2.0	0	0	Chord	4/4	5	3	1/2	1/2	1	914						
47	47	186	186	2.0	1/2	1/2	Chord	4/4	5	3	1/2	1/2	1	915						
47	47	184	184	2.0	0	0	Chord	4/4	6	1	1/2	1/2	1	916						
47	47	186	186	2.0	1/2	1/2	Chord	4/4	6	1	1/2	1/2	1	917						
47	47	184	184	0.0	0	0	FiguredBass	4/4	7	1	0					1	7			
47	47	184	184	4.0	0	0	Chord	4/4	7	1	1	1	1	918	ornamentTremblement					
47	47	184	184	2.0	0	0	Chord	4/4	8	1	1/2	1/2	1	919						
47	47	186	186	2.0	1/2	1/2	Chord	4/4	8	1	1/2	1/2	1	920						
48	48	188	188	2.0	0	0	Chord	4/4	1	1	1/2	1/2	1	921						
48	48	190	190	1.0	1/2	1/2	Chord	4/4	1	1	1/4	1/4	1	922						
48	48	191	191	1.0	3/4	3/4	Chord	4/4	1	1	1/4	1/4	1	923						
48	48	188	188	2.0	0	0	Chord	4/4	2	1	1/2	1/2	1	924						
48	48	190	190	1.0	1/2	1/2	Chord	4/4	2	1	1/4	1/4	1	925						
48	48	191	191	1.0	3/4	3/4	Chord	4/4	2	1	1/4	1/4	1	926						
48	48	188	188	2.0	0	0	Chord	4/4	3	1	1/2	1/2	1	927						
48	48	190	190	1.0	1/2	1/2	Chord	4/4	3	1	1/4	1/4	1	928						
48	48	191	191	1.0	3/4	3/4	Chord	4/4	3	1	1/4	1/4	1	929						
48	48	188	188	2.0	0	0	Chord	4/4	4	1	1/2	1/2	1	930						
48	48	190	190	1.0	1/2	1/2	Chord	4/4	4	1	1/4	1/4	1	931						
48	48	191	191	1.0	3/4	3/4	Chord	4/4	4	1	1/4	1/4	1	932						
48	48	188	188	2.0	0	0	Chord	4/4	5	1	1/2	1/2	1	933						
48	48	190	190	1.0	1/2	1/2	Chord	4/4	5	1	1/4	1/4	1	934						
48	48	191	191	1.0	3/4	3/4	Chord	4/4	5	1	1/4	1/4	1	935						
48	48	188	188	2.0	0	0	Chord	4/4	5	2	1/2	1/2	1	936						
48	48	190	190	2.0	1/2	1/2	Chord	4/4	5	2	1/2	1/2	1	937						
48	48	188	188	2.0	0	0	Chord	4/4	5	3	1/2	1/2	1	938						
48	48	190	190	2.0	1/2	1/2	Chord	4/4	5	3	1/2	1/2	1	939						
48	48	188	188	2.0	0	0	Chord	4/4	6	1	1/2	1/2	1	940						
48	48	190	190	2.0	1/2	1/2	Chord	4/4	6	1	1/2	1/2	1	941						
48	48	188	188	2.0	0	0	Chord	4/4	7	1	1/2	1/2	1	942						
48	48	190	190	1.0	1/2	1/2	Chord	4/4	7	1	1/4	1/4	1	943						
48	48	191	191	1.0	3/4	3/4	Chord	4/4	7	1	1/4	1/4	1	944						
48	48	188	188	2.0	0	0	Chord	4/4	8	1	1/2	1/2	1	945						
48	48	190	190	2.0	1/2	1/2	Chord	4/4	8	1	1/2	1/2	1	946						
49	49	192	192	2.0	0	0	Chord	4/4	1	1	1/2	1/2	1	947						
49	49	194	194	2.0	1/2	1/2	Chord	4/4	1	1	1/2	1/2	1	948						
49	49	192	192	2.0	0	0	Chord	4/4	2	1	1/2	1/2	1	949						
49	49	194	194	2.0	1/2	1/2	Chord	4/4	2	1	1/2	1/2	1	950						
49	49	192	192	2.0	0	0	Chord	4/4	3	1	1/2	1/2	1	951						
49	49	194	194	2.0	1/2	1/2	Chord	4/4	3	1	1/2	1/2	1	952						
49	49	192	192	2.0	0	0	Chord	4/4	4	1	1/2	1/2	1	953						
49	49	194	194	2.0	1/2	1/2	Chord	4/4	4	1	1/2	1/2	1	954						
49	49	192	192	2.0	0	0	Chord	4/4	5	1	1/2	1/2	1	955						
49	49	194	194	2.0	1/2	1/2	Chord	4/4	5	1	1/2	1/2	1	956						
49	49	192	192	2.0	0	0	Chord	4/4	5	2	1/2	1/2	1	957						
49	49	194	194	2.0	1/2	1/2	Chord	4/4	5	2	1/2	1/2	1	958						
49	49	192	192	4.0	0	0	Chord	4/4	5	3	1	1	1	959						
49	49	192	192	2.0	0	0	Chord	4/4	6	1	1/2	1/2	1	960						
49	49	194	194	2.0	1/2	1/2	Chord	4/4	6	1	1/2	1/2	1	961						
49	49	192	192	0.0	0	0	FiguredBass	4/4	7	1	0					1/2	4			
49	49	192	192	2.0	0	0	Chord	4/4	7	1	1/2	1/2	1	962						
49	49	194	194	0.0	1/2	1/2	FiguredBass	4/4	7	1	0					1/2	6			
49	49	194	194	2.0	1/2	1/2	Chord	4/4	7	1	1/2	1/2	1	963						
49	49	192	192	2.0	0	0	Chord	4/4	8	1	1/2	1/2	1	964						
49	49	194	194	2.0	1/2	1/2	Chord	4/4	8	1	1/2	1/2	1	965						
50	50	196	196	2.0	0	0	Chord	4/4	1	1	1/2	1/2	1	966						
50	50	198	198	2.0	1/2	1/2	Chord	4/4	1	1	1/2	1/2	1	967	ornamentTremblement					
50	50	196	196	2.0	0	0	Chord	4/4	2	1	1/2	1/2	1	968						
50	50	198	198	2.0	1/2	1/2	Chord	4/4	2	1	1/2	1/2	1	969						
50	50	196	196	2.0	0	0	Chord	4/4	3	1	1/2	1/2	1	970						
50	50	198	198	2.0	1/2	1/2	Chord	4/4	3	1	1/2	1/2	1	971	ornamentTremblement					
50	50	196	196	2.0	0	0	Chord	4/4	4	1	1/2	1/2	1	972						
50	50	198	198	2.0	1/2	1/2	Chord	4/4	4	1	1/2	1/2	1	973						
50	50	196	196	2.0	0	0	Chord	4/4	5	1	1/2	1/2	1	974						
50	50	198	198	2.0	1/2	1/2	Chord	4/4	5	1	1/2	1/2	1	975	ornamentTremblement					
50	50	196	196	4.0	0	0	Chord	4/4	5	2	1	1	1	976						
50	50	196	196	2.0	0	0	Chord	4/4	5	3	1/2	1/2	1	977						
50	50	198	198	2.0	1/2	1/2	Chord	4/4	5	3	1/2	1/2	1	978						
50	50	196	196	2.0	0	0	Chord	4/4	6	1	1/2	1/2	1	979						
50	50	198	198	2.0	1/2	1/2	Chord	4/4	6	1	1/2	1/2	1	980						
50	50	196	196	0.0	0	0	FiguredBass	4/4	7	1	0					1/2	6	5	h	
50	50	196	196	2.0	0	0	Chord	4/4	7	1	1/2	1/2	1	981						
50	50	198	198	0.0	1/2	1/2	FiguredBass	4/4	7	1	0					1/2	#			
50	50	198	198	2.0	1/2	1/2	Chord	4/4	7	1	1/2	1/2	1	982	ornamentTremblement					
50	50	196	196	2.0	0	0	Chord	4/4	8	1	1/2	1/2	1	983						
50	50	198	198	2.0	1/2	1/2	Chord	4/4	8	1	1/2	1/2	1	984						
51	51	200	200	2.0	0	0	Chord	4/4	1	1	1/2	1/2	1	985						
51	51	202	202	2.0	1/2	1/2	Chord	4/4	1	1	1/2	1/2	1	986						
51	51	200	200	2.0	0	0	Chord	4/4	2	1	1/2	1/2	1	987						
51	51	202	202	2.0	1/2	1/2	Chord	4/4	2	1	1/2	1/2	1	988						
51	51	200	200	2.0	0	0	Chord	4/4	3	1	1/2	1/2	1	989						
51	51	202	202	2.0	1/2	1/2	Chord	4/4	3	1	1/2	1/2	1	990						
51	51	200	200	2.0	0	0	Chord	4/4	4	1	1/2	1/2	1	991						
51	51	202	202	2.0	1/2	1/2	Chord	4/4	4	1	1/2	1/2	1	992						
51	51	200	200	2.0	0	0	Chord	4/4	5	1	1/2	1/2	1	993						
51	51	202	202	2.0	1/2	1/2	Chord	4/4	5	1	1/2	1/2	1	994						
51	51	200	200	2.0	0	0	Chord	4/4	5	2	1/2	1/2	1	995						
51	51	202	202	2.0	1/2	1/2	Chord	4/4	5	2	1/2	1/2	1	996						
51	51	200	200	2.0	0	0	Chord	4/4	5	3	1/2	1/2	1	997						
51	51	202	202	2.0	1/2	1/2	Chord	4/4	5	3	1/2	1/2	1	998						
51	51	200	200	2.0	0	0	Chord	4/4	6	1	1/2	1/2	1	999						
51	51	202	202	2.0	1/2	1/2	Chord	4/4	6	1	1/2	1/2	1	1000						
51	51	200	200	2.0	0	0	Chord	4/4	7	1	1/2	1/2	1	1001						
51	51	202	202	0.0	1/2	1/2	FiguredBass	4/4	7	1	0					1/2	6			
51	51	202	202	2.0	1/2	1/2	Chord	4/4	7	1	1/2	1/2	1	1002						
51	51	200	200	2.0	0	0	Chord	4/4	8	1	1/2	1/2	1	1003						
51	51	202	202	2.0	1/2	1/2	Chord	4/4	8	1	1/2	1/2	1	1004						
52	52	204	204	2.0	0	0	Chord	4/4	1	1	1/2	1/2	1	1005						
52	52	206	206	2.0	1/2	1/2	Chord	4/4	1	1	1/2	1/2	1	1006						
52	52	204	204	2.0	0	0	Chord	4/4	2	1	1/2	1/2	1	1007						
52	52	206	206	2.0	1/2	1/2	Chord	4/4	2	1	1/2	1/2	1	1008						
52	52	204	204	2.0	0	0	Chord	4/4	3	1	1/2	1/2	1	1009						
52	52	206	206	2.0	1/2	1/2	Chord	4/4	3	1	1/2	1/2	1	1010						
52	52	204	204	2.0	0	0	Chord	4/4	4	1	1/2	1/2	1	1011						
52	52	206	206	2.0	1/2	1/2	Chord	4/4	4	1	1/2	1/2	1	1012						
52	52	204	204	2.0	0	0	Chord	4/4	5	1	1/2	1/2	1	1013						
52	52	206	206	2.0	1/2	1/2	Chord	4/4	5	1	1/2	1/2	1	1014						
52	52	204	204	2.0	0	0	Chord	4/4	5	2	1/2	1/2	1	1015						
52	52	206	206	2.0	1/2	1/2	Chord	4/4	5	2	1/2	1/2	1	1016						
52	52	204	204	2.0	0	0	Chord	4/4	5	3	1/2	1/2	1	1017						
52	52	206	206	2.0	1/2	1/2	Chord	4/4	5	3	1/2	1/2	1	1018						
52	52	204	204	2.0	0	0	Chord	4/4	6	1	1/2	1/2	1	1019						
52	52	206	206	2.0	1/2	1/2	Chord	4/4	6	1	1/2	1/2	1	1020						
52	52	204	204	2.0	0	0	Chord	4/4	7	1	1/2	1/2	1	1021						
52	52	206	206	0.0	1/2	1/2	FiguredBass	4/4	7	1	0					1/2	2			
52	52	206	206	2.0	1/2	1/2	Chord	4/4	7	1	1/2	1/2	1	1022						
52	52	204	204	2.0	0	0	Chord	4/4	8	1	1/2	1/2	1	1023						
52	52	206	206	2.0	1/2	1/2	Chord	4/4	8	1	1/2	1/2	1	1024						
53	53	208	208	4.0	0	0	Chord	4/4	1	1	1	1	1	1025	ornamentTremblement					
53	53	208	208	2.0	0	0	Chord	4/4	2	1	1/2	1/2	1	1026						5
53	53	210	210	2.0	1/2	1/2	Chord	4/4	2	1	1/2	1/2	1	1027	ornamentTremblement					
53	53	208	208	2.0	0	0	Chord	4/4	3	1	1/2	1/2	1	1028						6
53	53	210	210	2.0	1/2	1/2	Chord	4/4	3	1	1/2	1/2	1	1029						
53	53	208	208	2.0	0	0	Chord	4/4	4	1	1/2	1/2	1	1030						7
53	53	210	210	2.0	1/2	1/2	Chord	4/4	4	1	1/2	1/2	1	1031						
53	53	208	208	4.0	0	0	Chord	4/4	5	1	1	1	1	1032	ornamentTremblement					
53	53	208	208	2.0	0	0	Chord	4/4	5	2	1/2	1/2	1	1033						
53	53	210	210	2.0	1/2	1/2	Chord	4/4	5	2	1/2	1/2	1	1034						
53	53	208	208	2.0	0	0	Chord	4/4	5	3	1/2	1/2	1	1035						
53	53	210	210	2.0	1/2	1/2	Chord	4/4	5	3	1/2	1/2	1	1036						
53	53	208	208	2.0	0	0	Chord	4/4	6	1	1/2	1/2	1	1037						
53	53	210	210	2.0	1/2	1/2	Chord	4/4	6	1	1/2	1/2	1	1038						
53	53	208	208	0.0	0	0	FiguredBass	4/4	7	1	0					1	6			
53	53	208	208	4.0	0	0	Chord	4/4	7	1	1	1	1	1039	ornamentTremblement					
53	53	208	208	2.0	0	0	Chord	4/4	8	1	1/2	1/2	1	1040						
53	53	210	210	2.0	1/2	1/2	Chord	4/4	8	1	1/2	1/2	1	1041						
54	54	212	212	2.0	0	0	Chord	4/4	1	1	1/2	1/2	1	1042						
54	54	214	214	1.0	1/2	1/2	Chord	4/4	1	1	1/4	1/4	1	1043						
54	54	215	215	1.0	3/4	3/4	Chord	4/4	1	1	1/4	1/4	1	1044						
54	54	212	212	2.0	0	0	Chord	4/4	2	1	1/2	1/2	1	1045						
54	54	214	214	1.0	1/2	1/2	Chord	4/4	2	1	1/4	1/4	1	1046						
54	54	215	215	1.0	3/4	3/4	Chord	4/4	2	1	1/4	1/4	1	1047						
54	54	212	212	2.0	0	0	Chord	4/4	3	1	1/2	1/2	1	1048						
54	54	214	214	1.0	1/2	1/2	Chord	4/4	3	1	1/4	1/4	1	1049						
54	54	215	215	1.0	3/4	3/4	Chord	4/4	3	1	1/4	1/4	1	1050						
54	54	212	212	2.0	0	0	Chord	4/4	4	1	1/2	1/2	1	1051						
54	54	214	214	1.0	1/2	1/2	Chord	4/4	4	1	1/4	1/4	1	1052						
54	54	215	215	1.0	3/4	3/4	Chord	4/4	4	1	1/4	1/4	1	1053						
54	54	212	212	2.0	0	0	Chord	4/4	5	1	1/2	1/2	1	1054						
54	54	214	214	1.0	1/2	1/2	Chord	4/4	5	1	1/4	1/4	1	1055						
54	54	215	215	1.0	3/4	3/4	Chord	4/4	5	1	1/4	1/4	1	1056						
54	54	212	212	2.0	0	0	Chord	4/4	5	2	1/2	1/2	1	1057						
54	54	214	214	2.0	1/2	1/2	Chord	4/4	5	2	1/2	1/2	1	1058						
54	54	212	212	2.0	0	0	Chord	4/4	5	3	1/2	1/2	1	1059						
54	54	214	214	2.0	1/2	1/2	Chord	4/4	5	3	1/2	1/2	1	1060						
54	54	212	212	2.0	0	0	Chord	4/4	6	1	1/2	1/2	1	1061						
54	54	214	214	2.0	1/2	1/2	Chord	4/4	6	1	1/2	1/2	1	1062						
54	54	212	212	2.0	0	0	Chord	4/4	7	1	1/2	1/2	1	1063						
54	54	214	214	1.0	1/2	1/2	Chord	4/4	7	1	1/4	1/4	1	1064						
54	54	215	215	1.0	3/4	3/4	Chord	4/4	7	1	1/4	1/4	1	1065						
54	54	212	212	2.0	0	0	Chord	4/4	8	1	1/2	1/2	1	1066						
54	54	214	214	2.0	1/2	1/2	Chord	4/4	8	1	1/2	1/2	1	1067						
55	55	216	216	2.0	0	0	Chord	4/4	1	1	1/2	1/2	1	1068						
55	55	218	218	2.0	1/2	1/2	Chord	4/4	1	1	1/2	1/2	1	1069						
55	55	216	216	2.0	0	0	Chord	4/4	2	1	1/2	1/2	1	1070						
55	55	218	218	2.0	1/2	1/2	Chord	4/4	2	1	1/2	1/2	1	1071						
55	55	216	216	2.0	0	0	Chord	4/4	3	1	1/2	1/2	1	1072						
55	55	218	218	2.0	1/2	1/2	Chord	4/4	3	1	1/2	1/2	1	1073						
55	55	216	216	2.0	0	0	Chord	4/4	4	1	1/2	1/2	1	1074						
55	55	218	218	2.0	1/2	1/2	Chord	4/4	4	1	1/2	1/2	1	1075						
55	55	216	216	2.0	0	0	Chord	4/4	5	1	1/2	1/2	1	1076						
55	55	218	218	2.0	1/2	1/2	Chord	4/4	5	1	1/2	1/2	1	1077						
55	55	216	216	2.0	0	0	Chord	4/4	5	2	1/2	1/2	1	1078						
55	55	218	218	2.0	1/2	1/2	Chord	4/4	5	2	1/2	1/2	1	1079						
55	55	216	216	2.0	0	0	Chord	4/4	5	3	1/2	1/2	1	1080						
55	55	218	218	2.0	1/2	1/2	Chord	4/4	5	3	1/2	1/2	1	1081						
55	55	216	216	2.0	0	0	Chord	4/4	6	1	1/2	1/2	1	1082						
55	55	218	218	2.0	1/2	1/2	Chord	4/4	6	1	1/2	1/2	1	1083						
55	55	216	216	0.0	0	0	FiguredBass	4/4	7	1	0					1/2	7	#		
55	55	216	216	2.0	0	0	Chord	4/4	7	1	1/2	1/2	1	1084						
55	55	218	218	2.0	1/2	1/2	Chord	4/4	7	1	1/2	1/2	1	1085						
55	55	216	216	2.0	0	0	Chord	4/4	8	1	1/2	1/2	1	1086						
55	55	218	218	2.0	1/2	1/2	Chord	4/4	8	1	1/2	1/2	1	1087						
56	56	220	220	2.0	0	0	Chord	4/4	1	1	1/2	1/2	1	1088						
56	56	222	222	2.0	1/2	1/2	Chord	4/4	1	1	1/2	1/2	1	1089	ornamentTremblement					
56	56	220	220	2.0	0	0	Chord	4/4	2	1	1/2	1/2	1	1090						
56	56	222	222	2.0	1/2	1/2	Chord	4/4	2	1	1/2	1/2	1	1091						
56	56	220	220	2.0	0	0	Chord	4/4	3	1	1/2	1/2	1	1092						
56	56	222	222	2.0	1/2	1/2	Chord	4/4	3	1	1/2	1/2	1	1093	ornamentTremblement					
56	56	220	220	2.0	0	0	Chord	4/4	4	1	1/2	1/2	1	1094						
56	56	222	222	2.0	1/2	1/2	Chord	4/4	4	1	1/2	1/2	1	1095						
56	56	220	220	2.0	0	0	Chord	4/4	5	1	1/2	1/2	1	1096						
56	56	222	222	2.0	1/2	1/2	Chord	4/4	5	1	1/2	1/2	1	1097	ornamentTremblement					
56	56	220	220	4.0	0	0	Chord	4/4	5	2	1	1	1	1098						
56	56	220	220	2.0	0	0	Chord	4/4	5	3	1/2	1/2	1	1099						
56	56	222	222	2.0	1/2	1/2	Chord	4/4	5	3	1/2	1/2	1	1100						
56	56	220	220	2.0	0	0	Chord	4/4	6	1	1/2	1/2	1	1101						
56	56	222	222	2.0	1/2	1/2	Chord	4/4	6	1	1/2	1/2	1	1102						
56	56	220	220	0.0	0	0	FiguredBass	4/4	7	1	0					1/2	6	5	h	
56	56	220	220	2.0	0	0	Chord	4/4	7	1	1/2	1/2	1	1103						
56	56	222	222	0.0	1/2	1/2	FiguredBass	4/4	7	1	0					1/2	#			
56	56	222	222	2.0	1/2	1/2	Chord	4/4	7	1	1/2	1/2	1	1104	ornamentTremblement					
56	56	220	220	2.0	0	0	Chord	4/4	8	1	1/2	1/2	1	1105						
56	56	222	222	2.0	1/2	1/2	Chord	4/4	8	1	1/2	1/2	1	1106						
57	57	224	224	4.0	0	0	Chord	4/4	1	1	1	1	1	1107						
57	57	224	224	4.0	0	0	Chord	4/4	2	1	1	1	1	1108						
57	57	224	224	4.0	0	0	Chord	4/4	3	1	1	1	1	1109						
57	57	224	224	4.0	0	0	Chord	4/4	4	1	1	1	1	1110						
57	57	224	224	4.0	0	0	Chord	4/4	5	1	1	1	1	1111						
57	57	224	224	4.0	0	0	Chord	4/4	5	2	1	1	1	1112						
57	57	224	224	4.0	0	0	Chord	4/4	5	3	1	1	1	1113						
57	57	224	224	4.0	0	0	Chord	4/4	6	1	1	1	1	1114						
57	57	224	224	4.0	0	0	Chord	4/4	7	1	1	1	1	1115						
57	57	224	224	4.0	0	0	Chord	4/4	8	1	1	1	1	1116						
58	58	230	230	2.0	1/2	1/2	Chord	4/4	1	1	1/2	1/2	1	1117						
58	58	230	230	2.0	1/2	1/2	Chord	4/4	2	1	1/2	1/2	1	1118						
58	58	230	230	2.0	1/2	1/2	Chord	4/4	3	1	1/2	1/2	1	1119						
58	58	230	230	2.0	1/2	1/2	Chord	4/4	4	1	1/2	1/2	1	1120						
58	58	230	230	2.0	1/2	1/2	Chord	4/4	5	1	1/2	1/2	1	1121						
58	58	230	230	2.0	1/2	1/2	Chord	4/4	5	2	1/2	1/2	1	1122						
58	58	230	230	2.0	1/2	1/2	Chord	4/4	5	3	1/2	1/2	1	1123						
58	58	230	230	2.0	1/2	1/2	Chord	4/4	6	1	1/2	1/2	1	1124						
58	58	230	230	0.0	1/2	1/2	FiguredBass	4/4	7	1	0					1/2	6			
58	58	230	230	2.0	1/2	1/2	Chord	4/4	7	1	1/2	1/2	1	1125						
58	58	230	230	2.0	1/2	1/2	Chord	4/4	8	1	1/2	1/2	1	1126						
59	59	232	232	2.0	0	0	Chord	4/4	1	1	1/2	1/2	1	1127						
59	59	234	234	2.0	1/2	1/2	Chord	4/4	1	1	1/2	1/2	1	1128						
59	59	232	232	2.0	0	0	Chord	4/4	2	1	1/2	1/2	1	1129						8
59	59	234	234	2.0	1/2	1/2	Chord	4/4	2	1	1/2	1/2	1	1130						
59	59	232	232	2.0	0	0	Chord	4/4	3	1	1/2	1/2	1	1131						
59	59	234	234	2.0	1/2	1/2	Chord	4/4	3	1	1/2	1/2	1	1132						
59	59	232	232	2.0	0	0	Chord	4/4	4	1	1/2	1/2	1	1133						
59	59	234	234	2.0	1/2	1/2	Chord	4/4	4	1	1/2	1/2	1	1134						
59	59	232	232	2.0	0	0	Chord	4/4	5	1	1/2	1/2	1	1135						
59	59	234	234	2.0	1/2	1/2	Chord	4/4	5	1	1/2	1/2	1	1136						
59	59	232	232	2.0	0	0	Chord	4/4	5	2	1/2	1/2	1	1137						
59	59	234	234	2.0	1/2	1/2	Chord	4/4	5	2	1/2	1/2	1	1138						
59	59	232	232	2.0	0	0	Chord	4/4	5	3	1/2	1/2	1	1139						
59	59	234	234	2.0	1/2	1/2	Chord	4/4	5	3	1/2	1/2	1	1140						
59	59	232	232	2.0	0	0	Chord	4/4	6	1	1/2	1/2	1	1141						
59	59	234	234	2.0	1/2	1/2	Chord	4/4	6	1	1/2	1/2	1	1142						
59	59	232	232	2.0	0	0	Chord	4/4	7	1	1/2	1/2	1	1143						
59	59	234	234	0.0	1/2	1/2	FiguredBass	4/4	7	1	0					1/2	6			
59	59	234	234	2.0	1/2	1/2	Chord	4/4	7	1	1/2	1/2	1	1144						
59	59	232	232	2.0	0	0	Chord	4/4	8	1	1/2	1/2	1	1145						
59	59	234	234	2.0	1/2	1/2	Chord	4/4	8	1	1/2	1/2	1	1146						
60	60	236	236	4.0	0	0	Chord	4/4	1	1	1	1	1	1147	ornamentTremblement					
60	60	236	236	2.0	0	0	Chord	4/4	2	1	1/2	1/2	1	1148						
60	60	238	238	2.0	1/2	1/2	Chord	4/4	2	1	1/2	1/2	1	1149						
60	60	236	236	2.0	0	0	Chord	4/4	3	1	1/2	1/2	1	1150						9
60	60	238	238	2.0	1/2	1/2	Chord	4/4	3	1	1/2	1/2	1	1151	ornamentTremblement					
60	60	236	236	2.0	0	0	Chord	4/4	4	1	1/2	1/2	1	1152						10
60	60	238	238	2.0	1/2	1/2	Chord	4/4	4	1	1/2	1/2	1	1153						
60	60	236	236	4.0	0	0	Chord	4/4	5	1	1	1	1	1154	ornamentTremblement					
60	60	236	236	2.0	0	0	Chord	4/4	5	2	1/2	1/2	1	1155						
60	60	238	238	2.0	1/2	1/2	Chord	4/4	5	2	1/2	1/2	1	1156						
60	60	236	236	2.0	0	0	Chord	4/4	5	3	1/2	1/2	1	1157						
60	60	238	238	2.0	1/2	1/2	Chord	4/4	5	3	1/2	1/2	1	1158						
60	60	236	236	2.0	0	0	Chord	4/4	6	1	1/2	1/2	1	1159						
60	60	238	238	2.0	1/2	1/2	Chord	4/4	6	1	1/2	1/2	1	1160						
60	60	236	236	0.0	0	0	FiguredBass	4/4	7	1	0					1	6	5		
60	60	236	236	4.0	0	0	Chord	4/4	7	1	1	1	1	1161	ornamentTremblement					
60	60	236	236	2.0	0	0	Chord	4/4	8	1	1/2	1/2	1	1162						
60	60	238	238	2.0	1/2	1/2	Chord	4/4	8	1	1/2	1/2	1	1163						
61	61	240	240	2.0	0	0	Chord	4/4	1	1	1/2	1/2	1	1164						
61	61	242	242	1.0	1/2	1/2	Chord	4/4	1	1	1/4	1/4	1	1165						
61	61	243	243	1.0	3/4	3/4	Chord	4/4	1	1	1/4	1/4	1	1166						
61	61	240	240	2.0	0	0	Chord	4/4	2	1	1/2	1/2	1	1167						
61	61	242	242	1.0	1/2	1/2	Chord	4/4	2	1	1/4	1/4	1	1168						
61	61	243	243	1.0	3/4	3/4	Chord	4/4	2	1	1/4	1/4	1	1169						
61	61	240	240	2.0	0	0	Chord	4/4	3	1	1/2	1/2	1	1170						
61	61	242	242	1.0	1/2	1/2	Chord	4/4	3	1	1/4	1/4	1	1171						
61	61	243	243	1.0	3/4	3/4	Chord	4/4	3	1	1/4	1/4	1	1172						
61	61	240	240	2.0	0	0	Chord	4/4	4	1	1/2	1/2	1	1173						
61	61	242	242	1.0	1/2	1/2	Chord	4/4	4	1	1/4	1/4	1	1174						
61	61	243	243	1.0	3/4	3/4	Chord	4/4	4	1	1/4	1/4	1	1175						
61	61	240	240	2.0	0	0	Chord	4/4	5	1	1/2	1/2	1	1176						
61	61	242	242	1.0	1/2	1/2	Chord	4/4	5	1	1/4	1/4	1	1177						
61	61	243	243	1.0	3/4	3/4	Chord	4/4	5	1	1/4	1/4	1	1178						
61	61	240	240	2.0	0	0	Chord	4/4	5	2	1/2	1/2	1	1179						
61	61	242	242	2.0	1/2	1/2	Chord	4/4	5	2	1/2	1/2	1	1180						
61	61	240	240	2.0	0	0	Chord	4/4	5	3	1/2	1/2	1	1181						
61	61	242	242	2.0	1/2	1/2	Chord	4/4	5	3	1/2	1/2	1	1182						
61	61	240	240	2.0	0	0	Chord	4/4	6	1	1/2	1/2	1	1183						
61	61	242	242	2.0	1/2	1/2	Chord	4/4	6	1	1/2	1/2	1	1184						
61	61	240	240	2.0	0	0	Chord	4/4	7	1	1/2	1/2	1	1185						
61	61	242	242	1.0	1/2	1/2	Chord	4/4	7	1	1/4	1/4	1	1186						
61	61	243	243	1.0	3/4	3/4	Chord	4/4	7	1	1/4	1/4	1	1187						
61	61	240	240	2.0	0	0	Chord	4/4	8	1	1/2	1/2	1	1188						
61	61	242	242	2.0	1/2	1/2	Chord	4/4	8	1	1/2	1/2	1	1189						
62	62	244	244	2.0	0	0	Chord	4/4	1	1	1/2	1/2	1	1190						
62	62	246	246	2.0	1/2	1/2	Chord	4/4	1	1	1/2	1/2	1	1191						
62	62	244	244	2.0	0	0	Chord	4/4	2	1	1/2	1/2	1	1192						
62	62	246	246	2.0	1/2	1/2	Chord	4/4	2	1	1/2	1/2	1	1193						
62	62	244	244	2.0	0	0	Chord	4/4	3	1	1/2	1/2	1	1194						
62	62	246	246	2.0	1/2	1/2	Chord	4/4	3	1	1/2	1/2	1	1195						
62	62	244	244	2.0	0	0	Chord	4/4	4	1	1/2	1/2	1	1196						
62	62	246	246	2.0	1/2	1/2	Chord	4/4	4	1	1/2	1/2	1	1197						
62	62	244	244	2.0	0	0	Chord	4/4	5	1	1/2	1/2	1	1198						
62	62	246	246	2.0	1/2	1/2	Chord	4/4	5	1	1/2	1/2	1	1199						
62	62	244	244	2.0	0	0	Chord	4/4	5	2	1/2	1/2	1	1200						
62	62	246	246	2.0	1/2	1/2	Chord	4/4	5	2	1/2	1/2	1	1201						
62	62	244	244	2.0	0	0	Chord	4/4	5	3	1/2	1/2	1	1202						
62	62	246	246	2.0	1/2	1/2	Chord	4/4	5	3	1/2	1/2	1	1203						
62	62	244	244	2.0	0	0	Chord	4/4	6	1	1/2	1/2	1	1204						
62	62	246	246	2.0	1/2	1/2	Chord	4/4	6	1	1/2	1/2	1	1205						
62	62	244	244	0.0	0	0	FiguredBass	4/4	7	1	0					1/2	6			
62	62	244	244	2.0	0	0	Chord	4/4	7	1	1/2	1/2	1	1206						
62	62	246	246	0.0	1/2	1/2	FiguredBass	4/4	7	1	0					1/2	6			
62	62	246	246	2.0	1/2	1/2	Chord	4/4	7	1	1/2	1/2	1	1207						
62	62	244	244	2.0	0	0	Chord	4/4	8	1	1/2	1/2	1	1208						
62	62	246	246	2.0	1/2	1/2	Chord	4/4	8	1	1/2	1/2	1	1209						
63	63	248	248	2.0	0	0	Chord	4/4	1	1	1/2	1/2	1	1210						
63	63	250	250	2.0	1/2	1/2	Chord	4/4	1	1	1/2	1/2	1	1211	ornamentTremblement					
63	63	248	248	2.0	0	0	Chord	4/4	2	1	1/2	1/2	1	1212						
63	63	250	250	2.0	1/2	1/2	Chord	4/4	2	1	1/2	1/2	1	1213						
63	63	248	248	2.0	0	0	Chord	4/4	3	1	1/2	1/2	1	1214						
63	63	250	250	2.0	1/2	1/2	Chord	4/4	3	1	1/2	1/2	1	1215	ornamentTremblement					
63	63	248	248	2.0	0	0	Chord	4/4	4	1	1/2	1/2	1	1216						
63	63	250	250	2.0	1/2	1/2	Chord	4/4	4	1	1/2	1/2	1	1217						
63	63	248	248	2.0	0	0	Chord	4/4	5	1	1/2	1/2	1	1218						
63	63	250	250	2.0	1/2	1/2	Chord	4/4	5	1	1/2	1/2	1	1219	ornamentTremblement					
63	63	248	248	4.0	0	0	Chord	4/4	5	2	1	1	1	1220						
63	63	248	248	2.0	0	0	Chord	4/4	5	3	1/2	1/2	1	1221						
63	63	250	250	2.0	1/2	1/2	Chord	4/4	5	3	1/2	1/2	1	1222						
63	63	248	248	2.0	0	0	Chord	4/4	6	1	1/2	1/2	1	1223						
63	63	250	250	2.0	1/2	1/2	Chord	4/4	6	1	1/2	1/2	1	1224						
63	63	248	248	0.0	0	0	FiguredBass	4/4	7	1	0					1/2	6	5	h	
63	63	248	248	2.0	0	0	Chord	4/4	7	1	1/2	1/2	1	1225						
63	63	250	250	0.0	1/2	1/2	FiguredBass	4/4	7	1	0					1/2	#			
63	63	250	250	2.0	1/2	1/2	Chord	4/4	7	1	1/2	1/2	1	1226	ornamentTremblement					
63	63	248	248	2.0	0	0	Chord	4/4	8	1	1/2	1/2	1	1227						
63	63	250	250	2.0	1/2	1/2	Chord	4/4	8	1	1/2	1/2	1	1228						
64	64	252	252	2.0	0	0	Chord	4/4	1	1	1/2	1/2	1	1229						
64	64	254	254	2.0	1/2	1/2	Chord	4/4	1	1	1/2	1/2	1	1230						
64	64	252	252	2.0	0	0	Chord	4/4	2	1	1/2	1/2	1	1231						
64	64	254	254	2.0	1/2	1/2	Chord	4/4	2	1	1/2	1/2	1	1232						
64	64	252	252	2.0	0	0	Chord	4/4	3	1	1/2	1/2	1	1233						
64	64	254	254	2.0	1/2	1/2	Chord	4/4	3	1	1/2	1/2	1	1234						
64	64	252	252	2.0	0	0	Chord	4/4	4	1	1/2	1/2	1	1235						
64	64	254	254	2.0	1/2	1/2	Chord	4/4	4	1	1/2	1/2	1	1236						
64	64	252	252	2.0	0	0	Chord	4/4	5	1	1/2	1/2	1	1237						
64	64	254	254	2.0	1/2	1/2	Chord	4/4	5	1	1/2	1/2	1	1238						
64	64	252	252	2.0	0	0	Chord	4/4	5	2	1/2	1/2	1	1239						
64	64	254	254	2.0	1/2	1/2	Chord	4/4	5	2	1/2	1/2	1	1240						
64	64	252	252	2.0	0	0	Chord	4/4	5	3	1/2	1/2	1	1241						
64	64	254	254	2.0	1/2	1/2	Chord	4/4	5	3	1/2	1/2	1	1242						
64	64	252	252	2.0	0	0	Chord	4/4	6	1	1/2	1/2	1	1243						
64	64	254	254	2.0	1/2	1/2	Chord	4/4	6	1	1/2	1/2	1	1244						
64	64	252	252	2.0	0	0	Chord	4/4	7	1	1/2	1/2	1	1245						
64	64	254	254	0.0	1/2	1/2	FiguredBass	4/4	7	1	0					1/2	6			
64	64	254	254	2.0	1/2	1/2	Chord	4/4	7	1	1/2	1/2	1	1246						
64	64	252	252	2.0	0	0	Chord	4/4	8	1	1/2	1/2	1	1247						
64	64	254	254	2.0	1/2	1/2	Chord	4/4	8	1	1/2	1/2	1	1248						
65	65	256	256	2.0	0	0	Chord	4/4	1	1	1/2	1/2	1	1249						
65	65	258	258	2.0	1/2	1/2	Chord	4/4	1	1	1/2	1/2	1	1250						
65	65	256	256	2.0	0	0	Chord	4/4	2	1	1/2	1/2	1	1251						
65	65	258	258	2.0	1/2	1/2	Chord	4/4	2	1	1/2	1/2	1	1252						
65	65	256	256	2.0	0	0	Chord	4/4	3	1	1/2	1/2	1	1253						
65	65	258	258	2.0	1/2	1/2	Chord	4/4	3	1	1/2	1/2	1	1254						
65	65	256	256	2.0	0	0	Chord	4/4	4	1	1/2	1/2	1	1255						
65	65	258	258	2.0	1/2	1/2	Chord	4/4	4	1	1/2	1/2	1	1256						
65	65	256	256	2.0	0	0	Chord	4/4	5	1	1/2	1/2	1	1257						
65	65	258	258	2.0	1/2	1/2	Chord	4/4	5	1	1/2	1/2	1	1258						
65	65	256	256	2.0	0	0	Chord	4/4	5	2	1/2	1/2	1	1259						
65	65	258	258	2.0	1/2	1/2	Chord	4/4	5	2	1/2	1/2	1	1260						
65	65	256	256	2.0	0	0	Chord	4/4	5	3	1/2	1/2	1	1261						
65	65	258	258	2.0	1/2	1/2	Chord	4/4	5	3	1/2	1/2	1	1262						
65	65	256	256	2.0	0	0	Chord	4/4	6	1	1/2	1/2	1	1263						
65	65	258	258	2.0	1/2	1/2	Chord	4/4	6	1	1/2	1/2	1	1264						
65	65	256	256	2.0	0	0	Chord	4/4	7	1	1/2	1/2	1	1265						
65	65	258	258	0.0	1/2	1/2	FiguredBass	4/4	7	1	0					1/2	2			
65	65	258	258	2.0	1/2	1/2	Chord	4/4	7	1	1/2	1/2	1	1266						
65	65	256	256	2.0	0	0	Chord	4/4	8	1	1/2	1/2	1	1267						
65	65	258	258	2.0	1/2	1/2	Chord	4/4	8	1	1/2	1/2	1	1268						
66	66	260	260	2.0	0	0	Chord	4/4	1	1	1/2	1/2	1	1269						
66	66	262	262	2.0	1/2	1/2	Chord	4/4	1	1	1/2	1/2	1	1270	ornamentTremblement					
66	66	260	260	2.0	0	0	Chord	4/4	2	1	1/2	1/2	1	1271						
66	66	262	262	2.0	1/2	1/2	Chord	4/4	2	1	1/2	1/2	1	1272	ornamentTremblement					
66	66	260	260	2.0	0	0	Chord	4/4	3	1	1/2	1/2	1	1273						
66	66	262	262	2.0	1/2	1/2	Chord	4/4	3	1	1/2	1/2	1	1274						
66	66	260	260	2.0	0	0	Chord	4/4	4	1	1/2	1/2	1	1275						
66	66	262	262	2.0	1/2	1/2	Chord	4/4	4	1	1/2	1/2	1	1276						
66	66	260	260	2.0	0	0	Chord	4/4	5	1	1/2	1/2	1	1277						
66	66	262	262	2.0	1/2	1/2	Chord	4/4	5	1	1/2	1/2	1	1278						
66	66	260	260	2.0	0	0	Chord	4/4	5	2	1/2	1/2	1	1279						
66	66	262	262	2.0	1/2	1/2	Chord	4/4	5	2	1/2	1/2	1	1280						
66	66	260	260	2.0	0	0	Chord	4/4	5	3	1/2	1/2	1	1281						
66	66	262	262	2.0	1/2	1/2	Chord	4/4	5	3	1/2	1/2	1	1282						
66	66	260	260	2.0	0	0	Chord	4/4	6	1	1/2	1/2	1	1283						
66	66	262	262	2.0	1/2	1/2	Chord	4/4	6	1	1/2	1/2	1	1284						
66	66	260	260	0.0	0	0	FiguredBass	4/4	7	1	0					1/2	6			
66	66	260	260	2.0	0	0	Chord	4/4	7	1	1/2	1/2	1	1285						
66	66	262	262	2.0	1/2	1/2	Chord	4/4	7	1	1/2	1/2	1	1286	ornamentTremblement					
66	66	260	260	2.0	0	0	Chord	4/4	8	1	1/2	1/2	1	1287						
66	66	262	262	2.0	1/2	1/2	Chord	4/4	8	1	1/2	1/2	1	1288						
67	67	264	264	2.0	0	0	Chord	4/4	1	1	1/2	1/2	1	1289						
67	67	266	266	1.0	1/2	1/2	Chord	4/4	1	1	1/4	1/4	1	1290						
67	67	267	267	1.0	3/4	3/4	Chord	4/4	1	1	1/4	1/4	1	1291						
67	67	264	264	2.0	0	0	Chord	4/4	2	1	1/2	1/2	1	1292						
67	67	266	266	1.0	1/2	1/2	Chord	4/4	2	1	1/4	1/4	1	1293						
67	67	267	267	1.0	3/4	3/4	Chord	4/4	2	1	1/4	1/4	1	1294						
67	67	264	264	2.0	0	0	Chord	4/4	3	1	1/2	1/2	1	1295						
67	67	266	266	1.0	1/2	1/2	Chord	4/4	3	1	1/4	1/4	1	1296						
67	67	267	267	1.0	3/4	3/4	Chord	4/4	3	1	1/4	1/4	1	1297						
67	67	264	264	2.0	0	0	Chord	4/4	4	1	1/2	1/2	1	1298						
67	67	266	266	1.0	1/2	1/2	Chord	4/4	4	1	1/4	1/4	1	1299						
67	67	267	267	1.0	3/4	3/4	Chord	4/4	4	1	1/4	1/4	1	1300						
67	67	264	264	2.0	0	0	Chord	4/4	5	1	1/2	1/2	1	1301						
67	67	266	266	1.0	1/2	1/2	Chord	4/4	5	1	1/4	1/4	1	1302						
67	67	267	267	1.0	3/4	3/4	Chord	4/4	5	1	1/4	1/4	1	1303						
67	67	264	264	2.0	0	0	Chord	4/4	5	2	1/2	1/2	1	1304						
67	67	266	266	2.0	1/2	1/2	Chord	4/4	5	2	1/2	1/2	1	1305						
67	67	264	264	2.0	0	0	Chord	4/4	5	3	1/2	1/2	1	1306						
67	67	266	266	2.0	1/2	1/2	Chord	4/4	5	3	1/2	1/2	1	1307						
67	67	264	264	2.0	0	0	Chord	4/4	6	1	1/2	1/2	1	1308						
67	67	266	266	2.0	1/2	1/2	Chord	4/4	6	1	1/2	1/2	1	1309						
67	67	264	264	2.0	0	0	Chord	4/4	7	1	1/2	1/2	1	1310						
67	67	266	266	1.0	1/2	1/2	Chord	4/4	7	1	1/4	1/4	1	1311						
67	67	267	267	1.0	3/4	3/4	Chord	4/4	7	1	1/4	1/4	1	1312						
67	67	264	264	2.0	0	0	Chord	4/4	8	1	1/2	1/2	1	1313						
67	67	266	266	2.0	1/2	1/2	Chord	4/4	8	1	1/2	1/2	1	1314						
68	68	268	268	2.0	0	0	Chord	4/4	1	1	1/2	1/2	1	1315						
68	68	270	270	2.0	1/2	1/2	Chord	4/4	1	1	1/2	1/2	1	1316						
68	68	268	268	2.0	0	0	Chord	4/4	2	1	1/2	1/2	1	1317						
68	68	270	270	2.0	1/2	1/2	Chord	4/4	2	1	1/2	1/2	1	1318						
68	68	268	268	1.0	0	0	Chord	4/4	3	1	1/4	1/4	1	1319						11
68	68	269	269	1.0	1/4	1/4	Chord	4/4	3	1	1/4	1/4	1	1320						
68	68	270	270	2.0	1/2	1/2	Chord	4/4	3	1	1/2	1/2	1	1321						
68	68	268	268	2.0	0	0	Chord	4/4	4	1	1/2	1/2	1	1322						
68	68	270	270	2.0	1/2	1/2	Chord	4/4	4	1	1/2	1/2	1	1323						
68	68	268	268	2.0	0	0	Chord	4/4	5	1	1/2	1/2	1	1324						
68	68	270	270	2.0	1/2	1/2	Chord	4/4	5	1	1/2	1/2	1	1325						
68	68	268	268	1.0	0	0	Chord	4/4	5	2	1/4	1/4	1	1326						
68	68	269	269	1.0	1/4	1/4	Chord	4/4	5	2	1/4	1/4	1	1327						
68	68	270	270	2.0	1/2	1/2	Chord	4/4	5	2	1/2	1/2	1	1328						
68	68	268	268	2.0	0	0	Chord	4/4	5	3	1/2	1/2	1	1329						
68	68	270	270	2.0	1/2	1/2	Chord	4/4	5	3	1/2	1/2	1	1330						
68	68	268	268	2.0	0	0	Chord	4/4	6	1	1/2	1/2	1	1331						
68	68	270	270	2.0	1/2	1/2	Chord	4/4	6	1	1/2	1/2	1	1332						
68	68	268	268	0.0	0	0	FiguredBass	4/4	7	1	0					1/2	8	#		
68	68	268	268	2.0	0	0	Chord	4/4	7	1	1/2	1/2	1	1333						
68	68	270	270	0.0	1/2	1/2	FiguredBass	4/4	7	1	0					1/2	7			
68	68	270	270	2.0	1/2	1/2	Chord	4/4	7	1	1/2	1/2	1	1334						
68	68	272	272	0.0	1	1	FiguredBass	4/4	7	1	0					1/2	7			
68	68	268	268	2.0	0	0	Chord	4/4	8	1	1/2	1/2	1	1335						
68	68	270	270	2.0	1/2	1/2	Chord	4/4	8	1	1/2	1/2	1	1336						
69	69	272	272	2.0	0	0	Chord	4/4	1	1	1/2	1/2	1	1337						
69	69	274	274	2.0	1/2	1/2	Chord	4/4	1	1	1/2	1/2	1	1338	ornamentTremblement					
69	69	272	272	2.0	0	0	Chord	4/4	2	1	1/2	1/2	1	1339						
69	69	274	274	2.0	1/2	1/2	Chord	4/4	2	1	1/2	1/2	1	1340						
69	69	272	272	2.0	0	0	Chord	4/4	3	1	1/2	1/2	1	1341						
69	69	274	274	2.0	1/2	1/2	Chord	4/4	3	1	1/2	1/2	1	1342	ornamentTremblement					
69	69	272	272	2.0	0	0	Chord	4/4	4	1	1/2	1/2	1	1343						
69	69	274	274	2.0	1/2	1/2	Chord	4/4	4	1	1/2	1/2	1	1344						
69	69	272	272	2.0	0	0	Chord	4/4	5	1	1/2	1/2	1	1345						
69	69	274	274	2.0	1/2	1/2	Chord	4/4	5	1	1/2	1/2	1	1346	ornamentTremblement					
69	69	272	272	2.0	0	0	Chord	4/4	5	2	1/2	1/2	1	1347						
69	69	274	274	2.0	1/2	1/2	Chord	4/4	5	2	1/2	1/2	1	1348						
69	69	272	272	2.0	0	0	Chord	4/4	5	3	1/2	1/2	1	1349						
69	69	274	274	2.0	1/2	1/2	Chord	4/4	5	3	1/2	1/2	1	1350						
69	69	272	272	2.0	0	0	Chord	4/4	6	1	1/2	1/2	1	1351						
69	69	274	274	2.0	1/2	1/2	Chord	4/4	6	1	1/2	1/2	1	1352						
69	69	272	272	0.0	0	0	FiguredBass	4/4	7	1	0					1/2	7			
69	69	272	272	2.0	0	0	Chord	4/4	7	1	1/2	1/2	1	1353						
69	69	274	274	0.0	1/2	1/2	FiguredBass	4/4	7	1	0					1/2	#			
69	69	274	274	2.0	1/2	1/2	Chord	4/4	7	1	1/2	1/2	1	1354	ornamentTremblement					
69	69	272	272	2.0	0	0	Chord	4/4	8	1	1/2	1/2	1	1355						
69	69	274	274	2.0	1/2	1/2	Chord	4/4	8	1	1/2	1/2	1	1356						
70	70	276	276	2.0	0	0	Chord	4/4	1	1	1/2	1/2	1	1357						
70	70	278	278	2.0	1/2	1/2	Chord	4/4	1	1	1/2	1/2	1	1358						
70	70	276	276	2.0	0	0	Chord	4/4	2	1	1/2	1/2	1	1359						
70	70	278	278	2.0	1/2	1/2	Chord	4/4	2	1	1/2	1/2	1	1360						
70	70	276	276	2.0	0	0	Chord	4/4	3	1	1/2	1/2	1	1361						
70	70	278	278	2.0	1/2	1/2	Chord	4/4	3	1	1/2	1/2	1	1362						
70	70	276	276	2.0	0	0	Chord	4/4	4	1	1/2	1/2	1	1363						
70	70	278	278	2.0	1/2	1/2	Chord	4/4	4	1	1/2	1/2	1	1364						
70	70	276	276	2.0	0	0	Chord	4/4	5	1	1/2	1/2	1	1365						
70	70	278	278	2.0	1/2	1/2	Chord	4/4	5	1	1/2	1/2	1	1366						
70	70	276	276	2.0	0	0	Chord	4/4	5	2	1/2	1/2	1	1367						
70	70	278	278	2.0	1/2	1/2	Chord	4/4	5	2	1/2	1/2	1	1368						
70	70	276	276	2.0	0	0	Chord	4/4	5	3	1/2	1/2	1	1369						
70	70	278	278	2.0	1/2	1/2	Chord	4/4	5	3	1/2	1/2	1	1370						
70	70	276	276	2.0	0	0	Chord	4/4	6	1	1/2	1/2	1	1371						
70	70	278	278	2.0	1/2	1/2	Chord	4/4	6	1	1/2	1/2	1	1372						
70	70	276	276	2.0	0	0	Chord	4/4	7	1	1/2	1/2	1	1373						
70	70	278	278	2.0	1/2	1/2	Chord	4/4	7	1	1/2	1/2	1	1374						
70	70	276	276	2.0	0	0	Chord	4/4	8	1	1/2	1/2	1	1375						
70	70	278	278	2.0	1/2	1/2	Chord	4/4	8	1	1/2	1/2	1	1376						
71	71	280	280	2.0	0	0	Chord	4/4	1	1	1/2	1/2	1	1377						
71	71	282	282	1.0	1/2	1/2	Chord	4/4	1	1	1/4	1/4	1	1378						
71	71	283	283	1.0	3/4	3/4	Chord	4/4	1	1	1/4	1/4	1	1379						
71	71	280	280	2.0	0	0	Chord	4/4	2	1	1/2	1/2	1	1380						
71	71	282	282	1.0	1/2	1/2	Chord	4/4	2	1	1/4	1/4	1	1381						
71	71	283	283	1.0	3/4	3/4	Chord	4/4	2	1	1/4	1/4	1	1382						
71	71	280	280	2.0	0	0	Chord	4/4	3	1	1/2	1/2	1	1383						
71	71	282	282	1.0	1/2	1/2	Chord	4/4	3	1	1/4	1/4	1	1384						
71	71	283	283	1.0	3/4	3/4	Chord	4/4	3	1	1/4	1/4	1	1385						
71	71	280	280	2.0	0	0	Chord	4/4	4	1	1/2	1/2	1	1386						
71	71	282	282	1.0	1/2	1/2	Chord	4/4	4	1	1/4	1/4	1	1387						
71	71	283	283	1.0	3/4	3/4	Chord	4/4	4	1	1/4	1/4	1	1388						
71	71	280	280	2.0	0	0	Chord	4/4	5	1	1/2	1/2	1	1389						
71	71	282	282	1.0	1/2	1/2	Chord	4/4	5	1	1/4	1/4	1	1390						
71	71	283	283	1.0	3/4	3/4	Chord	4/4	5	1	1/4	1/4	1	1391						
71	71	280	280	2.0	0	0	Chord	4/4	5	2	1/2	1/2	1	1392						
71	71	282	282	2.0	1/2	1/2	Chord	4/4	5	2	1/2	1/2	1	1393						
71	71	280	280	2.0	0	0	Chord	4/4	5	3	1/2	1/2	1	1394						
71	71	282	282	2.0	1/2	1/2	Chord	4/4	5	3	1/2	1/2	1	1395						
71	71	280	280	2.0	0	0	Chord	4/4	6	1	1/2	1/2	1	1396						
71	71	282	282	2.0	1/2	1/2	Chord	4/4	6	1	1/2	1/2	1	1397						
71	71	280	280	2.0	0	0	Chord	4/4	7	1	1/2	1/2	1	1398						
71	71	282	282	0.0	1/2	1/2	FiguredBass	4/4	7	1	0					1/4	6			
71	71	282	282	1.0	1/2	1/2	Chord	4/4	7	1	1/4	1/4	1	1399						
71	71	283	283	1.0	3/4	3/4	Chord	4/4	7	1	1/4	1/4	1	1400						
71	71	280	280	2.0	0	0	Chord	4/4	8	1	1/2	1/2	1	1401						
71	71	282	282	2.0	1/2	1/2	Chord	4/4	8	1	1/2	1/2	1	1402						
72	72	284	284	4.0	0	0	Chord	4/4	1	1	1	1	1	1403	ornamentTremblement					
72	72	284	284	2.0	0	0	Chord	4/4	2	1	1/2	1/2	1	1404						12
72	72	286	286	2.0	1/2	1/2	Chord	4/4	2	1	1/2	1/2	1	1405	ornamentTremblement					
72	72	284	284	2.0	0	0	Chord	4/4	3	1	1/2	1/2	1	1406						13
72	72	286	286	2.0	1/2	1/2	Chord	4/4	3	1	1/2	1/2	1	1407						
72	72	284	284	2.0	0	0	Chord	4/4	4	1	1/2	1/2	1	1408						14
72	72	286	286	2.0	1/2	1/2	Chord	4/4	4	1	1/2	1/2	1	1409						
72	72	284	284	4.0	0	0	Chord	4/4	5	1	1	1	1	1410	ornamentTremblement					
72	72	284	284	2.0	0	0	Chord	4/4	5	2	1/2	1/2	1	1411						
72	72	286	286	2.0	1/2	1/2	Chord	4/4	5	2	1/2	1/2	1	1412						
72	72	284	284	2.0	0	0	Chord	4/4	5	3	1/2	1/2	1	1413						
72	72	286	286	2.0	1/2	1/2	Chord	4/4	5	3	1/2	1/2	1	1414						
72	72	284	284	2.0	0	0	Chord	4/4	6	1	1/2	1/2	1	1415						
72	72	286	286	2.0	1/2	1/2	Chord	4/4	6	1	1/2	1/2	1	1416						
72	72	284	284	0.0	0	0	FiguredBass	4/4	7	1	0					1	6	5		
72	72	284	284	4.0	0	0	Chord	4/4	7	1	1	1	1	1417	ornamentTremblement					
72	72	284	284	2.0	0	0	Chord	4/4	8	1	1/2	1/2	1	1418						
72	72	286	286	2.0	1/2	1/2	Chord	4/4	8	1	1/2	1/2	1	1419						
73	73	288	288	2.0	0	0	Chord	4/4	1	1	1/2	1/2	1	1420						
73	73	290	290	1.0	1/2	1/2	Chord	4/4	1	1	1/4	1/4	1	1421						
73	73	291	291	1.0	3/4	3/4	Chord	4/4	1	1	1/4	1/4	1	1422						
73	73	288	288	2.0	0	0	Chord	4/4	2	1	1/2	1/2	1	1423						
73	73	290	290	1.0	1/2	1/2	Chord	4/4	2	1	1/4	1/4	1	1424						
73	73	291	291	1.0	3/4	3/4	Chord	4/4	2	1	1/4	1/4	1	1425						
73	73	288	288	2.0	0	0	Chord	4/4	3	1	1/2	1/2	1	1426						
73	73	290	290	1.0	1/2	1/2	Chord	4/4	3	1	1/4	1/4	1	1427						
73	73	291	291	1.0	3/4	3/4	Chord	4/4	3	1	1/4	1/4	1	1428						
73	73	288	288	2.0	0	0	Chord	4/4	4	1	1/2	1/2	1	1429						
73	73	290	290	1.0	1/2	1/2	Chord	4/4	4	1	1/4	1/4	1	1430						
73	73	291	291	1.0	3/4	3/4	Chord	4/4	4	1	1/4	1/4	1	1431						
73	73	288	288	2.0	0	0	Chord	4/4	5	1	1/2	1/2	1	1432						
73	73	290	290	1.0	1/2	1/2	Chord	4/4	5	1	1/4	1/4	1	1433						
73	73	291	291	1.0	3/4	3/4	Chord	4/4	5	1	1/4	1/4	1	1434						
73	73	288	288	2.0	0	0	Chord	4/4	5	2	1/2	1/2	1	1435						
73	73	290	290	2.0	1/2	1/2	Chord	4/4	5	2	1/2	1/2	1	1436						
73	73	288	288	2.0	0	0	Chord	4/4	5	3	1/2	1/2	1	1437						
73	73	290	290	2.0	1/2	1/2	Chord	4/4	5	3	1/2	1/2	1	1438						
73	73	288	288	2.0	0	0	Chord	4/4	6	1	1/2	1/2	1	1439						
73	73	290	290	2.0	1/2	1/2	Chord	4/4	6	1	1/2	1/2	1	1440						
73	73	288	288	2.0	0	0	Chord	4/4	7	1	1/2	1/2	1	1441						
73	73	290	290	0.0	1/2	1/2	FiguredBass	4/4	7	1	0					1/4	6			
73	73	290	290	1.0	1/2	1/2	Chord	4/4	7	1	1/4	1/4	1	1442						
73	73	291	291	1.0	3/4	3/4	Chord	4/4	7	1	1/4	1/4	1	1443						
73	73	288	288	2.0	0	0	Chord	4/4	8	1	1/2	1/2	1	1444						
73	73	290	290	2.0	1/2	1/2	Chord	4/4	8	1	1/2	1/2	1	1445						
74	74	292	292	2.0	0	0	Chord	4/4	1	1	1/2	1/2	1	1446						
74	74	294	294	2.0	1/2	1/2	Chord	4/4	1	1	1/2	1/2	1	1447						
74	74	292	292	2.0	0	0	Chord	4/4	2	1	1/2	1/2	1	1448						
74	74	294	294	2.0	1/2	1/2	Chord	4/4	2	1	1/2	1/2	1	1449						
74	74	292	292	2.0	0	0	Chord	4/4	3	1	1/2	1/2	1	1450						
74	74	294	294	2.0	1/2	1/2	Chord	4/4	3	1	1/2	1/2	1	1451						
74	74	292	292	2.0	0	0	Chord	4/4	4	1	1/2	1/2	1	1452						
74	74	294	294	2.0	1/2	1/2	Chord	4/4	4	1	1/2	1/2	1	1453						
74	74	292	292	2.0	0	0	Chord	4/4	5	1	1/2	1/2	1	1454						
74	74	294	294	2.0	1/2	1/2	Chord	4/4	5	1	1/2	1/2	1	1455						
74	74	292	292	2.0	0	0	Chord	4/4	5	2	1/2	1/2	1	1456						
74	74	294	294	2.0	1/2	1/2	Chord	4/4	5	2	1/2	1/2	1	1457						
74	74	292	292	2.0	0	0	Chord	4/4	5	3	1/2	1/2	1	1458						
74	74	294	294	2.0	1/2	1/2	Chord	4/4	5	3	1/2	1/2	1	1459						
74	74	292	292	2.0	0	0	Chord	4/4	6	1	1/2	1/2	1	1460						
74	74	294	294	2.0	1/2	1/2	Chord	4/4	6	1	1/2	1/2	1	1461						
74	74	292	292	0.0	0	0	FiguredBass	4/4	7	1	0					1/2	6	4		
74	74	292	292	2.0	0	0	Chord	4/4	7	1	1/2	1/2	1	1462						
74	74	294	294	0.0	1/2	1/2	FiguredBass	4/4	7	1	0					1/2	5	h		
74	74	294	294	2.0	1/2	1/2	Chord	4/4	7	1	1/2	1/2	1	1463						
74	74	292	292	2.0	0	0	Chord	4/4	8	1	1/2	1/2	1	1464						
74	74	294	294	2.0	1/2	1/2	Chord	4/4	8	1	1/2	1/2	1	1465						
75	75	296	296	2.0	0	0	Chord	4/4	1	1	1/2	1/2	1	1466						
75	75	298	298	2.0	1/2	1/2	Chord	4/4	1	1	1/2	1/2	1	1467	ornamentTremblement					
75	75	296	296	2.0	0	0	Chord	4/4	2	1	1/2	1/2	1	1468						
75	75	298	298	2.0	1/2	1/2	Chord	4/4	2	1	1/2	1/2	1	1469						
75	75	296	296	2.0	0	0	Chord	4/4	3	1	1/2	1/2	1	1470						
75	75	298	298	2.0	1/2	1/2	Chord	4/4	3	1	1/2	1/2	1	1471	ornamentTremblement					
75	75	296	296	2.0	0	0	Chord	4/4	4	1	1/2	1/2	1	1472						
75	75	298	298	2.0	1/2	1/2	Chord	4/4	4	1	1/2	1/2	1	1473						
75	75	296	296	2.0	0	0	Chord	4/4	5	1	1/2	1/2	1	1474						
75	75	298	298	2.0	1/2	1/2	Chord	4/4	5	1	1/2	1/2	1	1475	ornamentTremblement					
75	75	296	296	2.0	0	0	Chord	4/4	5	2	1/2	1/2	1	1476						
75	75	298	298	2.0	1/2	1/2	Chord	4/4	5	2	1/2	1/2	1	1477						
75	75	296	296	4.0	0	0	Chord	4/4	5	3	1	1	1	1478						
75	75	296	296	4.0	0	0	Chord	4/4	6	1	1	1	1	1479						
75	75	296	296	0.0	0	0	FiguredBass	4/4	7	1	0					1/2	6	4		
75	75	296	296	2.0	0	0	Chord	4/4	7	1	1/2	1/2	1	1480						
75	75	298	298	0.0	1/2	1/2	FiguredBass	4/4	7	1	0					1/2	5	#		
75	75	298	298	2.0	1/2	1/2	Chord	4/4	7	1	1/2	1/2	1	1481	ornamentTremblement					
75	75	296	296	4.0	0	0	Chord	4/4	8	1	1	1	1	1482						
76	76	300	300	2.0	0	0	Chord	4/4	1	1	1/2	1/2	1	1483						
76	76	302	302	1.0	1/2	1/2	Chord	4/4	1	1	1/4	1/4	1	1484						
76	76	303	303	1.0	3/4	3/4	Chord	4/4	1	1	1/4	1/4	1	1485						
76	76	300	300	2.0	0	0	Chord	4/4	2	1	1/2	1/2	1	1486						
76	76	302	302	1.0	1/2	1/2	Chord	4/4	2	1	1/4	1/4	1	1487						
76	76	303	303	1.0	3/4	3/4	Chord	4/4	2	1	1/4	1/4	1	1488						
76	76	300	300	2.0	0	0	Chord	4/4	3	1	1/2	1/2	1	1489						
76	76	302	302	1.0	1/2	1/2	Chord	4/4	3	1	1/4	1/4	1	1490						
76	76	303	303	1.0	3/4	3/4	Chord	4/4	3	1	1/4	1/4	1	1491						
76	76	300	300	2.0	0	0	Chord	4/4	4	1	1/2	1/2	1	1492						
76	76	302	302	1.0	1/2	1/2	Chord	4/4	4	1	1/4	1/4	1	1493						
76	76	303	303	1.0	3/4	3/4	Chord	4/4	4	1	1/4	1/4	1	1494						
76	76	300	300	2.0	0	0	Chord	4/4	5	1	1/2	1/2	1	1495						
76	76	302	302	1.0	1/2	1/2	Chord	4/4	5	1	1/4	1/4	1	1496						
76	76	303	303	1.0	3/4	3/4	Chord	4/4	5	1	1/4	1/4	1	1497						
76	76	300	300	2.0	0	0	Chord	4/4	5	2	1/2	1/2	1	1498						
76	76	302	302	2.0	1/2	1/2	Chord	4/4	5	2	1/2	1/2	1	1499						
76	76	300	300	2.0	0	0	Chord	4/4	5	3	1/2	1/2	1	1500						
76	76	302	302	2.0	1/2	1/2	Chord	4/4	5	3	1/2	1/2	1	1501						
76	76	300	300	2.0	0	0	Chord	4/4	6	1	1/2	1/2	1	1502						
76	76	302	302	2.0	1/2	1/2	Chord	4/4	6	1	1/2	1/2	1	1503						
76	76	300	300	2.0	0	0	Chord	4/4	7	1	1/2	1/2	1	1504						
76	76	302	302	1.0	1/2	1/2	Chord	4/4	7	1	1/4	1/4	1	1505						
76	76	303	303	1.0	3/4	3/4	Chord	4/4	7	1	1/4	1/4	1	1506						
76	76	300	300	2.0	0	0	Chord	4/4	8	1	1/2	1/2	1	1507						
76	76	302	302	2.0	1/2	1/2	Chord	4/4	8	1	1/2	1/2	1	1508						
77	77	304	304	2.0	0	0	Chord	4/4	1	1	1/2	1/2	1	1509						
77	77	306	306	2.0	1/2	1/2	Chord	4/4	1	1	1/2	1/2	1	1510						
77	77	304	304	2.0	0	0	Chord	4/4	2	1	1/2	1/2	1	1511						
77	77	306	306	2.0	1/2	1/2	Chord	4/4	2	1	1/2	1/2	1	1512						
77	77	304	304	2.0	0	0	Chord	4/4	3	1	1/2	1/2	1	1513						
77	77	306	306	2.0	1/2	1/2	Chord	4/4	3	1	1/2	1/2	1	1514						
77	77	304	304	2.0	0	0	Chord	4/4	4	1	1/2	1/2	1	1515						
77	77	306	306	2.0	1/2	1/2	Chord	4/4	4	1	1/2	1/2	1	1516						
77	77	304	304	2.0	0	0	Chord	4/4	5	1	1/2	1/2	1	1517						
77	77	306	306	2.0	1/2	1/2	Chord	4/4	5	1	1/2	1/2	1	1518						
77	77	304	304	2.0	0	0	Chord	4/4	5	2	1/2	1/2	1	1519						
77	77	306	306	2.0	1/2	1/2	Chord	4/4	5	2	1/2	1/2	1	1520						
77	77	304	304	2.0	0	0	Chord	4/4	5	3	1/2	1/2	1	1521						
77	77	306	306	2.0	1/2	1/2	Chord	4/4	5	3	1/2	1/2	1	1522						
77	77	304	304	2.0	0	0	Chord	4/4	6	1	1/2	1/2	1	1523						
77	77	306	306	2.0	1/2	1/2	Chord	4/4	6	1	1/2	1/2	1	1524						
77	77	304	304	0.0	0	0	FiguredBass	4/4	7	1	0					1/2	6			
77	77	304	304	2.0	0	0	Chord	4/4	7	1	1/2	1/2	1	1525						
77	77	306	306	2.0	1/2	1/2	Chord	4/4	7	1	1/2	1/2	1	1526						
77	77	304	304	2.0	0	0	Chord	4/4	8	1	1/2	1/2	1	1527						
77	77	306	306	2.0	1/2	1/2	Chord	4/4	8	1	1/2	1/2	1	1528						
78	78	308	308	2.0	0	0	Chord	4/4	1	1	1/2	1/2	1	1529						
78	78	310	310	1.0	1/2	1/2	Chord	4/4	1	1	1/4	1/4	1	1530						
78	78	311	311	1.0	3/4	3/4	Chord	4/4	1	1	1/4	1/4	1	1531						
78	78	308	308	2.0	0	0	Chord	4/4	2	1	1/2	1/2	1	1532						
78	78	310	310	1.0	1/2	1/2	Chord	4/4	2	1	1/4	1/4	1	1533						
78	78	311	311	1.0	3/4	3/4	Chord	4/4	2	1	1/4	1/4	1	1534						
78	78	308	308	2.0	0	0	Chord	4/4	3	1	1/2	1/2	1	1535						
78	78	310	310	1.0	1/2	1/2	Chord	4/4	3	1	1/4	1/4	1	1536						
78	78	311	311	1.0	3/4	3/4	Chord	4/4	3	1	1/4	1/4	1	1537						
78	78	308	308	2.0	0	0	Chord	4/4	4	1	1/2	1/2	1	1538						
78	78	310	310	1.0	1/2	1/2	Chord	4/4	4	1	1/4	1/4	1	1539						
78	78	311	311	1.0	3/4	3/4	Chord	4/4	4	1	1/4	1/4	1	1540						
78	78	308	308	2.0	0	0	Chord	4/4	5	1	1/2	1/2	1	1541						
78	78	310	310	1.0	1/2	1/2	Chord	4/4	5	1	1/4	1/4	1	1542						
78	78	311	311	1.0	3/4	3/4	Chord	4/4	5	1	1/4	1/4	1	1543						
78	78	308	308	2.0	0	0	Chord	4/4	5	2	1/2	1/2	1	1544						
78	78	310	310	2.0	1/2	1/2	Chord	4/4	5	2	1/2	1/2	1	1545						
78	78	308	308	2.0	0	0	Chord	4/4	5	3	1/2	1/2	1	1546						
78	78	310	310	2.0	1/2	1/2	Chord	4/4	5	3	1/2	1/2	1	1547						
78	78	308	308	2.0	0	0	Chord	4/4	6	1	1/2	1/2	1	1548						
78	78	310	310	2.0	1/2	1/2	Chord	4/4	6	1	1/2	1/2	1	1549						
78	78	308	308	0.0	0	0	FiguredBass	4/4	7	1	0					1/2	6			
78	78	308	308	2.0	0	0	Chord	4/4	7	1	1/2	1/2	1	1550						
78	78	310	310	0.0	1/2	1/2	FiguredBass	4/4	7	1	0					1/4	6			
78	78	310	310	1.0	1/2	1/2	Chord	4/4	7	1	1/4	1/4	1	1551						
78	78	311	311	1.0	3/4	3/4	Chord	4/4	7	1	1/4	1/4	1	1552						
78	78	308	308	2.0	0	0	Chord	4/4	8	1	1/2	1/2	1	1553						
78	78	310	310	2.0	1/2	1/2	Chord	4/4	8	1	1/2	1/2	1	1554						
79	79	312	312	2.0	0	0	Chord	4/4	1	1	1/2	1/2	1	1555						
79	79	314	314	2.0	1/2	1/2	Chord	4/4	1	1	1/2	1/2	1	1556						
79	79	312	312	2.0	0	0	Chord	4/4	2	1	1/2	1/2	1	1557						
79	79	314	314	2.0	1/2	1/2	Chord	4/4	2	1	1/2	1/2	1	1558						
79	79	312	312	2.0	0	0	Chord	4/4	3	1	1/2	1/2	1	1559						
79	79	314	314	2.0	1/2	1/2	Chord	4/4	3	1	1/2	1/2	1	1560						
79	79	312	312	2.0	0	0	Chord	4/4	4	1	1/2	1/2	1	1561						
79	79	314	314	2.0	1/2	1/2	Chord	4/4	4	1	1/2	1/2	1	1562						
79	79	312	312	2.0	0	0	Chord	4/4	5	1	1/2	1/2	1	1563						
79	79	314	314	2.0	1/2	1/2	Chord	4/4	5	1	1/2	1/2	1	1564						
79	79	312	312	2.0	0	0	Chord	4/4	5	2	1/2	1/2	1	1565						
79	79	314	314	2.0	1/2	1/2	Chord	4/4	5	2	1/2	1/2	1	1566						
79	79	312	312	2.0	0	0	Chord	4/4	5	3	1/2	1/2	1	1567						
79	79	314	314	2.0	1/2	1/2	Chord	4/4	5	3	1/2	1/2	1	1568						
79	79	312	312	2.0	0	0	Chord	4/4	6	1	1/2	1/2	1	1569						
79	79	314	314	2.0	1/2	1/2	Chord	4/4	6	1	1/2	1/2	1	1570						
79	79	312	312	2.0	0	0	Chord	4/4	7	1	1/2	1/2	1	1571						
79	79	314	314	0.0	1/2	1/2	FiguredBass	4/4	7	1	0					1/2	6	4	2	
79	79	314	314	2.0	1/2	1/2	Chord	4/4	7	1	1/2	1/2	1	1572						
79	79	312	312	2.0	0	0	Chord	4/4	8	1	1/2	1/2	1	1573						
79	79	314	314	2.0	1/2	1/2	Chord	4/4	8	1	1/2	1/2	1	1574						
80	80	316	316	4.0	0	0	Chord	4/4	1	1	1	1	1	1575	ornamentTremblement					
80	80	316	316	2.0	0	0	Chord	4/4	2	1	1/2	1/2	1	1576						15
80	80	318	318	2.0	1/2	1/2	Chord	4/4	2	1	1/2	1/2	1	1577	ornamentTremblement					
80	80	316	316	2.0	0	0	Chord	4/4	3	1	1/2	1/2	1	1578						16
80	80	318	318	2.0	1/2	1/2	Chord	4/4	3	1	1/2	1/2	1	1579						
80	80	316	316	2.0	0	0	Chord	4/4	4	1	1/2	1/2	1	1580						17
80	80	318	318	2.0	1/2	1/2	Chord	4/4	4	1	1/2	1/2	1	1581						
80	80	316	316	4.0	0	0	Chord	4/4	5	1	1	1	1	1582						
80	80	316	316	2.0	0	0	Chord	4/4	5	2	1/2	1/2	1	1583						
80	80	318	318	2.0	1/2	1/2	Chord	4/4	5	2	1/2	1/2	1	1584						
80	80	316	316	2.0	0	0	Chord	4/4	5	3	1/2	1/2	1	1585						
80	80	318	318	2.0	1/2	1/2	Chord	4/4	5	3	1/2	1/2	1	1586						
80	80	318	318	2.0	1/2	1/2	Chord	4/4	5	4	1/2	1/2	1	1587						
80	80	316	316	2.0	0	0	Chord	4/4	6	1	1/2	1/2	1	1588						
80	80	318	318	2.0	1/2	1/2	Chord	4/4	6	1	1/2	1/2	1	1589						
80	80	316	316	0.0	0	0	FiguredBass	4/4	7	1	0					1	6			
80	80	316	316	4.0	0	0	Chord	4/4	7	1	1	1	1	1590	ornamentTremblement					
80	80	316	316	2.0	0	0	Chord	4/4	8	1	1/2	1/2	1	1591						
80	80	318	318	2.0	1/2	1/2	Chord	4/4	8	1	1/2	1/2	1	1592						
81	81	320	320	2.0	0	0	Chord	4/4	1	1	1/2	1/2	1	1593						
81	81	322	322	1.0	1/2	1/2	Chord	4/4	1	1	1/4	1/4	1	1594						
81	81	323	323	1.0	3/4	3/4	Chord	4/4	1	1	1/4	1/4	1	1595						
81	81	320	320	2.0	0	0	Chord	4/4	2	1	1/2	1/2	1	1596						
81	81	322	322	1.0	1/2	1/2	Chord	4/4	2	1	1/4	1/4	1	1597						
81	81	323	323	1.0	3/4	3/4	Chord	4/4	2	1	1/4	1/4	1	1598						
81	81	320	320	2.0	0	0	Chord	4/4	3	1	1/2	1/2	1	1599						
81	81	322	322	1.0	1/2	1/2	Chord	4/4	3	1	1/4	1/4	1	1600						
81	81	323	323	1.0	3/4	3/4	Chord	4/4	3	1	1/4	1/4	1	1601						
81	81	320	320	2.0	0	0	Chord	4/4	4	1	1/2	1/2	1	1602						
81	81	322	322	1.0	1/2	1/2	Chord	4/4	4	1	1/4	1/4	1	1603						
81	81	323	323	1.0	3/4	3/4	Chord	4/4	4	1	1/4	1/4	1	1604						
81	81	320	320	2.0	0	0	Chord	4/4	5	1	1/2	1/2	1	1605						
81	81	322	322	1.0	1/2	1/2	Chord	4/4	5	1	1/4	1/4	1	1606						
81	81	323	323	1.0	3/4	3/4	Chord	4/4	5	1	1/4	1/4	1	1607						
81	81	320	320	2.0	0	0	Chord	4/4	5	2	1/2	1/2	1	1608						
81	81	322	322	2.0	1/2	1/2	Chord	4/4	5	2	1/2	1/2	1	1609						
81	81	320	320	2.0	0	0	Chord	4/4	5	3	1/2	1/2	1	1610						
81	81	322	322	2.0	1/2	1/2	Chord	4/4	5	3	1/2	1/2	1	1611						
81	81	320	320	2.0	0	0	Chord	4/4	5	4	1/2	1/2	1	1612						
81	81	320	320	2.0	0	0	Chord	4/4	6	1	1/2	1/2	1	1613						
81	81	322	322	2.0	1/2	1/2	Chord	4/4	6	1	1/2	1/2	1	1614						
81	81	320	320	2.0	0	0	Chord	4/4	7	1	1/2	1/2	1	1615						
81	81	322	322	1.0	1/2	1/2	Chord	4/4	7	1	1/4	1/4	1	1616						
81	81	323	323	1.0	3/4	3/4	Chord	4/4	7	1	1/4	1/4	1	1617						
81	81	320	320	2.0	0	0	Chord	4/4	8	1	1/2	1/2	1	1618						
81	81	322	322	2.0	1/2	1/2	Chord	4/4	8	1	1/2	1/2	1	1619						
82	82	324	324	2.0	0	0	Chord	4/4	1	1	1/2	1/2	1	1620						
82	82	326	326	2.0	1/2	1/2	Chord	4/4	1	1	1/2	1/2	1	1621						
82	82	324	324	2.0	0	0	Chord	4/4	2	1	1/2	1/2	1	1622						
82	82	326	326	2.0	1/2	1/2	Chord	4/4	2	1	1/2	1/2	1	1623						
82	82	324	324	2.0	0	0	Chord	4/4	3	1	1/2	1/2	1	1624						
82	82	326	326	2.0	1/2	1/2	Chord	4/4	3	1	1/2	1/2	1	1625						
82	82	324	324	2.0	0	0	Chord	4/4	4	1	1/2	1/2	1	1626						
82	82	326	326	2.0	1/2	1/2	Chord	4/4	4	1	1/2	1/2	1	1627						
82	82	324	324	2.0	0	0	Chord	4/4	5	1	1/2	1/2	1	1628						
82	82	326	326	2.0	1/2	1/2	Chord	4/4	5	1	1/2	1/2	1	1629						
82	82	324	324	2.0	0	0	Chord	4/4	5	2	1/2	1/2	1	1630						
82	82	326	326	2.0	1/2	1/2	Chord	4/4	5	2	1/2	1/2	1	1631						
82	82	324	324	2.0	0	0	Chord	4/4	5	3	1/2	1/2	1	1632						
82	82	326	326	2.0	1/2	1/2	Chord	4/4	5	3	1/2	1/2	1	1633						
82	82	324	324	2.0	0	0	Chord	4/4	6	1	1/2	1/2	1	1634						
82	82	326	326	2.0	1/2	1/2	Chord	4/4	6	1	1/2	1/2	1	1635						
82	82	324	324	0.0	0	0	FiguredBass	4/4	7	1	0					1/2	6			
82	82	324	324	2.0	0	0	Chord	4/4	7	1	1/2	1/2	1	1636						
82	82	326	326	0.0	1/2	1/2	FiguredBass	4/4	7	1	0					1/2	6			
82	82	326	326	2.0	1/2	1/2	Chord	4/4	7	1	1/2	1/2	1	1637						
82	82	324	324	2.0	0	0	Chord	4/4	8	1	1/2	1/2	1	1638						
82	82	326	326	2.0	1/2	1/2	Chord	4/4	8	1	1/2	1/2	1	1639						
83	83	328	328	2.0	0	0	Chord	4/4	1	1	1/2	1/2	1	1640						
83	83	330	330	2.0	1/2	1/2	Chord	4/4	1	1	1/2	1/2	1	1641	ornamentTremblement					
83	83	328	328	2.0	0	0	Chord	4/4	2	1	1/2	1/2	1	1642						
83	83	330	330	2.0	1/2	1/2	Chord	4/4	2	1	1/2	1/2	1	1643						
83	83	328	328	2.0	0	0	Chord	4/4	3	1	1/2	1/2	1	1644						
83	83	330	330	2.0	1/2	1/2	Chord	4/4	3	1	1/2	1/2	1	1645	ornamentTremblement					
83	83	328	328	2.0	0	0	Chord	4/4	4	1	1/2	1/2	1	1646						
83	83	330	330	2.0	1/2	1/2	Chord	4/4	4	1	1/2	1/2	1	1647						
83	83	328	328	2.0	0	0	Chord	4/4	5	1	1/2	1/2	1	1648						
83	83	330	330	2.0	1/2	1/2	Chord	4/4	5	1	1/2	1/2	1	1649	ornamentTremblement					
83	83	328	328	4.0	0	0	Chord	4/4	5	2	1	1	1	1650						
83	83	328	328	2.0	0	0	Chord	4/4	5	3	1/2	1/2	1	1651						
83	83	330	330	2.0	1/2	1/2	Chord	4/4	5	3	1/2	1/2	1	1652						
83	83	328	328	2.0	0	0	Chord	4/4	6	1	1/2	1/2	1	1653						
83	83	330	330	2.0	1/2	1/2	Chord	4/4	6	1	1/2	1/2	1	1654						
83	83	328	328	0.0	0	0	FiguredBass	4/4	7	1	0					1/2	6	5	h	
83	83	328	328	2.0	0	0	Chord	4/4	7	1	1/2	1/2	1	1655						
83	83	330	330	0.0	1/2	1/2	FiguredBass	4/4	7	1	0					1/2	#			
83	83	330	330	2.0	1/2	1/2	Chord	4/4	7	1	1/2	1/2	1	1656	ornamentTremblement					
83	83	328	328	2.0	0	0	Chord	4/4	8	1	1/2	1/2	1	1657						
83	83	330	330	2.0	1/2	1/2	Chord	4/4	8	1	1/2	1/2	1	1658						
84	84	332	332	2.0	0	0	Chord	4/4	1	1	1/2	1/2	1	1659						
84	84	334	334	2.0	1/2	1/2	Chord	4/4	1	1	1/2	1/2	1	1660						
84	84	332	332	2.0	0	0	Chord	4/4	2	1	1/2	1/2	1	1661						
84	84	334	334	2.0	1/2	1/2	Chord	4/4	2	1	1/2	1/2	1	1662						
84	84	332	332	2.0	0	0	Chord	4/4	3	1	1/2	1/2	1	1663						
84	84	334	334	2.0	1/2	1/2	Chord	4/4	3	1	1/2	1/2	1	1664						
84	84	332	332	2.0	0	0	Chord	4/4	4	1	1/2	1/2	1	1665						
84	84	334	334	2.0	1/2	1/2	Chord	4/4	4	1	1/2	1/2	1	1666						
84	84	332	332	2.0	0	0	Chord	4/4	5	1	1/2	1/2	1	1667						
84	84	334	334	2.0	1/2	1/2	Chord	4/4	5	1	1/2	1/2	1	1668						
84	84	332	332	2.0	0	0	Chord	4/4	5	2	1/2	1/2	1	1669						
84	84	334	334	2.0	1/2	1/2	Chord	4/4	5	2	1/2	1/2	1	1670						
84	84	332	332	2.0	0	0	Chord	4/4	5	3	1/2	1/2	1	1671						
84	84	334	334	2.0	1/2	1/2	Chord	4/4	5	3	1/2	1/2	1	1672						
84	84	332	332	2.0	0	0	Chord	4/4	6	1	1/2	1/2	1	1673						
84	84	334	334	2.0	1/2	1/2	Chord	4/4	6	1	1/2	1/2	1	1674						
84	84	332	332	2.0	0	0	Chord	4/4	7	1	1/2	1/2	1	1675						
84	84	334	334	0.0	1/2	1/2	FiguredBass	4/4	7	1	0					1/2	6			
84	84	334	334	2.0	1/2	1/2	Chord	4/4	7	1	1/2	1/2	1	1676						
84	84	332	332	2.0	0	0	Chord	4/4	8	1	1/2	1/2	1	1677						
84	84	334	334	2.0	1/2	1/2	Chord	4/4	8	1	1/2	1/2	1	1678						
85	85	336	336	2.0	0	0	Chord	4/4	1	1	1/2	1/2	1	1679						
85	85	338	338	2.0	1/2	1/2	Chord	4/4	1	1	1/2	1/2	1	1680						
85	85	336	336	2.0	0	0	Chord	4/4	2	1	1/2	1/2	1	1681						
85	85	338	338	2.0	1/2	1/2	Chord	4/4	2	1	1/2	1/2	1	1682						
85	85	336	336	2.0	0	0	Chord	4/4	3	1	1/2	1/2	1	1683						
85	85	338	338	2.0	1/2	1/2	Chord	4/4	3	1	1/2	1/2	1	1684						
85	85	336	336	2.0	0	0	Chord	4/4	4	1	1/2	1/2	1	1685						
85	85	338	338	2.0	1/2	1/2	Chord	4/4	4	1	1/2	1/2	1	1686						
85	85	336	336	2.0	0	0	Chord	4/4	5	1	1/2	1/2	1	1687						
85	85	338	338	2.0	1/2	1/2	Chord	4/4	5	1	1/2	1/2	1	1688						
85	85	336	336	2.0	0	0	Chord	4/4	5	2	1/2	1/2	1	1689						
85	85	338	338	2.0	1/2	1/2	Chord	4/4	5	2	1/2	1/2	1	1690						
85	85	336	336	2.0	0	0	Chord	4/4	5	3	1/2	1/2	1	1691						
85	85	338	338	2.0	1/2	1/2	Chord	4/4	5	3	1/2	1/2	1	1692						
85	85	336	336	2.0	0	0	Chord	4/4	6	1	1/2	1/2	1	1693						
85	85	338	338	2.0	1/2	1/2	Chord	4/4	6	1	1/2	1/2	1	1694						
85	85	336	336	2.0	0	0	Chord	4/4	7	1	1/2	1/2	1	1695						
85	85	338	338	0.0	1/2	1/2	FiguredBass	4/4	7	1	0					1/2	6			
85	85	338	338	2.0	1/2	1/2	Chord	4/4	7	1	1/2	1/2	1	1696						
85	85	336	336	2.0	0	0	Chord	4/4	8	1	1/2	1/2	1	1697						
85	85	338	338	2.0	1/2	1/2	Chord	4/4	8	1	1/2	1/2	1	1698						
86	86	340	340	2.0	0	0	Chord	4/4	1	1	1/2	1/2	1	1699						
86	86	342	342	2.0	1/2	1/2	Chord	4/4	1	1	1/2	1/2	1	1700						
86	86	340	340	2.0	0	0	Chord	4/4	2	1	1/2	1/2	1	1701						
86	86	342	342	2.0	1/2	1/2	Chord	4/4	2	1	1/2	1/2	1	1702						
86	86	340	340	2.0	0	0	Chord	4/4	3	1	1/2	1/2	1	1703						
86	86	342	342	2.0	1/2	1/2	Chord	4/4	3	1	1/2	1/2	1	1704						
86	86	340	340	2.0	0	0	Chord	4/4	4	1	1/2	1/2	1	1705						
86	86	342	342	2.0	1/2	1/2	Chord	4/4	4	1	1/2	1/2	1	1706						
86	86	340	340	2.0	0	0	Chord	4/4	4	2	1/2	1/2	1	1707						
86	86	342	342	2.0	1/2	1/2	Chord	4/4	4	2	1/2	1/2	1	1708						
86	86	340	340	2.0	0	0	Chord	4/4	5	1	1/2	1/2	1	1709						
86	86	342	342	2.0	1/2	1/2	Chord	4/4	5	1	1/2	1/2	1	1710						
86	86	340	340	2.0	0	0	Chord	4/4	5	2	1/2	1/2	1	1711						
86	86	342	342	2.0	1/2	1/2	Chord	4/4	5	2	1/2	1/2	1	1712						
86	86	340	340	2.0	0	0	Chord	4/4	5	3	1/2	1/2	1	1713						
86	86	342	342	2.0	1/2	1/2	Chord	4/4	5	3	1/2	1/2	1	1714						
86	86	340	340	2.0	0	0	Chord	4/4	6	1	1/2	1/2	1	1715						
86	86	342	342	2.0	1/2	1/2	Chord	4/4	6	1	1/2	1/2	1	1716						
86	86	340	340	0.0	0	0	FiguredBass	4/4	7	1	0					1/2	5			
86	86	340	340	2.0	0	0	Chord	4/4	7	1	1/2	1/2	1	1717						
86	86	342	342	2.0	1/2	1/2	Chord	4/4	7	1	1/2	1/2	1	1718						
86	86	340	340	2.0	0	0	Chord	4/4	8	1	1/2	1/2	1	1719						
86	86	342	342	2.0	1/2	1/2	Chord	4/4	8	1	1/2	1/2	1	1720						
87	87	344	344	2.0	0	0	Chord	4/4	1	1	1/2	1/2	1	1721						
87	87	346	346	1.0	1/2	1/2	Chord	4/4	1	1	1/4	1/4	1	1722						
87	87	347	347	1.0	3/4	3/4	Chord	4/4	1	1	1/4	1/4	1	1723						
87	87	344	344	2.0	0	0	Chord	4/4	2	1	1/2	1/2	1	1724						
87	87	346	346	1.0	1/2	1/2	Chord	4/4	2	1	1/4	1/4	1	1725						
87	87	347	347	1.0	3/4	3/4	Chord	4/4	2	1	1/4	1/4	1	1726						
87	87	344	344	2.0	0	0	Chord	4/4	3	1	1/2	1/2	1	1727						
87	87	346	346	1.0	1/2	1/2	Chord	4/4	3	1	1/4	1/4	1	1728						
87	87	347	347	1.0	3/4	3/4	Chord	4/4	3	1	1/4	1/4	1	1729						
87	87	344	344	2.0	0	0	Chord	4/4	4	1	1/2	1/2	1	1730						
87	87	346	346	1.0	1/2	1/2	Chord	4/4	4	1	1/4	1/4	1	1731						
87	87	347	347	1.0	3/4	3/4	Chord	4/4	4	1	1/4	1/4	1	1732						
87	87	344	344	2.0	0	0	Chord	4/4	5	1	1/2	1/2	1	1733						
87	87	346	346	1.0	1/2	1/2	Chord	4/4	5	1	1/4	1/4	1	1734						
87	87	347	347	1.0	3/4	3/4	Chord	4/4	5	1	1/4	1/4	1	1735						
87	87	344	344	2.0	0	0	Chord	4/4	5	2	1/2	1/2	1	1736						
87	87	346	346	2.0	1/2	1/2	Chord	4/4	5	2	1/2	1/2	1	1737						
87	87	344	344	2.0	0	0	Chord	4/4	5	3	1/2	1/2	1	1738						
87	87	346	346	2.0	1/2	1/2	Chord	4/4	5	3	1/2	1/2	1	1739						
87	87	344	344	2.0	0	0	Chord	4/4	6	1	1/2	1/2	1	1740						
87	87	346	346	2.0	1/2	1/2	Chord	4/4	6	1	1/2	1/2	1	1741						
87	87	344	344	2.0	0	0	Chord	4/4	7	1	1/2	1/2	1	1742						
87	87	346	346	0.0	1/2	1/2	FiguredBass	4/4	7	1	0					1/4	2			
87	87	346	346	1.0	1/2	1/2	Chord	4/4	7	1	1/4	1/4	1	1743						
87	87	347	347	1.0	3/4	3/4	Chord	4/4	7	1	1/4	1/4	1	1744						
87	87	344	344	2.0	0	0	Chord	4/4	8	1	1/2	1/2	1	1745						
87	87	346	346	2.0	1/2	1/2	Chord	4/4	8	1	1/2	1/2	1	1746						
88	88	348	348	4.0	0	0	Chord	4/4	1	1	1	1	1	1747	ornamentTremblement					
88	88	348	348	2.0	0	0	Chord	4/4	2	1	1/2	1/2	1	1748						18
88	88	350	350	2.0	1/2	1/2	Chord	4/4	2	1	1/2	1/2	1	1749						
88	88	348	348	2.0	0	0	Chord	4/4	3	1	1/2	1/2	1	1750						19
88	88	350	350	2.0	1/2	1/2	Chord	4/4	3	1	1/2	1/2	1	1751						
88	88	348	348	2.0	0	0	Chord	4/4	4	1	1/2	1/2	1	1752						20
88	88	350	350	2.0	1/2	1/2	Chord	4/4	4	1	1/2	1/2	1	1753						
88	88	348	348	4.0	0	0	Chord	4/4	5	1	1	1	1	1754						
88	88	348	348	4.0	0	0	Chord	4/4	5	2	1	1	1	1755						
88	88	348	348	2.0	0	0	Chord	4/4	5	3	1/2	1/2	1	1756						
88	88	350	350	2.0	1/2	1/2	Chord	4/4	5	3	1/2	1/2	1	1757						
88	88	348	348	2.0	0	0	Chord	4/4	6	1	1/2	1/2	1	1758						
88	88	350	350	2.0	1/2	1/2	Chord	4/4	6	1	1/2	1/2	1	1759						
88	88	348	348	0.0	0	0	FiguredBass	4/4	7	1	0					1	6			
88	88	348	348	4.0	0	0	Chord	4/4	7	1	1	1	1	1760	ornamentTremblement					
88	88	348	348	2.0	0	0	Chord	4/4	8	1	1/2	1/2	1	1761						
88	88	350	350	2.0	1/2	1/2	Chord	4/4	8	1	1/2	1/2	1	1762						
89	89	352	352	2.0	0	0	Chord	4/4	1	1	1/2	1/2	1	1763						
89	89	354	354	1.0	1/2	1/2	Chord	4/4	1	1	1/4	1/4	1	1764						
89	89	355	355	1.0	3/4	3/4	Chord	4/4	1	1	1/4	1/4	1	1765						
89	89	352	352	2.0	0	0	Chord	4/4	2	1	1/2	1/2	1	1766						
89	89	354	354	1.0	1/2	1/2	Chord	4/4	2	1	1/4	1/4	1	1767						
89	89	355	355	1.0	3/4	3/4	Chord	4/4	2	1	1/4	1/4	1	1768						
89	89	352	352	2.0	0	0	Chord	4/4	3	1	1/2	1/2	1	1769						
89	89	354	354	1.0	1/2	1/2	Chord	4/4	3	1	1/4	1/4	1	1770						
89	89	355	355	1.0	3/4	3/4	Chord	4/4	3	1	1/4	1/4	1	1771						
89	89	352	352	2.0	0	0	Chord	4/4	4	1	1/2	1/2	1	1772						
89	89	354	354	1.0	1/2	1/2	Chord	4/4	4	1	1/4	1/4	1	1773						
89	89	355	355	1.0	3/4	3/4	Chord	4/4	4	1	1/4	1/4	1	1774						
89	89	352	352	2.0	0	0	Chord	4/4	5	1	1/2	1/2	1	1775						
89	89	354	354	1.0	1/2	1/2	Chord	4/4	5	1	1/4	1/4	1	1776						
89	89	355	355	1.0	3/4	3/4	Chord	4/4	5	1	1/4	1/4	1	1777						
89	89	352	352	2.0	0	0	Chord	4/4	5	2	1/2	1/2	1	1778						
89	89	354	354	2.0	1/2	1/2	Chord	4/4	5	2	1/2	1/2	1	1779						
89	89	352	352	2.0	0	0	Chord	4/4	5	3	1/2	1/2	1	1780						
89	89	354	354	2.0	1/2	1/2	Chord	4/4	5	3	1/2	1/2	1	1781						
89	89	352	352	2.0	0	0	Chord	4/4	5	4	1/2	1/2	1	1782						
89	89	352	352	2.0	0	0	Chord	4/4	6	1	1/2	1/2	1	1783						
89	89	354	354	2.0	1/2	1/2	Chord	4/4	6	1	1/2	1/2	1	1784						
89	89	352	352	2.0	0	0	Chord	4/4	7	1	1/2	1/2	1	1785						
89	89	354	354	1.0	1/2	1/2	Chord	4/4	7	1	1/4	1/4	1	1786						
89	89	355	355	1.0	3/4	3/4	Chord	4/4	7	1	1/4	1/4	1	1787						
89	89	352	352	2.0	0	0	Chord	4/4	8	1	1/2	1/2	1	1788						
89	89	354	354	2.0	1/2	1/2	Chord	4/4	8	1	1/2	1/2	1	1789						
90	90	356	356	2.0	0	0	Chord	4/4	1	1	1/2	1/2	1	1790						
90	90	358	358	2.0	1/2	1/2	Chord	4/4	1	1	1/2	1/2	1	1791						
90	90	356	356	2.0	0	0	Chord	4/4	2	1	1/2	1/2	1	1792						
90	90	358	358	2.0	1/2	1/2	Chord	4/4	2	1	1/2	1/2	1	1793						
90	90	356	356	2.0	0	0	Chord	4/4	3	1	1/2	1/2	1	1794						
90	90	358	358	2.0	1/2	1/2	Chord	4/4	3	1	1/2	1/2	1	1795						
90	90	356	356	2.0	0	0	Chord	4/4	4	1	1/2	1/2	1	1796						
90	90	358	358	2.0	1/2	1/2	Chord	4/4	4	1	1/2	1/2	1	1797						
90	90	356	356	2.0	0	0	Chord	4/4	5	1	1/2	1/2	1	1798						
90	90	358	358	2.0	1/2	1/2	Chord	4/4	5	1	1/2	1/2	1	1799						
90	90	356	356	2.0	0	0	Chord	4/4	5	2	1/2	1/2	1	1800						
90	90	358	358	2.0	1/2	1/2	Chord	4/4	5	2	1/2	1/2	1	1801						
90	90	356	356	2.0	0	0	Chord	4/4	5	3	1/2	1/2	1	1802						
90	90	358	358	2.0	1/2	1/2	Chord	4/4	5	3	1/2	1/2	1	1803						
90	90	356	356	2.0	0	0	Chord	4/4	6	1	1/2	1/2	1	1804						
90	90	358	358	2.0	1/2	1/2	Chord	4/4	6	1	1/2	1/2	1	1805						
90	90	356	356	0.0	0	0	FiguredBass	4/4	7	1	0					1/2	4			
90	90	356	356	2.0	0	0	Chord	4/4	7	1	1/2	1/2	1	1806						
90	90	358	358	0.0	1/2	1/2	FiguredBass	4/4	7	1	0					1/2	6			
90	90	358	358	2.0	1/2	1/2	Chord	4/4	7	1	1/2	1/2	1	1807						
90	90	356	356	2.0	0	0	Chord	4/4	8	1	1/2	1/2	1	1808						
90	90	358	358	2.0	1/2	1/2	Chord	4/4	8	1	1/2	1/2	1	1809						
91	91	360	360	2.0	0	0	Chord	4/4	1	1	1/2	1/2	1	1810						
91	91	362	362	2.0	1/2	1/2	Chord	4/4	1	1	1/2	1/2	1	1811	ornamentTremblement					
91	91	360	360	2.0	0	0	Chord	4/4	2	1	1/2	1/2	1	1812						
91	91	362	362	2.0	1/2	1/2	Chord	4/4	2	1	1/2	1/2	1	1813						
91	91	360	360	2.0	0	0	Chord	4/4	3	1	1/2	1/2	1	1814						
91	91	362	362	2.0	1/2	1/2	Chord	4/4	3	1	1/2	1/2	1	1815	ornamentTremblement					
91	91	360	360	2.0	0	0	Chord	4/4	4	1	1/2	1/2	1	1816						
91	91	362	362	2.0	1/2	1/2	Chord	4/4	4	1	1/2	1/2	1	1817						
91	91	360	360	2.0	0	0	Chord	4/4	5	1	1/2	1/2	1	1818						
91	91	362	362	2.0	1/2	1/2	Chord	4/4	5	1	1/2	1/2	1	1819	ornamentTremblement					
91	91	360	360	4.0	0	0	Chord	4/4	5	2	1	1	1	1820						
91	91	360	360	2.0	0	0	Chord	4/4	5	3	1/2	1/2	1	1821						
91	91	362	362	2.0	1/2	1/2	Chord	4/4	5	3	1/2	1/2	1	1822						
91	91	360	360	2.0	0	0	Chord	4/4	6	1	1/2	1/2	1	1823						
91	91	362	362	2.0	1/2	1/2	Chord	4/4	6	1	1/2	1/2	1	1824						
91	91	360	360	0.0	0	0	FiguredBass	4/4	7	1	0					1/2	6	5	h	
91	91	360	360	2.0	0	0	Chord	4/4	7	1	1/2	1/2	1	1825						
91	91	362	362	0.0	1/2	1/2	FiguredBass	4/4	7	1	0					1/2	#			
91	91	362	362	2.0	1/2	1/2	Chord	4/4	7	1	1/2	1/2	1	1826	ornamentTremblement					
91	91	360	360	2.0	0	0	Chord	4/4	8	1	1/2	1/2	1	1827						
91	91	362	362	2.0	1/2	1/2	Chord	4/4	8	1	1/2	1/2	1	1828						
92	92	364	364	2.0	0	0	Chord	4/4	1	1	1/2	1/2	1	1829						
92	92	366	366	2.0	1/2	1/2	Chord	4/4	1	1	1/2	1/2	1	1830						
92	92	364	364	2.0	0	0	Chord	4/4	2	1	1/2	1/2	1	1831						
92	92	366	366	2.0	1/2	1/2	Chord	4/4	2	1	1/2	1/2	1	1832						
92	92	364	364	2.0	0	0	Chord	4/4	3	1	1/2	1/2	1	1833						
92	92	366	366	2.0	1/2	1/2	Chord	4/4	3	1	1/2	1/2	1	1834						
92	92	364	364	2.0	0	0	Chord	4/4	4	1	1/2	1/2	1	1835						
92	92	366	366	2.0	1/2	1/2	Chord	4/4	4	1	1/2	1/2	1	1836						
92	92	364	364	2.0	0	0	Chord	4/4	5	1	1/2	1/2	1	1837						
92	92	366	366	2.0	1/2	1/2	Chord	4/4	5	1	1/2	1/2	1	1838						
92	92	364	364	2.0	0	0	Chord	4/4	5	2	1/2	1/2	1	1839						
92	92	366	366	2.0	1/2	1/2	Chord	4/4	5	2	1/2	1/2	1	1840						
92	92	364	364	2.0	0	0	Chord	4/4	5	3	1/2	1/2	1	1841						
92	92	366	366	2.0	1/2	1/2	Chord	4/4	5	3	1/2	1/2	1	1842						
92	92	364	364	2.0	0	0	Chord	4/4	6	1	1/2	1/2	1	1843						
92	92	366	366	2.0	1/2	1/2	Chord	4/4	6	1	1/2	1/2	1	1844						
92	92	364	364	2.0	0	0	Chord	4/4	7	1	1/2	1/2	1	1845						
92	92	366	366	2.0	1/2	1/2	Chord	4/4	7	1	1/2	1/2	1	1846						
92	92	364	364	2.0	0	0	Chord	4/4	8	1	1/2	1/2	1	1847						
92	92	366	366	2.0	1/2	1/2	Chord	4/4	8	1	1/2	1/2	1	1848						
93	93	368	368	2.0	0	0	Chord	4/4	1	1	1/2	1/2	1	1849						
93	93	370	370	2.0	1/2	1/2	Chord	4/4	1	1	1/2	1/2	1	1850						
93	93	368	368	2.0	0	0	Chord	4/4	2	1	1/2	1/2	1	1851						
93	93	370	370	2.0	1/2	1/2	Chord	4/4	2	1	1/2	1/2	1	1852						
93	93	368	368	2.0	0	0	Chord	4/4	3	1	1/2	1/2	1	1853						
93	93	370	370	2.0	1/2	1/2	Chord	4/4	3	1	1/2	1/2	1	1854						
93	93	368	368	2.0	0	0	Chord	4/4	4	1	1/2	1/2	1	1855						
93	93	370	370	2.0	1/2	1/2	Chord	4/4	4	1	1/2	1/2	1	1856						
93	93	368	368	2.0	0	0	Chord	4/4	5	1	1/2	1/2	1	1857						
93	93	370	370	2.0	1/2	1/2	Chord	4/4	5	1	1/2	1/2	1	1858						
93	93	368	368	2.0	0	0	Chord	4/4	5	2	1/2	1/2	1	1859						
93	93	370	370	2.0	1/2	1/2	Chord	4/4	5	2	1/2	1/2	1	1860						
93	93	368	368	2.0	0	0	Chord	4/4	5	3	1/2	1/2	1	1861						
93	93	370	370	2.0	1/2	1/2	Chord	4/4	5	3	1/2	1/2	1	1862						
93	93	368	368	2.0	0	0	Chord	4/4	6	1	1/2	1/2	1	1863						
93	93	370	370	2.0	1/2	1/2	Chord	4/4	6	1	1/2	1/2	1	1864						
93	93	368	368	0.0	0	0	FiguredBass	4/4	7	1	0					1/2	6			
93	93	368	368	2.0	0	0	Chord	4/4	7	1	1/2	1/2	1	1865						
93	93	370	370	2.0	1/2	1/2	Chord	4/4	7	1	1/2	1/2	1	1866						
93	93	368	368	2.0	0	0	Chord	4/4	8	1	1/2	1/2	1	1867						
93	93	370	370	2.0	1/2	1/2	Chord	4/4	8	1	1/2	1/2	1	1868						
94	94	372	372	2.0	0	0	Chord	4/4	1	1	1/2	1/2	1	1869						
94	94	374	374	2.0	1/2	1/2	Chord	4/4	1	1	1/2	1/2	1	1870	ornamentTremblement					
94	94	372	372	2.0	0	0	Chord	4/4	2	1	1/2	1/2	1	1871						
94	94	374	374	2.0	1/2	1/2	Chord	4/4	2	1	1/2	1/2	1	1872	ornamentTremblement					
94	94	372	372	2.0	0	0	Chord	4/4	3	1	1/2	1/2	1	1873						
94	94	374	374	2.0	1/2	1/2	Chord	4/4	3	1	1/2	1/2	1	1874						
94	94	372	372	2.0	0	0	Chord	4/4	4	1	1/2	1/2	1	1875						
94	94	374	374	2.0	1/2	1/2	Chord	4/4	4	1	1/2	1/2	1	1876						
94	94	372	372	2.0	0	0	Chord	4/4	5	1	1/2	1/2	1	1877						
94	94	374	374	2.0	1/2	1/2	Chord	4/4	5	1	1/2	1/2	1	1878	ornamentTremblement					
94	94	372	372	2.0	0	0	Chord	4/4	5	2	1/2	1/2	1	1879						
94	94	374	374	2.0	1/2	1/2	Chord	4/4	5	2	1/2	1/2	1	1880						
94	94	372	372	2.0	0	0	Chord	4/4	5	3	1/2	1/2	1	1881						
94	94	374	374	2.0	1/2	1/2	Chord	4/4	5	3	1/2	1/2	1	1882						
94	94	372	372	2.0	0	0	Chord	4/4	6	1	1/2	1/2	1	1883						
94	94	374	374	2.0	1/2	1/2	Chord	4/4	6	1	1/2	1/2	1	1884						
94	94	372	372	0.0	0	0	FiguredBass	4/4	7	1	0					1/2	6	5		
94	94	372	372	2.0	0	0	Chord	4/4	7	1	1/2	1/2	1	1885						
94	94	374	374	2.0	1/2	1/2	Chord	4/4	7	1	1/2	1/2	1	1886	ornamentTremblement					
94	94	372	372	2.0	0	0	Chord	4/4	8	1	1/2	1/2	1	1887						
94	94	374	374	2.0	1/2	1/2	Chord	4/4	8	1	1/2	1/2	1	1888						
95	95	376	376	2.0	0	0	Chord	4/4	1	1	1/2	1/2	1	1889						
95	95	378	378	1.0	1/2	1/2	Chord	4/4	1	1	1/4	1/4	1	1890						
95	95	379	379	1.0	3/4	3/4	Chord	4/4	1	1	1/4	1/4	1	1891						
95	95	376	376	2.0	0	0	Chord	4/4	2	1	1/2	1/2	1	1892						
95	95	378	378	1.0	1/2	1/2	Chord	4/4	2	1	1/4	1/4	1	1893						
95	95	379	379	1.0	3/4	3/4	Chord	4/4	2	1	1/4	1/4	1	1894						
95	95	376	376	2.0	0	0	Chord	4/4	3	1	1/2	1/2	1	1895						
95	95	378	378	1.0	1/2	1/2	Chord	4/4	3	1	1/4	1/4	1	1896						
95	95	379	379	1.0	3/4	3/4	Chord	4/4	3	1	1/4	1/4	1	1897						
95	95	376	376	2.0	0	0	Chord	4/4	4	1	1/2	1/2	1	1898						
95	95	378	378	1.0	1/2	1/2	Chord	4/4	4	1	1/4	1/4	1	1899						
95	95	379	379	1.0	3/4	3/4	Chord	4/4	4	1	1/4	1/4	1	1900						
95	95	376	376	2.0	0	0	Chord	4/4	5	1	1/2	1/2	1	1901						
95	95	378	378	1.0	1/2	1/2	Chord	4/4	5	1	1/4	1/4	1	1902						
95	95	379	379	1.0	3/4	3/4	Chord	4/4	5	1	1/4	1/4	1	1903						
95	95	376	376	2.0	0	0	Chord	4/4	5	2	1/2	1/2	1	1904						
95	95	378	378	2.0	1/2	1/2	Chord	4/4	5	2	1/2	1/2	1	1905						
95	95	376	376	2.0	0	0	Chord	4/4	5	3	1/2	1/2	1	1906						
95	95	378	378	2.0	1/2	1/2	Chord	4/4	5	3	1/2	1/2	1	1907						
95	95	376	376	2.0	0	0	Chord	4/4	6	1	1/2	1/2	1	1908						
95	95	378	378	2.0	1/2	1/2	Chord	4/4	6	1	1/2	1/2	1	1909						
95	95	376	376	2.0	0	0	Chord	4/4	7	1	1/2	1/2	1	1910						
95	95	378	378	1.0	1/2	1/2	Chord	4/4	7	1	1/4	1/4	1	1911						
95	95	379	379	1.0	3/4	3/4	Chord	4/4	7	1	1/4	1/4	1	1912						
95	95	376	376	2.0	0	0	Chord	4/4	8	1	1/2	1/2	1	1913						
95	95	378	378	2.0	1/2	1/2	Chord	4/4	8	1	1/2	1/2	1	1914						
96	96	380	380	2.0	0	0	Chord	4/4	1	1	1/2	1/2	1	1915						
96	96	382	382	2.0	1/2	1/2	Chord	4/4	1	1	1/2	1/2	1	1916						
96	96	380	380	2.0	0	0	Chord	4/4	2	1	1/2	1/2	1	1917						
96	96	382	382	2.0	1/2	1/2	Chord	4/4	2	1	1/2	1/2	1	1918						
96	96	380	380	2.0	0	0	Chord	4/4	3	1	1/2	1/2	1	1919						
96	96	382	382	2.0	1/2	1/2	Chord	4/4	3	1	1/2	1/2	1	1920						
96	96	380	380	2.0	0	0	Chord	4/4	4	1	1/2	1/2	1	1921						
96	96	382	382	2.0	1/2	1/2	Chord	4/4	4	1	1/2	1/2	1	1922						
96	96	380	380	2.0	0	0	Chord	4/4	5	1	1/2	1/2	1	1923						
96	96	382	382	2.0	1/2	1/2	Chord	4/4	5	1	1/2	1/2	1	1924						
96	96	380	380	2.0	0	0	Chord	4/4	5	2	1/2	1/2	1	1925						
96	96	382	382	2.0	1/2	1/2	Chord	4/4	5	2	1/2	1/2	1	1926						
96	96	380	380	2.0	0	0	Chord	4/4	5	3	1/2	1/2	1	1927						
96	96	382	382	2.0	1/2	1/2	Chord	4/4	5	3	1/2	1/2	1	1928						
96	96	380	380	2.0	0	0	Chord	4/4	6	1	1/2	1/2	1	1929						
96	96	382	382	2.0	1/2	1/2	Chord	4/4	6	1	1/2	1/2	1	1930						
96	96	380	380	0.0	0	0	FiguredBass	4/4	7	1	0					1/2	6	5		
96	96	380	380	2.0	0	0	Chord	4/4	7	1	1/2	1/2	1	1931						
96	96	382	382	2.0	1/2	1/2	Chord	4/4	7	1	1/2	1/2	1	1932						
96	96	380	380	2.0	0	0	Chord	4/4	8	1	1/2	1/2	1	1933						
96	96	382	382	2.0	1/2	1/2	Chord	4/4	8	1	1/2	1/2	1	1934						
97	97	384	384	2.0	0	0	Chord	4/4	1	1	1/2	1/2	1	1935						
97	97	386	386	2.0	1/2	1/2	Chord	4/4	1	1	1/2	1/2	1	1936	ornamentTremblement					
97	97	384	384	2.0	0	0	Chord	4/4	2	1	1/2	1/2	1	1937						
97	97	386	386	2.0	1/2	1/2	Chord	4/4	2	1	1/2	1/2	1	1938						
97	97	384	384	2.0	0	0	Chord	4/4	3	1	1/2	1/2	1	1939						
97	97	386	386	2.0	1/2	1/2	Chord	4/4	3	1	1/2	1/2	1	1940	ornamentTremblement					
97	97	384	384	2.0	0	0	Chord	4/4	4	1	1/2	1/2	1	1941						
97	97	386	386	2.0	1/2	1/2	Chord	4/4	4	1	1/2	1/2	1	1942						
97	97	384	384	2.0	0	0	Chord	4/4	5	1	1/2	1/2	1	1943						
97	97	386	386	2.0	1/2	1/2	Chord	4/4	5	1	1/2	1/2	1	1944	ornamentTremblement					
97	97	384	384	2.0	0	0	Chord	4/4	5	2	1/2	1/2	1	1945						
97	97	386	386	2.0	1/2	1/2	Chord	4/4	5	2	1/2	1/2	1	1946						
97	97	384	384	4.0	0	0	Chord	4/4	5	3	1	1	1	1947						
97	97	384	384	4.0	0	0	Chord	4/4	6	1	1	1	1	1948						
97	97	384	384	0.0	0	0	FiguredBass	4/4	7	1	0					1/2	6	4		
97	97	384	384	2.0	0	0	Chord	4/4	7	1	1/2	1/2	1	1949						
97	97	386	386	0.0	1/2	1/2	FiguredBass	4/4	7	1	0					1/2	5	#		
97	97	386	386	2.0	1/2	1/2	Chord	4/4	7	1	1/2	1/2	1	1950	ornamentTremblement					
97	97	384	384	4.0	0	0	Chord	4/4	8	1	1	1	1	1951						
98	98	388	388	2.0	0	0	Chord	4/4	1	1	1/2	1/2	1	1952						
98	98	390	390	2.0	1/2	1/2	Chord	4/4	1	1	1/2	1/2	1	1953						
98	98	388	388	2.0	0	0	Chord	4/4	2	1	1/2	1/2	1	1954						
98	98	390	390	2.0	1/2	1/2	Chord	4/4	2	1	1/2	1/2	1	1955						
98	98	388	388	2.0	0	0	Chord	4/4	3	1	1/2	1/2	1	1956						
98	98	390	390	2.0	1/2	1/2	Chord	4/4	3	1	1/2	1/2	1	1957						
98	98	388	388	2.0	0	0	Chord	4/4	4	1	1/2	1/2	1	1958						
98	98	390	390	2.0	1/2	1/2	Chord	4/4	4	1	1/2	1/2	1	1959						
98	98	388	388	2.0	0	0	Chord	4/4	5	1	1/2	1/2	1	1960						
98	98	390	390	2.0	1/2	1/2	Chord	4/4	5	1	1/2	1/2	1	1961						
98	98	388	388	2.0	0	0	Chord	4/4	5	2	1/2	1/2	1	1962						
98	98	390	390	2.0	1/2	1/2	Chord	4/4	5	2	1/2	1/2	1	1963						
98	98	388	388	2.0	0	0	Chord	4/4	5	3	1/2	1/2	1	1964						
98	98	390	390	2.0	1/2	1/2	Chord	4/4	5	3	1/2	1/2	1	1965						
98	98	388	388	2.0	0	0	Chord	4/4	6	1	1/2	1/2	1	1966						
98	98	390	390	2.0	1/2	1/2	Chord	4/4	6	1	1/2	1/2	1	1967						
98	98	388	388	2.0	0	0	Chord	4/4	7	1	1/2	1/2	1	1968						
98	98	390	390	0.0	1/2	1/2	FiguredBass	4/4	7	1	0					1/2	6			
98	98	390	390	2.0	1/2	1/2	Chord	4/4	7	1	1/2	1/2	1	1969						
98	98	388	388	2.0	0	0	Chord	4/4	8	1	1/2	1/2	1	1970						
98	98	390	390	2.0	1/2	1/2	Chord	4/4	8	1	1/2	1/2	1	1971						
99	99	392	392	2.0	0	0	Chord	4/4	1	1	1/2	1/2	1	1972						
99	99	394	394	1.0	1/2	1/2	Chord	4/4	1	1	1/4	1/4	1	1973						
99	99	395	395	1.0	3/4	3/4	Chord	4/4	1	1	1/4	1/4	1	1974						
99	99	392	392	2.0	0	0	Chord	4/4	2	1	1/2	1/2	1	1975						
99	99	394	394	1.0	1/2	1/2	Chord	4/4	2	1	1/4	1/4	1	1976						
99	99	395	395	1.0	3/4	3/4	Chord	4/4	2	1	1/4	1/4	1	1977						
99	99	392	392	2.0	0	0	Chord	4/4	3	1	1/2	1/2	1	1978						
99	99	394	394	1.0	1/2	1/2	Chord	4/4	3	1	1/4	1/4	1	1979						
99	99	395	395	1.0	3/4	3/4	Chord	4/4	3	1	1/4	1/4	1	1980						
99	99	392	392	2.0	0	0	Chord	4/4	4	1	1/2	1/2	1	1981						
99	99	394	394	1.0	1/2	1/2	Chord	4/4	4	1	1/4	1/4	1	1982						
99	99	395	395	1.0	3/4	3/4	Chord	4/4	4	1	1/4	1/4	1	1983						
99	99	392	392	2.0	0	0	Chord	4/4	5	1	1/2	1/2	1	1984						
99	99	394	394	1.0	1/2	1/2	Chord	4/4	5	1	1/4	1/4	1	1985						
99	99	395	395	1.0	3/4	3/4	Chord	4/4	5	1	1/4	1/4	1	1986						
99	99	392	392	2.0	0	0	Chord	4/4	5	2	1/2	1/2	1	1987						
99	99	394	394	2.0	1/2	1/2	Chord	4/4	5	2	1/2	1/2	1	1988						
99	99	392	392	2.0	0	0	Chord	4/4	5	3	1/2	1/2	1	1989						
99	99	394	394	2.0	1/2	1/2	Chord	4/4	5	3	1/2	1/2	1	1990						
99	99	392	392	2.0	0	0	Chord	4/4	6	1	1/2	1/2	1	1991						
99	99	394	394	2.0	1/2	1/2	Chord	4/4	6	1	1/2	1/2	1	1992						
99	99	392	392	2.0	0	0	Chord	4/4	7	1	1/2	1/2	1	1993						
99	99	394	394	0.0	1/2	1/2	FiguredBass	4/4	7	1	0					1/4	6			
99	99	394	394	1.0	1/2	1/2	Chord	4/4	7	1	1/4	1/4	1	1994						
99	99	395	395	1.0	3/4	3/4	Chord	4/4	7	1	1/4	1/4	1	1995						
99	99	392	392	2.0	0	0	Chord	4/4	8	1	1/2	1/2	1	1996						
99	99	394	394	2.0	1/2	1/2	Chord	4/4	8	1	1/2	1/2	1	1997						
100	100	396	396	4.0	0	0	Chord	4/4	1	1	1	1	1	1998	ornamentTremblement					
100	100	396	396	2.0	0	0	Chord	4/4	2	1	1/2	1/2	1	1999						21
100	100	398	398	2.0	1/2	1/2	Chord	4/4	2	1	1/2	1/2	1	2000	ornamentTremblement					
100	100	396	396	2.0	0	0	Chord	4/4	3	1	1/2	1/2	1	2001						22
100	100	398	398	2.0	1/2	1/2	Chord	4/4	3	1	1/2	1/2	1	2002						
100	100	396	396	2.0	0	0	Chord	4/4	4	1	1/2	1/2	1	2003						23
100	100	398	398	2.0	1/2	1/2	Chord	4/4	4	1	1/2	1/2	1	2004						
100	100	396	396	4.0	0	0	Chord	4/4	5	1	1	1	1	2005	ornamentTremblement					
100	100	396	396	2.0	0	0	Chord	4/4	5	2	1/2	1/2	1	2006						
100	100	398	398	2.0	1/2	1/2	Chord	4/4	5	2	1/2	1/2	1	2007						
100	100	396	396	2.0	0	0	Chord	4/4	5	3	1/2	1/2	1	2008						
100	100	398	398	2.0	1/2	1/2	Chord	4/4	5	3	1/2	1/2	1	2009						
100	100	396	396	2.0	0	0	Chord	4/4	6	1	1/2	1/2	1	2010						
100	100	398	398	2.0	1/2	1/2	Chord	4/4	6	1	1/2	1/2	1	2011						
100	100	396	396	0.0	0	0	FiguredBass	4/4	7	1	0					1	7			
100	100	396	396	4.0	0	0	Chord	4/4	7	1	1	1	1	2012	ornamentTremblement					
100	100	396	396	2.0	0	0	Chord	4/4	8	1	1/2	1/2	1	2013						
100	100	398	398	2.0	1/2	1/2	Chord	4/4	8	1	1/2	1/2	1	2014						
101	101	400	400	2.0	0	0	Chord	4/4	1	1	1/2	1/2	1	2015						
101	101	402	402	1.0	1/2	1/2	Chord	4/4	1	1	1/4	1/4	1	2016						
101	101	403	403	1.0	3/4	3/4	Chord	4/4	1	1	1/4	1/4	1	2017						
101	101	400	400	2.0	0	0	Chord	4/4	2	1	1/2	1/2	1	2018						
101	101	402	402	1.0	1/2	1/2	Chord	4/4	2	1	1/4	1/4	1	2019						
101	101	403	403	1.0	3/4	3/4	Chord	4/4	2	1	1/4	1/4	1	2020						
101	101	400	400	2.0	0	0	Chord	4/4	3	1	1/2	1/2	1	2021						
101	101	402	402	1.0	1/2	1/2	Chord	4/4	3	1	1/4	1/4	1	2022						
101	101	403	403	1.0	3/4	3/4	Chord	4/4	3	1	1/4	1/4	1	2023						
101	101	400	400	2.0	0	0	Chord	4/4	4	1	1/2	1/2	1	2024						
101	101	402	402	1.0	1/2	1/2	Chord	4/4	4	1	1/4	1/4	1	2025						
101	101	403	403	1.0	3/4	3/4	Chord	4/4	4	1	1/4	1/4	1	2026						
101	101	400	400	2.0	0	0	Chord	4/4	5	1	1/2	1/2	1	2027						
101	101	402	402	1.0	1/2	1/2	Chord	4/4	5	1	1/4	1/4	1	2028						
101	101	403	403	1.0	3/4	3/4	Chord	4/4	5	1	1/4	1/4	1	2029						
101	101	400	400	2.0	0	0	Chord	4/4	5	2	1/2	1/2	1	2030						
101	101	402	402	2.0	1/2	1/2	Chord	4/4	5	2	1/2	1/2	1	2031						
101	101	400	400	2.0	0	0	Chord	4/4	5	3	1/2	1/2	1	2032						
101	101	402	402	2.0	1/2	1/2	Chord	4/4	5	3	1/2	1/2	1	2033						
101	101	400	400	2.0	0	0	Chord	4/4	6	1	1/2	1/2	1	2034						
101	101	402	402	2.0	1/2	1/2	Chord	4/4	6	1	1/2	1/2	1	2035						
101	101	400	400	2.0	0	0	Chord	4/4	7	1	1/2	1/2	1	2036						
101	101	402	402	1.0	1/2	1/2	Chord	4/4	7	1	1/4	1/4	1	2037						
101	101	403	403	1.0	3/4	3/4	Chord	4/4	7	1	1/4	1/4	1	2038						
101	101	400	400	2.0	0	0	Chord	4/4	8	1	1/2	1/2	1	2039						
101	101	402	402	2.0	1/2	1/2	Chord	4/4	8	1	1/2	1/2	1	2040						
102	102	404	404	2.0	0	0	Chord	4/4	1	1	1/2	1/2	1	2041						
102	102	406	406	2.0	1/2	1/2	Chord	4/4	1	1	1/2	1/2	1	2042						
102	102	404	404	2.0	0	0	Chord	4/4	2	1	1/2	1/2	1	2043						
102	102	406	406	2.0	1/2	1/2	Chord	4/4	2	1	1/2	1/2	1	2044						
102	102	404	404	1.0	0	0	Chord	4/4	3	1	1/4	1/4	1	2045						24
102	102	405	405	1.0	1/4	1/4	Chord	4/4	3	1	1/4	1/4	1	2046						
102	102	406	406	2.0	1/2	1/2	Chord	4/4	3	1	1/2	1/2	1	2047						
102	102	404	404	2.0	0	0	Chord	4/4	4	1	1/2	1/2	1	2048						
102	102	406	406	2.0	1/2	1/2	Chord	4/4	4	1	1/2	1/2	1	2049						
102	102	404	404	2.0	0	0	Chord	4/4	5	1	1/2	1/2	1	2050						
102	102	406	406	2.0	1/2	1/2	Chord	4/4	5	1	1/2	1/2	1	2051						
102	102	404	404	1.0	0	0	Chord	4/4	5	2	1/4	1/4	1	2052						
102	102	405	405	1.0	1/4	1/4	Chord	4/4	5	2	1/4	1/4	1	2053						
102	102	406	406	2.0	1/2	1/2	Chord	4/4	5	2	1/2	1/2	1	2054						
102	102	404	404	2.0	0	0	Chord	4/4	5	3	1/2	1/2	1	2055						
102	102	406	406	2.0	1/2	1/2	Chord	4/4	5	3	1/2	1/2	1	2056						
102	102	404	404	2.0	0	0	Chord	4/4	6	1	1/2	1/2	1	2057						
102	102	406	406	2.0	1/2	1/2	Chord	4/4	6	1	1/2	1/2	1	2058						
102	102	404	404	0.0	0	0	FiguredBass	4/4	7	1	0					1/2	8	#		
102	102	404	404	2.0	0	0	Chord	4/4	7	1	1/2	1/2	1	2059						
102	102	406	406	0.0	1/2	1/2	FiguredBass	4/4	7	1	0					1/2	7			
102	102	406	406	2.0	1/2	1/2	Chord	4/4	7	1	1/2	1/2	1	2060						
102	102	408	408	0.0	1	1	FiguredBass	4/4	7	1	0					1/2	7			
102	102	404	404	2.0	0	0	Chord	4/4	8	1	1/2	1/2	1	2061						
102	102	406	406	2.0	1/2	1/2	Chord	4/4	8	1	1/2	1/2	1	2062						
103	103	408	408	2.0	0	0	Chord	4/4	1	1	1/2	1/2	1	2063						
103	103	410	410	2.0	1/2	1/2	Chord	4/4	1	1	1/2	1/2	1	2064	ornamentTremblement					
103	103	408	408	2.0	0	0	Chord	4/4	2	1	1/2	1/2	1	2065						
103	103	410	410	2.0	1/2	1/2	Chord	4/4	2	1	1/2	1/2	1	2066						
103	103	408	408	2.0	0	0	Chord	4/4	3	1	1/2	1/2	1	2067						
103	103	410	410	2.0	1/2	1/2	Chord	4/4	3	1	1/2	1/2	1	2068	ornamentTremblement					
103	103	408	408	2.0	0	0	Chord	4/4	4	1	1/2	1/2	1	2069						
103	103	410	410	2.0	1/2	1/2	Chord	4/4	4	1	1/2	1/2	1	2070						
103	103	408	408	2.0	0	0	Chord	4/4	5	1	1/2	1/2	1	2071						
103	103	410	410	2.0	1/2	1/2	Chord	4/4	5	1	1/2	1/2	1	2072	ornamentTremblement					
103	103	408	408	4.0	0	0	Chord	4/4	5	2	1	1	1	2073						
103	103	408	408	2.0	0	0	Chord	4/4	5	3	1/2	1/2	1	2074						
103	103	410	410	2.0	1/2	1/2	Chord	4/4	5	3	1/2	1/2	1	2075						
103	103	408	408	2.0	0	0	Chord	4/4	6	1	1/2	1/2	1	2076						
103	103	410	410	2.0	1/2	1/2	Chord	4/4	6	1	1/2	1/2	1	2077						
103	103	408	408	0.0	0	0	FiguredBass	4/4	7	1	0					1/2	6	5	h	
103	103	408	408	2.0	0	0	Chord	4/4	7	1	1/2	1/2	1	2078						
103	103	410	410	0.0	1/2	1/2	FiguredBass	4/4	7	1	0					1/2	#			
103	103	410	410	2.0	1/2	1/2	Chord	4/4	7	1	1/2	1/2	1	2079	ornamentTremblement					
103	103	408	408	2.0	0	0	Chord	4/4	8	1	1/2	1/2	1	2080						
103	103	410	410	2.0	1/2	1/2	Chord	4/4	8	1	1/2	1/2	1	2081						
104	104	412	412	2.0	0	0	Chord	4/4	1	1	1/2	1/2	1	2082						
104	104	414	414	1.0	1/2	1/2	Chord	4/4	1	1	1/4	1/4	1	2083						
104	104	415	415	1.0	3/4	3/4	Chord	4/4	1	1	1/4	1/4	1	2084						
104	104	412	412	2.0	0	0	Chord	4/4	2	1	1/2	1/2	1	2085						
104	104	414	414	1.0	1/2	1/2	Chord	4/4	2	1	1/4	1/4	1	2086						
104	104	415	415	1.0	3/4	3/4	Chord	4/4	2	1	1/4	1/4	1	2087						
104	104	412	412	2.0	0	0	Chord	4/4	3	1	1/2	1/2	1	2088						
104	104	414	414	1.0	1/2	1/2	Chord	4/4	3	1	1/4	1/4	1	2089						
104	104	415	415	1.0	3/4	3/4	Chord	4/4	3	1	1/4	1/4	1	2090						
104	104	412	412	2.0	0	0	Chord	4/4	4	1	1/2	1/2	1	2091						
104	104	414	414	1.0	1/2	1/2	Chord	4/4	4	1	1/4	1/4	1	2092						
104	104	415	415	1.0	3/4	3/4	Chord	4/4	4	1	1/4	1/4	1	2093						
104	104	412	412	2.0	0	0	Chord	4/4	5	1	1/2	1/2	1	2094						
104	104	414	414	1.0	1/2	1/2	Chord	4/4	5	1	1/4	1/4	1	2095						
104	104	415	415	1.0	3/4	3/4	Chord	4/4	5	1	1/4	1/4	1	2096						
104	104	412	412	2.0	0	0	Chord	4/4	5	2	1/2	1/2	1	2097						
104	104	414	414	2.0	1/2	1/2	Chord	4/4	5	2	1/2	1/2	1	2098						
104	104	412	412	2.0	0	0	Chord	4/4	5	3	1/2	1/2	1	2099						
104	104	414	414	2.0	1/2	1/2	Chord	4/4	5	3	1/2	1/2	1	2100						
104	104	412	412	2.0	0	0	Chord	4/4	6	1	1/2	1/2	1	2101						
104	104	414	414	2.0	1/2	1/2	Chord	4/4	6	1	1/2	1/2	1	2102						
104	104	412	412	2.0	0	0	Chord	4/4	7	1	1/2	1/2	1	2103						
104	104	414	414	1.0	1/2	1/2	Chord	4/4	7	1	1/4	1/4	1	2104						
104	104	415	415	1.0	3/4	3/4	Chord	4/4	7	1	1/4	1/4	1	2105						
104	104	412	412	2.0	0	0	Chord	4/4	8	1	1/2	1/2	1	2106						
104	104	414	414	2.0	1/2	1/2	Chord	4/4	8	1	1/2	1/2	1	2107						
105	105	416	416	2.0	0	0	Chord	4/4	1	1	1/2	1/2	1	2108						
105	105	418	418	1.0	1/2	1/2	Chord	4/4	1	1	1/4	1/4	1	2109						
105	105	419	419	1.0	3/4	3/4	Chord	4/4	1	1	1/4	1/4	1	2110						
105	105	416	416	2.0	0	0	Chord	4/4	2	1	1/2	1/2	1	2111						
105	105	418	418	1.0	1/2	1/2	Chord	4/4	2	1	1/4	1/4	1	2112						
105	105	419	419	1.0	3/4	3/4	Chord	4/4	2	1	1/4	1/4	1	2113						
105	105	416	416	2.0	0	0	Chord	4/4	3	1	1/2	1/2	1	2114						
105	105	418	418	1.0	1/2	1/2	Chord	4/4	3	1	1/4	1/4	1	2115						
105	105	419	419	1.0	3/4	3/4	Chord	4/4	3	1	1/4	1/4	1	2116						
105	105	416	416	2.0	0	0	Chord	4/4	4	1	1/2	1/2	1	2117						
105	105	418	418	1.0	1/2	1/2	Chord	4/4	4	1	1/4	1/4	1	2118						
105	105	419	419	1.0	3/4	3/4	Chord	4/4	4	1	1/4	1/4	1	2119						
105	105	416	416	2.0	0	0	Chord	4/4	5	1	1/2	1/2	1	2120						
105	105	418	418	1.0	1/2	1/2	Chord	4/4	5	1	1/4	1/4	1	2121						
105	105	419	419	1.0	3/4	3/4	Chord	4/4	5	1	1/4	1/4	1	2122						
105	105	416	416	2.0	0	0	Chord	4/4	5	2	1/2	1/2	1	2123						
105	105	418	418	2.0	1/2	1/2	Chord	4/4	5	2	1/2	1/2	1	2124						
105	105	416	416	2.0	0	0	Chord	4/4	5	3	1/2	1/2	1	2125						
105	105	418	418	2.0	1/2	1/2	Chord	4/4	5	3	1/2	1/2	1	2126						
105	105	416	416	2.0	0	0	Chord	4/4	6	1	1/2	1/2	1	2127						
105	105	418	418	2.0	1/2	1/2	Chord	4/4	6	1	1/2	1/2	1	2128						
105	105	416	416	2.0	0	0	Chord	4/4	7	1	1/2	1/2	1	2129						
105	105	418	418	0.0	1/2	1/2	FiguredBass	4/4	7	1	0					1/4	6			
105	105	418	418	1.0	1/2	1/2	Chord	4/4	7	1	1/4	1/4	1	2130						
105	105	419	419	1.0	3/4	3/4	Chord	4/4	7	1	1/4	1/4	1	2131						
105	105	416	416	2.0	0	0	Chord	4/4	8	1	1/2	1/2	1	2132						
105	105	418	418	2.0	1/2	1/2	Chord	4/4	8	1	1/2	1/2	1	2133						
106	106	420	420	4.0	0	0	Chord	4/4	1	1	1	1	1	2134	ornamentTremblement					
106	106	420	420	2.0	0	0	Chord	4/4	2	1	1/2	1/2	1	2135						25
106	106	422	422	2.0	1/2	1/2	Chord	4/4	2	1	1/2	1/2	1	2136	ornamentTremblement					
106	106	420	420	2.0	0	0	Chord	4/4	3	1	1/2	1/2	1	2137						26
106	106	422	422	2.0	1/2	1/2	Chord	4/4	3	1	1/2	1/2	1	2138						
106	106	420	420	2.0	0	0	Chord	4/4	4	1	1/2	1/2	1	2139						27
106	106	422	422	2.0	1/2	1/2	Chord	4/4	4	1	1/2	1/2	1	2140						
106	106	420	420	4.0	0	0	Chord	4/4	5	1	1	1	1	2141	ornamentTremblement					
106	106	420	420	2.0	0	0	Chord	4/4	5	2	1/2	1/2	1	2142						
106	106	422	422	2.0	1/2	1/2	Chord	4/4	5	2	1/2	1/2	1	2143						
106	106	420	420	2.0	0	0	Chord	4/4	5	3	1/2	1/2	1	2144						
106	106	422	422	2.0	1/2	1/2	Chord	4/4	5	3	1/2	1/2	1	2145						
106	106	420	420	2.0	0	0	Chord	4/4	6	1	1/2	1/2	1	2146						
106	106	422	422	2.0	1/2	1/2	Chord	4/4	6	1	1/2	1/2	1	2147						
106	106	420	420	0.0	0	0	FiguredBass	4/4	7	1	0					1	6	5		
106	106	420	420	4.0	0	0	Chord	4/4	7	1	1	1	1	2148	ornamentTremblement					
106	106	420	420	2.0	0	0	Chord	4/4	8	1	1/2	1/2	1	2149						
106	106	422	422	2.0	1/2	1/2	Chord	4/4	8	1	1/2	1/2	1	2150						
107	107	424	424	2.0	0	0	Chord	4/4	1	1	1/2	1/2	1	2151						
107	107	426	426	1.0	1/2	1/2	Chord	4/4	1	1	1/4	1/4	1	2152						
107	107	427	427	1.0	3/4	3/4	Chord	4/4	1	1	1/4	1/4	1	2153						
107	107	424	424	2.0	0	0	Chord	4/4	2	1	1/2	1/2	1	2154						
107	107	426	426	1.0	1/2	1/2	Chord	4/4	2	1	1/4	1/4	1	2155						
107	107	427	427	1.0	3/4	3/4	Chord	4/4	2	1	1/4	1/4	1	2156						
107	107	424	424	2.0	0	0	Chord	4/4	3	1	1/2	1/2	1	2157						
107	107	426	426	1.0	1/2	1/2	Chord	4/4	3	1	1/4	1/4	1	2158						
107	107	427	427	1.0	3/4	3/4	Chord	4/4	3	1	1/4	1/4	1	2159						
107	107	424	424	2.0	0	0	Chord	4/4	4	1	1/2	1/2	1	2160						
107	107	426	426	1.0	1/2	1/2	Chord	4/4	4	1	1/4	1/4	1	2161						
107	107	427	427	1.0	3/4	3/4	Chord	4/4	4	1	1/4	1/4	1	2162						
107	107	424	424	2.0	0	0	Chord	4/4	5	1	1/2	1/2	1	2163						
107	107	426	426	1.0	1/2	1/2	Chord	4/4	5	1	1/4	1/4	1	2164						
107	107	427	427	1.0	3/4	3/4	Chord	4/4	5	1	1/4	1/4	1	2165						
107	107	424	424	2.0	0	0	Chord	4/4	5	2	1/2	1/2	1	2166						
107	107	426	426	2.0	1/2	1/2	Chord	4/4	5	2	1/2	1/2	1	2167						
107	107	424	424	2.0	0	0	Chord	4/4	5	3	1/2	1/2	1	2168						
107	107	426	426	2.0	1/2	1/2	Chord	4/4	5	3	1/2	1/2	1	2169						
107	107	424	424	2.0	0	0	Chord	4/4	6	1	1/2	1/2	1	2170						
107	107	426	426	2.0	1/2	1/2	Chord	4/4	6	1	1/2	1/2	1	2171						
107	107	424	424	2.0	0	0	Chord	4/4	7	1	1/2	1/2	1	2172						
107	107	426	426	1.0	1/2	1/2	Chord	4/4	7	1	1/4	1/4	1	2173						
107	107	427	427	1.0	3/4	3/4	Chord	4/4	7	1	1/4	1/4	1	2174						
107	107	424	424	2.0	0	0	Chord	4/4	8	1	1/2	1/2	1	2175						
107	107	426	426	2.0	1/2	1/2	Chord	4/4	8	1	1/2	1/2	1	2176						
108	108	428	428	2.0	0	0	Chord	4/4	1	1	1/2	1/2	1	2177						
108	108	430	430	2.0	1/2	1/2	Chord	4/4	1	1	1/2	1/2	1	2178						
108	108	428	428	2.0	0	0	Chord	4/4	2	1	1/2	1/2	1	2179						
108	108	430	430	2.0	1/2	1/2	Chord	4/4	2	1	1/2	1/2	1	2180						
108	108	428	428	2.0	0	0	Chord	4/4	3	1	1/2	1/2	1	2181						
108	108	430	430	2.0	1/2	1/2	Chord	4/4	3	1	1/2	1/2	1	2182						
108	108	428	428	2.0	0	0	Chord	4/4	4	1	1/2	1/2	1	2183						
108	108	430	430	2.0	1/2	1/2	Chord	4/4	4	1	1/2	1/2	1	2184						
108	108	428	428	2.0	0	0	Chord	4/4	5	1	1/2	1/2	1	2185						
108	108	430	430	2.0	1/2	1/2	Chord	4/4	5	1	1/2	1/2	1	2186						
108	108	428	428	2.0	0	0	Chord	4/4	5	2	1/2	1/2	1	2187						
108	108	430	430	2.0	1/2	1/2	Chord	4/4	5	2	1/2	1/2	1	2188						
108	108	428	428	2.0	0	0	Chord	4/4	5	3	1/2	1/2	1	2189						
108	108	430	430	2.0	1/2	1/2	Chord	4/4	5	3	1/2	1/2	1	2190						
108	108	428	428	2.0	0	0	Chord	4/4	6	1	1/2	1/2	1	2191						
108	108	430	430	2.0	1/2	1/2	Chord	4/4	6	1	1/2	1/2	1	2192						
108	108	428	428	0.0	0	0	FiguredBass	4/4	7	1	0					1/2	6			
108	108	428	428	2.0	0	0	Chord	4/4	7	1	1/2	1/2	1	2193						
108	108	430	430	0.0	1/2	1/2	FiguredBass	4/4	7	1	0					1/2	6			
108	108	430	430	2.0	1/2	1/2	Chord	4/4	7	1	1/2	1/2	1	2194						
108	108	428	428	2.0	0	0	Chord	4/4	8	1	1/2	1/2	1	2195						
108	108	430	430	2.0	1/2	1/2	Chord	4/4	8	1	1/2	1/2	1	2196						
109	109	432	432	2.0	0	0	Chord	4/4	1	1	1/2	1/2	1	2197						
109	109	434	434	2.0	1/2	1/2	Chord	4/4	1	1	1/2	1/2	1	2198	ornamentTremblement					
109	109	432	432	2.0	0	0	Chord	4/4	2	1	1/2	1/2	1	2199						
109	109	434	434	2.0	1/2	1/2	Chord	4/4	2	1	1/2	1/2	1	2200						
109	109	432	432	2.0	0	0	Chord	4/4	3	1	1/2	1/2	1	2201						
109	109	434	434	2.0	1/2	1/2	Chord	4/4	3	1	1/2	1/2	1	2202	ornamentTremblement					
109	109	432	432	2.0	0	0	Chord	4/4	4	1	1/2	1/2	1	2203						
109	109	434	434	2.0	1/2	1/2	Chord	4/4	4	1	1/2	1/2	1	2204						
109	109	432	432	2.0	0	0	Chord	4/4	5	1	1/2	1/2	1	2205						
109	109	434	434	2.0	1/2	1/2	Chord	4/4	5	1	1/2	1/2	1	2206	ornamentTremblement					
109	109	432	432	4.0	0	0	Chord	4/4	5	2	1	1	1	2207						
109	109	432	432	2.0	0	0	Chord	4/4	5	3	1/2	1/2	1	2208						
109	109	434	434	2.0	1/2	1/2	Chord	4/4	5	3	1/2	1/2	1	2209						
109	109	432	432	2.0	0	0	Chord	4/4	6	1	1/2	1/2	1	2210						
109	109	434	434	2.0	1/2	1/2	Chord	4/4	6	1	1/2	1/2	1	2211						
109	109	432	432	0.0	0	0	FiguredBass	4/4	7	1	0					1/2	6	5	h	
109	109	432	432	2.0	0	0	Chord	4/4	7	1	1/2	1/2	1	2212						
109	109	434	434	0.0	1/2	1/2	FiguredBass	4/4	7	1	0					1/2	#			
109	109	434	434	2.0	1/2	1/2	Chord	4/4	7	1	1/2	1/2	1	2213	ornamentTremblement					
109	109	432	432	2.0	0	0	Chord	4/4	8	1	1/2	1/2	1	2214						
109	109	434	434	2.0	1/2	1/2	Chord	4/4	8	1	1/2	1/2	1	2215						
110	110	436	436	2.0	0	0	Chord	4/4	1	1	1/2	1/2	1	2216						
110	110	438	438	1.0	1/2	1/2	Chord	4/4	1	1	1/4	1/4	1	2217						
110	110	439	439	1.0	3/4	3/4	Chord	4/4	1	1	1/4	1/4	1	2218						
110	110	436	436	2.0	0	0	Chord	4/4	2	1	1/2	1/2	1	2219						
110	110	438	438	1.0	1/2	1/2	Chord	4/4	2	1	1/4	1/4	1	2220						
110	110	439	439	1.0	3/4	3/4	Chord	4/4	2	1	1/4	1/4	1	2221						
110	110	436	436	2.0	0	0	Chord	4/4	3	1	1/2	1/2	1	2222						
110	110	438	438	1.0	1/2	1/2	Chord	4/4	3	1	1/4	1/4	1	2223						
110	110	439	439	1.0	3/4	3/4	Chord	4/4	3	1	1/4	1/4	1	2224						
110	110	436	436	2.0	0	0	Chord	4/4	4	1	1/2	1/2	1	2225						
110	110	438	438	1.0	1/2	1/2	Chord	4/4	4	1	1/4	1/4	1	2226						
110	110	439	439	1.0	3/4	3/4	Chord	4/4	4	1	1/4	1/4	1	2227						
110	110	436	436	2.0	0	0	Chord	4/4	5	1	1/2	1/2	1	2228						
110	110	438	438	1.0	1/2	1/2	Chord	4/4	5	1	1/4	1/4	1	2229						
110	110	439	439	1.0	3/4	3/4	Chord	4/4	5	1	1/4	1/4	1	2230						
110	110	436	436	2.0	0	0	Chord	4/4	5	2	1/2	1/2	1	2231						
110	110	438	438	2.0	1/2	1/2	Chord	4/4	5	2	1/2	1/2	1	2232						
110	110	436	436	2.0	0	0	Chord	4/4	5	3	1/2	1/2	1	2233						
110	110	438	438	1.0	1/2	1/2	Chord	4/4	5	3	1/4	1/4	1	2234						
110	110	439	439	1.0	3/4	3/4	Chord	4/4	5	3	1/4	1/4	1	2235						
110	110	436	436	2.0	0	0	Chord	4/4	6	1	1/2	1/2	1	2236						
110	110	438	438	2.0	1/2	1/2	Chord	4/4	6	1	1/2	1/2	1	2237						
110	110	436	436	2.0	0	0	Chord	4/4	7	1	1/2	1/2	1	2238						
110	110	438	438	0.0	1/2	1/2	FiguredBass	4/4	7	1	0					1/4	6			
110	110	438	438	1.0	1/2	1/2	Chord	4/4	7	1	1/4	1/4	1	2239						
110	110	439	439	1.0	3/4	3/4	Chord	4/4	7	1	1/4	1/4	1	2240						
110	110	436	436	2.0	0	0	Chord	4/4	8	1	1/2	1/2	1	2241						
110	110	438	438	2.0	1/2	1/2	Chord	4/4	8	1	1/2	1/2	1	2242						
111	111	440	440	2.0	0	0	Chord	4/4	1	1	1/2	1/2	1	2243						
111	111	442	442	1.0	1/2	1/2	Chord	4/4	1	1	1/4	1/4	1	2244						
111	111	443	443	1.0	3/4	3/4	Chord	4/4	1	1	1/4	1/4	1	2245						
111	111	440	440	2.0	0	0	Chord	4/4	2	1	1/2	1/2	1	2246						
111	111	442	442	1.0	1/2	1/2	Chord	4/4	2	1	1/4	1/4	1	2247						
111	111	443	443	1.0	3/4	3/4	Chord	4/4	2	1	1/4	1/4	1	2248						
111	111	440	440	2.0	0	0	Chord	4/4	3	1	1/2	1/2	1	2249						
111	111	442	442	1.0	1/2	1/2	Chord	4/4	3	1	1/4	1/4	1	2250						
111	111	443	443	1.0	3/4	3/4	Chord	4/4	3	1	1/4	1/4	1	2251						
111	111	440	440	2.0	0	0	Chord	4/4	4	1	1/2	1/2	1	2252						
111	111	442	442	1.0	1/2	1/2	Chord	4/4	4	1	1/4	1/4	1	2253						
111	111	443	443	1.0	3/4	3/4	Chord	4/4	4	1	1/4	1/4	1	2254						
111	111	440	440	2.0	0	0	Chord	4/4	5	1	1/2	1/2	1	2255						
111	111	442	442	1.0	1/2	1/2	Chord	4/4	5	1	1/4	1/4	1	2256						
111	111	443	443	1.0	3/4	3/4	Chord	4/4	5	1	1/4	1/4	1	2257						
111	111	440	440	2.0	0	0	Chord	4/4	5	2	1/2	1/2	1	2258						
111	111	442	442	2.0	1/2	1/2	Chord	4/4	5	2	1/2	1/2	1	2259						
111	111	440	440	2.0	0	0	Chord	4/4	5	3	1/2	1/2	1	2260						
111	111	442	442	2.0	1/2	1/2	Chord	4/4	5	3	1/2	1/2	1	2261						
111	111	440	440	2.0	0	0	Chord	4/4	6	1	1/2	1/2	1	2262						
111	111	442	442	2.0	1/2	1/2	Chord	4/4	6	1	1/2	1/2	1	2263						
111	111	440	440	0.0	0	0	FiguredBass	4/4	7	1	0					1/2	6	5		
111	111	440	440	2.0	0	0	Chord	4/4	7	1	1/2	1/2	1	2264						
111	111	442	442	1.0	1/2	1/2	Chord	4/4	7	1	1/4	1/4	1	2265						
111	111	443	443	1.0	3/4	3/4	Chord	4/4	7	1	1/4	1/4	1	2266						
111	111	440	440	2.0	0	0	Chord	4/4	8	1	1/2	1/2	1	2267						
111	111	442	442	2.0	1/2	1/2	Chord	4/4	8	1	1/2	1/2	1	2268						
112	112	444	444	2.0	0	0	Chord	4/4	1	1	1/2	1/2	1	2269						
112	112	446	446	1.0	1/2	1/2	Chord	4/4	1	1	1/4	1/4	1	2270						
112	112	447	447	1.0	3/4	3/4	Chord	4/4	1	1	1/4	1/4	1	2271						
112	112	444	444	2.0	0	0	Chord	4/4	2	1	1/2	1/2	1	2272						
112	112	446	446	1.0	1/2	1/2	Chord	4/4	2	1	1/4	1/4	1	2273						
112	112	447	447	1.0	3/4	3/4	Chord	4/4	2	1	1/4	1/4	1	2274						
112	112	444	444	2.0	0	0	Chord	4/4	3	1	1/2	1/2	1	2275						
112	112	446	446	1.0	1/2	1/2	Chord	4/4	3	1	1/4	1/4	1	2276						
112	112	447	447	1.0	3/4	3/4	Chord	4/4	3	1	1/4	1/4	1	2277						
112	112	444	444	2.0	0	0	Chord	4/4	4	1	1/2	1/2	1	2278						
112	112	446	446	1.0	1/2	1/2	Chord	4/4	4	1	1/4	1/4	1	2279						
112	112	447	447	1.0	3/4	3/4	Chord	4/4	4	1	1/4	1/4	1	2280						
112	112	444	444	2.0	0	0	Chord	4/4	5	1	1/2	1/2	1	2281						
112	112	446	446	1.0	1/2	1/2	Chord	4/4	5	1	1/4	1/4	1	2282						
112	112	447	447	1.0	3/4	3/4	Chord	4/4	5	1	1/4	1/4	1	2283						
112	112	444	444	2.0	0	0	Chord	4/4	5	2	1/2	1/2	1	2284						
112	112	446	446	2.0	1/2	1/2	Chord	4/4	5	2	1/2	1/2	1	2285						
112	112	444	444	2.0	0	0	Chord	4/4	5	3	1/2	1/2	1	2286						
112	112	446	446	2.0	1/2	1/2	Chord	4/4	5	3	1/2	1/2	1	2287						
112	112	444	444	2.0	0	0	Chord	4/4	6	1	1/2	1/2	1	2288						
112	112	446	446	2.0	1/2	1/2	Chord	4/4	6	1	1/2	1/2	1	2289						
112	112	444	444	2.0	0	0	Chord	4/4	7	1	1/2	1/2	1	2290						
112	112	446	446	1.0	1/2	1/2	Chord	4/4	7	1	1/4	1/4	1	2291						
112	112	447	447	1.0	3/4	3/4	Chord	4/4	7	1	1/4	1/4	1	2292						
112	112	444	444	2.0	0	0	Chord	4/4	8	1	1/2	1/2	1	2293						
112	112	446	446	2.0	1/2	1/2	Chord	4/4	8	1	1/2	1/2	1	2294						
113	113	448	448	2.0	0	0	Chord	4/4	1	1	1/2	1/2	1	2295						
113	113	450	450	2.0	1/2	1/2	Chord	4/4	1	1	1/2	1/2	1	2296						
113	113	448	448	2.0	0	0	Chord	4/4	2	1	1/2	1/2	1	2297						
113	113	450	450	2.0	1/2	1/2	Chord	4/4	2	1	1/2	1/2	1	2298						
113	113	448	448	2.0	0	0	Chord	4/4	3	1	1/2	1/2	1	2299						
113	113	450	450	2.0	1/2	1/2	Chord	4/4	3	1	1/2	1/2	1	2300						
113	113	448	448	2.0	0	0	Chord	4/4	4	1	1/2	1/2	1	2301						
113	113	450	450	2.0	1/2	1/2	Chord	4/4	4	1	1/2	1/2	1	2302						
113	113	448	448	2.0	0	0	Chord	4/4	5	1	1/2	1/2	1	2303						
113	113	450	450	2.0	1/2	1/2	Chord	4/4	5	1	1/2	1/2	1	2304						
113	113	448	448	2.0	0	0	Chord	4/4	5	2	1/2	1/2	1	2305						
113	113	450	450	2.0	1/2	1/2	Chord	4/4	5	2	1/2	1/2	1	2306						
113	113	448	448	2.0	0	0	Chord	4/4	5	3	1/2	1/2	1	2307						
113	113	450	450	2.0	1/2	1/2	Chord	4/4	5	3	1/2	1/2	1	2308						
113	113	448	448	2.0	0	0	Chord	4/4	6	1	1/2	1/2	1	2309						
113	113	450	450	2.0	1/2	1/2	Chord	4/4	6	1	1/2	1/2	1	2310						
113	113	448	448	0.0	0	0	FiguredBass	4/4	7	1	0					1/2	4			
113	113	448	448	2.0	0	0	Chord	4/4	7	1	1/2	1/2	1	2311						
113	113	450	450	0.0	1/2	1/2	FiguredBass	4/4	7	1	0					1/2	6			
113	113	450	450	2.0	1/2	1/2	Chord	4/4	7	1	1/2	1/2	1	2312						
113	113	448	448	2.0	0	0	Chord	4/4	8	1	1/2	1/2	1	2313						
113	113	450	450	2.0	1/2	1/2	Chord	4/4	8	1	1/2	1/2	1	2314						
114	114	452	452	2.0	0	0	Chord	4/4	1	1	1/2	1/2	1	2315						
114	114	454	454	2.0	1/2	1/2	Chord	4/4	1	1	1/2	1/2	1	2316	ornamentTremblement					
114	114	452	452	2.0	0	0	Chord	4/4	2	1	1/2	1/2	1	2317						
114	114	454	454	2.0	1/2	1/2	Chord	4/4	2	1	1/2	1/2	1	2318						
114	114	452	452	2.0	0	0	Chord	4/4	3	1	1/2	1/2	1	2319						
114	114	454	454	2.0	1/2	1/2	Chord	4/4	3	1	1/2	1/2	1	2320	ornamentTremblement					
114	114	452	452	2.0	0	0	Chord	4/4	4	1	1/2	1/2	1	2321						
114	114	454	454	2.0	1/2	1/2	Chord	4/4	4	1	1/2	1/2	1	2322						
114	114	452	452	2.0	0	0	Chord	4/4	5	1	1/2	1/2	1	2323						
114	114	454	454	2.0	1/2	1/2	Chord	4/4	5	1	1/2	1/2	1	2324	ornamentTremblement					
114	114	452	452	2.0	0	0	Chord	4/4	5	2	1/2	1/2	1	2325						
114	114	454	454	2.0	1/2	1/2	Chord	4/4	5	2	1/2	1/2	1	2326						
114	114	452	452	2.0	0	0	Chord	4/4	5	3	1/2	1/2	1	2327						
114	114	454	454	2.0	1/2	1/2	Chord	4/4	5	3	1/2	1/2	1	2328						
114	114	452	452	2.0	0	0	Chord	4/4	6	1	1/2	1/2	1	2329						
114	114	454	454	2.0	1/2	1/2	Chord	4/4	6	1	1/2	1/2	1	2330						
114	114	452	452	0.0	0	0	FiguredBass	4/4	7	1	0					1/2	7			
114	114	452	452	2.0	0	0	Chord	4/4	7	1	1/2	1/2	1	2331						
114	114	454	454	0.0	1/2	1/2	FiguredBass	4/4	7	1	0					1/2	#			
114	114	454	454	2.0	1/2	1/2	Chord	4/4	7	1	1/2	1/2	1	2332	ornamentTremblement					
114	114	452	452	2.0	0	0	Chord	4/4	8	1	1/2	1/2	1	2333						
114	114	454	454	2.0	1/2	1/2	Chord	4/4	8	1	1/2	1/2	1	2334						
115	115	456	456	4.0	0	0	Chord	4/4	1	1	1	1	1	2335						
115	115	456	456	4.0	0	0	Chord	4/4	2	1	1	1	1	2336						
115	115	456	456	4.0	0	0	Chord	4/4	3	1	1	1	1	2337						
115	115	456	456	4.0	0	0	Chord	4/4	4	1	1	1	1	2338						
115	115	456	456	4.0	0	0	Chord	4/4	5	1	1	1	1	2339						
115	115	456	456	4.0	0	0	Chord	4/4	5	2	1	1	1	2340						
115	115	456	456	4.0	0	0	Chord	4/4	5	3	1	1	1	2341						
115	115	456	456	4.0	0	0	Chord	4/4	5	4	1	1	1	2342						
115	115	456	456	4.0	0	0	Chord	4/4	6	1	1	1	1	2343						
115	115	456	456	4.0	0	0	Chord	4/4	7	1	1	1	1	2344						
115	115	456	456	4.0	0	0	Chord	4/4	8	1	1	1	1	2345						
116	116	462	462	1.0	1/2	1/2	Chord	4/4	1	1	1/4	1/4	1	2346						
116	116	463	463	1.0	3/4	3/4	Chord	4/4	1	1	1/4	1/4	1	2347						
116	116	462	462	1.0	1/2	1/2	Chord	4/4	2	1	1/4	1/4	1	2348						
116	116	463	463	1.0	3/4	3/4	Chord	4/4	2	1	1/4	1/4	1	2349						
116	116	462	462	1.0	1/2	1/2	Chord	4/4	3	1	1/4	1/4	1	2350						
116	116	463	463	1.0	3/4	3/4	Chord	4/4	3	1	1/4	1/4	1	2351						
116	116	462	462	1.0	1/2	1/2	Chord	4/4	4	1	1/4	1/4	1	2352						
116	116	463	463	1.0	3/4	3/4	Chord	4/4	4	1	1/4	1/4	1	2353						
116	116	462	462	1.0	1/2	1/2	Chord	4/4	5	1	1/4	1/4	1	2354						
116	116	463	463	1.0	3/4	3/4	Chord	4/4	5	1	1/4	1/4	1	2355						
116	116	462	462	2.0	1/2	1/2	Chord	4/4	5	2	1/2	1/2	1	2356						
116	116	462	462	2.0	1/2	1/2	Chord	4/4	5	3	1/2	1/2	1	2357						
116	116	462	462	2.0	1/2	1/2	Chord	4/4	6	1	1/2	1/2	1	2358						
116	116	462	462	0.0	1/2	1/2	FiguredBass	4/4	7	1	0					1/4	5			
116	116	462	462	1.0	1/2	1/2	Chord	4/4	7	1	1/4	1/4	1	2359						
116	116	463	463	1.0	3/4	3/4	Chord	4/4	7	1	1/4	1/4	1	2360						
116	116	462	462	2.0	1/2	1/2	Chord	4/4	8	1	1/2	1/2	1	2361						
117	117	464	464	2.0	0	0	Chord	4/4	1	1	1/2	1/2	1	2362						
117	117	466	466	1.0	1/2	1/2	Chord	4/4	1	1	1/4	1/4	1	2363						
117	117	467	467	1.0	3/4	3/4	Chord	4/4	1	1	1/4	1/4	1	2364						
117	117	464	464	2.0	0	0	Chord	4/4	2	1	1/2	1/2	1	2365						
117	117	466	466	1.0	1/2	1/2	Chord	4/4	2	1	1/4	1/4	1	2366						
117	117	467	467	1.0	3/4	3/4	Chord	4/4	2	1	1/4	1/4	1	2367						
117	117	464	464	2.0	0	0	Chord	4/4	3	1	1/2	1/2	1	2368						
117	117	466	466	1.0	1/2	1/2	Chord	4/4	3	1	1/4	1/4	1	2369						
117	117	467	467	1.0	3/4	3/4	Chord	4/4	3	1	1/4	1/4	1	2370						
117	117	464	464	2.0	0	0	Chord	4/4	4	1	1/2	1/2	1	2371						
117	117	466	466	1.0	1/2	1/2	Chord	4/4	4	1	1/4	1/4	1	2372						
117	117	467	467	1.0	3/4	3/4	Chord	4/4	4	1	1/4	1/4	1	2373						
117	117	464	464	2.0	0	0	Chord	4/4	5	1	1/2	1/2	1	2374						
117	117	466	466	1.0	1/2	1/2	Chord	4/4	5	1	1/4	1/4	1	2375						
117	117	467	467	1.0	3/4	3/4	Chord	4/4	5	1	1/4	1/4	1	2376						
117	117	464	464	2.0	0	0	Chord	4/4	5	2	1/2	1/2	1	2377						
117	117	466	466	2.0	1/2	1/2	Chord	4/4	5	2	1/2	1/2	1	2378						
117	117	464	464	2.0	0	0	Chord	4/4	5	3	1/2	1/2	1	2379						
117	117	466	466	2.0	1/2	1/2	Chord	4/4	5	3	1/2	1/2	1	2380						
117	117	464	464	2.0	0	0	Chord	4/4	6	1	1/2	1/2	1	2381						
117	117	466	466	2.0	1/2	1/2	Chord	4/4	6	1	1/2	1/2	1	2382						
117	117	464	464	0.0	0	0	FiguredBass	4/4	7	1	0					1/2	6			
117	117	464	464	2.0	0	0	Chord	4/4	7	1	1/2	1/2	1	2383						
117	117	466	466	1.0	1/2	1/2	Chord	4/4	7	1	1/4	1/4	1	2384						
117	117	467	467	1.0	3/4	3/4	Chord	4/4	7	1	1/4	1/4	1	2385						
117	117	464	464	2.0	0	0	Chord	4/4	8	1	1/2	1/2	1	2386						
117	117	466	466	2.0	1/2	1/2	Chord	4/4	8	1	1/2	1/2	1	2387						
118	118	468	468	2.0	0	0	Chord	4/4	1	1	1/2	1/2	1	2388						
118	118	470	470	2.0	1/2	1/2	Chord	4/4	1	1	1/2	1/2	1	2389	ornamentTremblement					
118	118	468	468	2.0	0	0	Chord	4/4	2	1	1/2	1/2	1	2390						
118	118	470	470	2.0	1/2	1/2	Chord	4/4	2	1	1/2	1/2	1	2391	ornamentTremblement					
118	118	468	468	2.0	0	0	Chord	4/4	3	1	1/2	1/2	1	2392						
118	118	470	470	2.0	1/2	1/2	Chord	4/4	3	1	1/2	1/2	1	2393						
118	118	468	468	2.0	0	0	Chord	4/4	4	1	1/2	1/2	1	2394						
118	118	470	470	2.0	1/2	1/2	Chord	4/4	4	1	1/2	1/2	1	2395						
118	118	468	468	2.0	0	0	Chord	4/4	5	1	1/2	1/2	1	2396						
118	118	470	470	2.0	1/2	1/2	Chord	4/4	5	1	1/2	1/2	1	2397	ornamentTremblement					
118	118	468	468	2.0	0	0	Chord	4/4	5	2	1/2	1/2	1	2398						
118	118	470	470	2.0	1/2	1/2	Chord	4/4	5	2	1/2	1/2	1	2399						
118	118	468	468	2.0	0	0	Chord	4/4	5	3	1/2	1/2	1	2400						
118	118	470	470	2.0	1/2	1/2	Chord	4/4	5	3	1/2	1/2	1	2401						
118	118	468	468	2.0	0	0	Chord	4/4	6	1	1/2	1/2	1	2402						
118	118	470	470	2.0	1/2	1/2	Chord	4/4	6	1	1/2	1/2	1	2403						
118	118	468	468	0.0	0	0	FiguredBass	4/4	7	1	0					1/2	6	5		
118	118	468	468	2.0	0	0	Chord	4/4	7	1	1/2	1/2	1	2404						
118	118	470	470	2.0	1/2	1/2	Chord	4/4	7	1	1/2	1/2	1	2405	ornamentTremblement					
118	118	468	468	2.0	0	0	Chord	4/4	8	1	1/2	1/2	1	2406						
118	118	470	470	2.0	1/2	1/2	Chord	4/4	8	1	1/2	1/2	1	2407						
119	119	472	472	2.0	0	0	Chord	4/4	1	1	1/2	1/2	1	2408						
119	119	474	474	1.0	1/2	1/2	Chord	4/4	1	1	1/4	1/4	1	2409						
119	119	475	475	1.0	3/4	3/4	Chord	4/4	1	1	1/4	1/4	1	2410						
119	119	472	472	2.0	0	0	Chord	4/4	2	1	1/2	1/2	1	2411						
119	119	474	474	1.0	1/2	1/2	Chord	4/4	2	1	1/4	1/4	1	2412						
119	119	475	475	1.0	3/4	3/4	Chord	4/4	2	1	1/4	1/4	1	2413						
119	119	472	472	2.0	0	0	Chord	4/4	3	1	1/2	1/2	1	2414						
119	119	474	474	1.0	1/2	1/2	Chord	4/4	3	1	1/4	1/4	1	2415						
119	119	475	475	1.0	3/4	3/4	Chord	4/4	3	1	1/4	1/4	1	2416						
119	119	472	472	2.0	0	0	Chord	4/4	4	1	1/2	1/2	1	2417						
119	119	474	474	1.0	1/2	1/2	Chord	4/4	4	1	1/4	1/4	1	2418						
119	119	475	475	1.0	3/4	3/4	Chord	4/4	4	1	1/4	1/4	1	2419						
119	119	472	472	2.0	0	0	Chord	4/4	5	1	1/2	1/2	1	2420						
119	119	474	474	1.0	1/2	1/2	Chord	4/4	5	1	1/4	1/4	1	2421						
119	119	475	475	1.0	3/4	3/4	Chord	4/4	5	1	1/4	1/4	1	2422						
119	119	472	472	2.0	0	0	Chord	4/4	5	2	1/2	1/2	1	2423						
119	119	474	474	2.0	1/2	1/2	Chord	4/4	5	2	1/2	1/2	1	2424						
119	119	472	472	2.0	0	0	Chord	4/4	5	3	1/2	1/2	1	2425						
119	119	474	474	2.0	1/2	1/2	Chord	4/4	5	3	1/2	1/2	1	2426						
119	119	472	472	2.0	0	0	Chord	4/4	5	4	1/2	1/2	1	2427						
119	119	472	472	2.0	0	0	Chord	4/4	6	1	1/2	1/2	1	2428						
119	119	474	474	2.0	1/2	1/2	Chord	4/4	6	1	1/2	1/2	1	2429						
119	119	472	472	2.0	0	0	Chord	4/4	7	1	1/2	1/2	1	2430						
119	119	474	474	0.0	1/2	1/2	FiguredBass	4/4	7	1	0					1/4	2			
119	119	474	474	1.0	1/2	1/2	Chord	4/4	7	1	1/4	1/4	1	2431						
119	119	475	475	1.0	3/4	3/4	Chord	4/4	7	1	1/4	1/4	1	2432						
119	119	472	472	2.0	0	0	Chord	4/4	8	1	1/2	1/2	1	2433						
119	119	474	474	2.0	1/2	1/2	Chord	4/4	8	1	1/2	1/2	1	2434						
120	120	476	476	2.0	0	0	Chord	4/4	1	1	1/2	1/2	1	2435						
120	120	478	478	2.0	1/2	1/2	Chord	4/4	1	1	1/2	1/2	1	2436						
120	120	476	476	2.0	0	0	Chord	4/4	2	1	1/2	1/2	1	2437						
120	120	478	478	2.0	1/2	1/2	Chord	4/4	2	1	1/2	1/2	1	2438						
120	120	476	476	2.0	0	0	Chord	4/4	3	1	1/2	1/2	1	2439						
120	120	478	478	2.0	1/2	1/2	Chord	4/4	3	1	1/2	1/2	1	2440						
120	120	476	476	2.0	0	0	Chord	4/4	4	1	1/2	1/2	1	2441						
120	120	478	478	2.0	1/2	1/2	Chord	4/4	4	1	1/2	1/2	1	2442						
120	120	476	476	2.0	0	0	Chord	4/4	5	1	1/2	1/2	1	2443						
120	120	478	478	2.0	1/2	1/2	Chord	4/4	5	1	1/2	1/2	1	2444						
120	120	476	476	2.0	0	0	Chord	4/4	5	2	1/2	1/2	1	2445						
120	120	478	478	2.0	1/2	1/2	Chord	4/4	5	2	1/2	1/2	1	2446						
120	120	476	476	2.0	0	0	Chord	4/4	5	3	1/2	1/2	1	2447						
120	120	478	478	2.0	1/2	1/2	Chord	4/4	5	3	1/2	1/2	1	2448						
120	120	476	476	2.0	0	0	Chord	4/4	6	1	1/2	1/2	1	2449						
120	120	478	478	2.0	1/2	1/2	Chord	4/4	6	1	1/2	1/2	1	2450						
120	120	476	476	0.0	0	0	FiguredBass	4/4	7	1	0					1/2	7	#		
120	120	476	476	2.0	0	0	Chord	4/4	7	1	1/2	1/2	1	2451						
120	120	478	478	0.0	1/2	1/2	FiguredBass	4/4	7	1	0					1/2	6	4		
120	120	478	478	2.0	1/2	1/2	Chord	4/4	7	1	1/2	1/2	1	2452						
120	120	476	476	2.0	0	0	Chord	4/4	8	1	1/2	1/2	1	2453						
120	120	478	478	2.0	1/2	1/2	Chord	4/4	8	1	1/2	1/2	1	2454						
121	121	480	480	2.0	0	0	Chord	4/4	1	1	1/2	1/2	1	2455						
121	121	482	482	2.0	1/2	1/2	Chord	4/4	1	1	1/2	1/2	1	2456	ornamentTremblement					
121	121	480	480	2.0	0	0	Chord	4/4	2	1	1/2	1/2	1	2457						
121	121	482	482	2.0	1/2	1/2	Chord	4/4	2	1	1/2	1/2	1	2458						
121	121	480	480	2.0	0	0	Chord	4/4	3	1	1/2	1/2	1	2459						
121	121	482	482	2.0	1/2	1/2	Chord	4/4	3	1	1/2	1/2	1	2460	ornamentTremblement					
121	121	480	480	2.0	0	0	Chord	4/4	4	1	1/2	1/2	1	2461						
121	121	482	482	2.0	1/2	1/2	Chord	4/4	4	1	1/2	1/2	1	2462						
121	121	480	480	2.0	0	0	Chord	4/4	4	2	1/2	1/2	1	2463						
121	121	482	482	2.0	1/2	1/2	Chord	4/4	4	2	1/2	1/2	1	2464						
121	121	480	480	2.0	0	0	Chord	4/4	5	1	1/2	1/2	1	2465						
121	121	482	482	2.0	1/2	1/2	Chord	4/4	5	1	1/2	1/2	1	2466						
121	121	480	480	4.0	0	0	Chord	4/4	5	2	1	1	1	2467						
121	121	480	480	4.0	0	0	Chord	4/4	5	3	1	1	1	2468						
121	121	480	480	4.0	0	0	Chord	4/4	6	1	1	1	1	2469						
121	121	480	480	0.0	0	0	FiguredBass	4/4	7	1	0					1/2	5	4		
121	121	480	480	2.0	0	0	Chord	4/4	7	1	1/2	1/2	1	2470						
121	121	482	482	0.0	1/2	1/2	FiguredBass	4/4	7	1	0					1/2	#			
121	121	482	482	2.0	1/2	1/2	Chord	4/4	7	1	1/2	1/2	1	2471	ornamentTremblement					
121	121	480	480	4.0	0	0	Chord	4/4	8	1	1	1	1	2472						
122	122	484	484	2.0	0	0	Chord	4/4	1	1	1/2	1/2	1	2473						
122	122	486	486	1.0	1/2	1/2	Chord	4/4	1	1	1/4	1/4	1	2474						
122	122	487	487	1.0	3/4	3/4	Chord	4/4	1	1	1/4	1/4	1	2475						
122	122	484	484	2.0	0	0	Chord	4/4	2	1	1/2	1/2	1	2476						
122	122	486	486	1.0	1/2	1/2	Chord	4/4	2	1	1/4	1/4	1	2477						
122	122	487	487	1.0	3/4	3/4	Chord	4/4	2	1	1/4	1/4	1	2478						
122	122	484	484	2.0	0	0	Chord	4/4	3	1	1/2	1/2	1	2479						
122	122	486	486	1.0	1/2	1/2	Chord	4/4	3	1	1/4	1/4	1	2480						
122	122	487	487	1.0	3/4	3/4	Chord	4/4	3	1	1/4	1/4	1	2481						
122	122	484	484	2.0	0	0	Chord	4/4	4	1	1/2	1/2	1	2482						
122	122	486	486	1.0	1/2	1/2	Chord	4/4	4	1	1/4	1/4	1	2483						
122	122	487	487	1.0	3/4	3/4	Chord	4/4	4	1	1/4	1/4	1	2484						
122	122	484	484	2.0	0	0	Chord	4/4	5	1	1/2	1/2	1	2485						
122	122	486	486	1.0	1/2	1/2	Chord	4/4	5	1	1/4	1/4	1	2486						
122	122	487	487	1.0	3/4	3/4	Chord	4/4	5	1	1/4	1/4	1	2487						
122	122	484	484	2.0	0	0	Chord	4/4	5	2	1/2	1/2	1	2488						
122	122	486	486	2.0	1/2	1/2	Chord	4/4	5	2	1/2	1/2	1	2489						
122	122	484	484	2.0	0	0	Chord	4/4	5	3	1/2	1/2	1	2490						
122	122	486	486	2.0	1/2	1/2	Chord	4/4	5	3	1/2	1/2	1	2491						
122	122	484	484	2.0	0	0	Chord	4/4	6	1	1/2	1/2	1	2492						
122	122	486	486	2.0	1/2	1/2	Chord	4/4	6	1	1/2	1/2	1	2493						
122	122	484	484	2.0	0	0	Chord	4/4	7	1	1/2	1/2	1	2494						
122	122	486	486	0.0	1/2	1/2	FiguredBass	4/4	7	1	0					1/4	6			
122	122	486	486	1.0	1/2	1/2	Chord	4/4	7	1	1/4	1/4	1	2495						
122	122	487	487	1.0	3/4	3/4	Chord	4/4	7	1	1/4	1/4	1	2496						
122	122	484	484	2.0	0	0	Chord	4/4	8	1	1/2	1/2	1	2497						
122	122	486	486	2.0	1/2	1/2	Chord	4/4	8	1	1/2	1/2	1	2498						
123	123	488	488	2.0	0	0	Chord	4/4	1	1	1/2	1/2	1	2499						
123	123	490	490	1.0	1/2	1/2	Chord	4/4	1	1	1/4	1/4	1	2500						
123	123	491	491	1.0	3/4	3/4	Chord	4/4	1	1	1/4	1/4	1	2501						
123	123	488	488	2.0	0	0	Chord	4/4	2	1	1/2	1/2	1	2502						
123	123	490	490	1.0	1/2	1/2	Chord	4/4	2	1	1/4	1/4	1	2503						
123	123	491	491	1.0	3/4	3/4	Chord	4/4	2	1	1/4	1/4	1	2504						
123	123	488	488	2.0	0	0	Chord	4/4	3	1	1/2	1/2	1	2505						
123	123	490	490	1.0	1/2	1/2	Chord	4/4	3	1	1/4	1/4	1	2506						
123	123	491	491	1.0	3/4	3/4	Chord	4/4	3	1	1/4	1/4	1	2507						
123	123	488	488	2.0	0	0	Chord	4/4	4	1	1/2	1/2	1	2508						
123	123	490	490	1.0	1/2	1/2	Chord	4/4	4	1	1/4	1/4	1	2509						
123	123	491	491	1.0	3/4	3/4	Chord	4/4	4	1	1/4	1/4	1	2510						
123	123	488	488	2.0	0	0	Chord	4/4	5	1	1/2	1/2	1	2511						
123	123	490	490	1.0	1/2	1/2	Chord	4/4	5	1	1/4	1/4	1	2512						
123	123	491	491	1.0	3/4	3/4	Chord	4/4	5	1	1/4	1/4	1	2513						
123	123	488	488	2.0	0	0	Chord	4/4	5	2	1/2	1/2	1	2514						
123	123	490	490	2.0	1/2	1/2	Chord	4/4	5	2	1/2	1/2	1	2515						
123	123	488	488	2.0	0	0	Chord	4/4	5	3	1/2	1/2	1	2516						
123	123	490	490	2.0	1/2	1/2	Chord	4/4	5	3	1/2	1/2	1	2517						
123	123	488	488	2.0	0	0	Chord	4/4	6	1	1/2	1/2	1	2518						
123	123	490	490	2.0	1/2	1/2	Chord	4/4	6	1	1/2	1/2	1	2519						
123	123	488	488	0.0	0	0	FiguredBass	4/4	7	1	0					1/2	6			
123	123	488	488	2.0	0	0	Chord	4/4	7	1	1/2	1/2	1	2520						
123	123	490	490	1.0	1/2	1/2	Chord	4/4	7	1	1/4	1/4	1	2521						
123	123	491	491	1.0	3/4	3/4	Chord	4/4	7	1	1/4	1/4	1	2522						
123	123	488	488	2.0	0	0	Chord	4/4	8	1	1/2	1/2	1	2523						
123	123	490	490	2.0	1/2	1/2	Chord	4/4	8	1	1/2	1/2	1	2524						
124	124	492	492	2.0	0	0	Chord	4/4	1	1	1/2	1/2	1	2525						
124	124	494	494	1.0	1/2	1/2	Chord	4/4	1	1	1/4	1/4	1	2526						
124	124	495	495	1.0	3/4	3/4	Chord	4/4	1	1	1/4	1/4	1	2527						
124	124	492	492	2.0	0	0	Chord	4/4	2	1	1/2	1/2	1	2528						
124	124	494	494	1.0	1/2	1/2	Chord	4/4	2	1	1/4	1/4	1	2529						
124	124	495	495	1.0	3/4	3/4	Chord	4/4	2	1	1/4	1/4	1	2530						
124	124	492	492	2.0	0	0	Chord	4/4	3	1	1/2	1/2	1	2531						
124	124	494	494	1.0	1/2	1/2	Chord	4/4	3	1	1/4	1/4	1	2532						
124	124	495	495	1.0	3/4	3/4	Chord	4/4	3	1	1/4	1/4	1	2533						
124	124	492	492	2.0	0	0	Chord	4/4	4	1	1/2	1/2	1	2534						
124	124	494	494	1.0	1/2	1/2	Chord	4/4	4	1	1/4	1/4	1	2535						
124	124	495	495	1.0	3/4	3/4	Chord	4/4	4	1	1/4	1/4	1	2536						
124	124	492	492	2.0	0	0	Chord	4/4	5	1	1/2	1/2	1	2537						
124	124	494	494	1.0	1/2	1/2	Chord	4/4	5	1	1/4	1/4	1	2538						
124	124	495	495	1.0	3/4	3/4	Chord	4/4	5	1	1/4	1/4	1	2539						
124	124	492	492	2.0	0	0	Chord	4/4	5	2	1/2	1/2	1	2540						
124	124	494	494	2.0	1/2	1/2	Chord	4/4	5	2	1/2	1/2	1	2541						
124	124	492	492	2.0	0	0	Chord	4/4	5	3	1/2	1/2	1	2542						
124	124	494	494	2.0	1/2	1/2	Chord	4/4	5	3	1/2	1/2	1	2543						
124	124	492	492	2.0	0	0	Chord	4/4	6	1	1/2	1/2	1	2544						
124	124	494	494	2.0	1/2	1/2	Chord	4/4	6	1	1/2	1/2	1	2545						
124	124	492	492	2.0	0	0	Chord	4/4	7	1	1/2	1/2	1	2546						
124	124	494	494	1.0	1/2	1/2	Chord	4/4	7	1	1/4	1/4	1	2547						
124	124	495	495	1.0	3/4	3/4	Chord	4/4	7	1	1/4	1/4	1	2548						
124	124	492	492	2.0	0	0	Chord	4/4	8	1	1/2	1/2	1	2549						
124	124	494	494	2.0	1/2	1/2	Chord	4/4	8	1	1/2	1/2	1	2550						
125	125	496	496	2.0	0	0	Chord	4/4	1	1	1/2	1/2	1	2551						
125	125	498	498	2.0	1/2	1/2	Chord	4/4	1	1	1/2	1/2	1	2552						
125	125	496	496	2.0	0	0	Chord	4/4	2	1	1/2	1/2	1	2553						
125	125	498	498	2.0	1/2	1/2	Chord	4/4	2	1	1/2	1/2	1	2554						
125	125	496	496	2.0	0	0	Chord	4/4	3	1	1/2	1/2	1	2555						
125	125	498	498	2.0	1/2	1/2	Chord	4/4	3	1	1/2	1/2	1	2556						
125	125	496	496	2.0	0	0	Chord	4/4	4	1	1/2	1/2	1	2557						
125	125	498	498	2.0	1/2	1/2	Chord	4/4	4	1	1/2	1/2	1	2558						
125	125	496	496	2.0	0	0	Chord	4/4	5	1	1/2	1/2	1	2559						
125	125	498	498	2.0	1/2	1/2	Chord	4/4	5	1	1/2	1/2	1	2560						
125	125	496	496	2.0	0	0	Chord	4/4	5	2	1/2	1/2	1	2561						
125	125	498	498	2.0	1/2	1/2	Chord	4/4	5	2	1/2	1/2	1	2562						
125	125	496	496	2.0	0	0	Chord	4/4	5	3	1/2	1/2	1	2563						
125	125	498	498	2.0	1/2	1/2	Chord	4/4	5	3	1/2	1/2	1	2564						
125	125	496	496	2.0	0	0	Chord	4/4	6	1	1/2	1/2	1	2565						
125	125	498	498	2.0	1/2	1/2	Chord	4/4	6	1	1/2	1/2	1	2566						
125	125	496	496	0.0	0	0	FiguredBass	4/4	7	1	0					1/2	6			
125	125	496	496	2.0	0	0	Chord	4/4	7	1	1/2	1/2	1	2567						
125	125	498	498	0.0	1/2	1/2	FiguredBass	4/4	7	1	0					1/2	6			
125	125	498	498	2.0	1/2	1/2	Chord	4/4	7	1	1/2	1/2	1	2568						
125	125	496	496	2.0	0	0	Chord	4/4	8	1	1/2	1/2	1	2569						
125	125	498	498	2.0	1/2	1/2	Chord	4/4	8	1	1/2	1/2	1	2570						
126	126	500	500	2.0	0	0	Chord	4/4	1	1	1/2	1/2	1	2571						
126	126	502	502	2.0	1/2	1/2	Chord	4/4	1	1	1/2	1/2	1	2572	ornamentTremblement					
126	126	500	500	2.0	0	0	Chord	4/4	2	1	1/2	1/2	1	2573						
126	126	502	502	2.0	1/2	1/2	Chord	4/4	2	1	1/2	1/2	1	2574						
126	126	500	500	2.0	0	0	Chord	4/4	3	1	1/2	1/2	1	2575						
126	126	502	502	2.0	1/2	1/2	Chord	4/4	3	1	1/2	1/2	1	2576	ornamentTremblement					
126	126	500	500	2.0	0	0	Chord	4/4	4	1	1/2	1/2	1	2577						
126	126	502	502	2.0	1/2	1/2	Chord	4/4	4	1	1/2	1/2	1	2578						
126	126	500	500	2.0	0	0	Chord	4/4	5	1	1/2	1/2	1	2579						
126	126	502	502	2.0	1/2	1/2	Chord	4/4	5	1	1/2	1/2	1	2580	ornamentTremblement					
126	126	500	500	4.0	0	0	Chord	4/4	5	2	1	1	1	2581						
126	126	500	500	2.0	0	0	Chord	4/4	5	3	1/2	1/2	1	2582						
126	126	502	502	2.0	1/2	1/2	Chord	4/4	5	3	1/2	1/2	1	2583						
126	126	500	500	2.0	0	0	Chord	4/4	6	1	1/2	1/2	1	2584						
126	126	502	502	2.0	1/2	1/2	Chord	4/4	6	1	1/2	1/2	1	2585						
126	126	500	500	0.0	0	0	FiguredBass	4/4	7	1	0					1/2	6	5	h	
126	126	500	500	2.0	0	0	Chord	4/4	7	1	1/2	1/2	1	2586						
126	126	502	502	0.0	1/2	1/2	FiguredBass	4/4	7	1	0					1/2	#			
126	126	502	502	2.0	1/2	1/2	Chord	4/4	7	1	1/2	1/2	1	2587	ornamentTremblement					
126	126	500	500	2.0	0	0	Chord	4/4	8	1	1/2	1/2	1	2588						
126	126	502	502	2.0	1/2	1/2	Chord	4/4	8	1	1/2	1/2	1	2589						
127	127	504	504	2.0	0	0	Chord	4/4	1	1	1/2	1/2	1	2590						
127	127	506	506	1.0	1/2	1/2	Chord	4/4	1	1	1/4	1/4	1	2591						
127	127	507	507	1.0	3/4	3/4	Chord	4/4	1	1	1/4	1/4	1	2592						
127	127	504	504	2.0	0	0	Chord	4/4	2	1	1/2	1/2	1	2593						
127	127	506	506	1.0	1/2	1/2	Chord	4/4	2	1	1/4	1/4	1	2594						
127	127	507	507	1.0	3/4	3/4	Chord	4/4	2	1	1/4	1/4	1	2595						
127	127	504	504	2.0	0	0	Chord	4/4	3	1	1/2	1/2	1	2596						
127	127	506	506	1.0	1/2	1/2	Chord	4/4	3	1	1/4	1/4	1	2597						
127	127	507	507	1.0	3/4	3/4	Chord	4/4	3	1	1/4	1/4	1	2598						
127	127	504	504	2.0	0	0	Chord	4/4	4	1	1/2	1/2	1	2599						
127	127	506	506	1.0	1/2	1/2	Chord	4/4	4	1	1/4	1/4	1	2600						
127	127	507	507	1.0	3/4	3/4	Chord	4/4	4	1	1/4	1/4	1	2601						
127	127	504	504	2.0	0	0	Chord	4/4	5	1	1/2	1/2	1	2602						
127	127	506	506	1.0	1/2	1/2	Chord	4/4	5	1	1/4	1/4	1	2603						
127	127	507	507	1.0	3/4	3/4	Chord	4/4	5	1	1/4	1/4	1	2604						
127	127	504	504	2.0	0	0	Chord	4/4	5	2	1/2	1/2	1	2605						
127	127	506	506	2.0	1/2	1/2	Chord	4/4	5	2	1/2	1/2	1	2606						
127	127	504	504	2.0	0	0	Chord	4/4	5	3	1/2	1/2	1	2607						
127	127	506	506	2.0	1/2	1/2	Chord	4/4	5	3	1/2	1/2	1	2608						
127	127	504	504	2.0	0	0	Chord	4/4	5	4	1/2	1/2	1	2609						
127	127	504	504	2.0	0	0	Chord	4/4	6	1	1/2	1/2	1	2610						
127	127	506	506	2.0	1/2	1/2	Chord	4/4	6	1	1/2	1/2	1	2611						
127	127	504	504	2.0	0	0	Chord	4/4	7	1	1/2	1/2	1	2612						
127	127	506	506	1.0	1/2	1/2	Chord	4/4	7	1	1/4	1/4	1	2613						
127	127	507	507	1.0	3/4	3/4	Chord	4/4	7	1	1/4	1/4	1	2614						
127	127	504	504	2.0	0	0	Chord	4/4	8	1	1/2	1/2	1	2615						
127	127	506	506	2.0	1/2	1/2	Chord	4/4	8	1	1/2	1/2	1	2616						
128	128	508	508	2.0	0	0	Chord	4/4	1	1	1/2	1/2	1	2617						
128	128	510	510	1.0	1/2	1/2	Chord	4/4	1	1	1/4	1/4	1	2618						
128	128	511	511	1.0	3/4	3/4	Chord	4/4	1	1	1/4	1/4	1	2619						
128	128	508	508	2.0	0	0	Chord	4/4	2	1	1/2	1/2	1	2620						
128	128	510	510	1.0	1/2	1/2	Chord	4/4	2	1	1/4	1/4	1	2621						
128	128	511	511	1.0	3/4	3/4	Chord	4/4	2	1	1/4	1/4	1	2622						
128	128	508	508	2.0	0	0	Chord	4/4	3	1	1/2	1/2	1	2623						
128	128	510	510	1.0	1/2	1/2	Chord	4/4	3	1	1/4	1/4	1	2624						
128	128	511	511	1.0	3/4	3/4	Chord	4/4	3	1	1/4	1/4	1	2625						
128	128	508	508	2.0	0	0	Chord	4/4	4	1	1/2	1/2	1	2626						
128	128	510	510	1.0	1/2	1/2	Chord	4/4	4	1	1/4	1/4	1	2627						
128	128	511	511	1.0	3/4	3/4	Chord	4/4	4	1	1/4	1/4	1	2628						
128	128	508	508	2.0	0	0	Chord	4/4	5	1	1/2	1/2	1	2629						
128	128	510	510	1.0	1/2	1/2	Chord	4/4	5	1	1/4	1/4	1	2630						
128	128	511	511	1.0	3/4	3/4	Chord	4/4	5	1	1/4	1/4	1	2631						
128	128	508	508	2.0	0	0	Chord	4/4	5	2	1/2	1/2	1	2632						
128	128	510	510	2.0	1/2	1/2	Chord	4/4	5	2	1/2	1/2	1	2633						
128	128	508	508	2.0	0	0	Chord	4/4	5	3	1/2	1/2	1	2634						
128	128	510	510	2.0	1/2	1/2	Chord	4/4	5	3	1/2	1/2	1	2635						
128	128	508	508	2.0	0	0	Chord	4/4	6	1	1/2	1/2	1	2636						
128	128	510	510	2.0	1/2	1/2	Chord	4/4	6	1	1/2	1/2	1	2637						
128	128	508	508	0.0	0	0	FiguredBass	4/4	7	1	0					1/2	4			
128	128	508	508	2.0	0	0	Chord	4/4	7	1	1/2	1/2	1	2638						
128	128	510	510	0.0	1/2	1/2	FiguredBass	4/4	7	1	0					1/4	3			
128	128	510	510	1.0	1/2	1/2	Chord	4/4	7	1	1/4	1/4	1	2639						
128	128	511	511	1.0	3/4	3/4	Chord	4/4	7	1	1/4	1/4	1	2640						
128	128	508	508	2.0	0	0	Chord	4/4	8	1	1/2	1/2	1	2641						
128	128	510	510	2.0	1/2	1/2	Chord	4/4	8	1	1/2	1/2	1	2642						
129	129	512	512	2.0	0	0	Chord	4/4	1	1	1/2	1/2	1	2643						
129	129	514	514	1.0	1/2	1/2	Chord	4/4	1	1	1/4	1/4	1	2644						
129	129	515	515	1.0	3/4	3/4	Chord	4/4	1	1	1/4	1/4	1	2645						
129	129	512	512	2.0	0	0	Chord	4/4	2	1	1/2	1/2	1	2646						
129	129	514	514	1.0	1/2	1/2	Chord	4/4	2	1	1/4	1/4	1	2647						
129	129	515	515	1.0	3/4	3/4	Chord	4/4	2	1	1/4	1/4	1	2648						
129	129	512	512	2.0	0	0	Chord	4/4	3	1	1/2	1/2	1	2649						
129	129	514	514	1.0	1/2	1/2	Chord	4/4	3	1	1/4	1/4	1	2650						
129	129	515	515	1.0	3/4	3/4	Chord	4/4	3	1	1/4	1/4	1	2651						
129	129	512	512	2.0	0	0	Chord	4/4	4	1	1/2	1/2	1	2652						
129	129	514	514	1.0	1/2	1/2	Chord	4/4	4	1	1/4	1/4	1	2653						
129	129	515	515	1.0	3/4	3/4	Chord	4/4	4	1	1/4	1/4	1	2654						
129	129	512	512	2.0	0	0	Chord	4/4	5	1	1/2	1/2	1	2655						
129	129	514	514	1.0	1/2	1/2	Chord	4/4	5	1	1/4	1/4	1	2656						
129	129	515	515	1.0	3/4	3/4	Chord	4/4	5	1	1/4	1/4	1	2657						
129	129	512	512	2.0	0	0	Chord	4/4	5	2	1/2	1/2	1	2658						
129	129	514	514	2.0	1/2	1/2	Chord	4/4	5	2	1/2	1/2	1	2659						
129	129	512	512	2.0	0	0	Chord	4/4	5	3	1/2	1/2	1	2660						
129	129	514	514	2.0	1/2	1/2	Chord	4/4	5	3	1/2	1/2	1	2661						
129	129	512	512	2.0	0	0	Chord	4/4	6	1	1/2	1/2	1	2662						
129	129	514	514	2.0	1/2	1/2	Chord	4/4	6	1	1/2	1/2	1	2663						
129	129	512	512	2.0	0	0	Chord	4/4	7	1	1/2	1/2	1	2664						
129	129	514	514	1.0	1/2	1/2	Chord	4/4	7	1	1/4	1/4	1	2665						
129	129	515	515	1.0	3/4	3/4	Chord	4/4	7	1	1/4	1/4	1	2666						
129	129	512	512	2.0	0	0	Chord	4/4	8	1	1/2	1/2	1	2667						
129	129	514	514	2.0	1/2	1/2	Chord	4/4	8	1	1/2	1/2	1	2668						
130	130	516	516	2.0	0	0	Chord	4/4	1	1	1/2	1/2	1	2669						
130	130	518	518	2.0	1/2	1/2	Chord	4/4	1	1	1/2	1/2	1	2670						
130	130	516	516	2.0	0	0	Chord	4/4	2	1	1/2	1/2	1	2671						
130	130	518	518	2.0	1/2	1/2	Chord	4/4	2	1	1/2	1/2	1	2672						
130	130	516	516	2.0	0	0	Chord	4/4	3	1	1/2	1/2	1	2673						
130	130	518	518	2.0	1/2	1/2	Chord	4/4	3	1	1/2	1/2	1	2674						
130	130	516	516	2.0	0	0	Chord	4/4	4	1	1/2	1/2	1	2675						
130	130	518	518	2.0	1/2	1/2	Chord	4/4	4	1	1/2	1/2	1	2676						
130	130	516	516	2.0	0	0	Chord	4/4	5	1	1/2	1/2	1	2677						
130	130	518	518	2.0	1/2	1/2	Chord	4/4	5	1	1/2	1/2	1	2678						
130	130	516	516	2.0	0	0	Chord	4/4	5	2	1/2	1/2	1	2679						
130	130	518	518	2.0	1/2	1/2	Chord	4/4	5	2	1/2	1/2	1	2680						
130	130	516	516	2.0	0	0	Chord	4/4	5	3	1/2	1/2	1	2681						
130	130	518	518	2.0	1/2	1/2	Chord	4/4	5	3	1/2	1/2	1	2682						
130	130	516	516	2.0	0	0	Chord	4/4	6	1	1/2	1/2	1	2683						
130	130	518	518	2.0	1/2	1/2	Chord	4/4	6	1	1/2	1/2	1	2684						
130	130	516	516	2.0	0	0	Chord	4/4	7	1	1/2	1/2	1	2685						
130	130	518	518	0.0	1/2	1/2	FiguredBass	4/4	7	1	0					1/2	6			
130	130	518	518	2.0	1/2	1/2	Chord	4/4	7	1	1/2	1/2	1	2686						
130	130	516	516	2.0	0	0	Chord	4/4	8	1	1/2	1/2	1	2687						
130	130	518	518	2.0	1/2	1/2	Chord	4/4	8	1	1/2	1/2	1	2688						
131	131	520	520	2.0	0	0	Chord	4/4	1	1	1/2	1/2	1	2689						
131	131	522	522	2.0	1/2	1/2	Chord	4/4	1	1	1/2	1/2	1	2690	ornamentTremblement					
131	131	520	520	2.0	0	0	Chord	4/4	2	1	1/2	1/2	1	2691						
131	131	522	522	2.0	1/2	1/2	Chord	4/4	2	1	1/2	1/2	1	2692						
131	131	520	520	2.0	0	0	Chord	4/4	3	1	1/2	1/2	1	2693						
131	131	522	522	2.0	1/2	1/2	Chord	4/4	3	1	1/2	1/2	1	2694	ornamentTremblement					
131	131	520	520	2.0	0	0	Chord	4/4	4	1	1/2	1/2	1	2695						
131	131	522	522	2.0	1/2	1/2	Chord	4/4	4	1	1/2	1/2	1	2696						
131	131	520	520	2.0	0	0	Chord	4/4	5	1	1/2	1/2	1	2697						
131	131	522	522	2.0	1/2	1/2	Chord	4/4	5	1	1/2	1/2	1	2698	ornamentTremblement					
131	131	520	520	4.0	0	0	Chord	4/4	5	2	1	1	1	2699						
131	131	520	520	2.0	0	0	Chord	4/4	5	3	1/2	1/2	1	2700						
131	131	522	522	2.0	1/2	1/2	Chord	4/4	5	3	1/2	1/2	1	2701						
131	131	520	520	2.0	0	0	Chord	4/4	6	1	1/2	1/2	1	2702						
131	131	522	522	2.0	1/2	1/2	Chord	4/4	6	1	1/2	1/2	1	2703						
131	131	520	520	0.0	0	0	FiguredBass	4/4	7	1	0					1/2	6	5	h	
131	131	520	520	2.0	0	0	Chord	4/4	7	1	1/2	1/2	1	2704						
131	131	522	522	0.0	1/2	1/2	FiguredBass	4/4	7	1	0					1/2	#			
131	131	522	522	2.0	1/2	1/2	Chord	4/4	7	1	1/2	1/2	1	2705	ornamentTremblement					
131	131	520	520	2.0	0	0	Chord	4/4	8	1	1/2	1/2	1	2706						
131	131	522	522	2.0	1/2	1/2	Chord	4/4	8	1	1/2	1/2	1	2707						
132	132	524	524	2.0	0	0	Chord	4/4	1	1	1/2	1/2	1	2708						
132	132	526	526	1.0	1/2	1/2	Chord	4/4	1	1	1/4	1/4	1	2709						
132	132	527	527	1.0	3/4	3/4	Chord	4/4	1	1	1/4	1/4	1	2710						
132	132	524	524	2.0	0	0	Chord	4/4	2	1	1/2	1/2	1	2711						
132	132	526	526	1.0	1/2	1/2	Chord	4/4	2	1	1/4	1/4	1	2712						
132	132	527	527	1.0	3/4	3/4	Chord	4/4	2	1	1/4	1/4	1	2713						
132	132	524	524	2.0	0	0	Chord	4/4	3	1	1/2	1/2	1	2714						
132	132	526	526	1.0	1/2	1/2	Chord	4/4	3	1	1/4	1/4	1	2715						
132	132	527	527	1.0	3/4	3/4	Chord	4/4	3	1	1/4	1/4	1	2716						
132	132	524	524	2.0	0	0	Chord	4/4	4	1	1/2	1/2	1	2717						
132	132	526	526	1.0	1/2	1/2	Chord	4/4	4	1	1/4	1/4	1	2718						
132	132	527	527	1.0	3/4	3/4	Chord	4/4	4	1	1/4	1/4	1	2719						
132	132	524	524	2.0	0	0	Chord	4/4	5	1	1/2	1/2	1	2720						
132	132	526	526	1.0	1/2	1/2	Chord	4/4	5	1	1/4	1/4	1	2721						
132	132	527	527	1.0	3/4	3/4	Chord	4/4	5	1	1/4	1/4	1	2722						
132	132	524	524	2.0	0	0	Chord	4/4	5	2	1/2	1/2	1	2723						
132	132	526	526	2.0	1/2	1/2	Chord	4/4	5	2	1/2	1/2	1	2724						
132	132	524	524	2.0	0	0	Chord	4/4	5	3	1/2	1/2	1	2725						
132	132	526	526	2.0	1/2	1/2	Chord	4/4	5	3	1/2	1/2	1	2726						
132	132	524	524	2.0	0	0	Chord	4/4	6	1	1/2	1/2	1	2727						
132	132	526	526	2.0	1/2	1/2	Chord	4/4	6	1	1/2	1/2	1	2728						
132	132	524	524	2.0	0	0	Chord	4/4	7	1	1/2	1/2	1	2729						
132	132	526	526	1.0	1/2	1/2	Chord	4/4	7	1	1/4	1/4	1	2730						
132	132	527	527	1.0	3/4	3/4	Chord	4/4	7	1	1/4	1/4	1	2731						
132	132	524	524	2.0	0	0	Chord	4/4	8	1	1/2	1/2	1	2732						
132	132	526	526	2.0	1/2	1/2	Chord	4/4	8	1	1/2	1/2	1	2733						
133	133	528	528	2.0	0	0	Chord	4/4	1	1	1/2	1/2	1	2734						
133	133	530	530	1.0	1/2	1/2	Chord	4/4	1	1	1/4	1/4	1	2735						
133	133	531	531	1.0	3/4	3/4	Chord	4/4	1	1	1/4	1/4	1	2736						
133	133	528	528	2.0	0	0	Chord	4/4	2	1	1/2	1/2	1	2737						
133	133	530	530	1.0	1/2	1/2	Chord	4/4	2	1	1/4	1/4	1	2738						
133	133	531	531	1.0	3/4	3/4	Chord	4/4	2	1	1/4	1/4	1	2739						
133	133	528	528	2.0	0	0	Chord	4/4	3	1	1/2	1/2	1	2740						
133	133	530	530	1.0	1/2	1/2	Chord	4/4	3	1	1/4	1/4	1	2741						
133	133	531	531	1.0	3/4	3/4	Chord	4/4	3	1	1/4	1/4	1	2742						
133	133	528	528	2.0	0	0	Chord	4/4	4	1	1/2	1/2	1	2743						
133	133	530	530	1.0	1/2	1/2	Chord	4/4	4	1	1/4	1/4	1	2744						
133	133	531	531	1.0	3/4	3/4	Chord	4/4	4	1	1/4	1/4	1	2745						
133	133	528	528	2.0	0	0	Chord	4/4	5	1	1/2	1/2	1	2746						
133	133	530	530	1.0	1/2	1/2	Chord	4/4	5	1	1/4	1/4	1	2747						
133	133	531	531	1.0	3/4	3/4	Chord	4/4	5	1	1/4	1/4	1	2748						
133	133	528	528	2.0	0	0	Chord	4/4	5	2	1/2	1/2	1	2749						
133	133	530	530	2.0	1/2	1/2	Chord	4/4	5	2	1/2	1/2	1	2750						
133	133	528	528	2.0	0	0	Chord	4/4	5	3	1/2	1/2	1	2751						
133	133	530	530	2.0	1/2	1/2	Chord	4/4	5	3	1/2	1/2	1	2752						
133	133	528	528	2.0	0	0	Chord	4/4	6	1	1/2	1/2	1	2753						
133	133	530	530	2.0	1/2	1/2	Chord	4/4	6	1	1/2	1/2	1	2754						
133	133	528	528	0.0	0	0	FiguredBass	4/4	7	1	0					1/2	6			
133	133	528	528	2.0	0	0	Chord	4/4	7	1	1/2	1/2	1	2755						
133	133	530	530	1.0	1/2	1/2	Chord	4/4	7	1	1/4	1/4	1	2756						
133	133	531	531	1.0	3/4	3/4	Chord	4/4	7	1	1/4	1/4	1	2757						
133	133	528	528	2.0	0	0	Chord	4/4	8	1	1/2	1/2	1	2758						
133	133	530	530	2.0	1/2	1/2	Chord	4/4	8	1	1/2	1/2	1	2759						
134	134	532	532	2.0	0	0	Chord	4/4	1	1	1/2	1/2	1	2760						
134	134	534	534	2.0	1/2	1/2	Chord	4/4	1	1	1/2	1/2	1	2761	ornamentTremblement					
134	134	532	532	2.0	0	0	Chord	4/4	2	1	1/2	1/2	1	2762						
134	134	534	534	2.0	1/2	1/2	Chord	4/4	2	1	1/2	1/2	1	2763	ornamentTremblement					
134	134	532	532	2.0	0	0	Chord	4/4	3	1	1/2	1/2	1	2764						
134	134	534	534	2.0	1/2	1/2	Chord	4/4	3	1	1/2	1/2	1	2765						
134	134	532	532	2.0	0	0	Chord	4/4	4	1	1/2	1/2	1	2766						
134	134	534	534	2.0	1/2	1/2	Chord	4/4	4	1	1/2	1/2	1	2767						
134	134	532	532	2.0	0	0	Chord	4/4	5	1	1/2	1/2	1	2768						
134	134	534	534	2.0	1/2	1/2	Chord	4/4	5	1	1/2	1/2	1	2769	ornamentTremblement					
134	134	532	532	2.0	0	0	Chord	4/4	5	2	1/2	1/2	1	2770						
134	134	534	534	1.0	1/2	1/2	Chord	4/4	5	2	1/4	1/4	1	2771						
134	134	535	535	1.0	3/4	3/4	Chord	4/4	5	2	1/4	1/4	1	2772						
134	134	532	532	2.0	0	0	Chord	4/4	5	3	1/2	1/2	1	2773						
134	134	534	534	2.0	1/2	1/2	Chord	4/4	5	3	1/2	1/2	1	2774						
134	134	532	532	2.0	0	0	Chord	4/4	6	1	1/2	1/2	1	2775						
134	134	534	534	2.0	1/2	1/2	Chord	4/4	6	1	1/2	1/2	1	2776						
134	134	532	532	0.0	0	0	FiguredBass	4/4	7	1	0					1/2	6	5		
134	134	532	532	2.0	0	0	Chord	4/4	7	1	1/2	1/2	1	2777						
134	134	534	534	2.0	1/2	1/2	Chord	4/4	7	1	1/2	1/2	1	2778	ornamentTremblement					
134	134	532	532	2.0	0	0	Chord	4/4	8	1	1/2	1/2	1	2779						
134	134	534	534	2.0	1/2	1/2	Chord	4/4	8	1	1/2	1/2	1	2780						
135	135	536	536	2.0	0	0	Chord	4/4	1	1	1/2	1/2	1	2781						
135	135	538	538	1.0	1/2	1/2	Chord	4/4	1	1	1/4	1/4	1	2782						
135	135	539	539	1.0	3/4	3/4	Chord	4/4	1	1	1/4	1/4	1	2783						
135	135	536	536	2.0	0	0	Chord	4/4	2	1	1/2	1/2	1	2784						
135	135	538	538	1.0	1/2	1/2	Chord	4/4	2	1	1/4	1/4	1	2785						
135	135	539	539	1.0	3/4	3/4	Chord	4/4	2	1	1/4	1/4	1	2786						
135	135	536	536	2.0	0	0	Chord	4/4	3	1	1/2	1/2	1	2787						
135	135	538	538	1.0	1/2	1/2	Chord	4/4	3	1	1/4	1/4	1	2788						
135	135	539	539	1.0	3/4	3/4	Chord	4/4	3	1	1/4	1/4	1	2789						
135	135	536	536	2.0	0	0	Chord	4/4	4	1	1/2	1/2	1	2790						
135	135	538	538	1.0	1/2	1/2	Chord	4/4	4	1	1/4	1/4	1	2791						
135	135	539	539	1.0	3/4	3/4	Chord	4/4	4	1	1/4	1/4	1	2792						
135	135	536	536	2.0	0	0	Chord	4/4	5	1	1/2	1/2	1	2793						
135	135	538	538	1.0	1/2	1/2	Chord	4/4	5	1	1/4	1/4	1	2794						
135	135	539	539	1.0	3/4	3/4	Chord	4/4	5	1	1/4	1/4	1	2795						
135	135	536	536	2.0	0	0	Chord	4/4	5	2	1/2	1/2	1	2796						
135	135	538	538	2.0	1/2	1/2	Chord	4/4	5	2	1/2	1/2	1	2797						
135	135	536	536	2.0	0	0	Chord	4/4	5	3	1/2	1/2	1	2798						
135	135	538	538	2.0	1/2	1/2	Chord	4/4	5	3	1/2	1/2	1	2799						
135	135	536	536	2.0	0	0	Chord	4/4	6	1	1/2	1/2	1	2800						
135	135	538	538	2.0	1/2	1/2	Chord	4/4	6	1	1/2	1/2	1	2801						
135	135	536	536	2.0	0	0	Chord	4/4	7	1	1/2	1/2	1	2802						
135	135	538	538	0.0	1/2	1/2	FiguredBass	4/4	7	1	0					1/4	6			
135	135	538	538	1.0	1/2	1/2	Chord	4/4	7	1	1/4	1/4	1	2803						
135	135	539	539	1.0	3/4	3/4	Chord	4/4	7	1	1/4	1/4	1	2804						
135	135	536	536	2.0	0	0	Chord	4/4	8	1	1/2	1/2	1	2805						
135	135	538	538	2.0	1/2	1/2	Chord	4/4	8	1	1/2	1/2	1	2806						
136	136	540	540	2.0	0	0	Chord	4/4	1	1	1/2	1/2	1	2807						
136	136	542	542	2.0	1/2	1/2	Chord	4/4	1	1	1/2	1/2	1	2808						
136	136	540	540	2.0	0	0	Chord	4/4	2	1	1/2	1/2	1	2809						
136	136	542	542	2.0	1/2	1/2	Chord	4/4	2	1	1/2	1/2	1	2810						
136	136	540	540	2.0	0	0	Chord	4/4	3	1	1/2	1/2	1	2811						
136	136	542	542	2.0	1/2	1/2	Chord	4/4	3	1	1/2	1/2	1	2812						
136	136	540	540	2.0	0	0	Chord	4/4	4	1	1/2	1/2	1	2813						
136	136	542	542	2.0	1/2	1/2	Chord	4/4	4	1	1/2	1/2	1	2814						
136	136	540	540	2.0	0	0	Chord	4/4	5	1	1/2	1/2	1	2815						
136	136	542	542	2.0	1/2	1/2	Chord	4/4	5	1	1/2	1/2	1	2816						
136	136	540	540	2.0	0	0	Chord	4/4	5	2	1/2	1/2	1	2817						
136	136	542	542	2.0	1/2	1/2	Chord	4/4	5	2	1/2	1/2	1	2818						
136	136	540	540	2.0	0	0	Chord	4/4	5	3	1/2	1/2	1	2819						
136	136	542	542	2.0	1/2	1/2	Chord	4/4	5	3	1/2	1/2	1	2820						
136	136	540	540	2.0	0	0	Chord	4/4	6	1	1/2	1/2	1	2821						
136	136	542	542	2.0	1/2	1/2	Chord	4/4	6	1	1/2	1/2	1	2822						
136	136	540	540	0.0	0	0	FiguredBass	4/4	7	1	0					1/2	4			
136	136	540	540	2.0	0	0	Chord	4/4	7	1	1/2	1/2	1	2823						
136	136	542	542	0.0	1/2	1/2	FiguredBass	4/4	7	1	0					1/2	6			
136	136	542	542	2.0	1/2	1/2	Chord	4/4	7	1	1/2	1/2	1	2824						
136	136	540	540	2.0	0	0	Chord	4/4	8	1	1/2	1/2	1	2825						
136	136	542	542	2.0	1/2	1/2	Chord	4/4	8	1	1/2	1/2	1	2826						
137	137	544	544	2.0	0	0	Chord	4/4	1	1	1/2	1/2	1	2827						
137	137	546	546	2.0	1/2	1/2	Chord	4/4	1	1	1/2	1/2	1	2828	ornamentTremblement					
137	137	544	544	2.0	0	0	Chord	4/4	2	1	1/2	1/2	1	2829						
137	137	546	546	2.0	1/2	1/2	Chord	4/4	2	1	1/2	1/2	1	2830						
137	137	544	544	2.0	0	0	Chord	4/4	3	1	1/2	1/2	1	2831						
137	137	546	546	2.0	1/2	1/2	Chord	4/4	3	1	1/2	1/2	1	2832	ornamentTremblement					
137	137	544	544	2.0	0	0	Chord	4/4	4	1	1/2	1/2	1	2833						
137	137	546	546	2.0	1/2	1/2	Chord	4/4	4	1	1/2	1/2	1	2834						
137	137	544	544	2.0	0	0	Chord	4/4	5	1	1/2	1/2	1	2835						
137	137	546	546	2.0	1/2	1/2	Chord	4/4	5	1	1/2	1/2	1	2836	ornamentTremblement					
137	137	544	544	2.0	0	0	Chord	4/4	5	2	1/2	1/2	1	2837						
137	137	546	546	2.0	1/2	1/2	Chord	4/4	5	2	1/2	1/2	1	2838						
137	137	544	544	2.0	0	0	Chord	4/4	5	3	1/2	1/2	1	2839						
137	137	546	546	2.0	1/2	1/2	Chord	4/4	5	3	1/2	1/2	1	2840						
137	137	544	544	2.0	0	0	Chord	4/4	6	1	1/2	1/2	1	2841						
137	137	546	546	2.0	1/2	1/2	Chord	4/4	6	1	1/2	1/2	1	2842						
137	137	544	544	0.0	0	0	FiguredBass	4/4	7	1	0					1/2	7			
137	137	544	544	2.0	0	0	Chord	4/4	7	1	1/2	1/2	1	2843						
137	137	546	546	0.0	1/2	1/2	FiguredBass	4/4	7	1	0					1/2	#			
137	137	546	546	2.0	1/2	1/2	Chord	4/4	7	1	1/2	1/2	1	2844	ornamentTremblement					
137	137	544	544	2.0	0	0	Chord	4/4	8	1	1/2	1/2	1	2845						
137	137	546	546	2.0	1/2	1/2	Chord	4/4	8	1	1/2	1/2	1	2846						
138	138	548	548	2.0	0	0	Chord	4/4	1	1	1/2	1/2	1	2847						
138	138	550	550	1.0	1/2	1/2	Chord	4/4	1	1	1/4	1/4	1	2848						
138	138	551	551	1.0	3/4	3/4	Chord	4/4	1	1	1/4	1/4	1	2849						
138	138	548	548	2.0	0	0	Chord	4/4	2	1	1/2	1/2	1	2850						
138	138	550	550	1.0	1/2	1/2	Chord	4/4	2	1	1/4	1/4	1	2851						
138	138	551	551	1.0	3/4	3/4	Chord	4/4	2	1	1/4	1/4	1	2852						
138	138	548	548	2.0	0	0	Chord	4/4	3	1	1/2	1/2	1	2853						
138	138	550	550	1.0	1/2	1/2	Chord	4/4	3	1	1/4	1/4	1	2854						
138	138	551	551	1.0	3/4	3/4	Chord	4/4	3	1	1/4	1/4	1	2855						
138	138	548	548	2.0	0	0	Chord	4/4	4	1	1/2	1/2	1	2856						
138	138	550	550	1.0	1/2	1/2	Chord	4/4	4	1	1/4	1/4	1	2857						
138	138	551	551	1.0	3/4	3/4	Chord	4/4	4	1	1/4	1/4	1	2858						
138	138	548	548	2.0	0	0	Chord	4/4	5	1	1/2	1/2	1	2859						
138	138	550	550	1.0	1/2	1/2	Chord	4/4	5	1	1/4	1/4	1	2860						
138	138	551	551	1.0	3/4	3/4	Chord	4/4	5	1	1/4	1/4	1	2861						
138	138	548	548	2.0	0	0	Chord	4/4	5	2	1/2	1/2	1	2862						
138	138	550	550	2.0	1/2	1/2	Chord	4/4	5	2	1/2	1/2	1	2863						
138	138	548	548	2.0	0	0	Chord	4/4	5	3	1/2	1/2	1	2864						
138	138	550	550	2.0	1/2	1/2	Chord	4/4	5	3	1/2	1/2	1	2865						
138	138	548	548	2.0	0	0	Chord	4/4	6	1	1/2	1/2	1	2866						
138	138	550	550	2.0	1/2	1/2	Chord	4/4	6	1	1/2	1/2	1	2867						
138	138	548	548	2.0	0	0	Chord	4/4	7	1	1/2	1/2	1	2868						
138	138	550	550	0.0	1/2	1/2	FiguredBass	4/4	7	1	0					1/4	6			
138	138	550	550	1.0	1/2	1/2	Chord	4/4	7	1	1/4	1/4	1	2869						
138	138	551	551	1.0	3/4	3/4	Chord	4/4	7	1	1/4	1/4	1	2870						
138	138	548	548	2.0	0	0	Chord	4/4	8	1	1/2	1/2	1	2871						
138	138	550	550	2.0	1/2	1/2	Chord	4/4	8	1	1/2	1/2	1	2872						
139	139	552	552	2.0	0	0	Chord	4/4	1	1	1/2	1/2	1	2873						
139	139	554	554	2.0	1/2	1/2	Chord	4/4	1	1	1/2	1/2	1	2874						
139	139	552	552	2.0	0	0	Chord	4/4	2	1	1/2	1/2	1	2875						
139	139	554	554	2.0	1/2	1/2	Chord	4/4	2	1	1/2	1/2	1	2876						
139	139	552	552	2.0	0	0	Chord	4/4	3	1	1/2	1/2	1	2877						
139	139	554	554	2.0	1/2	1/2	Chord	4/4	3	1	1/2	1/2	1	2878						
139	139	552	552	2.0	0	0	Chord	4/4	4	1	1/2	1/2	1	2879						
139	139	554	554	2.0	1/2	1/2	Chord	4/4	4	1	1/2	1/2	1	2880						
139	139	552	552	2.0	0	0	Chord	4/4	5	1	1/2	1/2	1	2881						
139	139	554	554	2.0	1/2	1/2	Chord	4/4	5	1	1/2	1/2	1	2882						
139	139	552	552	2.0	0	0	Chord	4/4	5	2	1/2	1/2	1	2883						
139	139	554	554	2.0	1/2	1/2	Chord	4/4	5	2	1/2	1/2	1	2884						
139	139	552	552	2.0	0	0	Chord	4/4	5	3	1/2	1/2	1	2885						
139	139	554	554	2.0	1/2	1/2	Chord	4/4	5	3	1/2	1/2	1	2886						
139	139	552	552	2.0	0	0	Chord	4/4	6	1	1/2	1/2	1	2887						
139	139	554	554	2.0	1/2	1/2	Chord	4/4	6	1	1/2	1/2	1	2888						
139	139	552	552	0.0	0	0	FiguredBass	4/4	7	1	0					1/2	7			
139	139	552	552	2.0	0	0	Chord	4/4	7	1	1/2	1/2	1	2889						
139	139	554	554	2.0	1/2	1/2	Chord	4/4	7	1	1/2	1/2	1	2890						
139	139	552	552	2.0	0	0	Chord	4/4	8	1	1/2	1/2	1	2891						
139	139	554	554	2.0	1/2	1/2	Chord	4/4	8	1	1/2	1/2	1	2892						
140	140	556	556	1.0	0	0	Chord	4/4	1	1	1/4	1/4	1	2893						
140	140	557	557	1.0	1/4	1/4	Chord	4/4	1	1	1/4	1/4	1	2894						
140	140	558	558	1.0	1/2	1/2	Chord	4/4	1	1	1/4	1/4	1	2895						
140	140	559	559	1.0	3/4	3/4	Chord	4/4	1	1	1/4	1/4	1	2896						
140	140	556	556	1.0	0	0	Chord	4/4	2	1	1/4	1/4	1	2897						
140	140	557	557	1.0	1/4	1/4	Chord	4/4	2	1	1/4	1/4	1	2898						
140	140	558	558	1.0	1/2	1/2	Chord	4/4	2	1	1/4	1/4	1	2899						
140	140	559	559	1.0	3/4	3/4	Chord	4/4	2	1	1/4	1/4	1	2900						
140	140	556	556	1.0	0	0	Chord	4/4	3	1	1/4	1/4	1	2901						
140	140	557	557	1.0	1/4	1/4	Chord	4/4	3	1	1/4	1/4	1	2902						
140	140	558	558	1.0	1/2	1/2	Chord	4/4	3	1	1/4	1/4	1	2903						
140	140	559	559	1.0	3/4	3/4	Chord	4/4	3	1	1/4	1/4	1	2904						
140	140	556	556	1.0	0	0	Chord	4/4	4	1	1/4	1/4	1	2905						
140	140	557	557	1.0	1/4	1/4	Chord	4/4	4	1	1/4	1/4	1	2906						
140	140	558	558	1.0	1/2	1/2	Chord	4/4	4	1	1/4	1/4	1	2907						
140	140	559	559	1.0	3/4	3/4	Chord	4/4	4	1	1/4	1/4	1	2908						
140	140	556	556	1.0	0	0	Chord	4/4	5	1	1/4	1/4	1	2909						
140	140	557	557	1.0	1/4	1/4	Chord	4/4	5	1	1/4	1/4	1	2910						
140	140	558	558	1.0	1/2	1/2	Chord	4/4	5	1	1/4	1/4	1	2911						
140	140	559	559	1.0	3/4	3/4	Chord	4/4	5	1	1/4	1/4	1	2912						
140	140	556	556	4.0	0	0	Chord	4/4	5	2	1	1	1	2913						
140	140	556	556	2.0	0	0	Chord	4/4	5	3	1/2	1/2	1	2914						
140	140	558	558	2.0	1/2	1/2	Chord	4/4	5	3	1/2	1/2	1	2915						
140	140	556	556	2.0	0	0	Chord	4/4	6	1	1/2	1/2	1	2916						
140	140	558	558	2.0	1/2	1/2	Chord	4/4	6	1	1/2	1/2	1	2917						
140	140	556	556	1.0	0	0	Chord	4/4	7	1	1/4	1/4	1	2918						
140	140	557	557	1.0	1/4	1/4	Chord	4/4	7	1	1/4	1/4	1	2919						
140	140	558	558	0.0	1/2	1/2	FiguredBass	4/4	7	1	0					1/4	5			
140	140	558	558	1.0	1/2	1/2	Chord	4/4	7	1	1/4	1/4	1	2920						
140	140	559	559	1.0	3/4	3/4	Chord	4/4	7	1	1/4	1/4	1	2921						
140	140	556	556	2.0	0	0	Chord	4/4	8	1	1/2	1/2	1	2922						
140	140	558	558	2.0	1/2	1/2	Chord	4/4	8	1	1/2	1/2	1	2923						
141	141	560	560	3.0	0	0	Chord	4/4	1	1	3/4	1/2	3/2	2924						
141	141	563	563	1.0	3/4	3/4	Chord	4/4	1	1	1/4	1/4	1	2925						
141	141	560	560	3.0	0	0	Chord	4/4	2	1	3/4	1/2	3/2	2926						
141	141	563	563	1.0	3/4	3/4	Chord	4/4	2	1	1/4	1/4	1	2927						
141	141	560	560	3.0	0	0	Chord	4/4	3	1	3/4	1/2	3/2	2928						
141	141	563	563	1.0	3/4	3/4	Chord	4/4	3	1	1/4	1/4	1	2929						
141	141	560	560	3.0	0	0	Chord	4/4	4	1	3/4	1/2	3/2	2930						
141	141	563	563	1.0	3/4	3/4	Chord	4/4	4	1	1/4	1/4	1	2931						
141	141	560	560	3.0	0	0	Chord	4/4	5	1	3/4	1/2	3/2	2932						
141	141	563	563	1.0	3/4	3/4	Chord	4/4	5	1	1/4	1/4	1	2933						
141	141	560	560	3.0	0	0	Chord	4/4	5	2	3/4	1/2	3/2	2934						
141	141	563	563	1.0	3/4	3/4	Chord	4/4	5	2	1/4	1/4	1	2935						
141	141	560	560	3.0	0	0	Chord	4/4	5	3	3/4	1/2	3/2	2936						
141	141	563	563	1.0	3/4	3/4	Chord	4/4	5	3	1/4	1/4	1	2937						
141	141	560	560	3.0	0	0	Chord	4/4	6	1	3/4	1/2	3/2	2938						
141	141	563	563	1.0	3/4	3/4	Chord	4/4	6	1	1/4	1/4	1	2939						
141	141	560	560	3.0	0	0	Chord	4/4	7	1	3/4	1/2	3/2	2940						
141	141	563	563	1.0	3/4	3/4	Chord	4/4	7	1	1/4	1/4	1	2941						
141	141	560	560	3.0	0	0	Chord	4/4	8	1	3/4	1/2	3/2	2942						
141	141	563	563	1.0	3/4	3/4	Chord	4/4	8	1	1/4	1/4	1	2943						
142	142	564	564	2.0	0	0	Chord	4/4	1	1	1/2	1/2	1	2944						
142	142	566	566	2.0	1/2	1/2	Chord	4/4	1	1	1/2	1/2	1	2945	ornamentTremblement					
142	142	564	564	2.0	0	0	Chord	4/4	2	1	1/2	1/2	1	2946						
142	142	566	566	2.0	1/2	1/2	Chord	4/4	2	1	1/2	1/2	1	2947	ornamentTremblement					
142	142	564	564	2.0	0	0	Chord	4/4	3	1	1/2	1/2	1	2948						
142	142	566	566	2.0	1/2	1/2	Chord	4/4	3	1	1/2	1/2	1	2949						
142	142	564	564	2.0	0	0	Chord	4/4	4	1	1/2	1/2	1	2950						
142	142	566	566	2.0	1/2	1/2	Chord	4/4	4	1	1/2	1/2	1	2951						
142	142	564	564	2.0	0	0	Chord	4/4	5	1	1/2	1/2	1	2952						
142	142	566	566	2.0	1/2	1/2	Chord	4/4	5	1	1/2	1/2	1	2953	ornamentTremblement					
142	142	564	564	2.0	0	0	Chord	4/4	5	2	1/2	1/2	1	2954						
142	142	566	566	2.0	1/2	1/2	Chord	4/4	5	2	1/2	1/2	1	2955						
142	142	564	564	2.0	0	0	Chord	4/4	5	3	1/2	1/2	1	2956						
142	142	566	566	2.0	1/2	1/2	Chord	4/4	5	3	1/2	1/2	1	2957						
142	142	564	564	2.0	0	0	Chord	4/4	6	1	1/2	1/2	1	2958						
142	142	566	566	2.0	1/2	1/2	Chord	4/4	6	1	1/2	1/2	1	2959						
142	142	564	564	0.0	0	0	FiguredBass	4/4	7	1	0					1/2	6	5		
142	142	564	564	2.0	0	0	Chord	4/4	7	1	1/2	1/2	1	2960						
142	142	566	566	2.0	1/2	1/2	Chord	4/4	7	1	1/2	1/2	1	2961	ornamentTremblement					
142	142	564	564	2.0	0	0	Chord	4/4	8	1	1/2	1/2	1	2962						
142	142	566	566	2.0	1/2	1/2	Chord	4/4	8	1	1/2	1/2	1	2963						
143	143	568	568	2.0	0	0	Chord	4/4	1	1	1/2	1/2	1	2964						
143	143	570	570	1.0	1/2	1/2	Chord	4/4	1	1	1/4	1/4	1	2965						
143	143	571	571	1.0	3/4	3/4	Chord	4/4	1	1	1/4	1/4	1	2966						
143	143	568	568	2.0	0	0	Chord	4/4	2	1	1/2	1/2	1	2967						
143	143	570	570	1.0	1/2	1/2	Chord	4/4	2	1	1/4	1/4	1	2968						
143	143	571	571	1.0	3/4	3/4	Chord	4/4	2	1	1/4	1/4	1	2969						
143	143	568	568	2.0	0	0	Chord	4/4	3	1	1/2	1/2	1	2970						
143	143	570	570	1.0	1/2	1/2	Chord	4/4	3	1	1/4	1/4	1	2971						
143	143	571	571	1.0	3/4	3/4	Chord	4/4	3	1	1/4	1/4	1	2972						
143	143	568	568	2.0	0	0	Chord	4/4	4	1	1/2	1/2	1	2973						
143	143	570	570	1.0	1/2	1/2	Chord	4/4	4	1	1/4	1/4	1	2974						
143	143	571	571	1.0	3/4	3/4	Chord	4/4	4	1	1/4	1/4	1	2975						
143	143	568	568	2.0	0	0	Chord	4/4	5	1	1/2	1/2	1	2976						
143	143	570	570	1.0	1/2	1/2	Chord	4/4	5	1	1/4	1/4	1	2977						
143	143	571	571	1.0	3/4	3/4	Chord	4/4	5	1	1/4	1/4	1	2978						
143	143	568	568	2.0	0	0	Chord	4/4	5	2	1/2	1/2	1	2979						
143	143	570	570	2.0	1/2	1/2	Chord	4/4	5	2	1/2	1/2	1	2980						
143	143	568	568	2.0	0	0	Chord	4/4	5	3	1/2	1/2	1	2981						
143	143	570	570	2.0	1/2	1/2	Chord	4/4	5	3	1/2	1/2	1	2982						
143	143	568	568	2.0	0	0	Chord	4/4	6	1	1/2	1/2	1	2983						
143	143	570	570	2.0	1/2	1/2	Chord	4/4	6	1	1/2	1/2	1	2984						
143	143	568	568	2.0	0	0	Chord	4/4	7	1	1/2	1/2	1	2985						
143	143	570	570	1.0	1/2	1/2	Chord	4/4	7	1	1/4	1/4	1	2986						
143	143	571	571	1.0	3/4	3/4	Chord	4/4	7	1	1/4	1/4	1	2987						
143	143	568	568	2.0	0	0	Chord	4/4	8	1	1/2	1/2	1	2988						
143	143	570	570	2.0	1/2	1/2	Chord	4/4	8	1	1/2	1/2	1	2989						
144	144	572	572	2.0	0	0	Chord	4/4	1	1	1/2	1/2	1	2990						
144	144	574	574	2.0	1/2	1/2	Chord	4/4	1	1	1/2	1/2	1	2991						
144	144	572	572	2.0	0	0	Chord	4/4	2	1	1/2	1/2	1	2992						
144	144	574	574	2.0	1/2	1/2	Chord	4/4	2	1	1/2	1/2	1	2993						
144	144	572	572	2.0	0	0	Chord	4/4	3	1	1/2	1/2	1	2994						
144	144	574	574	2.0	1/2	1/2	Chord	4/4	3	1	1/2	1/2	1	2995						
144	144	572	572	2.0	0	0	Chord	4/4	4	1	1/2	1/2	1	2996						
144	144	574	574	2.0	1/2	1/2	Chord	4/4	4	1	1/2	1/2	1	2997						
144	144	572	572	2.0	0	0	Chord	4/4	5	1	1/2	1/2	1	2998						
144	144	574	574	2.0	1/2	1/2	Chord	4/4	5	1	1/2	1/2	1	2999						
144	144	572	572	2.0	0	0	Chord	4/4	5	2	1/2	1/2	1	3000						
144	144	574	574	2.0	1/2	1/2	Chord	4/4	5	2	1/2	1/2	1	3001						
144	144	572	572	2.0	0	0	Chord	4/4	5	3	1/2	1/2	1	3002						
144	144	574	574	2.0	1/2	1/2	Chord	4/4	5	3	1/2	1/2	1	3003						
144	144	572	572	2.0	0	0	Chord	4/4	6	1	1/2	1/2	1	3004						
144	144	574	574	2.0	1/2	1/2	Chord	4/4	6	1	1/2	1/2	1	3005						
144	144	572	572	0.0	0	0	FiguredBass	4/4	7	1	0					1/2	6			
144	144	572	572	2.0	0	0	Chord	4/4	7	1	1/2	1/2	1	3006						
144	144	574	574	0.0	1/2	1/2	FiguredBass	4/4	7	1	0					1/2	6			
144	144	574	574	2.0	1/2	1/2	Chord	4/4	7	1	1/2	1/2	1	3007						
144	144	572	572	2.0	0	0	Chord	4/4	8	1	1/2	1/2	1	3008						
144	144	574	574	2.0	1/2	1/2	Chord	4/4	8	1	1/2	1/2	1	3009						
145	145	576	576	2.0	0	0	Chord	4/4	1	1	1/2	1/2	1	3010						
145	145	578	578	2.0	1/2	1/2	Chord	4/4	1	1	1/2	1/2	1	3011	ornamentTremblement					
145	145	576	576	2.0	0	0	Chord	4/4	2	1	1/2	1/2	1	3012						
145	145	578	578	2.0	1/2	1/2	Chord	4/4	2	1	1/2	1/2	1	3013						
145	145	576	576	2.0	0	0	Chord	4/4	3	1	1/2	1/2	1	3014						
145	145	578	578	2.0	1/2	1/2	Chord	4/4	3	1	1/2	1/2	1	3015	ornamentTremblement					
145	145	576	576	2.0	0	0	Chord	4/4	4	1	1/2	1/2	1	3016						
145	145	578	578	2.0	1/2	1/2	Chord	4/4	4	1	1/2	1/2	1	3017						
145	145	576	576	2.0	0	0	Chord	4/4	5	1	1/2	1/2	1	3018						
145	145	578	578	2.0	1/2	1/2	Chord	4/4	5	1	1/2	1/2	1	3019	ornamentTremblement					
145	145	576	576	4.0	0	0	Chord	4/4	5	2	1	1	1	3020						
145	145	576	576	2.0	0	0	Chord	4/4	5	3	1/2	1/2	1	3021						
145	145	578	578	2.0	1/2	1/2	Chord	4/4	5	3	1/2	1/2	1	3022						
145	145	576	576	2.0	0	0	Chord	4/4	6	1	1/2	1/2	1	3023						
145	145	578	578	2.0	1/2	1/2	Chord	4/4	6	1	1/2	1/2	1	3024						
145	145	576	576	0.0	0	0	FiguredBass	4/4	7	1	0					1/2	h			
145	145	576	576	2.0	0	0	Chord	4/4	7	1	1/2	1/2	1	3025						
145	145	578	578	0.0	1/2	1/2	FiguredBass	4/4	7	1	0					1/2	#			
145	145	578	578	2.0	1/2	1/2	Chord	4/4	7	1	1/2	1/2	1	3026	ornamentTremblement					
145	145	576	576	2.0	0	0	Chord	4/4	8	1	1/2	1/2	1	3027						
145	145	578	578	2.0	1/2	1/2	Chord	4/4	8	1	1/2	1/2	1	3028						
146	146	580	580	2.0	0	0	Chord	4/4	1	1	1/2	1/2	1	3029						
146	146	582	582	1.0	1/2	1/2	Chord	4/4	1	1	1/4	1/4	1	3030						
146	146	583	583	1.0	3/4	3/4	Chord	4/4	1	1	1/4	1/4	1	3031						
146	146	580	580	2.0	0	0	Chord	4/4	2	1	1/2	1/2	1	3032						
146	146	582	582	1.0	1/2	1/2	Chord	4/4	2	1	1/4	1/4	1	3033						
146	146	583	583	1.0	3/4	3/4	Chord	4/4	2	1	1/4	1/4	1	3034						
146	146	580	580	2.0	0	0	Chord	4/4	3	1	1/2	1/2	1	3035						
146	146	582	582	1.0	1/2	1/2	Chord	4/4	3	1	1/4	1/4	1	3036						
146	146	583	583	1.0	3/4	3/4	Chord	4/4	3	1	1/4	1/4	1	3037						
146	146	580	580	2.0	0	0	Chord	4/4	4	1	1/2	1/2	1	3038						
146	146	582	582	1.0	1/2	1/2	Chord	4/4	4	1	1/4	1/4	1	3039						
146	146	583	583	1.0	3/4	3/4	Chord	4/4	4	1	1/4	1/4	1	3040						
146	146	580	580	2.0	0	0	Chord	4/4	5	1	1/2	1/2	1	3041						
146	146	582	582	1.0	1/2	1/2	Chord	4/4	5	1	1/4	1/4	1	3042						
146	146	583	583	1.0	3/4	3/4	Chord	4/4	5	1	1/4	1/4	1	3043						
146	146	580	580	2.0	0	0	Chord	4/4	5	2	1/2	1/2	1	3044						
146	146	582	582	2.0	1/2	1/2	Chord	4/4	5	2	1/2	1/2	1	3045						
146	146	580	580	2.0	0	0	Chord	4/4	5	3	1/2	1/2	1	3046						
146	146	582	582	2.0	1/2	1/2	Chord	4/4	5	3	1/2	1/2	1	3047						
146	146	580	580	2.0	0	0	Chord	4/4	6	1	1/2	1/2	1	3048						
146	146	582	582	2.0	1/2	1/2	Chord	4/4	6	1	1/2	1/2	1	3049						
146	146	580	580	2.0	0	0	Chord	4/4	7	1	1/2	1/2	1	3050						
146	146	582	582	1.0	1/2	1/2	Chord	4/4	7	1	1/4	1/4	1	3051						
146	146	583	583	1.0	3/4	3/4	Chord	4/4	7	1	1/4	1/4	1	3052						
146	146	580	580	2.0	0	0	Chord	4/4	8	1	1/2	1/2	1	3053						
146	146	582	582	2.0	1/2	1/2	Chord	4/4	8	1	1/2	1/2	1	3054						
147	147	584	584	2.0	0	0	Chord	4/4	1	1	1/2	1/2	1	3055						
147	147	586	586	2.0	1/2	1/2	Chord	4/4	1	1	1/2	1/2	1	3056						
147	147	584	584	2.0	0	0	Chord	4/4	2	1	1/2	1/2	1	3057						
147	147	586	586	2.0	1/2	1/2	Chord	4/4	2	1	1/2	1/2	1	3058						
147	147	584	584	2.0	0	0	Chord	4/4	3	1	1/2	1/2	1	3059						
147	147	586	586	2.0	1/2	1/2	Chord	4/4	3	1	1/2	1/2	1	3060						
147	147	584	584	2.0	0	0	Chord	4/4	4	1	1/2	1/2	1	3061						
147	147	586	586	2.0	1/2	1/2	Chord	4/4	4	1	1/2	1/2	1	3062						
147	147	584	584	2.0	0	0	Chord	4/4	5	1	1/2	1/2	1	3063						
147	147	586	586	2.0	1/2	1/2	Chord	4/4	5	1	1/2	1/2	1	3064						
147	147	584	584	2.0	0	0	Chord	4/4	5	2	1/2	1/2	1	3065						
147	147	586	586	2.0	1/2	1/2	Chord	4/4	5	2	1/2	1/2	1	3066						
147	147	584	584	2.0	0	0	Chord	4/4	5	3	1/2	1/2	1	3067						
147	147	586	586	2.0	1/2	1/2	Chord	4/4	5	3	1/2	1/2	1	3068						
147	147	584	584	2.0	0	0	Chord	4/4	6	1	1/2	1/2	1	3069						
147	147	586	586	2.0	1/2	1/2	Chord	4/4	6	1	1/2	1/2	1	3070						
147	147	584	584	0.0	0	0	FiguredBass	4/4	7	1	0					1/2	6			
147	147	584	584	2.0	0	0	Chord	4/4	7	1	1/2	1/2	1	3071						
147	147	586	586	2.0	1/2	1/2	Chord	4/4	7	1	1/2	1/2	1	3072						
147	147	584	584	2.0	0	0	Chord	4/4	8	1	1/2	1/2	1	3073						
147	147	586	586	2.0	1/2	1/2	Chord	4/4	8	1	1/2	1/2	1	3074						
148	148	588	588	4.0	0	0	Chord	4/4	1	1	1	1	1	3075	ornamentTremblement					
148	148	588	588	2.0	0	0	Chord	4/4	2	1	1/2	1/2	1	3076						28
148	148	590	590	2.0	1/2	1/2	Chord	4/4	2	1	1/2	1/2	1	3077						
148	148	588	588	2.0	0	0	Chord	4/4	3	1	1/2	1/2	1	3078						29
148	148	590	590	2.0	1/2	1/2	Chord	4/4	3	1	1/2	1/2	1	3079						
148	148	588	588	2.0	0	0	Chord	4/4	4	1	1/2	1/2	1	3080						
148	148	590	590	2.0	1/2	1/2	Chord	4/4	4	1	1/2	1/2	1	3081						
148	148	588	588	4.0	0	0	Chord	4/4	5	1	1	1	1	3082	ornamentTremblement					
148	148	588	588	4.0	0	0	Chord	4/4	5	2	1	1	1	3083						
148	148	588	588	2.0	0	0	Chord	4/4	5	3	1/2	1/2	1	3084						
148	148	590	590	2.0	1/2	1/2	Chord	4/4	5	3	1/2	1/2	1	3085						
148	148	588	588	2.0	0	0	Chord	4/4	6	1	1/2	1/2	1	3086						
148	148	590	590	2.0	1/2	1/2	Chord	4/4	6	1	1/2	1/2	1	3087						
148	148	588	588	0.0	0	0	FiguredBass	4/4	7	1	0					1	6			
148	148	588	588	4.0	0	0	Chord	4/4	7	1	1	1	1	3088	ornamentTremblement					
148	148	588	588	2.0	0	0	Chord	4/4	8	1	1/2	1/2	1	3089						
148	148	590	590	2.0	1/2	1/2	Chord	4/4	8	1	1/2	1/2	1	3090						
149	149	592	592	2.0	0	0	Chord	4/4	1	1	1/2	1/2	1	3091						
149	149	594	594	1.0	1/2	1/2	Chord	4/4	1	1	1/4	1/4	1	3092						
149	149	595	595	1.0	3/4	3/4	Chord	4/4	1	1	1/4	1/4	1	3093						
149	149	592	592	2.0	0	0	Chord	4/4	2	1	1/2	1/2	1	3094						
149	149	594	594	1.0	1/2	1/2	Chord	4/4	2	1	1/4	1/4	1	3095						
149	149	595	595	1.0	3/4	3/4	Chord	4/4	2	1	1/4	1/4	1	3096						
149	149	592	592	2.0	0	0	Chord	4/4	3	1	1/2	1/2	1	3097						
149	149	594	594	1.0	1/2	1/2	Chord	4/4	3	1	1/4	1/4	1	3098						
149	149	595	595	1.0	3/4	3/4	Chord	4/4	3	1	1/4	1/4	1	3099						
149	149	592	592	2.0	0	0	Chord	4/4	4	1	1/2	1/2	1	3100						
149	149	594	594	1.0	1/2	1/2	Chord	4/4	4	1	1/4	1/4	1	3101						
149	149	595	595	1.0	3/4	3/4	Chord	4/4	4	1	1/4	1/4	1	3102						
149	149	592	592	2.0	0	0	Chord	4/4	5	1	1/2	1/2	1	3103						
149	149	594	594	1.0	1/2	1/2	Chord	4/4	5	1	1/4	1/4	1	3104						
149	149	595	595	1.0	3/4	3/4	Chord	4/4	5	1	1/4	1/4	1	3105						
149	149	592	592	2.0	0	0	Chord	4/4	5	2	1/2	1/2	1	3106						
149	149	594	594	2.0	1/2	1/2	Chord	4/4	5	2	1/2	1/2	1	3107						
149	149	592	592	2.0	0	0	Chord	4/4	5	3	1/2	1/2	1	3108						
149	149	594	594	2.0	1/2	1/2	Chord	4/4	5	3	1/2	1/2	1	3109						
149	149	592	592	2.0	0	0	Chord	4/4	5	4	1/2	1/2	1	3110						
149	149	592	592	2.0	0	0	Chord	4/4	6	1	1/2	1/2	1	3111						
149	149	594	594	2.0	1/2	1/2	Chord	4/4	6	1	1/2	1/2	1	3112						
149	149	592	592	2.0	0	0	Chord	4/4	7	1	1/2	1/2	1	3113						
149	149	594	594	1.0	1/2	1/2	Chord	4/4	7	1	1/4	1/4	1	3114						
149	149	595	595	1.0	3/4	3/4	Chord	4/4	7	1	1/4	1/4	1	3115						
149	149	592	592	2.0	0	0	Chord	4/4	8	1	1/2	1/2	1	3116						
149	149	594	594	2.0	1/2	1/2	Chord	4/4	8	1	1/2	1/2	1	3117						
150	150	596	596	2.0	0	0	Chord	4/4	1	1	1/2	1/2	1	3118						
150	150	598	598	2.0	1/2	1/2	Chord	4/4	1	1	1/2	1/2	1	3119						
150	150	596	596	2.0	0	0	Chord	4/4	2	1	1/2	1/2	1	3120						
150	150	598	598	2.0	1/2	1/2	Chord	4/4	2	1	1/2	1/2	1	3121						
150	150	596	596	2.0	0	0	Chord	4/4	3	1	1/2	1/2	1	3122						
150	150	598	598	2.0	1/2	1/2	Chord	4/4	3	1	1/2	1/2	1	3123						
150	150	596	596	2.0	0	0	Chord	4/4	4	1	1/2	1/2	1	3124						
150	150	598	598	2.0	1/2	1/2	Chord	4/4	4	1	1/2	1/2	1	3125						
150	150	596	596	2.0	0	0	Chord	4/4	5	1	1/2	1/2	1	3126						
150	150	598	598	2.0	1/2	1/2	Chord	4/4	5	1	1/2	1/2	1	3127						
150	150	596	596	2.0	0	0	Chord	4/4	5	2	1/2	1/2	1	3128						
150	150	598	598	2.0	1/2	1/2	Chord	4/4	5	2	1/2	1/2	1	3129						
150	150	596	596	2.0	0	0	Chord	4/4	5	3	1/2	1/2	1	3130						
150	150	598	598	2.0	1/2	1/2	Chord	4/4	5	3	1/2	1/2	1	3131						
150	150	596	596	2.0	0	0	Chord	4/4	6	1	1/2	1/2	1	3132						
150	150	598	598	2.0	1/2	1/2	Chord	4/4	6	1	1/2	1/2	1	3133						
150	150	596	596	0.0	0	0	FiguredBass	4/4	7	1	0					1/2	6			
150	150	596	596	2.0	0	0	Chord	4/4	7	1	1/2	1/2	1	3134						
150	150	598	598	0.0	1/2	1/2	FiguredBass	4/4	7	1	0					1/2	6			
150	150	598	598	2.0	1/2	1/2	Chord	4/4	7	1	1/2	1/2	1	3135						
150	150	596	596	2.0	0	0	Chord	4/4	8	1	1/2	1/2	1	3136						
150	150	598	598	2.0	1/2	1/2	Chord	4/4	8	1	1/2	1/2	1	3137						
151	151	600	600	2.0	0	0	Chord	4/4	1	1	1/2	1/2	1	3138						
151	151	602	602	2.0	1/2	1/2	Chord	4/4	1	1	1/2	1/2	1	3139	ornamentTremblement					
151	151	600	600	2.0	0	0	Chord	4/4	2	1	1/2	1/2	1	3140						
151	151	602	602	2.0	1/2	1/2	Chord	4/4	2	1	1/2	1/2	1	3141						
151	151	600	600	2.0	0	0	Chord	4/4	3	1	1/2	1/2	1	3142						
151	151	602	602	2.0	1/2	1/2	Chord	4/4	3	1	1/2	1/2	1	3143	ornamentTremblement					
151	151	600	600	2.0	0	0	Chord	4/4	4	1	1/2	1/2	1	3144						
151	151	602	602	2.0	1/2	1/2	Chord	4/4	4	1	1/2	1/2	1	3145						
151	151	600	600	2.0	0	0	Chord	4/4	5	1	1/2	1/2	1	3146						
151	151	602	602	2.0	1/2	1/2	Chord	4/4	5	1	1/2	1/2	1	3147	ornamentTremblement					
151	151	600	600	4.0	0	0	Chord	4/4	5	2	1	1	1	3148						
151	151	600	600	2.0	0	0	Chord	4/4	5	3	1/2	1/2	1	3149						
151	151	602	602	2.0	1/2	1/2	Chord	4/4	5	3	1/2	1/2	1	3150						
151	151	600	600	2.0	0	0	Chord	4/4	6	1	1/2	1/2	1	3151						
151	151	602	602	2.0	1/2	1/2	Chord	4/4	6	1	1/2	1/2	1	3152						
151	151	600	600	0.0	0	0	FiguredBass	4/4	7	1	0					1/2	6	5	h	
151	151	600	600	2.0	0	0	Chord	4/4	7	1	1/2	1/2	1	3153						
151	151	602	602	0.0	1/2	1/2	FiguredBass	4/4	7	1	0					1/2	#			
151	151	602	602	2.0	1/2	1/2	Chord	4/4	7	1	1/2	1/2	1	3154	ornamentTremblement					
151	151	600	600	2.0	0	0	Chord	4/4	8	1	1/2	1/2	1	3155						
151	151	602	602	2.0	1/2	1/2	Chord	4/4	8	1	1/2	1/2	1	3156						
152	152	604	604	2.0	0	0	Chord	4/4	1	1	1/2	1/2	1	3157						
152	152	606	606	1.0	1/2	1/2	Chord	4/4	1	1	1/4	1/4	1	3158						
152	152	607	607	1.0	3/4	3/4	Chord	4/4	1	1	1/4	1/4	1	3159						
152	152	604	604	2.0	0	0	Chord	4/4	2	1	1/2	1/2	1	3160						
152	152	606	606	1.0	1/2	1/2	Chord	4/4	2	1	1/4	1/4	1	3161						
152	152	607	607	1.0	3/4	3/4	Chord	4/4	2	1	1/4	1/4	1	3162						
152	152	604	604	2.0	0	0	Chord	4/4	3	1	1/2	1/2	1	3163						
152	152	606	606	1.0	1/2	1/2	Chord	4/4	3	1	1/4	1/4	1	3164						
152	152	607	607	1.0	3/4	3/4	Chord	4/4	3	1	1/4	1/4	1	3165						
152	152	604	604	2.0	0	0	Chord	4/4	4	1	1/2	1/2	1	3166						
152	152	606	606	1.0	1/2	1/2	Chord	4/4	4	1	1/4	1/4	1	3167						
152	152	607	607	1.0	3/4	3/4	Chord	4/4	4	1	1/4	1/4	1	3168						
152	152	604	604	2.0	0	0	Chord	4/4	5	1	1/2	1/2	1	3169						
152	152	606	606	1.0	1/2	1/2	Chord	4/4	5	1	1/4	1/4	1	3170						
152	152	607	607	1.0	3/4	3/4	Chord	4/4	5	1	1/4	1/4	1	3171						
152	152	604	604	2.0	0	0	Chord	4/4	5	2	1/2	1/2	1	3172						
152	152	606	606	2.0	1/2	1/2	Chord	4/4	5	2	1/2	1/2	1	3173						
152	152	604	604	2.0	0	0	Chord	4/4	5	3	1/2	1/2	1	3174						
152	152	606	606	2.0	1/2	1/2	Chord	4/4	5	3	1/2	1/2	1	3175						
152	152	604	604	2.0	0	0	Chord	4/4	5	4	1/2	1/2	1	3176						
152	152	604	604	2.0	0	0	Chord	4/4	6	1	1/2	1/2	1	3177						
152	152	606	606	2.0	1/2	1/2	Chord	4/4	6	1	1/2	1/2	1	3178						
152	152	604	604	2.0	0	0	Chord	4/4	7	1	1/2	1/2	1	3179						
152	152	606	606	1.0	1/2	1/2	Chord	4/4	7	1	1/4	1/4	1	3180						
152	152	607	607	1.0	3/4	3/4	Chord	4/4	7	1	1/4	1/4	1	3181						
152	152	604	604	2.0	0	0	Chord	4/4	8	1	1/2	1/2	1	3182						
152	152	606	606	2.0	1/2	1/2	Chord	4/4	8	1	1/2	1/2	1	3183						
153	153	608	608	2.0	0	0	Chord	4/4	1	1	1/2	1/2	1	3184						
153	153	610	610	1.0	1/2	1/2	Chord	4/4	1	1	1/4	1/4	1	3185						
153	153	611	611	1.0	3/4	3/4	Chord	4/4	1	1	1/4	1/4	1	3186						
153	153	608	608	2.0	0	0	Chord	4/4	2	1	1/2	1/2	1	3187						
153	153	610	610	1.0	1/2	1/2	Chord	4/4	2	1	1/4	1/4	1	3188						
153	153	611	611	1.0	3/4	3/4	Chord	4/4	2	1	1/4	1/4	1	3189						
153	153	608	608	2.0	0	0	Chord	4/4	3	1	1/2	1/2	1	3190						
153	153	610	610	1.0	1/2	1/2	Chord	4/4	3	1	1/4	1/4	1	3191						
153	153	611	611	1.0	3/4	3/4	Chord	4/4	3	1	1/4	1/4	1	3192						
153	153	608	608	2.0	0	0	Chord	4/4	4	1	1/2	1/2	1	3193						
153	153	610	610	1.0	1/2	1/2	Chord	4/4	4	1	1/4	1/4	1	3194						
153	153	611	611	1.0	3/4	3/4	Chord	4/4	4	1	1/4	1/4	1	3195						
153	153	608	608	2.0	0	0	Chord	4/4	5	1	1/2	1/2	1	3196						
153	153	610	610	1.0	1/2	1/2	Chord	4/4	5	1	1/4	1/4	1	3197						
153	153	611	611	1.0	3/4	3/4	Chord	4/4	5	1	1/4	1/4	1	3198						
153	153	608	608	2.0	0	0	Chord	4/4	5	2	1/2	1/2	1	3199						
153	153	610	610	2.0	1/2	1/2	Chord	4/4	5	2	1/2	1/2	1	3200						
153	153	608	608	2.0	0	0	Chord	4/4	5	3	1/2	1/2	1	3201						
153	153	610	610	2.0	1/2	1/2	Chord	4/4	5	3	1/2	1/2	1	3202						
153	153	608	608	2.0	0	0	Chord	4/4	6	1	1/2	1/2	1	3203						
153	153	610	610	2.0	1/2	1/2	Chord	4/4	6	1	1/2	1/2	1	3204						
153	153	608	608	0.0	0	0	FiguredBass	4/4	7	1	0					1/2	6	4	2	
153	153	608	608	2.0	0	0	Chord	4/4	7	1	1/2	1/2	1	3205						
153	153	610	610	1.0	1/2	1/2	Chord	4/4	7	1	1/4	1/4	1	3206						
153	153	611	611	1.0	3/4	3/4	Chord	4/4	7	1	1/4	1/4	1	3207						
153	153	608	608	2.0	0	0	Chord	4/4	8	1	1/2	1/2	1	3208						
153	153	610	610	2.0	1/2	1/2	Chord	4/4	8	1	1/2	1/2	1	3209						
154	154	612	612	2.0	0	0	Chord	4/4	1	1	1/2	1/2	1	3210						
154	154	614	614	2.0	1/2	1/2	Chord	4/4	1	1	1/2	1/2	1	3211	ornamentTremblement					
154	154	612	612	2.0	0	0	Chord	4/4	2	1	1/2	1/2	1	3212						
154	154	614	614	2.0	1/2	1/2	Chord	4/4	2	1	1/2	1/2	1	3213	ornamentTremblement					
154	154	612	612	2.0	0	0	Chord	4/4	3	1	1/2	1/2	1	3214						
154	154	614	614	2.0	1/2	1/2	Chord	4/4	3	1	1/2	1/2	1	3215						
154	154	612	612	2.0	0	0	Chord	4/4	4	1	1/2	1/2	1	3216						
154	154	614	614	2.0	1/2	1/2	Chord	4/4	4	1	1/2	1/2	1	3217						
154	154	612	612	2.0	0	0	Chord	4/4	5	1	1/2	1/2	1	3218						
154	154	614	614	2.0	1/2	1/2	Chord	4/4	5	1	1/2	1/2	1	3219	ornamentTremblement					
154	154	612	612	2.0	0	0	Chord	4/4	5	2	1/2	1/2	1	3220						
154	154	614	614	2.0	1/2	1/2	Chord	4/4	5	2	1/2	1/2	1	3221						
154	154	612	612	2.0	0	0	Chord	4/4	5	3	1/2	1/2	1	3222						
154	154	614	614	2.0	1/2	1/2	Chord	4/4	5	3	1/2	1/2	1	3223						
154	154	612	612	2.0	0	0	Chord	4/4	6	1	1/2	1/2	1	3224						
154	154	614	614	2.0	1/2	1/2	Chord	4/4	6	1	1/2	1/2	1	3225						
154	154	612	612	0.0	0	0	FiguredBass	4/4	7	1	0					1/2	5			
154	154	612	612	2.0	0	0	Chord	4/4	7	1	1/2	1/2	1	3226						
154	154	614	614	2.0	1/2	1/2	Chord	4/4	7	1	1/2	1/2	1	3227	ornamentTremblement					
154	154	612	612	2.0	0	0	Chord	4/4	8	1	1/2	1/2	1	3228						
154	154	614	614	2.0	1/2	1/2	Chord	4/4	8	1	1/2	1/2	1	3229						
155	155	616	616	2.0	0	0	Chord	4/4	1	1	1/2	1/2	1	3230						
155	155	618	618	1.0	1/2	1/2	Chord	4/4	1	1	1/4	1/4	1	3231						
155	155	619	619	1.0	3/4	3/4	Chord	4/4	1	1	1/4	1/4	1	3232						
155	155	616	616	2.0	0	0	Chord	4/4	2	1	1/2	1/2	1	3233						
155	155	618	618	1.0	1/2	1/2	Chord	4/4	2	1	1/4	1/4	1	3234						
155	155	619	619	1.0	3/4	3/4	Chord	4/4	2	1	1/4	1/4	1	3235						
155	155	616	616	2.0	0	0	Chord	4/4	3	1	1/2	1/2	1	3236						
155	155	618	618	1.0	1/2	1/2	Chord	4/4	3	1	1/4	1/4	1	3237						
155	155	619	619	1.0	3/4	3/4	Chord	4/4	3	1	1/4	1/4	1	3238						
155	155	616	616	2.0	0	0	Chord	4/4	4	1	1/2	1/2	1	3239						
155	155	618	618	1.0	1/2	1/2	Chord	4/4	4	1	1/4	1/4	1	3240						
155	155	619	619	1.0	3/4	3/4	Chord	4/4	4	1	1/4	1/4	1	3241						
155	155	616	616	2.0	0	0	Chord	4/4	5	1	1/2	1/2	1	3242						
155	155	618	618	1.0	1/2	1/2	Chord	4/4	5	1	1/4	1/4	1	3243						
155	155	619	619	1.0	3/4	3/4	Chord	4/4	5	1	1/4	1/4	1	3244						
155	155	616	616	2.0	0	0	Chord	4/4	5	2	1/2	1/2	1	3245						
155	155	618	618	2.0	1/2	1/2	Chord	4/4	5	2	1/2	1/2	1	3246						
155	155	616	616	2.0	0	0	Chord	4/4	5	3	1/2	1/2	1	3247						
155	155	618	618	2.0	1/2	1/2	Chord	4/4	5	3	1/2	1/2	1	3248						
155	155	616	616	2.0	0	0	Chord	4/4	6	1	1/2	1/2	1	3249						
155	155	618	618	2.0	1/2	1/2	Chord	4/4	6	1	1/2	1/2	1	3250						
155	155	616	616	2.0	0	0	Chord	4/4	7	1	1/2	1/2	1	3251						
155	155	618	618	1.0	1/2	1/2	Chord	4/4	7	1	1/4	1/4	1	3252						
155	155	619	619	1.0	3/4	3/4	Chord	4/4	7	1	1/4	1/4	1	3253						
155	155	616	616	2.0	0	0	Chord	4/4	8	1	1/2	1/2	1	3254						
155	155	618	618	2.0	1/2	1/2	Chord	4/4	8	1	1/2	1/2	1	3255						
156	156	620	620	2.0	0	0	Chord	4/4	1	1	1/2	1/2	1	3256						
156	156	622	622	2.0	1/2	1/2	Chord	4/4	1	1	1/2	1/2	1	3257						
156	156	620	620	2.0	0	0	Chord	4/4	2	1	1/2	1/2	1	3258						
156	156	622	622	2.0	1/2	1/2	Chord	4/4	2	1	1/2	1/2	1	3259						
156	156	620	620	2.0	0	0	Chord	4/4	3	1	1/2	1/2	1	3260						
156	156	622	622	2.0	1/2	1/2	Chord	4/4	3	1	1/2	1/2	1	3261						
156	156	620	620	2.0	0	0	Chord	4/4	4	1	1/2	1/2	1	3262						
156	156	622	622	2.0	1/2	1/2	Chord	4/4	4	1	1/2	1/2	1	3263						
156	156	620	620	2.0	0	0	Chord	4/4	5	1	1/2	1/2	1	3264						
156	156	622	622	2.0	1/2	1/2	Chord	4/4	5	1	1/2	1/2	1	3265						
156	156	620	620	2.0	0	0	Chord	4/4	5	2	1/2	1/2	1	3266						
156	156	622	622	2.0	1/2	1/2	Chord	4/4	5	2	1/2	1/2	1	3267						
156	156	620	620	4.0	0	0	Chord	4/4	5	3	1	1	1	3268						
156	156	620	620	2.0	0	0	Chord	4/4	6	1	1/2	1/2	1	3269						
156	156	622	622	2.0	1/2	1/2	Chord	4/4	6	1	1/2	1/2	1	3270						
156	156	620	620	0.0	0	0	FiguredBass	4/4	7	1	0					1/2	5			
156	156	620	620	2.0	0	0	Chord	4/4	7	1	1/2	1/2	1	3271						
156	156	622	622	2.0	1/2	1/2	Chord	4/4	7	1	1/2	1/2	1	3272						
156	156	620	620	2.0	0	0	Chord	4/4	8	1	1/2	1/2	1	3273						
156	156	622	622	2.0	1/2	1/2	Chord	4/4	8	1	1/2	1/2	1	3274						
157	157	624	624	2.0	0	0	Chord	4/4	1	1	1/2	1/2	1	3275						
157	157	626	626	2.0	1/2	1/2	Chord	4/4	1	1	1/2	1/2	1	3276	ornamentTremblement					
157	157	624	624	2.0	0	0	Chord	4/4	2	1	1/2	1/2	1	3277						
157	157	626	626	2.0	1/2	1/2	Chord	4/4	2	1	1/2	1/2	1	3278						
157	157	624	624	2.0	0	0	Chord	4/4	3	1	1/2	1/2	1	3279						
157	157	626	626	2.0	1/2	1/2	Chord	4/4	3	1	1/2	1/2	1	3280	ornamentTremblement					
157	157	624	624	2.0	0	0	Chord	4/4	4	1	1/2	1/2	1	3281						
157	157	626	626	2.0	1/2	1/2	Chord	4/4	4	1	1/2	1/2	1	3282						
157	157	624	624	2.0	0	0	Chord	4/4	5	1	1/2	1/2	1	3283						
157	157	626	626	2.0	1/2	1/2	Chord	4/4	5	1	1/2	1/2	1	3284	ornamentTremblement					
157	157	624	624	2.0	0	0	Chord	4/4	5	2	1/2	1/2	1	3285						
157	157	626	626	2.0	1/2	1/2	Chord	4/4	5	2	1/2	1/2	1	3286						
157	157	624	624	4.0	0	0	Chord	4/4	5	3	1	1	1	3287						
157	157	624	624	4.0	0	0	Chord	4/4	6	1	1	1	1	3288						
157	157	624	624	0.0	0	0	FiguredBass	4/4	7	1	0					1/2	6	4		
157	157	624	624	2.0	0	0	Chord	4/4	7	1	1/2	1/2	1	3289						
157	157	626	626	0.0	1/2	1/2	FiguredBass	4/4	7	1	0					1/2	5	#		
157	157	626	626	2.0	1/2	1/2	Chord	4/4	7	1	1/2	1/2	1	3290	ornamentTremblement					
157	157	624	624	4.0	0	0	Chord	4/4	8	1	1	1	1	3291						
158	158	628	628	4.0	0	0	Chord	4/4	1	1	1	1	1	3292						
158	158	628	628	4.0	0	0	Chord	4/4	2	1	1	1	1	3293						
158	158	628	628	4.0	0	0	Chord	4/4	3	1	1	1	1	3294						
158	158	628	628	4.0	0	0	Chord	4/4	4	1	1	1	1	3295						
158	158	628	628	4.0	0	0	Chord	4/4	5	1	1	1	1	3296						
158	158	628	628	4.0	0	0	Chord	4/4	5	2	1	1	1	3297						
158	158	628	628	4.0	0	0	Chord	4/4	5	3	1	1	1	3298						
158	158	628	628	4.0	0	0	Chord	4/4	5	4	1	1	1	3299						
158	158	628	628	4.0	0	0	Chord	4/4	6	1	1	1	1	3300						
158	158	628	628	4.0	0	0	Chord	4/4	7	1	1	1	1	3301						
158	158	628	628	4.0	0	0	Chord	4/4	8	1	1	1	1	3302						
159	159	634	634	2.0	1/2	1/2	Chord	4/4	1	1	1/2	1/2	1	3303						
159	159	634	634	2.0	1/2	1/2	Chord	4/4	2	1	1/2	1/2	1	3304						
159	159	634	634	2.0	1/2	1/2	Chord	4/4	3	1	1/2	1/2	1	3305						
159	159	634	634	2.0	1/2	1/2	Chord	4/4	4	1	1/2	1/2	1	3306						
159	159	634	634	2.0	1/2	1/2	Chord	4/4	5	1	1/2	1/2	1	3307						
159	159	634	634	2.0	1/2	1/2	Chord	4/4	5	2	1/2	1/2	1	3308						
159	159	634	634	2.0	1/2	1/2	Chord	4/4	5	3	1/2	1/2	1	3309						
159	159	634	634	2.0	1/2	1/2	Chord	4/4	6	1	1/2	1/2	1	3310						
159	159	634	634	2.0	1/2	1/2	Chord	4/4	7	1	1/2	1/2	1	3311						
159	159	634	634	2.0	1/2	1/2	Chord	4/4	8	1	1/2	1/2	1	3312						
160	160	636	636	2.0	0	0	Chord	4/4	1	1	1/2	1/2	1	3313						
160	160	638	638	2.0	1/2	1/2	Chord	4/4	1	1	1/2	1/2	1	3314						
160	160	636	636	2.0	0	0	Chord	4/4	2	1	1/2	1/2	1	3315						
160	160	638	638	2.0	1/2	1/2	Chord	4/4	2	1	1/2	1/2	1	3316						
160	160	636	636	2.0	0	0	Chord	4/4	3	1	1/2	1/2	1	3317						
160	160	638	638	2.0	1/2	1/2	Chord	4/4	3	1	1/2	1/2	1	3318						
160	160	636	636	2.0	0	0	Chord	4/4	4	1	1/2	1/2	1	3319						
160	160	638	638	2.0	1/2	1/2	Chord	4/4	4	1	1/2	1/2	1	3320						
160	160	636	636	2.0	0	0	Chord	4/4	5	1	1/2	1/2	1	3321						
160	160	638	638	2.0	1/2	1/2	Chord	4/4	5	1	1/2	1/2	1	3322						
160	160	636	636	2.0	0	0	Chord	4/4	5	2	1/2	1/2	1	3323						
160	160	638	638	2.0	1/2	1/2	Chord	4/4	5	2	1/2	1/2	1	3324						
160	160	636	636	2.0	0	0	Chord	4/4	5	3	1/2	1/2	1	3325						
160	160	638	638	2.0	1/2	1/2	Chord	4/4	5	3	1/2	1/2	1	3326						
160	160	636	636	2.0	0	0	Chord	4/4	6	1	1/2	1/2	1	3327						
160	160	638	638	2.0	1/2	1/2	Chord	4/4	6	1	1/2	1/2	1	3328						
160	160	636	636	2.0	0	0	Chord	4/4	7	1	1/2	1/2	1	3329						
160	160	638	638	0.0	1/2	1/2	FiguredBass	4/4	7	1	0					1/2	6	4	2	
160	160	638	638	2.0	1/2	1/2	Chord	4/4	7	1	1/2	1/2	1	3330						
160	160	636	636	2.0	0	0	Chord	4/4	8	1	1/2	1/2	1	3331						
160	160	638	638	2.0	1/2	1/2	Chord	4/4	8	1	1/2	1/2	1	3332						
161	161	640	640	2.0	0	0	Chord	4/4	1	1	1/2	1/2	1	3333						
161	161	642	642	1.0	1/2	1/2	Chord	4/4	1	1	1/4	1/4	1	3334						
161	161	643	643	1.0	3/4	3/4	Chord	4/4	1	1	1/4	1/4	1	3335						
161	161	640	640	2.0	0	0	Chord	4/4	2	1	1/2	1/2	1	3336						
161	161	642	642	1.0	1/2	1/2	Chord	4/4	2	1	1/4	1/4	1	3337						
161	161	643	643	1.0	3/4	3/4	Chord	4/4	2	1	1/4	1/4	1	3338						
161	161	640	640	2.0	0	0	Chord	4/4	3	1	1/2	1/2	1	3339						
161	161	642	642	1.0	1/2	1/2	Chord	4/4	3	1	1/4	1/4	1	3340						
161	161	643	643	1.0	3/4	3/4	Chord	4/4	3	1	1/4	1/4	1	3341						
161	161	640	640	2.0	0	0	Chord	4/4	4	1	1/2	1/2	1	3342						
161	161	642	642	1.0	1/2	1/2	Chord	4/4	4	1	1/4	1/4	1	3343						
161	161	643	643	1.0	3/4	3/4	Chord	4/4	4	1	1/4	1/4	1	3344						
161	161	640	640	2.0	0	0	Chord	4/4	5	1	1/2	1/2	1	3345						
161	161	642	642	1.0	1/2	1/2	Chord	4/4	5	1	1/4	1/4	1	3346						
161	161	643	643	1.0	3/4	3/4	Chord	4/4	5	1	1/4	1/4	1	3347						
161	161	640	640	2.0	0	0	Chord	4/4	5	2	1/2	1/2	1	3348						
161	161	642	642	2.0	1/2	1/2	Chord	4/4	5	2	1/2	1/2	1	3349						
161	161	640	640	2.0	0	0	Chord	4/4	5	3	1/2	1/2	1	3350						
161	161	642	642	2.0	1/2	1/2	Chord	4/4	5	3	1/2	1/2	1	3351						
161	161	640	640	2.0	0	0	Chord	4/4	6	1	1/2	1/2	1	3352						
161	161	642	642	2.0	1/2	1/2	Chord	4/4	6	1	1/2	1/2	1	3353						
161	161	640	640	2.0	0	0	Chord	4/4	7	1	1/2	1/2	1	3354						
161	161	642	642	0.0	1/2	1/2	FiguredBass	4/4	7	1	0					1/4	6	4	2	
161	161	642	642	1.0	1/2	1/2	Chord	4/4	7	1	1/4	1/4	1	3355						
161	161	643	643	1.0	3/4	3/4	Chord	4/4	7	1	1/4	1/4	1	3356						
161	161	640	640	2.0	0	0	Chord	4/4	8	1	1/2	1/2	1	3357						
161	161	642	642	2.0	1/2	1/2	Chord	4/4	8	1	1/2	1/2	1	3358						
162	162	644	644	2.0	0	0	Chord	4/4	1	1	1/2	1/2	1	3359						
162	162	646	646	1.0	1/2	1/2	Chord	4/4	1	1	1/4	1/4	1	3360						
162	162	647	647	1.0	3/4	3/4	Chord	4/4	1	1	1/4	1/4	1	3361						
162	162	644	644	2.0	0	0	Chord	4/4	2	1	1/2	1/2	1	3362						
162	162	646	646	1.0	1/2	1/2	Chord	4/4	2	1	1/4	1/4	1	3363						
162	162	647	647	1.0	3/4	3/4	Chord	4/4	2	1	1/4	1/4	1	3364						
162	162	644	644	2.0	0	0	Chord	4/4	3	1	1/2	1/2	1	3365						
162	162	646	646	1.0	1/2	1/2	Chord	4/4	3	1	1/4	1/4	1	3366						
162	162	647	647	1.0	3/4	3/4	Chord	4/4	3	1	1/4	1/4	1	3367						
162	162	644	644	2.0	0	0	Chord	4/4	4	1	1/2	1/2	1	3368						
162	162	646	646	1.0	1/2	1/2	Chord	4/4	4	1	1/4	1/4	1	3369						
162	162	647	647	1.0	3/4	3/4	Chord	4/4	4	1	1/4	1/4	1	3370						
162	162	644	644	2.0	0	0	Chord	4/4	5	1	1/2	1/2	1	3371						
162	162	646	646	1.0	1/2	1/2	Chord	4/4	5	1	1/4	1/4	1	3372						
162	162	647	647	1.0	3/4	3/4	Chord	4/4	5	1	1/4	1/4	1	3373						
162	162	644	644	2.0	0	0	Chord	4/4	5	2	1/2	1/2	1	3374						
162	162	646	646	2.0	1/2	1/2	Chord	4/4	5	2	1/2	1/2	1	3375						
162	162	644	644	2.0	0	0	Chord	4/4	5	3	1/2	1/2	1	3376						
162	162	646	646	2.0	1/2	1/2	Chord	4/4	5	3	1/2	1/2	1	3377						
162	162	644	644	2.0	0	0	Chord	4/4	6	1	1/2	1/2	1	3378						
162	162	646	646	2.0	1/2	1/2	Chord	4/4	6	1	1/2	1/2	1	3379						
162	162	644	644	0.0	0	0	FiguredBass	4/4	7	1	0					1/2	7	5		
162	162	644	644	2.0	0	0	Chord	4/4	7	1	1/2	1/2	1	3380						
162	162	646	646	0.0	1/2	1/2	FiguredBass	4/4	7	1	0					1/4	6			
162	162	646	646	1.0	1/2	1/2	Chord	4/4	7	1	1/4	1/4	1	3381						
162	162	647	647	1.0	3/4	3/4	Chord	4/4	7	1	1/4	1/4	1	3382						
162	162	644	644	2.0	0	0	Chord	4/4	8	1	1/2	1/2	1	3383						
162	162	646	646	2.0	1/2	1/2	Chord	4/4	8	1	1/2	1/2	1	3384						
163	163	648	648	2.0	0	0	Chord	4/4	1	1	1/2	1/2	1	3385						
163	163	650	650	2.0	1/2	1/2	Chord	4/4	1	1	1/2	1/2	1	3386	ornamentTremblement					
163	163	648	648	2.0	0	0	Chord	4/4	2	1	1/2	1/2	1	3387						
163	163	650	650	2.0	1/2	1/2	Chord	4/4	2	1	1/2	1/2	1	3388	ornamentTremblement					
163	163	648	648	2.0	0	0	Chord	4/4	3	1	1/2	1/2	1	3389						
163	163	650	650	1.0	1/2	1/2	Chord	4/4	3	1	1/4	1/4	1	3390						30
163	163	651	651	1.0	3/4	3/4	Chord	4/4	3	1	1/4	1/4	1	3391						
163	163	648	648	2.0	0	0	Chord	4/4	4	1	1/2	1/2	1	3392						
163	163	650	650	2.0	1/2	1/2	Chord	4/4	4	1	1/2	1/2	1	3393						
163	163	648	648	2.0	0	0	Chord	4/4	5	1	1/2	1/2	1	3394						
163	163	650	650	2.0	1/2	1/2	Chord	4/4	5	1	1/2	1/2	1	3395						
163	163	648	648	2.0	0	0	Chord	4/4	5	2	1/2	1/2	1	3396						
163	163	650	650	1.0	1/2	1/2	Chord	4/4	5	2	1/4	1/4	1	3397						
163	163	651	651	1.0	3/4	3/4	Chord	4/4	5	2	1/4	1/4	1	3398						
163	163	648	648	2.0	0	0	Chord	4/4	5	3	1/2	1/2	1	3399						
163	163	650	650	2.0	1/2	1/2	Chord	4/4	5	3	1/2	1/2	1	3400						
163	163	648	648	2.0	0	0	Chord	4/4	6	1	1/2	1/2	1	3401						
163	163	650	650	2.0	1/2	1/2	Chord	4/4	6	1	1/2	1/2	1	3402						
163	163	648	648	0.0	0	0	FiguredBass	4/4	7	1	0					1/2	6	5		
163	163	648	648	2.0	0	0	Chord	4/4	7	1	1/2	1/2	1	3403						
163	163	650	650	2.0	1/2	1/2	Chord	4/4	7	1	1/2	1/2	1	3404	ornamentTremblement					
163	163	648	648	2.0	0	0	Chord	4/4	8	1	1/2	1/2	1	3405						
163	163	650	650	2.0	1/2	1/2	Chord	4/4	8	1	1/2	1/2	1	3406						
164	164	652	652	2.0	0	0	Chord	4/4	1	1	1/2	1/2	1	3407						
164	164	654	654	1.0	1/2	1/2	Chord	4/4	1	1	1/4	1/4	1	3408						
164	164	655	655	1.0	3/4	3/4	Chord	4/4	1	1	1/4	1/4	1	3409						
164	164	652	652	2.0	0	0	Chord	4/4	2	1	1/2	1/2	1	3410						
164	164	654	654	1.0	1/2	1/2	Chord	4/4	2	1	1/4	1/4	1	3411						
164	164	655	655	1.0	3/4	3/4	Chord	4/4	2	1	1/4	1/4	1	3412						
164	164	652	652	2.0	0	0	Chord	4/4	3	1	1/2	1/2	1	3413						
164	164	654	654	1.0	1/2	1/2	Chord	4/4	3	1	1/4	1/4	1	3414						
164	164	655	655	1.0	3/4	3/4	Chord	4/4	3	1	1/4	1/4	1	3415						
164	164	652	652	2.0	0	0	Chord	4/4	4	1	1/2	1/2	1	3416						
164	164	654	654	1.0	1/2	1/2	Chord	4/4	4	1	1/4	1/4	1	3417						
164	164	655	655	1.0	3/4	3/4	Chord	4/4	4	1	1/4	1/4	1	3418						
164	164	652	652	2.0	0	0	Chord	4/4	5	1	1/2	1/2	1	3419						
164	164	654	654	1.0	1/2	1/2	Chord	4/4	5	1	1/4	1/4	1	3420						
164	164	655	655	1.0	3/4	3/4	Chord	4/4	5	1	1/4	1/4	1	3421						
164	164	652	652	2.0	0	0	Chord	4/4	5	2	1/2	1/2	1	3422						
164	164	654	654	2.0	1/2	1/2	Chord	4/4	5	2	1/2	1/2	1	3423						
164	164	652	652	2.0	0	0	Chord	4/4	5	3	1/2	1/2	1	3424						
164	164	654	654	2.0	1/2	1/2	Chord	4/4	5	3	1/2	1/2	1	3425						
164	164	652	652	2.0	0	0	Chord	4/4	6	1	1/2	1/2	1	3426						
164	164	654	654	2.0	1/2	1/2	Chord	4/4	6	1	1/2	1/2	1	3427						
164	164	652	652	2.0	0	0	Chord	4/4	7	1	1/2	1/2	1	3428						
164	164	654	654	1.0	1/2	1/2	Chord	4/4	7	1	1/4	1/4	1	3429						
164	164	655	655	1.0	3/4	3/4	Chord	4/4	7	1	1/4	1/4	1	3430						
164	164	652	652	2.0	0	0	Chord	4/4	8	1	1/2	1/2	1	3431						
164	164	654	654	2.0	1/2	1/2	Chord	4/4	8	1	1/2	1/2	1	3432						
165	165	656	656	2.0	0	0	Chord	4/4	1	1	1/2	1/2	1	3433						
165	165	658	658	2.0	1/2	1/2	Chord	4/4	1	1	1/2	1/2	1	3434						
165	165	656	656	2.0	0	0	Chord	4/4	2	1	1/2	1/2	1	3435						
165	165	658	658	2.0	1/2	1/2	Chord	4/4	2	1	1/2	1/2	1	3436						
165	165	656	656	2.0	0	0	Chord	4/4	3	1	1/2	1/2	1	3437						
165	165	658	658	2.0	1/2	1/2	Chord	4/4	3	1	1/2	1/2	1	3438						
165	165	656	656	2.0	0	0	Chord	4/4	4	1	1/2	1/2	1	3439						
165	165	658	658	2.0	1/2	1/2	Chord	4/4	4	1	1/2	1/2	1	3440						
165	165	656	656	2.0	0	0	Chord	4/4	5	1	1/2	1/2	1	3441						
165	165	658	658	2.0	1/2	1/2	Chord	4/4	5	1	1/2	1/2	1	3442						
165	165	656	656	2.0	0	0	Chord	4/4	5	2	1/2	1/2	1	3443						
165	165	658	658	2.0	1/2	1/2	Chord	4/4	5	2	1/2	1/2	1	3444						
165	165	656	656	4.0	0	0	Chord	4/4	5	3	1	1	1	3445						
165	165	656	656	2.0	0	0	Chord	4/4	6	1	1/2	1/2	1	3446						
165	165	658	658	2.0	1/2	1/2	Chord	4/4	6	1	1/2	1/2	1	3447						
165	165	656	656	2.0	0	0	Chord	4/4	7	1	1/2	1/2	1	3448						
165	165	658	658	0.0	1/2	1/2	FiguredBass	4/4	7	1	0					1/2	6			
165	165	658	658	2.0	1/2	1/2	Chord	4/4	7	1	1/2	1/2	1	3449						
165	165	656	656	2.0	0	0	Chord	4/4	8	1	1/2	1/2	1	3450						
165	165	658	658	2.0	1/2	1/2	Chord	4/4	8	1	1/2	1/2	1	3451						
166	166	660	660	2.0	0	0	Chord	4/4	1	1	1/2	1/2	1	3452						
166	166	662	662	2.0	1/2	1/2	Chord	4/4	1	1	1/2	1/2	1	3453	ornamentTremblement					
166	166	660	660	2.0	0	0	Chord	4/4	2	1	1/2	1/2	1	3454						
166	166	662	662	2.0	1/2	1/2	Chord	4/4	2	1	1/2	1/2	1	3455						
166	166	660	660	2.0	0	0	Chord	4/4	3	1	1/2	1/2	1	3456						
166	166	662	662	2.0	1/2	1/2	Chord	4/4	3	1	1/2	1/2	1	3457	ornamentTremblement					
166	166	660	660	2.0	0	0	Chord	4/4	4	1	1/2	1/2	1	3458						
166	166	662	662	2.0	1/2	1/2	Chord	4/4	4	1	1/2	1/2	1	3459						
166	166	660	660	2.0	0	0	Chord	4/4	5	1	1/2	1/2	1	3460						
166	166	662	662	2.0	1/2	1/2	Chord	4/4	5	1	1/2	1/2	1	3461	ornamentTremblement					
166	166	660	660	4.0	0	0	Chord	4/4	5	2	1	1	1	3462						
166	166	660	660	2.0	0	0	Chord	4/4	5	3	1/2	1/2	1	3463						
166	166	662	662	2.0	1/2	1/2	Chord	4/4	5	3	1/2	1/2	1	3464						
166	166	660	660	2.0	0	0	Chord	4/4	6	1	1/2	1/2	1	3465						
166	166	662	662	2.0	1/2	1/2	Chord	4/4	6	1	1/2	1/2	1	3466						
166	166	660	660	0.0	0	0	FiguredBass	4/4	7	1	0					1/2	6	5	h	
166	166	660	660	2.0	0	0	Chord	4/4	7	1	1/2	1/2	1	3467						
166	166	662	662	0.0	1/2	1/2	FiguredBass	4/4	7	1	0					1/2	#			
166	166	662	662	2.0	1/2	1/2	Chord	4/4	7	1	1/2	1/2	1	3468	ornamentTremblement					
166	166	660	660	2.0	0	0	Chord	4/4	8	1	1/2	1/2	1	3469						
166	166	662	662	2.0	1/2	1/2	Chord	4/4	8	1	1/2	1/2	1	3470						
167	167	664	664	2.0	0	0	Chord	4/4	1	1	1/2	1/2	1	3471						
167	167	666	666	2.0	1/2	1/2	Chord	4/4	1	1	1/2	1/2	1	3472						
167	167	664	664	2.0	0	0	Chord	4/4	2	1	1/2	1/2	1	3473						
167	167	666	666	2.0	1/2	1/2	Chord	4/4	2	1	1/2	1/2	1	3474						
167	167	664	664	2.0	0	0	Chord	4/4	3	1	1/2	1/2	1	3475						
167	167	666	666	2.0	1/2	1/2	Chord	4/4	3	1	1/2	1/2	1	3476						
167	167	664	664	2.0	0	0	Chord	4/4	4	1	1/2	1/2	1	3477						
167	167	666	666	2.0	1/2	1/2	Chord	4/4	4	1	1/2	1/2	1	3478						
167	167	664	664	2.0	0	0	Chord	4/4	5	1	1/2	1/2	1	3479						
167	167	666	666	2.0	1/2	1/2	Chord	4/4	5	1	1/2	1/2	1	3480						
167	167	664	664	2.0	0	0	Chord	4/4	5	2	1/2	1/2	1	3481						
167	167	666	666	2.0	1/2	1/2	Chord	4/4	5	2	1/2	1/2	1	3482						
167	167	664	664	2.0	0	0	Chord	4/4	5	3	1/2	1/2	1	3483						
167	167	666	666	2.0	1/2	1/2	Chord	4/4	5	3	1/2	1/2	1	3484						
167	167	664	664	2.0	0	0	Chord	4/4	6	1	1/2	1/2	1	3485						
167	167	666	666	2.0	1/2	1/2	Chord	4/4	6	1	1/2	1/2	1	3486						
167	167	664	664	2.0	0	0	Chord	4/4	7	1	1/2	1/2	1	3487						
167	167	666	666	2.0	1/2	1/2	Chord	4/4	7	1	1/2	1/2	1	3488						
167	167	664	664	2.0	0	0	Chord	4/4	8	1	1/2	1/2	1	3489						
167	167	666	666	2.0	1/2	1/2	Chord	4/4	8	1	1/2	1/2	1	3490						
168	168	668	668	2.0	0	0	Chord	4/4	1	1	1/2	1/2	1	3491						
168	168	670	670	2.0	1/2	1/2	Chord	4/4	1	1	1/2	1/2	1	3492						
168	168	668	668	2.0	0	0	Chord	4/4	2	1	1/2	1/2	1	3493						
168	168	670	670	2.0	1/2	1/2	Chord	4/4	2	1	1/2	1/2	1	3494						
168	168	668	668	2.0	0	0	Chord	4/4	3	1	1/2	1/2	1	3495						
168	168	670	670	2.0	1/2	1/2	Chord	4/4	3	1	1/2	1/2	1	3496						
168	168	668	668	2.0	0	0	Chord	4/4	4	1	1/2	1/2	1	3497						
168	168	670	670	2.0	1/2	1/2	Chord	4/4	4	1	1/2	1/2	1	3498						
168	168	668	668	2.0	0	0	Chord	4/4	5	1	1/2	1/2	1	3499						
168	168	670	670	2.0	1/2	1/2	Chord	4/4	5	1	1/2	1/2	1	3500						
168	168	668	668	2.0	0	0	Chord	4/4	5	2	1/2	1/2	1	3501						
168	168	670	670	2.0	1/2	1/2	Chord	4/4	5	2	1/2	1/2	1	3502						
168	168	668	668	2.0	0	0	Chord	4/4	5	3	1/2	1/2	1	3503						
168	168	670	670	2.0	1/2	1/2	Chord	4/4	5	3	1/2	1/2	1	3504						
168	168	668	668	2.0	0	0	Chord	4/4	6	1	1/2	1/2	1	3505						
168	168	670	670	2.0	1/2	1/2	Chord	4/4	6	1	1/2	1/2	1	3506						
168	168	668	668	2.0	0	0	Chord	4/4	7	1	1/2	1/2	1	3507						
168	168	670	670	2.0	1/2	1/2	Chord	4/4	7	1	1/2	1/2	1	3508						
168	168	668	668	2.0	0	0	Chord	4/4	8	1	1/2	1/2	1	3509						
168	168	670	670	2.0	1/2	1/2	Chord	4/4	8	1	1/2	1/2	1	3510						
169	169	672	672	2.0	0	0	Chord	4/4	1	1	1/2	1/2	1	3511						
169	169	674	674	2.0	1/2	1/2	Chord	4/4	1	1	1/2	1/2	1	3512						
169	169	672	672	2.0	0	0	Chord	4/4	2	1	1/2	1/2	1	3513						
169	169	674	674	2.0	1/2	1/2	Chord	4/4	2	1	1/2	1/2	1	3514						
169	169	672	672	2.0	0	0	Chord	4/4	3	1	1/2	1/2	1	3515						
169	169	674	674	2.0	1/2	1/2	Chord	4/4	3	1	1/2	1/2	1	3516						
169	169	672	672	2.0	0	0	Chord	4/4	4	1	1/2	1/2	1	3517						
169	169	674	674	2.0	1/2	1/2	Chord	4/4	4	1	1/2	1/2	1	3518						
169	169	672	672	2.0	0	0	Chord	4/4	5	1	1/2	1/2	1	3519						
169	169	674	674	2.0	1/2	1/2	Chord	4/4	5	1	1/2	1/2	1	3520						
169	169	672	672	2.0	0	0	Chord	4/4	5	2	1/2	1/2	1	3521						
169	169	674	674	2.0	1/2	1/2	Chord	4/4	5	2	1/2	1/2	1	3522						
169	169	672	672	2.0	0	0	Chord	4/4	5	3	1/2	1/2	1	3523						
169	169	674	674	2.0	1/2	1/2	Chord	4/4	5	3	1/2	1/2	1	3524						
169	169	672	672	2.0	0	0	Chord	4/4	6	1	1/2	1/2	1	3525						
169	169	674	674	2.0	1/2	1/2	Chord	4/4	6	1	1/2	1/2	1	3526						
169	169	672	672	0.0	0	0	FiguredBass	4/4	7	1	0					1/2	6			
169	169	672	672	2.0	0	0	Chord	4/4	7	1	1/2	1/2	1	3527						
169	169	674	674	2.0	1/2	1/2	Chord	4/4	7	1	1/2	1/2	1	3528						
169	169	672	672	2.0	0	0	Chord	4/4	8	1	1/2	1/2	1	3529						
169	169	674	674	2.0	1/2	1/2	Chord	4/4	8	1	1/2	1/2	1	3530						
170	170	676	676	2.0	0	0	Chord	4/4	1	1	1/2	1/2	1	3531						
170	170	678	678	1.0	1/2	1/2	Chord	4/4	1	1	1/4	1/4	1	3532						
170	170	679	679	1.0	3/4	3/4	Chord	4/4	1	1	1/4	1/4	1	3533						
170	170	676	676	2.0	0	0	Chord	4/4	2	1	1/2	1/2	1	3534						
170	170	678	678	1.0	1/2	1/2	Chord	4/4	2	1	1/4	1/4	1	3535						
170	170	679	679	1.0	3/4	3/4	Chord	4/4	2	1	1/4	1/4	1	3536						
170	170	676	676	2.0	0	0	Chord	4/4	3	1	1/2	1/2	1	3537						
170	170	678	678	1.0	1/2	1/2	Chord	4/4	3	1	1/4	1/4	1	3538						
170	170	679	679	1.0	3/4	3/4	Chord	4/4	3	1	1/4	1/4	1	3539						
170	170	676	676	2.0	0	0	Chord	4/4	4	1	1/2	1/2	1	3540						
170	170	678	678	1.0	1/2	1/2	Chord	4/4	4	1	1/4	1/4	1	3541						
170	170	679	679	1.0	3/4	3/4	Chord	4/4	4	1	1/4	1/4	1	3542						
170	170	676	676	2.0	0	0	Chord	4/4	5	1	1/2	1/2	1	3543						
170	170	678	678	1.0	1/2	1/2	Chord	4/4	5	1	1/4	1/4	1	3544						
170	170	679	679	1.0	3/4	3/4	Chord	4/4	5	1	1/4	1/4	1	3545						
170	170	676	676	2.0	0	0	Chord	4/4	5	2	1/2	1/2	1	3546						
170	170	678	678	2.0	1/2	1/2	Chord	4/4	5	2	1/2	1/2	1	3547						
170	170	676	676	2.0	0	0	Chord	4/4	5	3	1/2	1/2	1	3548						
170	170	678	678	2.0	1/2	1/2	Chord	4/4	5	3	1/2	1/2	1	3549						
170	170	676	676	2.0	0	0	Chord	4/4	6	1	1/2	1/2	1	3550						
170	170	678	678	2.0	1/2	1/2	Chord	4/4	6	1	1/2	1/2	1	3551						
170	170	676	676	2.0	0	0	Chord	4/4	7	1	1/2	1/2	1	3552						
170	170	678	678	0.0	1/2	1/2	FiguredBass	4/4	7	1	0					1/4	6			
170	170	678	678	1.0	1/2	1/2	Chord	4/4	7	1	1/4	1/4	1	3553						
170	170	679	679	1.0	3/4	3/4	Chord	4/4	7	1	1/4	1/4	1	3554						
170	170	676	676	2.0	0	0	Chord	4/4	8	1	1/2	1/2	1	3555						
170	170	678	678	2.0	1/2	1/2	Chord	4/4	8	1	1/2	1/2	1	3556						
171	171	680	680	1.0	0	0	Chord	4/4	1	1	1/4	1/4	1	3557						
171	171	681	681	1.0	1/4	1/4	Chord	4/4	1	1	1/4	1/4	1	3558						
171	171	682	682	1.0	1/2	1/2	Chord	4/4	1	1	1/4	1/4	1	3559						
171	171	683	683	1.0	3/4	3/4	Chord	4/4	1	1	1/4	1/4	1	3560						
171	171	680	680	1.0	0	0	Chord	4/4	2	1	1/4	1/4	1	3561						
171	171	681	681	1.0	1/4	1/4	Chord	4/4	2	1	1/4	1/4	1	3562						
171	171	682	682	1.0	1/2	1/2	Chord	4/4	2	1	1/4	1/4	1	3563						
171	171	683	683	1.0	3/4	3/4	Chord	4/4	2	1	1/4	1/4	1	3564						
171	171	680	680	1.0	0	0	Chord	4/4	3	1	1/4	1/4	1	3565						
171	171	681	681	1.0	1/4	1/4	Chord	4/4	3	1	1/4	1/4	1	3566						
171	171	682	682	1.0	1/2	1/2	Chord	4/4	3	1	1/4	1/4	1	3567						
171	171	683	683	1.0	3/4	3/4	Chord	4/4	3	1	1/4	1/4	1	3568						
171	171	680	680	1.0	0	0	Chord	4/4	4	1	1/4	1/4	1	3569						
171	171	681	681	1.0	1/4	1/4	Chord	4/4	4	1	1/4	1/4	1	3570						
171	171	682	682	1.0	1/2	1/2	Chord	4/4	4	1	1/4	1/4	1	3571						
171	171	683	683	1.0	3/4	3/4	Chord	4/4	4	1	1/4	1/4	1	3572						
171	171	680	680	1.0	0	0	Chord	4/4	5	1	1/4	1/4	1	3573						
171	171	681	681	1.0	1/4	1/4	Chord	4/4	5	1	1/4	1/4	1	3574						
171	171	682	682	1.0	1/2	1/2	Chord	4/4	5	1	1/4	1/4	1	3575						
171	171	683	683	1.0	3/4	3/4	Chord	4/4	5	1	1/4	1/4	1	3576						
171	171	680	680	2.0	0	0	Chord	4/4	5	2	1/2	1/2	1	3577						
171	171	682	682	2.0	1/2	1/2	Chord	4/4	5	2	1/2	1/2	1	3578						
171	171	680	680	2.0	0	0	Chord	4/4	5	3	1/2	1/2	1	3579						
171	171	682	682	2.0	1/2	1/2	Chord	4/4	5	3	1/2	1/2	1	3580						
171	171	680	680	2.0	0	0	Chord	4/4	6	1	1/2	1/2	1	3581						
171	171	682	682	2.0	1/2	1/2	Chord	4/4	6	1	1/2	1/2	1	3582						
171	171	680	680	0.0	0	0	FiguredBass	4/4	7	1	0					1/4	7	5		
171	171	680	680	1.0	0	0	Chord	4/4	7	1	1/4	1/4	1	3583						
171	171	681	681	1.0	1/4	1/4	Chord	4/4	7	1	1/4	1/4	1	3584						
171	171	682	682	1.0	1/2	1/2	Chord	4/4	7	1	1/4	1/4	1	3585						
171	171	683	683	1.0	3/4	3/4	Chord	4/4	7	1	1/4	1/4	1	3586						
171	171	680	680	2.0	0	0	Chord	4/4	8	1	1/2	1/2	1	3587						
171	171	682	682	2.0	1/2	1/2	Chord	4/4	8	1	1/2	1/2	1	3588						
172	172	684	684	4.0	0	0	Chord	4/4	1	1	1	1	1	3589	ornamentTremblement					
172	172	684	684	2.0	0	0	Chord	4/4	2	1	1/2	1/2	1	3590						31
172	172	686	686	2.0	1/2	1/2	Chord	4/4	2	1	1/2	1/2	1	3591	ornamentTremblement					
172	172	684	684	2.0	0	0	Chord	4/4	3	1	1/2	1/2	1	3592						32
172	172	686	686	1.0	1/2	1/2	Chord	4/4	3	1	1/4	1/4	1	3593						32
172	172	687	687	1.0	3/4	3/4	Chord	4/4	3	1	1/4	1/4	1	3594						
172	172	684	684	4.0	0	0	Chord	4/4	4	1	1	1	1	3595						
172	172	684	684	4.0	0	0	Chord	4/4	5	1	1	1	1	3596						
172	172	684	684	2.0	0	0	Chord	4/4	5	2	1/2	1/2	1	3597						
172	172	686	686	1.0	1/2	1/2	Chord	4/4	5	2	1/4	1/4	1	3598						
172	172	687	687	1.0	3/4	3/4	Chord	4/4	5	2	1/4	1/4	1	3599						
172	172	684	684	2.0	0	0	Chord	4/4	5	3	1/2	1/2	1	3600						
172	172	686	686	2.0	1/2	1/2	Chord	4/4	5	3	1/2	1/2	1	3601						
172	172	684	684	4.0	0	0	Chord	4/4	6	1	1	1	1	3602						
172	172	684	684	0.0	0	0	FiguredBass	4/4	7	1	0					1	9	4		
172	172	684	684	4.0	0	0	Chord	4/4	7	1	1	1	1	3603	ornamentTremblement					
172	172	684	684	0.0	0	0	FiguredBass	4/4	8	1	0					1	8	3		
172	172	684	684	4.0	0	0	Chord	4/4	8	1	1	1	1	3604						
172	172	688	688	0.0	1	1	FiguredBass	4/4	8	1	0					1	7			
172	172	692	692	0.0	2	2	FiguredBass	4/4	8	1	0					1	7			
173	173	688	688	2.0	0	0	Chord	4/4	1	1	1/2	1/2	1	3605						
173	173	690	690	1.0	1/2	1/2	Chord	4/4	1	1	1/4	1/4	1	3606						
173	173	691	691	1.0	3/4	3/4	Chord	4/4	1	1	1/4	1/4	1	3607						
173	173	688	688	2.0	0	0	Chord	4/4	2	1	1/2	1/2	1	3608						
173	173	690	690	1.0	1/2	1/2	Chord	4/4	2	1	1/4	1/4	1	3609						
173	173	691	691	1.0	3/4	3/4	Chord	4/4	2	1	1/4	1/4	1	3610						
173	173	688	688	2.0	0	0	Chord	4/4	3	1	1/2	1/2	1	3611						
173	173	690	690	1.0	1/2	1/2	Chord	4/4	3	1	1/4	1/4	1	3612						
173	173	691	691	1.0	3/4	3/4	Chord	4/4	3	1	1/4	1/4	1	3613						
173	173	688	688	2.0	0	0	Chord	4/4	4	1	1/2	1/2	1	3614						
173	173	690	690	1.0	1/2	1/2	Chord	4/4	4	1	1/4	1/4	1	3615						
173	173	691	691	1.0	3/4	3/4	Chord	4/4	4	1	1/4	1/4	1	3616						
173	173	688	688	2.0	0	0	Chord	4/4	5	1	1/2	1/2	1	3617						
173	173	690	690	1.0	1/2	1/2	Chord	4/4	5	1	1/4	1/4	1	3618						
173	173	691	691	1.0	3/4	3/4	Chord	4/4	5	1	1/4	1/4	1	3619						
173	173	688	688	2.0	0	0	Chord	4/4	5	2	1/2	1/2	1	3620						
173	173	690	690	2.0	1/2	1/2	Chord	4/4	5	2	1/2	1/2	1	3621						
173	173	688	688	2.0	0	0	Chord	4/4	5	3	1/2	1/2	1	3622						
173	173	690	690	2.0	1/2	1/2	Chord	4/4	5	3	1/2	1/2	1	3623						
173	173	688	688	2.0	0	0	Chord	4/4	6	1	1/2	1/2	1	3624						
173	173	690	690	2.0	1/2	1/2	Chord	4/4	6	1	1/2	1/2	1	3625						
173	173	688	688	2.0	0	0	Chord	4/4	7	1	1/2	1/2	1	3626						
173	173	690	690	1.0	1/2	1/2	Chord	4/4	7	1	1/4	1/4	1	3627						
173	173	691	691	1.0	3/4	3/4	Chord	4/4	7	1	1/4	1/4	1	3628						
173	173	688	688	2.0	0	0	Chord	4/4	8	1	1/2	1/2	1	3629						
173	173	690	690	2.0	1/2	1/2	Chord	4/4	8	1	1/2	1/2	1	3630						
174	174	692	692	2.0	0	0	Chord	4/4	1	1	1/2	1/2	1	3631						
174	174	694	694	2.0	1/2	1/2	Chord	4/4	1	1	1/2	1/2	1	3632						
174	174	692	692	2.0	0	0	Chord	4/4	2	1	1/2	1/2	1	3633						
174	174	694	694	2.0	1/2	1/2	Chord	4/4	2	1	1/2	1/2	1	3634						
174	174	692	692	2.0	0	0	Chord	4/4	3	1	1/2	1/2	1	3635						
174	174	694	694	2.0	1/2	1/2	Chord	4/4	3	1	1/2	1/2	1	3636						
174	174	692	692	2.0	0	0	Chord	4/4	4	1	1/2	1/2	1	3637						
174	174	694	694	2.0	1/2	1/2	Chord	4/4	4	1	1/2	1/2	1	3638						
174	174	692	692	2.0	0	0	Chord	4/4	5	1	1/2	1/2	1	3639						
174	174	694	694	2.0	1/2	1/2	Chord	4/4	5	1	1/2	1/2	1	3640						
174	174	692	692	2.0	0	0	Chord	4/4	5	2	1/2	1/2	1	3641						
174	174	694	694	2.0	1/2	1/2	Chord	4/4	5	2	1/2	1/2	1	3642						
174	174	692	692	2.0	0	0	Chord	4/4	5	3	1/2	1/2	1	3643						
174	174	694	694	2.0	1/2	1/2	Chord	4/4	5	3	1/2	1/2	1	3644						
174	174	692	692	2.0	0	0	Chord	4/4	6	1	1/2	1/2	1	3645						
174	174	694	694	2.0	1/2	1/2	Chord	4/4	6	1	1/2	1/2	1	3646						
174	174	692	692	0.0	0	0	FiguredBass	4/4	7	1	0					1/2	6			
174	174	692	692	2.0	0	0	Chord	4/4	7	1	1/2	1/2	1	3647						
174	174	694	694	0.0	1/2	1/2	FiguredBass	4/4	7	1	0					1/2	6			
174	174	694	694	2.0	1/2	1/2	Chord	4/4	7	1	1/2	1/2	1	3648						
174	174	692	692	2.0	0	0	Chord	4/4	8	1	1/2	1/2	1	3649						
174	174	694	694	2.0	1/2	1/2	Chord	4/4	8	1	1/2	1/2	1	3650						
175	175	696	696	2.0	0	0	Chord	4/4	1	1	1/2	1/2	1	3651						
175	175	698	698	2.0	1/2	1/2	Chord	4/4	1	1	1/2	1/2	1	3652	ornamentTremblement					
175	175	696	696	2.0	0	0	Chord	4/4	2	1	1/2	1/2	1	3653						
175	175	698	698	2.0	1/2	1/2	Chord	4/4	2	1	1/2	1/2	1	3654						
175	175	696	696	2.0	0	0	Chord	4/4	3	1	1/2	1/2	1	3655						
175	175	698	698	2.0	1/2	1/2	Chord	4/4	3	1	1/2	1/2	1	3656	ornamentTremblement					
175	175	696	696	2.0	0	0	Chord	4/4	4	1	1/2	1/2	1	3657						
175	175	698	698	2.0	1/2	1/2	Chord	4/4	4	1	1/2	1/2	1	3658						
175	175	696	696	2.0	0	0	Chord	4/4	5	1	1/2	1/2	1	3659						
175	175	698	698	2.0	1/2	1/2	Chord	4/4	5	1	1/2	1/2	1	3660	ornamentTremblement					
175	175	696	696	4.0	0	0	Chord	4/4	5	2	1	1	1	3661						
175	175	696	696	2.0	0	0	Chord	4/4	5	3	1/2	1/2	1	3662						
175	175	698	698	2.0	1/2	1/2	Chord	4/4	5	3	1/2	1/2	1	3663						
175	175	696	696	2.0	0	0	Chord	4/4	6	1	1/2	1/2	1	3664						
175	175	698	698	2.0	1/2	1/2	Chord	4/4	6	1	1/2	1/2	1	3665						
175	175	696	696	0.0	0	0	FiguredBass	4/4	7	1	0					1/2	6	5	h	
175	175	696	696	2.0	0	0	Chord	4/4	7	1	1/2	1/2	1	3666						
175	175	698	698	0.0	1/2	1/2	FiguredBass	4/4	7	1	0					1/2	#			
175	175	698	698	2.0	1/2	1/2	Chord	4/4	7	1	1/2	1/2	1	3667	ornamentTremblement					
175	175	696	696	2.0	0	0	Chord	4/4	8	1	1/2	1/2	1	3668						
175	175	698	698	2.0	1/2	1/2	Chord	4/4	8	1	1/2	1/2	1	3669						
176	176	700	700	2.0	0	0	Chord	4/4	1	1	1/2	1/2	1	3670						
176	176	702	702	2.0	1/2	1/2	Chord	4/4	1	1	1/2	1/2	1	3671						
176	176	700	700	2.0	0	0	Chord	4/4	2	1	1/2	1/2	1	3672						
176	176	702	702	2.0	1/2	1/2	Chord	4/4	2	1	1/2	1/2	1	3673						
176	176	700	700	2.0	0	0	Chord	4/4	3	1	1/2	1/2	1	3674						
176	176	702	702	2.0	1/2	1/2	Chord	4/4	3	1	1/2	1/2	1	3675						
176	176	700	700	2.0	0	0	Chord	4/4	4	1	1/2	1/2	1	3676						
176	176	702	702	2.0	1/2	1/2	Chord	4/4	4	1	1/2	1/2	1	3677						
176	176	700	700	2.0	0	0	Chord	4/4	5	1	1/2	1/2	1	3678						
176	176	702	702	2.0	1/2	1/2	Chord	4/4	5	1	1/2	1/2	1	3679						
176	176	700	700	2.0	0	0	Chord	4/4	5	2	1/2	1/2	1	3680						
176	176	702	702	2.0	1/2	1/2	Chord	4/4	5	2	1/2	1/2	1	3681						
176	176	700	700	2.0	0	0	Chord	4/4	5	3	1/2	1/2	1	3682						
176	176	702	702	2.0	1/2	1/2	Chord	4/4	5	3	1/2	1/2	1	3683						
176	176	700	700	2.0	0	0	Chord	4/4	6	1	1/2	1/2	1	3684						
176	176	702	702	2.0	1/2	1/2	Chord	4/4	6	1	1/2	1/2	1	3685						
176	176	700	700	2.0	0	0	Chord	4/4	7	1	1/2	1/2	1	3686						
176	176	702	702	2.0	1/2	1/2	Chord	4/4	7	1	1/2	1/2	1	3687						
176	176	700	700	2.0	0	0	Chord	4/4	8	1	1/2	1/2	1	3688						
176	176	702	702	2.0	1/2	1/2	Chord	4/4	8	1	1/2	1/2	1	3689						
177	177	704	704	2.0	0	0	Chord	4/4	1	1	1/2	1/2	1	3690						
177	177	706	706	2.0	1/2	1/2	Chord	4/4	1	1	1/2	1/2	1	3691						
177	177	704	704	2.0	0	0	Chord	4/4	2	1	1/2	1/2	1	3692						
177	177	706	706	2.0	1/2	1/2	Chord	4/4	2	1	1/2	1/2	1	3693						
177	177	704	704	2.0	0	0	Chord	4/4	3	1	1/2	1/2	1	3694						
177	177	706	706	2.0	1/2	1/2	Chord	4/4	3	1	1/2	1/2	1	3695						
177	177	704	704	2.0	0	0	Chord	4/4	4	1	1/2	1/2	1	3696						
177	177	706	706	2.0	1/2	1/2	Chord	4/4	4	1	1/2	1/2	1	3697						
177	177	704	704	2.0	0	0	Chord	4/4	5	1	1/2	1/2	1	3698						
177	177	706	706	2.0	1/2	1/2	Chord	4/4	5	1	1/2	1/2	1	3699						
177	177	704	704	2.0	0	0	Chord	4/4	5	2	1/2	1/2	1	3700						
177	177	706	706	2.0	1/2	1/2	Chord	4/4	5	2	1/2	1/2	1	3701						
177	177	704	704	2.0	0	0	Chord	4/4	5	3	1/2	1/2	1	3702						
177	177	706	706	2.0	1/2	1/2	Chord	4/4	5	3	1/2	1/2	1	3703						
177	177	704	704	2.0	0	0	Chord	4/4	6	1	1/2	1/2	1	3704						
177	177	706	706	2.0	1/2	1/2	Chord	4/4	6	1	1/2	1/2	1	3705						
177	177	704	704	0.0	0	0	FiguredBass	4/4	7	1	0					1/2	6			
177	177	704	704	2.0	0	0	Chord	4/4	7	1	1/2	1/2	1	3706						
177	177	706	706	0.0	1/2	1/2	FiguredBass	4/4	7	1	0					1/2	6	4		
177	177	706	706	2.0	1/2	1/2	Chord	4/4	7	1	1/2	1/2	1	3707						
177	177	704	704	2.0	0	0	Chord	4/4	8	1	1/2	1/2	1	3708						
177	177	706	706	2.0	1/2	1/2	Chord	4/4	8	1	1/2	1/2	1	3709						
178	178	708	708	2.0	0	0	Chord	4/4	1	1	1/2	1/2	1	3710						
178	178	710	710	1.0	1/2	1/2	Chord	4/4	1	1	1/4	1/4	1	3711						
178	178	711	711	1.0	3/4	3/4	Chord	4/4	1	1	1/4	1/4	1	3712						
178	178	708	708	2.0	0	0	Chord	4/4	2	1	1/2	1/2	1	3713						
178	178	710	710	1.0	1/2	1/2	Chord	4/4	2	1	1/4	1/4	1	3714						
178	178	711	711	1.0	3/4	3/4	Chord	4/4	2	1	1/4	1/4	1	3715						
178	178	708	708	2.0	0	0	Chord	4/4	3	1	1/2	1/2	1	3716						
178	178	710	710	1.0	1/2	1/2	Chord	4/4	3	1	1/4	1/4	1	3717						
178	178	711	711	1.0	3/4	3/4	Chord	4/4	3	1	1/4	1/4	1	3718						
178	178	708	708	2.0	0	0	Chord	4/4	4	1	1/2	1/2	1	3719						
178	178	710	710	1.0	1/2	1/2	Chord	4/4	4	1	1/4	1/4	1	3720						
178	178	711	711	1.0	3/4	3/4	Chord	4/4	4	1	1/4	1/4	1	3721						
178	178	708	708	2.0	0	0	Chord	4/4	5	1	1/2	1/2	1	3722						
178	178	710	710	1.0	1/2	1/2	Chord	4/4	5	1	1/4	1/4	1	3723						
178	178	711	711	1.0	3/4	3/4	Chord	4/4	5	1	1/4	1/4	1	3724						
178	178	708	708	2.0	0	0	Chord	4/4	5	2	1/2	1/2	1	3725						
178	178	710	710	2.0	1/2	1/2	Chord	4/4	5	2	1/2	1/2	1	3726						
178	178	708	708	2.0	0	0	Chord	4/4	5	3	1/2	1/2	1	3727						
178	178	710	710	2.0	1/2	1/2	Chord	4/4	5	3	1/2	1/2	1	3728						
178	178	708	708	2.0	0	0	Chord	4/4	6	1	1/2	1/2	1	3729						
178	178	710	710	2.0	1/2	1/2	Chord	4/4	6	1	1/2	1/2	1	3730						
178	178	708	708	2.0	0	0	Chord	4/4	7	1	1/2	1/2	1	3731						
178	178	710	710	0.0	1/2	1/2	FiguredBass	4/4	7	1	0					1/4	6	4		
178	178	710	710	1.0	1/2	1/2	Chord	4/4	7	1	1/4	1/4	1	3732						
178	178	711	711	1.0	3/4	3/4	Chord	4/4	7	1	1/4	1/4	1	3733						
178	178	708	708	2.0	0	0	Chord	4/4	8	1	1/2	1/2	1	3734						
178	178	710	710	2.0	1/2	1/2	Chord	4/4	8	1	1/2	1/2	1	3735						
179	179	712	712	2.0	0	0	Chord	4/4	1	1	1/2	1/2	1	3736						
179	179	714	714	2.0	1/2	1/2	Chord	4/4	1	1	1/2	1/2	1	3737						
179	179	712	712	2.0	0	0	Chord	4/4	2	1	1/2	1/2	1	3738						
179	179	714	714	2.0	1/2	1/2	Chord	4/4	2	1	1/2	1/2	1	3739						
179	179	712	712	2.0	0	0	Chord	4/4	3	1	1/2	1/2	1	3740						
179	179	714	714	2.0	1/2	1/2	Chord	4/4	3	1	1/2	1/2	1	3741						
179	179	712	712	2.0	0	0	Chord	4/4	4	1	1/2	1/2	1	3742						
179	179	714	714	2.0	1/2	1/2	Chord	4/4	4	1	1/2	1/2	1	3743						
179	179	712	712	2.0	0	0	Chord	4/4	5	1	1/2	1/2	1	3744						
179	179	714	714	2.0	1/2	1/2	Chord	4/4	5	1	1/2	1/2	1	3745						
179	179	712	712	2.0	0	0	Chord	4/4	5	2	1/2	1/2	1	3746						
179	179	714	714	2.0	1/2	1/2	Chord	4/4	5	2	1/2	1/2	1	3747						
179	179	712	712	2.0	0	0	Chord	4/4	5	3	1/2	1/2	1	3748						
179	179	714	714	2.0	1/2	1/2	Chord	4/4	5	3	1/2	1/2	1	3749						
179	179	712	712	2.0	0	0	Chord	4/4	6	1	1/2	1/2	1	3750						
179	179	714	714	2.0	1/2	1/2	Chord	4/4	6	1	1/2	1/2	1	3751						
179	179	712	712	0.0	0	0	FiguredBass	4/4	7	1	0					1/2	6			
179	179	712	712	2.0	0	0	Chord	4/4	7	1	1/2	1/2	1	3752						
179	179	714	714	2.0	1/2	1/2	Chord	4/4	7	1	1/2	1/2	1	3753						
179	179	712	712	2.0	0	0	Chord	4/4	8	1	1/2	1/2	1	3754						
179	179	714	714	2.0	1/2	1/2	Chord	4/4	8	1	1/2	1/2	1	3755						
180	180	716	716	2.0	0	0	Chord	4/4	1	1	1/2	1/2	1	3756						
180	180	718	718	1.0	1/2	1/2	Chord	4/4	1	1	1/4	1/4	1	3757						
180	180	719	719	1.0	3/4	3/4	Chord	4/4	1	1	1/4	1/4	1	3758						
180	180	716	716	2.0	0	0	Chord	4/4	2	1	1/2	1/2	1	3759						
180	180	718	718	1.0	1/2	1/2	Chord	4/4	2	1	1/4	1/4	1	3760						
180	180	719	719	1.0	3/4	3/4	Chord	4/4	2	1	1/4	1/4	1	3761						
180	180	716	716	2.0	0	0	Chord	4/4	3	1	1/2	1/2	1	3762						
180	180	718	718	1.0	1/2	1/2	Chord	4/4	3	1	1/4	1/4	1	3763						
180	180	719	719	1.0	3/4	3/4	Chord	4/4	3	1	1/4	1/4	1	3764						
180	180	716	716	2.0	0	0	Chord	4/4	4	1	1/2	1/2	1	3765						
180	180	718	718	1.0	1/2	1/2	Chord	4/4	4	1	1/4	1/4	1	3766						
180	180	719	719	1.0	3/4	3/4	Chord	4/4	4	1	1/4	1/4	1	3767						
180	180	716	716	2.0	0	0	Chord	4/4	5	1	1/2	1/2	1	3768						
180	180	718	718	1.0	1/2	1/2	Chord	4/4	5	1	1/4	1/4	1	3769						
180	180	719	719	1.0	3/4	3/4	Chord	4/4	5	1	1/4	1/4	1	3770						
180	180	716	716	2.0	0	0	Chord	4/4	5	2	1/2	1/2	1	3771						
180	180	718	718	2.0	1/2	1/2	Chord	4/4	5	2	1/2	1/2	1	3772						
180	180	716	716	2.0	0	0	Chord	4/4	5	3	1/2	1/2	1	3773						
180	180	718	718	2.0	1/2	1/2	Chord	4/4	5	3	1/2	1/2	1	3774						
180	180	716	716	2.0	0	0	Chord	4/4	6	1	1/2	1/2	1	3775						
180	180	718	718	2.0	1/2	1/2	Chord	4/4	6	1	1/2	1/2	1	3776						
180	180	716	716	2.0	0	0	Chord	4/4	7	1	1/2	1/2	1	3777						
180	180	718	718	0.0	1/2	1/2	FiguredBass	4/4	7	1	0					1/4	5			
180	180	718	718	1.0	1/2	1/2	Chord	4/4	7	1	1/4	1/4	1	3778						
180	180	719	719	1.0	3/4	3/4	Chord	4/4	7	1	1/4	1/4	1	3779						
180	180	716	716	2.0	0	0	Chord	4/4	8	1	1/2	1/2	1	3780						
180	180	718	718	2.0	1/2	1/2	Chord	4/4	8	1	1/2	1/2	1	3781						
181	181	720	720	3.0	0	0	Chord	4/4	1	1	3/4	1/2	3/2	3782						
181	181	723	723	1.0	3/4	3/4	Chord	4/4	1	1	1/4	1/4	1	3783						
181	181	720	720	3.0	0	0	Chord	4/4	2	1	3/4	1/2	3/2	3784						
181	181	723	723	1.0	3/4	3/4	Chord	4/4	2	1	1/4	1/4	1	3785						
181	181	720	720	3.0	0	0	Chord	4/4	3	1	3/4	1/2	3/2	3786						
181	181	723	723	1.0	3/4	3/4	Chord	4/4	3	1	1/4	1/4	1	3787						
181	181	720	720	3.0	0	0	Chord	4/4	4	1	3/4	1/2	3/2	3788						
181	181	723	723	1.0	3/4	3/4	Chord	4/4	4	1	1/4	1/4	1	3789						
181	181	720	720	3.0	0	0	Chord	4/4	5	1	3/4	1/2	3/2	3790						
181	181	723	723	1.0	3/4	3/4	Chord	4/4	5	1	1/4	1/4	1	3791						
181	181	720	720	3.0	0	0	Chord	4/4	5	2	3/4	1/2	3/2	3792						
181	181	723	723	1.0	3/4	3/4	Chord	4/4	5	2	1/4	1/4	1	3793						
181	181	720	720	3.0	0	0	Chord	4/4	5	3	3/4	1/2	3/2	3794						
181	181	723	723	1.0	3/4	3/4	Chord	4/4	5	3	1/4	1/4	1	3795						
181	181	720	720	3.0	0	0	Chord	4/4	6	1	3/4	1/2	3/2	3796						
181	181	723	723	1.0	3/4	3/4	Chord	4/4	6	1	1/4	1/4	1	3797						
181	181	720	720	3.0	0	0	Chord	4/4	7	1	3/4	1/2	3/2	3798						
181	181	723	723	1.0	3/4	3/4	Chord	4/4	7	1	1/4	1/4	1	3799						
181	181	720	720	3.0	0	0	Chord	4/4	8	1	3/4	1/2	3/2	3800						
181	181	723	723	1.0	3/4	3/4	Chord	4/4	8	1	1/4	1/4	1	3801						
182	182	724	724	1.0	0	0	Chord	4/4	1	1	1/4	1/4	1	3802						
182	182	725	725	1.0	1/4	1/4	Chord	4/4	1	1	1/4	1/4	1	3803						
182	182	726	726	1.0	1/2	1/2	Chord	4/4	1	1	1/4	1/4	1	3804						
182	182	727	727	1.0	3/4	3/4	Chord	4/4	1	1	1/4	1/4	1	3805						
182	182	724	724	1.0	0	0	Chord	4/4	2	1	1/4	1/4	1	3806						
182	182	725	725	1.0	1/4	1/4	Chord	4/4	2	1	1/4	1/4	1	3807						
182	182	726	726	1.0	1/2	1/2	Chord	4/4	2	1	1/4	1/4	1	3808						
182	182	727	727	1.0	3/4	3/4	Chord	4/4	2	1	1/4	1/4	1	3809						
182	182	724	724	1.0	0	0	Chord	4/4	3	1	1/4	1/4	1	3810						
182	182	725	725	1.0	1/4	1/4	Chord	4/4	3	1	1/4	1/4	1	3811						
182	182	726	726	1.0	1/2	1/2	Chord	4/4	3	1	1/4	1/4	1	3812						
182	182	727	727	1.0	3/4	3/4	Chord	4/4	3	1	1/4	1/4	1	3813						
182	182	724	724	1.0	0	0	Chord	4/4	4	1	1/4	1/4	1	3814						
182	182	725	725	1.0	1/4	1/4	Chord	4/4	4	1	1/4	1/4	1	3815						
182	182	726	726	1.0	1/2	1/2	Chord	4/4	4	1	1/4	1/4	1	3816						
182	182	727	727	1.0	3/4	3/4	Chord	4/4	4	1	1/4	1/4	1	3817						
182	182	724	724	1.0	0	0	Chord	4/4	5	1	1/4	1/4	1	3818						
182	182	725	725	1.0	1/4	1/4	Chord	4/4	5	1	1/4	1/4	1	3819						
182	182	726	726	1.0	1/2	1/2	Chord	4/4	5	1	1/4	1/4	1	3820						
182	182	727	727	1.0	3/4	3/4	Chord	4/4	5	1	1/4	1/4	1	3821						
182	182	724	724	2.0	0	0	Chord	4/4	5	2	1/2	1/2	1	3822						
182	182	726	726	2.0	1/2	1/2	Chord	4/4	5	2	1/2	1/2	1	3823						
182	182	724	724	2.0	0	0	Chord	4/4	5	3	1/2	1/2	1	3824						
182	182	726	726	2.0	1/2	1/2	Chord	4/4	5	3	1/2	1/2	1	3825						
182	182	724	724	2.0	0	0	Chord	4/4	6	1	1/2	1/2	1	3826						
182	182	726	726	2.0	1/2	1/2	Chord	4/4	6	1	1/2	1/2	1	3827						
182	182	724	724	0.0	0	0	FiguredBass	4/4	7	1	0					1/4	6			
182	182	724	724	1.0	0	0	Chord	4/4	7	1	1/4	1/4	1	3828						
182	182	725	725	1.0	1/4	1/4	Chord	4/4	7	1	1/4	1/4	1	3829						
182	182	726	726	1.0	1/2	1/2	Chord	4/4	7	1	1/4	1/4	1	3830						
182	182	727	727	1.0	3/4	3/4	Chord	4/4	7	1	1/4	1/4	1	3831						
182	182	724	724	2.0	0	0	Chord	4/4	8	1	1/2	1/2	1	3832						
182	182	726	726	2.0	1/2	1/2	Chord	4/4	8	1	1/2	1/2	1	3833						
183	183	728	728	4.0	0	0	Chord	4/4	1	1	1	1	1	3834	ornamentTremblement					
183	183	728	728	2.0	0	0	Chord	4/4	2	1	1/2	1/2	1	3835						33
183	183	730	730	2.0	1/2	1/2	Chord	4/4	2	1	1/2	1/2	1	3836	ornamentTremblement					
183	183	728	728	2.0	0	0	Chord	4/4	3	1	1/2	1/2	1	3837						34
183	183	730	730	1.0	1/2	1/2	Chord	4/4	3	1	1/4	1/4	1	3838						34
183	183	731	731	1.0	3/4	3/4	Chord	4/4	3	1	1/4	1/4	1	3839						
183	183	728	728	2.0	0	0	Chord	4/4	4	1	1/2	1/2	1	3840						35
183	183	730	730	2.0	1/2	1/2	Chord	4/4	4	1	1/2	1/2	1	3841						
183	183	728	728	4.0	0	0	Chord	4/4	5	1	1	1	1	3842						
183	183	728	728	2.0	0	0	Chord	4/4	5	2	1/2	1/2	1	3843						
183	183	730	730	1.0	1/2	1/2	Chord	4/4	5	2	1/4	1/4	1	3844						
183	183	731	731	1.0	3/4	3/4	Chord	4/4	5	2	1/4	1/4	1	3845						
183	183	728	728	2.0	0	0	Chord	4/4	5	3	1/2	1/2	1	3846						
183	183	730	730	2.0	1/2	1/2	Chord	4/4	5	3	1/2	1/2	1	3847						
183	183	728	728	2.0	0	0	Chord	4/4	6	1	1/2	1/2	1	3848						
183	183	730	730	2.0	1/2	1/2	Chord	4/4	6	1	1/2	1/2	1	3849						
183	183	728	728	0.0	0	0	FiguredBass	4/4	7	1	0					1	6	5		
183	183	728	728	4.0	0	0	Chord	4/4	7	1	1	1	1	3850	ornamentTremblement					
183	183	728	728	2.0	0	0	Chord	4/4	8	1	1/2	1/2	1	3851						
183	183	730	730	2.0	1/2	1/2	Chord	4/4	8	1	1/2	1/2	1	3852						
184	184	732	732	2.0	0	0	Chord	4/4	1	1	1/2	1/2	1	3853						
184	184	734	734	1.0	1/2	1/2	Chord	4/4	1	1	1/4	1/4	1	3854						
184	184	735	735	1.0	3/4	3/4	Chord	4/4	1	1	1/4	1/4	1	3855						
184	184	732	732	2.0	0	0	Chord	4/4	2	1	1/2	1/2	1	3856						
184	184	734	734	1.0	1/2	1/2	Chord	4/4	2	1	1/4	1/4	1	3857						
184	184	735	735	1.0	3/4	3/4	Chord	4/4	2	1	1/4	1/4	1	3858						
184	184	732	732	2.0	0	0	Chord	4/4	3	1	1/2	1/2	1	3859						
184	184	734	734	1.0	1/2	1/2	Chord	4/4	3	1	1/4	1/4	1	3860						
184	184	735	735	1.0	3/4	3/4	Chord	4/4	3	1	1/4	1/4	1	3861						
184	184	732	732	2.0	0	0	Chord	4/4	4	1	1/2	1/2	1	3862						
184	184	734	734	1.0	1/2	1/2	Chord	4/4	4	1	1/4	1/4	1	3863						
184	184	735	735	1.0	3/4	3/4	Chord	4/4	4	1	1/4	1/4	1	3864						
184	184	732	732	2.0	0	0	Chord	4/4	5	1	1/2	1/2	1	3865						
184	184	734	734	1.0	1/2	1/2	Chord	4/4	5	1	1/4	1/4	1	3866						
184	184	735	735	1.0	3/4	3/4	Chord	4/4	5	1	1/4	1/4	1	3867						
184	184	732	732	2.0	0	0	Chord	4/4	5	2	1/2	1/2	1	3868						
184	184	734	734	2.0	1/2	1/2	Chord	4/4	5	2	1/2	1/2	1	3869						
184	184	732	732	2.0	0	0	Chord	4/4	5	3	1/2	1/2	1	3870						
184	184	734	734	2.0	1/2	1/2	Chord	4/4	5	3	1/2	1/2	1	3871						
184	184	732	732	2.0	0	0	Chord	4/4	6	1	1/2	1/2	1	3872						
184	184	734	734	2.0	1/2	1/2	Chord	4/4	6	1	1/2	1/2	1	3873						
184	184	732	732	2.0	0	0	Chord	4/4	7	1	1/2	1/2	1	3874						
184	184	734	734	1.0	1/2	1/2	Chord	4/4	7	1	1/4	1/4	1	3875						
184	184	735	735	1.0	3/4	3/4	Chord	4/4	7	1	1/4	1/4	1	3876						
184	184	732	732	2.0	0	0	Chord	4/4	8	1	1/2	1/2	1	3877						
184	184	734	734	2.0	1/2	1/2	Chord	4/4	8	1	1/2	1/2	1	3878						
185	185	736	736	2.0	0	0	Chord	4/4	1	1	1/2	1/2	1	3879						
185	185	738	738	2.0	1/2	1/2	Chord	4/4	1	1	1/2	1/2	1	3880						
185	185	736	736	2.0	0	0	Chord	4/4	2	1	1/2	1/2	1	3881						
185	185	738	738	2.0	1/2	1/2	Chord	4/4	2	1	1/2	1/2	1	3882						
185	185	736	736	2.0	0	0	Chord	4/4	3	1	1/2	1/2	1	3883						
185	185	738	738	2.0	1/2	1/2	Chord	4/4	3	1	1/2	1/2	1	3884						
185	185	736	736	2.0	0	0	Chord	4/4	4	1	1/2	1/2	1	3885						
185	185	738	738	2.0	1/2	1/2	Chord	4/4	4	1	1/2	1/2	1	3886						
185	185	736	736	2.0	0	0	Chord	4/4	5	1	1/2	1/2	1	3887						
185	185	738	738	2.0	1/2	1/2	Chord	4/4	5	1	1/2	1/2	1	3888						
185	185	736	736	2.0	0	0	Chord	4/4	5	2	1/2	1/2	1	3889						
185	185	738	738	2.0	1/2	1/2	Chord	4/4	5	2	1/2	1/2	1	3890						
185	185	736	736	2.0	0	0	Chord	4/4	5	3	1/2	1/2	1	3891						
185	185	738	738	2.0	1/2	1/2	Chord	4/4	5	3	1/2	1/2	1	3892						
185	185	736	736	2.0	0	0	Chord	4/4	6	1	1/2	1/2	1	3893						
185	185	738	738	2.0	1/2	1/2	Chord	4/4	6	1	1/2	1/2	1	3894						
185	185	736	736	0.0	0	0	FiguredBass	4/4	7	1	0					1/2	6			
185	185	736	736	2.0	0	0	Chord	4/4	7	1	1/2	1/2	1	3895						
185	185	738	738	0.0	1/2	1/2	FiguredBass	4/4	7	1	0					1/2	6			
185	185	738	738	2.0	1/2	1/2	Chord	4/4	7	1	1/2	1/2	1	3896						
185	185	736	736	2.0	0	0	Chord	4/4	8	1	1/2	1/2	1	3897						
185	185	738	738	2.0	1/2	1/2	Chord	4/4	8	1	1/2	1/2	1	3898						
186	186	740	740	2.0	0	0	Chord	4/4	1	1	1/2	1/2	1	3899						
186	186	742	742	2.0	1/2	1/2	Chord	4/4	1	1	1/2	1/2	1	3900	ornamentTremblement					
186	186	740	740	2.0	0	0	Chord	4/4	2	1	1/2	1/2	1	3901						
186	186	742	742	2.0	1/2	1/2	Chord	4/4	2	1	1/2	1/2	1	3902						
186	186	740	740	2.0	0	0	Chord	4/4	3	1	1/2	1/2	1	3903						
186	186	742	742	2.0	1/2	1/2	Chord	4/4	3	1	1/2	1/2	1	3904	ornamentTremblement					
186	186	740	740	2.0	0	0	Chord	4/4	4	1	1/2	1/2	1	3905						
186	186	742	742	2.0	1/2	1/2	Chord	4/4	4	1	1/2	1/2	1	3906						
186	186	740	740	2.0	0	0	Chord	4/4	5	1	1/2	1/2	1	3907						
186	186	742	742	2.0	1/2	1/2	Chord	4/4	5	1	1/2	1/2	1	3908	ornamentTremblement					
186	186	740	740	4.0	0	0	Chord	4/4	5	2	1	1	1	3909						
186	186	740	740	2.0	0	0	Chord	4/4	5	3	1/2	1/2	1	3910						
186	186	742	742	2.0	1/2	1/2	Chord	4/4	5	3	1/2	1/2	1	3911						
186	186	740	740	2.0	0	0	Chord	4/4	6	1	1/2	1/2	1	3912						
186	186	742	742	2.0	1/2	1/2	Chord	4/4	6	1	1/2	1/2	1	3913						
186	186	740	740	0.0	0	0	FiguredBass	4/4	7	1	0					1/2	6	5	h	
186	186	740	740	2.0	0	0	Chord	4/4	7	1	1/2	1/2	1	3914						
186	186	742	742	0.0	1/2	1/2	FiguredBass	4/4	7	1	0					1/2	#			
186	186	742	742	2.0	1/2	1/2	Chord	4/4	7	1	1/2	1/2	1	3915	ornamentTremblement					
186	186	740	740	2.0	0	0	Chord	4/4	8	1	1/2	1/2	1	3916						
186	186	742	742	2.0	1/2	1/2	Chord	4/4	8	1	1/2	1/2	1	3917						
187	187	744	744	2.0	0	0	Chord	4/4	1	1	1/2	1/2	1	3918						
187	187	746	746	2.0	1/2	1/2	Chord	4/4	1	1	1/2	1/2	1	3919						
187	187	744	744	2.0	0	0	Chord	4/4	2	1	1/2	1/2	1	3920						
187	187	746	746	2.0	1/2	1/2	Chord	4/4	2	1	1/2	1/2	1	3921						
187	187	744	744	2.0	0	0	Chord	4/4	3	1	1/2	1/2	1	3922						
187	187	746	746	2.0	1/2	1/2	Chord	4/4	3	1	1/2	1/2	1	3923						
187	187	744	744	2.0	0	0	Chord	4/4	4	1	1/2	1/2	1	3924						
187	187	746	746	2.0	1/2	1/2	Chord	4/4	4	1	1/2	1/2	1	3925						
187	187	744	744	2.0	0	0	Chord	4/4	5	1	1/2	1/2	1	3926						
187	187	746	746	2.0	1/2	1/2	Chord	4/4	5	1	1/2	1/2	1	3927						
187	187	744	744	2.0	0	0	Chord	4/4	5	2	1/2	1/2	1	3928						
187	187	746	746	2.0	1/2	1/2	Chord	4/4	5	2	1/2	1/2	1	3929						
187	187	744	744	2.0	0	0	Chord	4/4	5	3	1/2	1/2	1	3930						
187	187	746	746	2.0	1/2	1/2	Chord	4/4	5	3	1/2	1/2	1	3931						
187	187	744	744	2.0	0	0	Chord	4/4	6	1	1/2	1/2	1	3932						
187	187	746	746	2.0	1/2	1/2	Chord	4/4	6	1	1/2	1/2	1	3933						
187	187	744	744	2.0	0	0	Chord	4/4	7	1	1/2	1/2	1	3934						
187	187	746	746	2.0	1/2	1/2	Chord	4/4	7	1	1/2	1/2	1	3935						
187	187	744	744	2.0	0	0	Chord	4/4	8	1	1/2	1/2	1	3936						
187	187	746	746	2.0	1/2	1/2	Chord	4/4	8	1	1/2	1/2	1	3937						
188	188	748	748	2.0	0	0	Chord	4/4	1	1	1/2	1/2	1	3938						
188	188	750	750	1.0	1/2	1/2	Chord	4/4	1	1	1/4	1/4	1	3939						
188	188	751	751	1.0	3/4	3/4	Chord	4/4	1	1	1/4	1/4	1	3940						
188	188	748	748	2.0	0	0	Chord	4/4	2	1	1/2	1/2	1	3941						
188	188	750	750	1.0	1/2	1/2	Chord	4/4	2	1	1/4	1/4	1	3942						
188	188	751	751	1.0	3/4	3/4	Chord	4/4	2	1	1/4	1/4	1	3943						
188	188	748	748	2.0	0	0	Chord	4/4	3	1	1/2	1/2	1	3944						
188	188	750	750	1.0	1/2	1/2	Chord	4/4	3	1	1/4	1/4	1	3945						
188	188	751	751	1.0	3/4	3/4	Chord	4/4	3	1	1/4	1/4	1	3946						
188	188	748	748	2.0	0	0	Chord	4/4	4	1	1/2	1/2	1	3947						
188	188	750	750	1.0	1/2	1/2	Chord	4/4	4	1	1/4	1/4	1	3948						
188	188	751	751	1.0	3/4	3/4	Chord	4/4	4	1	1/4	1/4	1	3949						
188	188	748	748	2.0	0	0	Chord	4/4	5	1	1/2	1/2	1	3950						
188	188	750	750	1.0	1/2	1/2	Chord	4/4	5	1	1/4	1/4	1	3951						
188	188	751	751	1.0	3/4	3/4	Chord	4/4	5	1	1/4	1/4	1	3952						
188	188	748	748	2.0	0	0	Chord	4/4	5	2	1/2	1/2	1	3953						
188	188	750	750	2.0	1/2	1/2	Chord	4/4	5	2	1/2	1/2	1	3954						
188	188	748	748	2.0	0	0	Chord	4/4	5	3	1/2	1/2	1	3955						
188	188	750	750	2.0	1/2	1/2	Chord	4/4	5	3	1/2	1/2	1	3956						
188	188	748	748	2.0	0	0	Chord	4/4	6	1	1/2	1/2	1	3957						
188	188	750	750	2.0	1/2	1/2	Chord	4/4	6	1	1/2	1/2	1	3958						
188	188	748	748	2.0	0	0	Chord	4/4	7	1	1/2	1/2	1	3959						
188	188	750	750	1.0	1/2	1/2	Chord	4/4	7	1	1/4	1/4	1	3960						
188	188	751	751	1.0	3/4	3/4	Chord	4/4	7	1	1/4	1/4	1	3961						
188	188	748	748	2.0	0	0	Chord	4/4	8	1	1/2	1/2	1	3962						
188	188	750	750	2.0	1/2	1/2	Chord	4/4	8	1	1/2	1/2	1	3963						
189	189	752	752	2.0	0	0	Chord	4/4	1	1	1/2	1/2	1	3964						
189	189	754	754	2.0	1/2	1/2	Chord	4/4	1	1	1/2	1/2	1	3965						
189	189	752	752	2.0	0	0	Chord	4/4	2	1	1/2	1/2	1	3966						
189	189	754	754	2.0	1/2	1/2	Chord	4/4	2	1	1/2	1/2	1	3967						
189	189	752	752	2.0	0	0	Chord	4/4	3	1	1/2	1/2	1	3968						
189	189	754	754	2.0	1/2	1/2	Chord	4/4	3	1	1/2	1/2	1	3969						
189	189	752	752	2.0	0	0	Chord	4/4	4	1	1/2	1/2	1	3970						
189	189	754	754	2.0	1/2	1/2	Chord	4/4	4	1	1/2	1/2	1	3971						
189	189	752	752	2.0	0	0	Chord	4/4	5	1	1/2	1/2	1	3972						
189	189	754	754	2.0	1/2	1/2	Chord	4/4	5	1	1/2	1/2	1	3973						
189	189	752	752	2.0	0	0	Chord	4/4	5	2	1/2	1/2	1	3974						
189	189	754	754	2.0	1/2	1/2	Chord	4/4	5	2	1/2	1/2	1	3975						
189	189	752	752	2.0	0	0	Chord	4/4	5	3	1/2	1/2	1	3976						
189	189	754	754	2.0	1/2	1/2	Chord	4/4	5	3	1/2	1/2	1	3977						
189	189	752	752	2.0	0	0	Chord	4/4	6	1	1/2	1/2	1	3978						
189	189	754	754	2.0	1/2	1/2	Chord	4/4	6	1	1/2	1/2	1	3979						
189	189	752	752	0.0	0	0	FiguredBass	4/4	7	1	0					1/2	6			
189	189	752	752	2.0	0	0	Chord	4/4	7	1	1/2	1/2	1	3980						
189	189	754	754	2.0	1/2	1/2	Chord	4/4	7	1	1/2	1/2	1	3981						
189	189	752	752	2.0	0	0	Chord	4/4	8	1	1/2	1/2	1	3982						
189	189	754	754	2.0	1/2	1/2	Chord	4/4	8	1	1/2	1/2	1	3983						
190	190	756	756	2.0	0	0	Chord	4/4	1	1	1/2	1/2	1	3984						
190	190	758	758	1.0	1/2	1/2	Chord	4/4	1	1	1/4	1/4	1	3985						
190	190	759	759	1.0	3/4	3/4	Chord	4/4	1	1	1/4	1/4	1	3986						
190	190	756	756	2.0	0	0	Chord	4/4	2	1	1/2	1/2	1	3987						
190	190	758	758	1.0	1/2	1/2	Chord	4/4	2	1	1/4	1/4	1	3988						
190	190	759	759	1.0	3/4	3/4	Chord	4/4	2	1	1/4	1/4	1	3989						
190	190	756	756	2.0	0	0	Chord	4/4	3	1	1/2	1/2	1	3990						
190	190	758	758	1.0	1/2	1/2	Chord	4/4	3	1	1/4	1/4	1	3991						
190	190	759	759	1.0	3/4	3/4	Chord	4/4	3	1	1/4	1/4	1	3992						
190	190	756	756	2.0	0	0	Chord	4/4	4	1	1/2	1/2	1	3993						
190	190	758	758	1.0	1/2	1/2	Chord	4/4	4	1	1/4	1/4	1	3994						
190	190	759	759	1.0	3/4	3/4	Chord	4/4	4	1	1/4	1/4	1	3995						
190	190	756	756	2.0	0	0	Chord	4/4	5	1	1/2	1/2	1	3996						
190	190	758	758	1.0	1/2	1/2	Chord	4/4	5	1	1/4	1/4	1	3997						
190	190	759	759	1.0	3/4	3/4	Chord	4/4	5	1	1/4	1/4	1	3998						
190	190	756	756	2.0	0	0	Chord	4/4	5	2	1/2	1/2	1	3999						
190	190	758	758	2.0	1/2	1/2	Chord	4/4	5	2	1/2	1/2	1	4000						
190	190	756	756	2.0	0	0	Chord	4/4	5	3	1/2	1/2	1	4001						
190	190	758	758	2.0	1/2	1/2	Chord	4/4	5	3	1/2	1/2	1	4002						
190	190	756	756	2.0	0	0	Chord	4/4	6	1	1/2	1/2	1	4003						
190	190	758	758	2.0	1/2	1/2	Chord	4/4	6	1	1/2	1/2	1	4004						
190	190	756	756	2.0	0	0	Chord	4/4	7	1	1/2	1/2	1	4005						
190	190	758	758	1.0	1/2	1/2	Chord	4/4	7	1	1/4	1/4	1	4006						
190	190	759	759	1.0	3/4	3/4	Chord	4/4	7	1	1/4	1/4	1	4007						
190	190	756	756	2.0	0	0	Chord	4/4	8	1	1/2	1/2	1	4008						
190	190	758	758	2.0	1/2	1/2	Chord	4/4	8	1	1/2	1/2	1	4009						
191	191	760	760	2.0	0	0	Chord	4/4	1	1	1/2	1/2	1	4010						
191	191	762	762	2.0	1/2	1/2	Chord	4/4	1	1	1/2	1/2	1	4011	ornamentTremblement					
191	191	760	760	2.0	0	0	Chord	4/4	2	1	1/2	1/2	1	4012						
191	191	762	762	2.0	1/2	1/2	Chord	4/4	2	1	1/2	1/2	1	4013	ornamentTremblement					
191	191	760	760	2.0	0	0	Chord	4/4	3	1	1/2	1/2	1	4014						
191	191	762	762	2.0	1/2	1/2	Chord	4/4	3	1	1/2	1/2	1	4015						
191	191	760	760	2.0	0	0	Chord	4/4	4	1	1/2	1/2	1	4016						
191	191	762	762	2.0	1/2	1/2	Chord	4/4	4	1	1/2	1/2	1	4017						
191	191	760	760	2.0	0	0	Chord	4/4	5	1	1/2	1/2	1	4018						
191	191	762	762	2.0	1/2	1/2	Chord	4/4	5	1	1/2	1/2	1	4019						
191	191	760	760	2.0	0	0	Chord	4/4	5	2	1/2	1/2	1	4020						
191	191	762	762	2.0	1/2	1/2	Chord	4/4	5	2	1/2	1/2	1	4021						
191	191	760	760	2.0	0	0	Chord	4/4	5	3	1/2	1/2	1	4022						
191	191	762	762	2.0	1/2	1/2	Chord	4/4	5	3	1/2	1/2	1	4023						
191	191	760	760	2.0	0	0	Chord	4/4	6	1	1/2	1/2	1	4024						
191	191	762	762	2.0	1/2	1/2	Chord	4/4	6	1	1/2	1/2	1	4025						
191	191	760	760	0.0	0	0	FiguredBass	4/4	7	1	0					1/2	6	5		
191	191	760	760	2.0	0	0	Chord	4/4	7	1	1/2	1/2	1	4026						
191	191	762	762	2.0	1/2	1/2	Chord	4/4	7	1	1/2	1/2	1	4027	ornamentTremblement					
191	191	760	760	2.0	0	0	Chord	4/4	8	1	1/2	1/2	1	4028						
191	191	762	762	2.0	1/2	1/2	Chord	4/4	8	1	1/2	1/2	1	4029						
192	192	764	764	2.0	0	0	Chord	4/4	1	1	1/2	1/2	1	4030						
192	192	766	766	1.0	1/2	1/2	Chord	4/4	1	1	1/4	1/4	1	4031						
192	192	767	767	1.0	3/4	3/4	Chord	4/4	1	1	1/4	1/4	1	4032						
192	192	764	764	2.0	0	0	Chord	4/4	2	1	1/2	1/2	1	4033						
192	192	766	766	1.0	1/2	1/2	Chord	4/4	2	1	1/4	1/4	1	4034						
192	192	767	767	1.0	3/4	3/4	Chord	4/4	2	1	1/4	1/4	1	4035						
192	192	764	764	2.0	0	0	Chord	4/4	3	1	1/2	1/2	1	4036						
192	192	766	766	1.0	1/2	1/2	Chord	4/4	3	1	1/4	1/4	1	4037						
192	192	767	767	1.0	3/4	3/4	Chord	4/4	3	1	1/4	1/4	1	4038						
192	192	764	764	2.0	0	0	Chord	4/4	4	1	1/2	1/2	1	4039						
192	192	766	766	1.0	1/2	1/2	Chord	4/4	4	1	1/4	1/4	1	4040						
192	192	767	767	1.0	3/4	3/4	Chord	4/4	4	1	1/4	1/4	1	4041						
192	192	764	764	2.0	0	0	Chord	4/4	5	1	1/2	1/2	1	4042						
192	192	766	766	1.0	1/2	1/2	Chord	4/4	5	1	1/4	1/4	1	4043						
192	192	767	767	1.0	3/4	3/4	Chord	4/4	5	1	1/4	1/4	1	4044						
192	192	764	764	2.0	0	0	Chord	4/4	5	2	1/2	1/2	1	4045						
192	192	766	766	2.0	1/2	1/2	Chord	4/4	5	2	1/2	1/2	1	4046						
192	192	764	764	2.0	0	0	Chord	4/4	5	3	1/2	1/2	1	4047						
192	192	766	766	2.0	1/2	1/2	Chord	4/4	5	3	1/2	1/2	1	4048						
192	192	764	764	2.0	0	0	Chord	4/4	6	1	1/2	1/2	1	4049						
192	192	766	766	2.0	1/2	1/2	Chord	4/4	6	1	1/2	1/2	1	4050						
192	192	764	764	2.0	0	0	Chord	4/4	7	1	1/2	1/2	1	4051						
192	192	766	766	0.0	1/2	1/2	FiguredBass	4/4	7	1	0					1/4	6			
192	192	766	766	1.0	1/2	1/2	Chord	4/4	7	1	1/4	1/4	1	4052						
192	192	767	767	1.0	3/4	3/4	Chord	4/4	7	1	1/4	1/4	1	4053						
192	192	764	764	2.0	0	0	Chord	4/4	8	1	1/2	1/2	1	4054						
192	192	766	766	2.0	1/2	1/2	Chord	4/4	8	1	1/2	1/2	1	4055						
193	193	768	768	2.0	0	0	Chord	4/4	1	1	1/2	1/2	1	4056						
193	193	770	770	2.0	1/2	1/2	Chord	4/4	1	1	1/2	1/2	1	4057						
193	193	768	768	2.0	0	0	Chord	4/4	2	1	1/2	1/2	1	4058						
193	193	770	770	2.0	1/2	1/2	Chord	4/4	2	1	1/2	1/2	1	4059						
193	193	768	768	2.0	0	0	Chord	4/4	3	1	1/2	1/2	1	4060						
193	193	770	770	2.0	1/2	1/2	Chord	4/4	3	1	1/2	1/2	1	4061						
193	193	768	768	2.0	0	0	Chord	4/4	4	1	1/2	1/2	1	4062						
193	193	770	770	2.0	1/2	1/2	Chord	4/4	4	1	1/2	1/2	1	4063						
193	193	768	768	2.0	0	0	Chord	4/4	5	1	1/2	1/2	1	4064						
193	193	770	770	2.0	1/2	1/2	Chord	4/4	5	1	1/2	1/2	1	4065						
193	193	768	768	4.0	0	0	Chord	4/4	5	2	1	1	1	4066						
193	193	768	768	4.0	0	0	Chord	4/4	5	3	1	1	1	4067						
193	193	768	768	4.0	0	0	Chord	4/4	6	1	1	1	1	4068						
193	193	768	768	0.0	0	0	FiguredBass	4/4	7	1	0					1/2	5			
193	193	768	768	2.0	0	0	Chord	4/4	7	1	1/2	1/2	1	4069						
193	193	770	770	0.0	1/2	1/2	FiguredBass	4/4	7	1	0					1/2	6			
193	193	770	770	2.0	1/2	1/2	Chord	4/4	7	1	1/2	1/2	1	4070						
193	193	768	768	2.0	0	0	Chord	4/4	8	1	1/2	1/2	1	4071						
193	193	770	770	2.0	1/2	1/2	Chord	4/4	8	1	1/2	1/2	1	4072						
194	194	772	772	2.0	0	0	Chord	4/4	1	1	1/2	1/2	1	4073						
194	194	774	774	2.0	1/2	1/2	Chord	4/4	1	1	1/2	1/2	1	4074	ornamentTremblement					
194	194	772	772	2.0	0	0	Chord	4/4	2	1	1/2	1/2	1	4075						
194	194	774	774	2.0	1/2	1/2	Chord	4/4	2	1	1/2	1/2	1	4076						
194	194	772	772	2.0	0	0	Chord	4/4	3	1	1/2	1/2	1	4077						
194	194	774	774	2.0	1/2	1/2	Chord	4/4	3	1	1/2	1/2	1	4078	ornamentTremblement					
194	194	772	772	2.0	0	0	Chord	4/4	4	1	1/2	1/2	1	4079						
194	194	774	774	2.0	1/2	1/2	Chord	4/4	4	1	1/2	1/2	1	4080						
194	194	772	772	2.0	0	0	Chord	4/4	5	1	1/2	1/2	1	4081						
194	194	774	774	2.0	1/2	1/2	Chord	4/4	5	1	1/2	1/2	1	4082						
194	194	772	772	4.0	0	0	Chord	4/4	5	2	1	1	1	4083						
194	194	772	772	2.0	0	0	Chord	4/4	5	3	1/2	1/2	1	4084						
194	194	774	774	2.0	1/2	1/2	Chord	4/4	5	3	1/2	1/2	1	4085						
194	194	772	772	2.0	0	0	Chord	4/4	6	1	1/2	1/2	1	4086						
194	194	774	774	2.0	1/2	1/2	Chord	4/4	6	1	1/2	1/2	1	4087						
194	194	772	772	0.0	0	0	FiguredBass	4/4	7	1	0					1/2	6	5	h	
194	194	772	772	2.0	0	0	Chord	4/4	7	1	1/2	1/2	1	4088						
194	194	774	774	0.0	1/2	1/2	FiguredBass	4/4	7	1	0					1/2	#			
194	194	774	774	2.0	1/2	1/2	Chord	4/4	7	1	1/2	1/2	1	4089	ornamentTremblement					
194	194	772	772	2.0	0	0	Chord	4/4	8	1	1/2	1/2	1	4090						
194	194	774	774	2.0	1/2	1/2	Chord	4/4	8	1	1/2	1/2	1	4091						
195	195	776	776	2.0	0	0	Chord	4/4	1	1	1/2	1/2	1	4092						
195	195	778	778	2.0	1/2	1/2	Chord	4/4	1	1	1/2	1/2	1	4093						
195	195	776	776	2.0	0	0	Chord	4/4	2	1	1/2	1/2	1	4094						
195	195	778	778	2.0	1/2	1/2	Chord	4/4	2	1	1/2	1/2	1	4095						
195	195	776	776	2.0	0	0	Chord	4/4	3	1	1/2	1/2	1	4096						
195	195	778	778	2.0	1/2	1/2	Chord	4/4	3	1	1/2	1/2	1	4097						
195	195	776	776	2.0	0	0	Chord	4/4	4	1	1/2	1/2	1	4098						
195	195	778	778	2.0	1/2	1/2	Chord	4/4	4	1	1/2	1/2	1	4099						
195	195	776	776	2.0	0	0	Chord	4/4	5	1	1/2	1/2	1	4100						
195	195	778	778	2.0	1/2	1/2	Chord	4/4	5	1	1/2	1/2	1	4101						
195	195	776	776	2.0	0	0	Chord	4/4	5	2	1/2	1/2	1	4102						
195	195	778	778	2.0	1/2	1/2	Chord	4/4	5	2	1/2	1/2	1	4103						
195	195	776	776	2.0	0	0	Chord	4/4	5	3	1/2	1/2	1	4104						
195	195	778	778	2.0	1/2	1/2	Chord	4/4	5	3	1/2	1/2	1	4105						
195	195	776	776	2.0	0	0	Chord	4/4	6	1	1/2	1/2	1	4106						
195	195	778	778	2.0	1/2	1/2	Chord	4/4	6	1	1/2	1/2	1	4107						
195	195	776	776	2.0	0	0	Chord	4/4	7	1	1/2	1/2	1	4108						
195	195	778	778	2.0	1/2	1/2	Chord	4/4	7	1	1/2	1/2	1	4109						
195	195	776	776	2.0	0	0	Chord	4/4	8	1	1/2	1/2	1	4110						
195	195	778	778	2.0	1/2	1/2	Chord	4/4	8	1	1/2	1/2	1	4111						
196	196	780	780	1.0	0	0	Chord	4/4	1	1	1/4	1/4	1	4112						
196	196	781	781	1.0	1/4	1/4	Chord	4/4	1	1	1/4	1/4	1	4113						
196	196	782	782	1.0	1/2	1/2	Chord	4/4	1	1	1/4	1/4	1	4114						
196	196	783	783	1.0	3/4	3/4	Chord	4/4	1	1	1/4	1/4	1	4115						
196	196	780	780	1.0	0	0	Chord	4/4	2	1	1/4	1/4	1	4116						
196	196	781	781	1.0	1/4	1/4	Chord	4/4	2	1	1/4	1/4	1	4117						
196	196	782	782	1.0	1/2	1/2	Chord	4/4	2	1	1/4	1/4	1	4118						
196	196	783	783	1.0	3/4	3/4	Chord	4/4	2	1	1/4	1/4	1	4119						
196	196	780	780	1.0	0	0	Chord	4/4	3	1	1/4	1/4	1	4120						
196	196	781	781	1.0	1/4	1/4	Chord	4/4	3	1	1/4	1/4	1	4121						
196	196	782	782	1.0	1/2	1/2	Chord	4/4	3	1	1/4	1/4	1	4122						
196	196	783	783	1.0	3/4	3/4	Chord	4/4	3	1	1/4	1/4	1	4123						
196	196	780	780	1.0	0	0	Chord	4/4	4	1	1/4	1/4	1	4124						
196	196	781	781	1.0	1/4	1/4	Chord	4/4	4	1	1/4	1/4	1	4125						
196	196	782	782	1.0	1/2	1/2	Chord	4/4	4	1	1/4	1/4	1	4126						
196	196	783	783	1.0	3/4	3/4	Chord	4/4	4	1	1/4	1/4	1	4127						
196	196	780	780	1.0	0	0	Chord	4/4	5	1	1/4	1/4	1	4128						
196	196	781	781	1.0	1/4	1/4	Chord	4/4	5	1	1/4	1/4	1	4129						
196	196	782	782	1.0	1/2	1/2	Chord	4/4	5	1	1/4	1/4	1	4130						
196	196	783	783	1.0	3/4	3/4	Chord	4/4	5	1	1/4	1/4	1	4131						
196	196	780	780	2.0	0	0	Chord	4/4	5	2	1/2	1/2	1	4132						
196	196	782	782	2.0	1/2	1/2	Chord	4/4	5	2	1/2	1/2	1	4133						
196	196	780	780	2.0	0	0	Chord	4/4	5	3	1/2	1/2	1	4134						
196	196	782	782	2.0	1/2	1/2	Chord	4/4	5	3	1/2	1/2	1	4135						
196	196	780	780	2.0	0	0	Chord	4/4	6	1	1/2	1/2	1	4136						
196	196	782	782	2.0	1/2	1/2	Chord	4/4	6	1	1/2	1/2	1	4137						
196	196	780	780	1.0	0	0	Chord	4/4	7	1	1/4	1/4	1	4138						
196	196	781	781	1.0	1/4	1/4	Chord	4/4	7	1	1/4	1/4	1	4139						
196	196	782	782	0.0	1/2	1/2	FiguredBass	4/4	7	1	0					1/4	2			
196	196	782	782	1.0	1/2	1/2	Chord	4/4	7	1	1/4	1/4	1	4140						
196	196	783	783	1.0	3/4	3/4	Chord	4/4	7	1	1/4	1/4	1	4141						
196	196	780	780	2.0	0	0	Chord	4/4	8	1	1/2	1/2	1	4142						
196	196	782	782	2.0	1/2	1/2	Chord	4/4	8	1	1/2	1/2	1	4143						
197	197	784	784	2.0	0	0	Chord	4/4	1	1	1/2	1/2	1	4144						
197	197	786	786	2.0	1/2	1/2	Chord	4/4	1	1	1/2	1/2	1	4145						
197	197	784	784	2.0	0	0	Chord	4/4	2	1	1/2	1/2	1	4146						
197	197	786	786	2.0	1/2	1/2	Chord	4/4	2	1	1/2	1/2	1	4147						
197	197	784	784	2.0	0	0	Chord	4/4	3	1	1/2	1/2	1	4148						
197	197	786	786	2.0	1/2	1/2	Chord	4/4	3	1	1/2	1/2	1	4149						
197	197	784	784	2.0	0	0	Chord	4/4	4	1	1/2	1/2	1	4150						
197	197	786	786	2.0	1/2	1/2	Chord	4/4	4	1	1/2	1/2	1	4151						
197	197	784	784	2.0	0	0	Chord	4/4	5	1	1/2	1/2	1	4152						
197	197	786	786	2.0	1/2	1/2	Chord	4/4	5	1	1/2	1/2	1	4153						
197	197	784	784	2.0	0	0	Chord	4/4	5	2	1/2	1/2	1	4154						
197	197	786	786	2.0	1/2	1/2	Chord	4/4	5	2	1/2	1/2	1	4155						
197	197	784	784	2.0	0	0	Chord	4/4	5	3	1/2	1/2	1	4156						
197	197	786	786	2.0	1/2	1/2	Chord	4/4	5	3	1/2	1/2	1	4157						
197	197	784	784	2.0	0	0	Chord	4/4	6	1	1/2	1/2	1	4158						
197	197	786	786	2.0	1/2	1/2	Chord	4/4	6	1	1/2	1/2	1	4159						
197	197	784	784	2.0	0	0	Chord	4/4	7	1	1/2	1/2	1	4160						
197	197	786	786	2.0	1/2	1/2	Chord	4/4	7	1	1/2	1/2	1	4161						
197	197	784	784	2.0	0	0	Chord	4/4	8	1	1/2	1/2	1	4162						
197	197	786	786	2.0	1/2	1/2	Chord	4/4	8	1	1/2	1/2	1	4163						
198	198	788	788	3.0	0	0	Chord	4/4	1	1	3/4	1/2	3/2	4164						
198	198	791	791	1.0	3/4	3/4	Chord	4/4	1	1	1/4	1/4	1	4165						
198	198	788	788	3.0	0	0	Chord	4/4	2	1	3/4	1/2	3/2	4166						
198	198	791	791	1.0	3/4	3/4	Chord	4/4	2	1	1/4	1/4	1	4167						
198	198	788	788	3.0	0	0	Chord	4/4	3	1	3/4	1/2	3/2	4168						
198	198	791	791	1.0	3/4	3/4	Chord	4/4	3	1	1/4	1/4	1	4169						
198	198	788	788	3.0	0	0	Chord	4/4	4	1	3/4	1/2	3/2	4170						
198	198	791	791	1.0	3/4	3/4	Chord	4/4	4	1	1/4	1/4	1	4171						
198	198	788	788	3.0	0	0	Chord	4/4	5	1	3/4	1/2	3/2	4172						
198	198	791	791	1.0	3/4	3/4	Chord	4/4	5	1	1/4	1/4	1	4173						
198	198	788	788	3.0	0	0	Chord	4/4	5	2	3/4	1/2	3/2	4174						
198	198	791	791	1.0	3/4	3/4	Chord	4/4	5	2	1/4	1/4	1	4175						
198	198	788	788	3.0	0	0	Chord	4/4	5	3	3/4	1/2	3/2	4176						
198	198	791	791	1.0	3/4	3/4	Chord	4/4	5	3	1/4	1/4	1	4177						
198	198	788	788	3.0	0	0	Chord	4/4	6	1	3/4	1/2	3/2	4178						
198	198	791	791	1.0	3/4	3/4	Chord	4/4	6	1	1/4	1/4	1	4179						
198	198	788	788	3.0	0	0	Chord	4/4	7	1	3/4	1/2	3/2	4180						
198	198	791	791	0.0	3/4	3/4	FiguredBass	4/4	7	1	0					1/4	5			
198	198	791	791	1.0	3/4	3/4	Chord	4/4	7	1	1/4	1/4	1	4181						
198	198	788	788	3.0	0	0	Chord	4/4	8	1	3/4	1/2	3/2	4182						
198	198	791	791	1.0	3/4	3/4	Chord	4/4	8	1	1/4	1/4	1	4183						
199	199	792	792	2.0	0	0	Chord	4/4	1	1	1/2	1/2	1	4184						
199	199	794	794	1.0	1/2	1/2	Chord	4/4	1	1	1/4	1/4	1	4185						
199	199	795	795	1.0	3/4	3/4	Chord	4/4	1	1	1/4	1/4	1	4186						
199	199	792	792	2.0	0	0	Chord	4/4	2	1	1/2	1/2	1	4187						
199	199	794	794	1.0	1/2	1/2	Chord	4/4	2	1	1/4	1/4	1	4188						
199	199	795	795	1.0	3/4	3/4	Chord	4/4	2	1	1/4	1/4	1	4189						
199	199	792	792	2.0	0	0	Chord	4/4	3	1	1/2	1/2	1	4190						
199	199	794	794	1.0	1/2	1/2	Chord	4/4	3	1	1/4	1/4	1	4191						
199	199	795	795	1.0	3/4	3/4	Chord	4/4	3	1	1/4	1/4	1	4192						
199	199	792	792	2.0	0	0	Chord	4/4	4	1	1/2	1/2	1	4193						
199	199	794	794	1.0	1/2	1/2	Chord	4/4	4	1	1/4	1/4	1	4194						
199	199	795	795	1.0	3/4	3/4	Chord	4/4	4	1	1/4	1/4	1	4195						
199	199	792	792	2.0	0	0	Chord	4/4	5	1	1/2	1/2	1	4196						
199	199	794	794	1.0	1/2	1/2	Chord	4/4	5	1	1/4	1/4	1	4197						
199	199	795	795	1.0	3/4	3/4	Chord	4/4	5	1	1/4	1/4	1	4198						
199	199	792	792	2.0	0	0	Chord	4/4	5	2	1/2	1/2	1	4199						
199	199	794	794	2.0	1/2	1/2	Chord	4/4	5	2	1/2	1/2	1	4200						
199	199	792	792	2.0	0	0	Chord	4/4	5	3	1/2	1/2	1	4201						
199	199	794	794	2.0	1/2	1/2	Chord	4/4	5	3	1/2	1/2	1	4202						
199	199	792	792	2.0	0	0	Chord	4/4	6	1	1/2	1/2	1	4203						
199	199	794	794	2.0	1/2	1/2	Chord	4/4	6	1	1/2	1/2	1	4204						
199	199	792	792	2.0	0	0	Chord	4/4	7	1	1/2	1/2	1	4205						
199	199	794	794	0.0	1/2	1/2	FiguredBass	4/4	7	1	0					1/4	2			
199	199	794	794	1.0	1/2	1/2	Chord	4/4	7	1	1/4	1/4	1	4206						
199	199	795	795	1.0	3/4	3/4	Chord	4/4	7	1	1/4	1/4	1	4207						
199	199	792	792	2.0	0	0	Chord	4/4	8	1	1/2	1/2	1	4208						
199	199	794	794	2.0	1/2	1/2	Chord	4/4	8	1	1/2	1/2	1	4209						
200	200	796	796	4.0	0	0	Chord	4/4	1	1	1	1	1	4210	ornamentTremblement					
200	200	796	796	2.0	0	0	Chord	4/4	2	1	1/2	1/2	1	4211						36
200	200	798	798	2.0	1/2	1/2	Chord	4/4	2	1	1/2	1/2	1	4212	ornamentTremblement					
200	200	796	796	2.0	0	0	Chord	4/4	3	1	1/2	1/2	1	4213						37
200	200	798	798	1.0	1/2	1/2	Chord	4/4	3	1	1/4	1/4	1	4214						37
200	200	799	799	1.0	3/4	3/4	Chord	4/4	3	1	1/4	1/4	1	4215						
200	200	796	796	2.0	0	0	Chord	4/4	4	1	1/2	1/2	1	4216						38
200	200	798	798	2.0	1/2	1/2	Chord	4/4	4	1	1/2	1/2	1	4217						
200	200	796	796	4.0	0	0	Chord	4/4	5	1	1	1	1	4218						
200	200	796	796	2.0	0	0	Chord	4/4	5	2	1/2	1/2	1	4219						
200	200	798	798	1.0	1/2	1/2	Chord	4/4	5	2	1/4	1/4	1	4220						
200	200	799	799	1.0	3/4	3/4	Chord	4/4	5	2	1/4	1/4	1	4221						
200	200	796	796	2.0	0	0	Chord	4/4	5	3	1/2	1/2	1	4222						
200	200	798	798	2.0	1/2	1/2	Chord	4/4	5	3	1/2	1/2	1	4223						
200	200	796	796	2.0	0	0	Chord	4/4	6	1	1/2	1/2	1	4224						
200	200	798	798	2.0	1/2	1/2	Chord	4/4	6	1	1/2	1/2	1	4225						
200	200	796	796	0.0	0	0	FiguredBass	4/4	7	1	0					1	6	5		
200	200	796	796	4.0	0	0	Chord	4/4	7	1	1	1	1	4226	ornamentTremblement					
200	200	796	796	2.0	0	0	Chord	4/4	8	1	1/2	1/2	1	4227						
200	200	798	798	2.0	1/2	1/2	Chord	4/4	8	1	1/2	1/2	1	4228						
201	201	800	800	2.0	0	0	Chord	4/4	1	1	1/2	1/2	1	4229						
201	201	802	802	1.0	1/2	1/2	Chord	4/4	1	1	1/4	1/4	1	4230						
201	201	803	803	1.0	3/4	3/4	Chord	4/4	1	1	1/4	1/4	1	4231						
201	201	800	800	2.0	0	0	Chord	4/4	2	1	1/2	1/2	1	4232						
201	201	802	802	1.0	1/2	1/2	Chord	4/4	2	1	1/4	1/4	1	4233						
201	201	803	803	1.0	3/4	3/4	Chord	4/4	2	1	1/4	1/4	1	4234						
201	201	800	800	2.0	0	0	Chord	4/4	3	1	1/2	1/2	1	4235						
201	201	802	802	1.0	1/2	1/2	Chord	4/4	3	1	1/4	1/4	1	4236						
201	201	803	803	1.0	3/4	3/4	Chord	4/4	3	1	1/4	1/4	1	4237						
201	201	800	800	2.0	0	0	Chord	4/4	4	1	1/2	1/2	1	4238						
201	201	802	802	1.0	1/2	1/2	Chord	4/4	4	1	1/4	1/4	1	4239						
201	201	803	803	1.0	3/4	3/4	Chord	4/4	4	1	1/4	1/4	1	4240						
201	201	800	800	2.0	0	0	Chord	4/4	5	1	1/2	1/2	1	4241						
201	201	802	802	1.0	1/2	1/2	Chord	4/4	5	1	1/4	1/4	1	4242						
201	201	803	803	1.0	3/4	3/4	Chord	4/4	5	1	1/4	1/4	1	4243						
201	201	800	800	2.0	0	0	Chord	4/4	5	2	1/2	1/2	1	4244						
201	201	802	802	2.0	1/2	1/2	Chord	4/4	5	2	1/2	1/2	1	4245						
201	201	800	800	2.0	0	0	Chord	4/4	5	3	1/2	1/2	1	4246						
201	201	802	802	2.0	1/2	1/2	Chord	4/4	5	3	1/2	1/2	1	4247						
201	201	800	800	2.0	0	0	Chord	4/4	6	1	1/2	1/2	1	4248						
201	201	802	802	2.0	1/2	1/2	Chord	4/4	6	1	1/2	1/2	1	4249						
201	201	800	800	2.0	0	0	Chord	4/4	7	1	1/2	1/2	1	4250						
201	201	802	802	1.0	1/2	1/2	Chord	4/4	7	1	1/4	1/4	1	4251						
201	201	803	803	1.0	3/4	3/4	Chord	4/4	7	1	1/4	1/4	1	4252						
201	201	800	800	2.0	0	0	Chord	4/4	8	1	1/2	1/2	1	4253						
201	201	802	802	2.0	1/2	1/2	Chord	4/4	8	1	1/2	1/2	1	4254						
202	202	804	804	2.0	0	0	Chord	4/4	1	1	1/2	1/2	1	4255						
202	202	806	806	2.0	1/2	1/2	Chord	4/4	1	1	1/2	1/2	1	4256						
202	202	804	804	2.0	0	0	Chord	4/4	2	1	1/2	1/2	1	4257						
202	202	806	806	2.0	1/2	1/2	Chord	4/4	2	1	1/2	1/2	1	4258						
202	202	804	804	2.0	0	0	Chord	4/4	3	1	1/2	1/2	1	4259						
202	202	806	806	2.0	1/2	1/2	Chord	4/4	3	1	1/2	1/2	1	4260						
202	202	804	804	2.0	0	0	Chord	4/4	4	1	1/2	1/2	1	4261						
202	202	806	806	2.0	1/2	1/2	Chord	4/4	4	1	1/2	1/2	1	4262						
202	202	804	804	2.0	0	0	Chord	4/4	5	1	1/2	1/2	1	4263						
202	202	806	806	2.0	1/2	1/2	Chord	4/4	5	1	1/2	1/2	1	4264						
202	202	804	804	2.0	0	0	Chord	4/4	5	2	1/2	1/2	1	4265						
202	202	806	806	2.0	1/2	1/2	Chord	4/4	5	2	1/2	1/2	1	4266						
202	202	804	804	2.0	0	0	Chord	4/4	5	3	1/2	1/2	1	4267						
202	202	806	806	2.0	1/2	1/2	Chord	4/4	5	3	1/2	1/2	1	4268						
202	202	804	804	2.0	0	0	Chord	4/4	6	1	1/2	1/2	1	4269						
202	202	806	806	2.0	1/2	1/2	Chord	4/4	6	1	1/2	1/2	1	4270						
202	202	804	804	2.0	0	0	Chord	4/4	7	1	1/2	1/2	1	4271						
202	202	806	806	2.0	1/2	1/2	Chord	4/4	7	1	1/2	1/2	1	4272						
202	202	804	804	2.0	0	0	Chord	4/4	8	1	1/2	1/2	1	4273						
202	202	806	806	2.0	1/2	1/2	Chord	4/4	8	1	1/2	1/2	1	4274						
203	203	808	808	2.0	0	0	Chord	4/4	1	1	1/2	1/2	1	4275						
203	203	810	810	2.0	1/2	1/2	Chord	4/4	1	1	1/2	1/2	1	4276	ornamentTremblement					
203	203	808	808	2.0	0	0	Chord	4/4	2	1	1/2	1/2	1	4277						
203	203	810	810	2.0	1/2	1/2	Chord	4/4	2	1	1/2	1/2	1	4278						
203	203	808	808	2.0	0	0	Chord	4/4	3	1	1/2	1/2	1	4279						
203	203	810	810	2.0	1/2	1/2	Chord	4/4	3	1	1/2	1/2	1	4280	ornamentTremblement					
203	203	808	808	2.0	0	0	Chord	4/4	4	1	1/2	1/2	1	4281						
203	203	810	810	2.0	1/2	1/2	Chord	4/4	4	1	1/2	1/2	1	4282						
203	203	808	808	2.0	0	0	Chord	4/4	5	1	1/2	1/2	1	4283						
203	203	810	810	2.0	1/2	1/2	Chord	4/4	5	1	1/2	1/2	1	4284	ornamentTremblement					
203	203	808	808	2.0	0	0	Chord	4/4	5	2	1/2	1/2	1	4285						
203	203	810	810	2.0	1/2	1/2	Chord	4/4	5	2	1/2	1/2	1	4286						
203	203	808	808	2.0	0	0	Chord	4/4	5	3	1/2	1/2	1	4287						
203	203	810	810	2.0	1/2	1/2	Chord	4/4	5	3	1/2	1/2	1	4288						
203	203	808	808	2.0	0	0	Chord	4/4	6	1	1/2	1/2	1	4289						
203	203	810	810	2.0	1/2	1/2	Chord	4/4	6	1	1/2	1/2	1	4290						
203	203	808	808	0.0	0	0	FiguredBass	4/4	7	1	0					1/2	7			
203	203	808	808	2.0	0	0	Chord	4/4	7	1	1/2	1/2	1	4291						
203	203	810	810	0.0	1/2	1/2	FiguredBass	4/4	7	1	0					1/2	#			
203	203	810	810	2.0	1/2	1/2	Chord	4/4	7	1	1/2	1/2	1	4292	ornamentTremblement					
203	203	808	808	2.0	0	0	Chord	4/4	8	1	1/2	1/2	1	4293						
203	203	810	810	2.0	1/2	1/2	Chord	4/4	8	1	1/2	1/2	1	4294						
204	204	812	812	2.0	0	0	Chord	4/4	1	1	1/2	1/2	1	4295						
204	204	814	814	2.0	1/2	1/2	Chord	4/4	1	1	1/2	1/2	1	4296						
204	204	812	812	2.0	0	0	Chord	4/4	2	1	1/2	1/2	1	4297						
204	204	814	814	2.0	1/2	1/2	Chord	4/4	2	1	1/2	1/2	1	4298						
204	204	812	812	2.0	0	0	Chord	4/4	3	1	1/2	1/2	1	4299						
204	204	814	814	2.0	1/2	1/2	Chord	4/4	3	1	1/2	1/2	1	4300						
204	204	812	812	2.0	0	0	Chord	4/4	4	1	1/2	1/2	1	4301						
204	204	814	814	2.0	1/2	1/2	Chord	4/4	4	1	1/2	1/2	1	4302						
204	204	812	812	2.0	0	0	Chord	4/4	5	1	1/2	1/2	1	4303						
204	204	814	814	2.0	1/2	1/2	Chord	4/4	5	1	1/2	1/2	1	4304						
204	204	812	812	2.0	0	0	Chord	4/4	5	2	1/2	1/2	1	4305						
204	204	814	814	2.0	1/2	1/2	Chord	4/4	5	2	1/2	1/2	1	4306						
204	204	812	812	2.0	0	0	Chord	4/4	5	3	1/2	1/2	1	4307						
204	204	814	814	2.0	1/2	1/2	Chord	4/4	5	3	1/2	1/2	1	4308						
204	204	812	812	2.0	0	0	Chord	4/4	6	1	1/2	1/2	1	4309						
204	204	814	814	2.0	1/2	1/2	Chord	4/4	6	1	1/2	1/2	1	4310						
204	204	812	812	2.0	0	0	Chord	4/4	7	1	1/2	1/2	1	4311						
204	204	814	814	2.0	1/2	1/2	Chord	4/4	7	1	1/2	1/2	1	4312						
204	204	812	812	2.0	0	0	Chord	4/4	8	1	1/2	1/2	1	4313						
204	204	814	814	2.0	1/2	1/2	Chord	4/4	8	1	1/2	1/2	1	4314						
205	205	816	816	2.0	0	0	Chord	4/4	1	1	1/2	1/2	1	4315						
205	205	818	818	1.0	1/2	1/2	Chord	4/4	1	1	1/4	1/4	1	4316						
205	205	819	819	1.0	3/4	3/4	Chord	4/4	1	1	1/4	1/4	1	4317						
205	205	816	816	2.0	0	0	Chord	4/4	2	1	1/2	1/2	1	4318						
205	205	818	818	1.0	1/2	1/2	Chord	4/4	2	1	1/4	1/4	1	4319						
205	205	819	819	1.0	3/4	3/4	Chord	4/4	2	1	1/4	1/4	1	4320						
205	205	816	816	2.0	0	0	Chord	4/4	3	1	1/2	1/2	1	4321						
205	205	818	818	1.0	1/2	1/2	Chord	4/4	3	1	1/4	1/4	1	4322						
205	205	819	819	1.0	3/4	3/4	Chord	4/4	3	1	1/4	1/4	1	4323						
205	205	816	816	2.0	0	0	Chord	4/4	4	1	1/2	1/2	1	4324						
205	205	818	818	1.0	1/2	1/2	Chord	4/4	4	1	1/4	1/4	1	4325						
205	205	819	819	1.0	3/4	3/4	Chord	4/4	4	1	1/4	1/4	1	4326						
205	205	816	816	2.0	0	0	Chord	4/4	5	1	1/2	1/2	1	4327						
205	205	818	818	1.0	1/2	1/2	Chord	4/4	5	1	1/4	1/4	1	4328						
205	205	819	819	1.0	3/4	3/4	Chord	4/4	5	1	1/4	1/4	1	4329						
205	205	816	816	2.0	0	0	Chord	4/4	5	2	1/2	1/2	1	4330						
205	205	818	818	2.0	1/2	1/2	Chord	4/4	5	2	1/2	1/2	1	4331						
205	205	816	816	2.0	0	0	Chord	4/4	5	3	1/2	1/2	1	4332						
205	205	818	818	2.0	1/2	1/2	Chord	4/4	5	3	1/2	1/2	1	4333						
205	205	816	816	2.0	0	0	Chord	4/4	6	1	1/2	1/2	1	4334						
205	205	818	818	2.0	1/2	1/2	Chord	4/4	6	1	1/2	1/2	1	4335						
205	205	816	816	0.0	0	0	FiguredBass	4/4	7	1	0					1/2	6			
205	205	816	816	2.0	0	0	Chord	4/4	7	1	1/2	1/2	1	4336						
205	205	818	818	0.0	1/2	1/2	FiguredBass	4/4	7	1	0					1/4	7	#		
205	205	818	818	1.0	1/2	1/2	Chord	4/4	7	1	1/4	1/4	1	4337						
205	205	819	819	1.0	3/4	3/4	Chord	4/4	7	1	1/4	1/4	1	4338						
205	205	816	816	2.0	0	0	Chord	4/4	8	1	1/2	1/2	1	4339						
205	205	818	818	2.0	1/2	1/2	Chord	4/4	8	1	1/2	1/2	1	4340						
206	206	820	820	2.0	0	0	Chord	4/4	1	1	1/2	1/2	1	4341						
206	206	822	822	2.0	1/2	1/2	Chord	4/4	1	1	1/2	1/2	1	4342						
206	206	820	820	2.0	0	0	Chord	4/4	2	1	1/2	1/2	1	4343						
206	206	822	822	2.0	1/2	1/2	Chord	4/4	2	1	1/2	1/2	1	4344						
206	206	820	820	2.0	0	0	Chord	4/4	3	1	1/2	1/2	1	4345						
206	206	822	822	2.0	1/2	1/2	Chord	4/4	3	1	1/2	1/2	1	4346						
206	206	820	820	2.0	0	0	Chord	4/4	4	1	1/2	1/2	1	4347						
206	206	822	822	2.0	1/2	1/2	Chord	4/4	4	1	1/2	1/2	1	4348						
206	206	820	820	2.0	0	0	Chord	4/4	5	1	1/2	1/2	1	4349						
206	206	822	822	2.0	1/2	1/2	Chord	4/4	5	1	1/2	1/2	1	4350						
206	206	820	820	2.0	0	0	Chord	4/4	5	2	1/2	1/2	1	4351						
206	206	822	822	2.0	1/2	1/2	Chord	4/4	5	2	1/2	1/2	1	4352						
206	206	820	820	2.0	0	0	Chord	4/4	5	3	1/2	1/2	1	4353						
206	206	822	822	2.0	1/2	1/2	Chord	4/4	5	3	1/2	1/2	1	4354						
206	206	820	820	2.0	0	0	Chord	4/4	6	1	1/2	1/2	1	4355						
206	206	822	822	2.0	1/2	1/2	Chord	4/4	6	1	1/2	1/2	1	4356						
206	206	820	820	2.0	0	0	Chord	4/4	7	1	1/2	1/2	1	4357						
206	206	822	822	0.0	1/2	1/2	FiguredBass	4/4	7	1	0					1/2	6	4	3	
206	206	822	822	2.0	1/2	1/2	Chord	4/4	7	1	1/2	1/2	1	4358						
206	206	820	820	2.0	0	0	Chord	4/4	8	1	1/2	1/2	1	4359						
206	206	822	822	2.0	1/2	1/2	Chord	4/4	8	1	1/2	1/2	1	4360						
207	207	824	824	2.0	0	0	Chord	4/4	1	1	1/2	1/2	1	4361						
207	207	826	826	2.0	1/2	1/2	Chord	4/4	1	1	1/2	1/2	1	4362						
207	207	824	824	2.0	0	0	Chord	4/4	2	1	1/2	1/2	1	4363						
207	207	826	826	2.0	1/2	1/2	Chord	4/4	2	1	1/2	1/2	1	4364						
207	207	824	824	2.0	0	0	Chord	4/4	3	1	1/2	1/2	1	4365						
207	207	826	826	2.0	1/2	1/2	Chord	4/4	3	1	1/2	1/2	1	4366						
207	207	824	824	2.0	0	0	Chord	4/4	4	1	1/2	1/2	1	4367						
207	207	826	826	2.0	1/2	1/2	Chord	4/4	4	1	1/2	1/2	1	4368						
207	207	824	824	2.0	0	0	Chord	4/4	5	1	1/2	1/2	1	4369						
207	207	826	826	2.0	1/2	1/2	Chord	4/4	5	1	1/2	1/2	1	4370						
207	207	824	824	2.0	0	0	Chord	4/4	5	2	1/2	1/2	1	4371						
207	207	826	826	2.0	1/2	1/2	Chord	4/4	5	2	1/2	1/2	1	4372						
207	207	824	824	2.0	0	0	Chord	4/4	5	3	1/2	1/2	1	4373						
207	207	826	826	2.0	1/2	1/2	Chord	4/4	5	3	1/2	1/2	1	4374						
207	207	824	824	2.0	0	0	Chord	4/4	6	1	1/2	1/2	1	4375						
207	207	826	826	2.0	1/2	1/2	Chord	4/4	6	1	1/2	1/2	1	4376						
207	207	824	824	0.0	0	0	FiguredBass	4/4	7	1	0					1/2	6			
207	207	824	824	2.0	0	0	Chord	4/4	7	1	1/2	1/2	1	4377						
207	207	826	826	2.0	1/2	1/2	Chord	4/4	7	1	1/2	1/2	1	4378						
207	207	824	824	2.0	0	0	Chord	4/4	8	1	1/2	1/2	1	4379						
207	207	826	826	2.0	1/2	1/2	Chord	4/4	8	1	1/2	1/2	1	4380						
208	208	828	828	1.0	0	0	Chord	4/4	1	1	1/4	1/4	1	4381						
208	208	829	829	1.0	1/4	1/4	Chord	4/4	1	1	1/4	1/4	1	4382						
208	208	830	830	1.0	1/2	1/2	Chord	4/4	1	1	1/4	1/4	1	4383						
208	208	831	831	1.0	3/4	3/4	Chord	4/4	1	1	1/4	1/4	1	4384						
208	208	828	828	1.0	0	0	Chord	4/4	2	1	1/4	1/4	1	4385						
208	208	829	829	1.0	1/4	1/4	Chord	4/4	2	1	1/4	1/4	1	4386						
208	208	830	830	1.0	1/2	1/2	Chord	4/4	2	1	1/4	1/4	1	4387						
208	208	831	831	1.0	3/4	3/4	Chord	4/4	2	1	1/4	1/4	1	4388						
208	208	828	828	1.0	0	0	Chord	4/4	3	1	1/4	1/4	1	4389						
208	208	829	829	1.0	1/4	1/4	Chord	4/4	3	1	1/4	1/4	1	4390						
208	208	830	830	1.0	1/2	1/2	Chord	4/4	3	1	1/4	1/4	1	4391						
208	208	831	831	1.0	3/4	3/4	Chord	4/4	3	1	1/4	1/4	1	4392						
208	208	828	828	1.0	0	0	Chord	4/4	4	1	1/4	1/4	1	4393						
208	208	829	829	1.0	1/4	1/4	Chord	4/4	4	1	1/4	1/4	1	4394						
208	208	830	830	1.0	1/2	1/2	Chord	4/4	4	1	1/4	1/4	1	4395						
208	208	831	831	1.0	3/4	3/4	Chord	4/4	4	1	1/4	1/4	1	4396						
208	208	828	828	1.0	0	0	Chord	4/4	5	1	1/4	1/4	1	4397						
208	208	829	829	1.0	1/4	1/4	Chord	4/4	5	1	1/4	1/4	1	4398						
208	208	830	830	1.0	1/2	1/2	Chord	4/4	5	1	1/4	1/4	1	4399						
208	208	831	831	1.0	3/4	3/4	Chord	4/4	5	1	1/4	1/4	1	4400						
208	208	828	828	2.0	0	0	Chord	4/4	5	2	1/2	1/2	1	4401						
208	208	830	830	2.0	1/2	1/2	Chord	4/4	5	2	1/2	1/2	1	4402						
208	208	828	828	2.0	0	0	Chord	4/4	5	3	1/2	1/2	1	4403						
208	208	830	830	2.0	1/2	1/2	Chord	4/4	5	3	1/2	1/2	1	4404						
208	208	828	828	2.0	0	0	Chord	4/4	6	1	1/2	1/2	1	4405						
208	208	830	830	2.0	1/2	1/2	Chord	4/4	6	1	1/2	1/2	1	4406						
208	208	828	828	0.0	0	0	FiguredBass	4/4	7	1	0					1/4	6			
208	208	828	828	1.0	0	0	Chord	4/4	7	1	1/4	1/4	1	4407						
208	208	829	829	1.0	1/4	1/4	Chord	4/4	7	1	1/4	1/4	1	4408						
208	208	830	830	1.0	1/2	1/2	Chord	4/4	7	1	1/4	1/4	1	4409						
208	208	831	831	1.0	3/4	3/4	Chord	4/4	7	1	1/4	1/4	1	4410						
208	208	828	828	2.0	0	0	Chord	4/4	8	1	1/2	1/2	1	4411						
208	208	830	830	2.0	1/2	1/2	Chord	4/4	8	1	1/2	1/2	1	4412						
209	209	832	832	2.0	0	0	Chord	4/4	1	1	1/2	1/2	1	4413						
209	209	834	834	2.0	1/2	1/2	Chord	4/4	1	1	1/2	1/2	1	4414						
209	209	832	832	2.0	0	0	Chord	4/4	2	1	1/2	1/2	1	4415						
209	209	834	834	2.0	1/2	1/2	Chord	4/4	2	1	1/2	1/2	1	4416						
209	209	832	832	2.0	0	0	Chord	4/4	3	1	1/2	1/2	1	4417						
209	209	834	834	2.0	1/2	1/2	Chord	4/4	3	1	1/2	1/2	1	4418						
209	209	832	832	2.0	0	0	Chord	4/4	4	1	1/2	1/2	1	4419						
209	209	834	834	2.0	1/2	1/2	Chord	4/4	4	1	1/2	1/2	1	4420						
209	209	832	832	2.0	0	0	Chord	4/4	5	1	1/2	1/2	1	4421						
209	209	834	834	2.0	1/2	1/2	Chord	4/4	5	1	1/2	1/2	1	4422						
209	209	832	832	2.0	0	0	Chord	4/4	5	2	1/2	1/2	1	4423						
209	209	834	834	2.0	1/2	1/2	Chord	4/4	5	2	1/2	1/2	1	4424						
209	209	832	832	2.0	0	0	Chord	4/4	5	3	1/2	1/2	1	4425						
209	209	834	834	2.0	1/2	1/2	Chord	4/4	5	3	1/2	1/2	1	4426						
209	209	832	832	2.0	0	0	Chord	4/4	6	1	1/2	1/2	1	4427						
209	209	834	834	2.0	1/2	1/2	Chord	4/4	6	1	1/2	1/2	1	4428						
209	209	832	832	0.0	0	0	FiguredBass	4/4	7	1	0					1/2	4			
209	209	832	832	2.0	0	0	Chord	4/4	7	1	1/2	1/2	1	4429						
209	209	834	834	0.0	1/2	1/2	FiguredBass	4/4	7	1	0					1/2	3			
209	209	834	834	2.0	1/2	1/2	Chord	4/4	7	1	1/2	1/2	1	4430						
209	209	832	832	2.0	0	0	Chord	4/4	8	1	1/2	1/2	1	4431						
209	209	834	834	2.0	1/2	1/2	Chord	4/4	8	1	1/2	1/2	1	4432						
210	210	836	836	2.0	0	0	Chord	4/4	1	1	1/2	1/2	1	4433						
210	210	838	838	2.0	1/2	1/2	Chord	4/4	1	1	1/2	1/2	1	4434						
210	210	836	836	2.0	0	0	Chord	4/4	2	1	1/2	1/2	1	4435						
210	210	838	838	2.0	1/2	1/2	Chord	4/4	2	1	1/2	1/2	1	4436						
210	210	836	836	2.0	0	0	Chord	4/4	3	1	1/2	1/2	1	4437						
210	210	838	838	2.0	1/2	1/2	Chord	4/4	3	1	1/2	1/2	1	4438						
210	210	836	836	2.0	0	0	Chord	4/4	4	1	1/2	1/2	1	4439						
210	210	838	838	2.0	1/2	1/2	Chord	4/4	4	1	1/2	1/2	1	4440						
210	210	836	836	2.0	0	0	Chord	4/4	5	1	1/2	1/2	1	4441						
210	210	838	838	2.0	1/2	1/2	Chord	4/4	5	1	1/2	1/2	1	4442						
210	210	836	836	2.0	0	0	Chord	4/4	5	2	1/2	1/2	1	4443						
210	210	838	838	2.0	1/2	1/2	Chord	4/4	5	2	1/2	1/2	1	4444						
210	210	836	836	2.0	0	0	Chord	4/4	5	3	1/2	1/2	1	4445						
210	210	838	838	2.0	1/2	1/2	Chord	4/4	5	3	1/2	1/2	1	4446						
210	210	836	836	2.0	0	0	Chord	4/4	6	1	1/2	1/2	1	4447						
210	210	838	838	2.0	1/2	1/2	Chord	4/4	6	1	1/2	1/2	1	4448						
210	210	836	836	2.0	0	0	Chord	4/4	7	1	1/2	1/2	1	4449						
210	210	838	838	2.0	1/2	1/2	Chord	4/4	7	1	1/2	1/2	1	4450						
210	210	836	836	2.0	0	0	Chord	4/4	8	1	1/2	1/2	1	4451						
210	210	838	838	2.0	1/2	1/2	Chord	4/4	8	1	1/2	1/2	1	4452						
211	211	840	840	2.0	0	0	Chord	4/4	1	1	1/2	1/2	1	4453						
211	211	842	842	2.0	1/2	1/2	Chord	4/4	1	1	1/2	1/2	1	4454						
211	211	840	840	2.0	0	0	Chord	4/4	2	1	1/2	1/2	1	4455						
211	211	842	842	2.0	1/2	1/2	Chord	4/4	2	1	1/2	1/2	1	4456						
211	211	840	840	2.0	0	0	Chord	4/4	3	1	1/2	1/2	1	4457						
211	211	842	842	2.0	1/2	1/2	Chord	4/4	3	1	1/2	1/2	1	4458						
211	211	840	840	2.0	0	0	Chord	4/4	4	1	1/2	1/2	1	4459						
211	211	842	842	2.0	1/2	1/2	Chord	4/4	4	1	1/2	1/2	1	4460						
211	211	840	840	2.0	0	0	Chord	4/4	5	1	1/2	1/2	1	4461						
211	211	842	842	2.0	1/2	1/2	Chord	4/4	5	1	1/2	1/2	1	4462						
211	211	840	840	2.0	0	0	Chord	4/4	5	2	1/2	1/2	1	4463						
211	211	842	842	2.0	1/2	1/2	Chord	4/4	5	2	1/2	1/2	1	4464						
211	211	840	840	2.0	0	0	Chord	4/4	5	3	1/2	1/2	1	4465						
211	211	842	842	2.0	1/2	1/2	Chord	4/4	5	3	1/2	1/2	1	4466						
211	211	840	840	2.0	0	0	Chord	4/4	6	1	1/2	1/2	1	4467						
211	211	842	842	2.0	1/2	1/2	Chord	4/4	6	1	1/2	1/2	1	4468						
211	211	840	840	0.0	0	0	FiguredBass	4/4	7	1	0					1/2	5			
211	211	840	840	2.0	0	0	Chord	4/4	7	1	1/2	1/2	1	4469						
211	211	842	842	2.0	1/2	1/2	Chord	4/4	7	1	1/2	1/2	1	4470						
211	211	840	840	2.0	0	0	Chord	4/4	8	1	1/2	1/2	1	4471						
211	211	842	842	2.0	1/2	1/2	Chord	4/4	8	1	1/2	1/2	1	4472						
212	212	844	844	1.0	0	0	Chord	4/4	1	1	1/4	1/4	1	4473						
212	212	845	845	1.0	1/4	1/4	Chord	4/4	1	1	1/4	1/4	1	4474						
212	212	846	846	1.0	1/2	1/2	Chord	4/4	1	1	1/4	1/4	1	4475						
212	212	847	847	1.0	3/4	3/4	Chord	4/4	1	1	1/4	1/4	1	4476						
212	212	844	844	1.0	0	0	Chord	4/4	2	1	1/4	1/4	1	4477						
212	212	845	845	1.0	1/4	1/4	Chord	4/4	2	1	1/4	1/4	1	4478						
212	212	846	846	1.0	1/2	1/2	Chord	4/4	2	1	1/4	1/4	1	4479						
212	212	847	847	1.0	3/4	3/4	Chord	4/4	2	1	1/4	1/4	1	4480						
212	212	844	844	1.0	0	0	Chord	4/4	3	1	1/4	1/4	1	4481						
212	212	845	845	1.0	1/4	1/4	Chord	4/4	3	1	1/4	1/4	1	4482						
212	212	846	846	1.0	1/2	1/2	Chord	4/4	3	1	1/4	1/4	1	4483						
212	212	847	847	1.0	3/4	3/4	Chord	4/4	3	1	1/4	1/4	1	4484						
212	212	844	844	1.0	0	0	Chord	4/4	4	1	1/4	1/4	1	4485						
212	212	845	845	1.0	1/4	1/4	Chord	4/4	4	1	1/4	1/4	1	4486						
212	212	846	846	1.0	1/2	1/2	Chord	4/4	4	1	1/4	1/4	1	4487						
212	212	847	847	1.0	3/4	3/4	Chord	4/4	4	1	1/4	1/4	1	4488						
212	212	844	844	1.0	0	0	Chord	4/4	5	1	1/4	1/4	1	4489						
212	212	845	845	1.0	1/4	1/4	Chord	4/4	5	1	1/4	1/4	1	4490						
212	212	846	846	1.0	1/2	1/2	Chord	4/4	5	1	1/4	1/4	1	4491						
212	212	847	847	1.0	3/4	3/4	Chord	4/4	5	1	1/4	1/4	1	4492						
212	212	844	844	2.0	0	0	Chord	4/4	5	2	1/2	1/2	1	4493						
212	212	846	846	2.0	1/2	1/2	Chord	4/4	5	2	1/2	1/2	1	4494						
212	212	844	844	2.0	0	0	Chord	4/4	5	3	1/2	1/2	1	4495						
212	212	846	846	2.0	1/2	1/2	Chord	4/4	5	3	1/2	1/2	1	4496						
212	212	844	844	2.0	0	0	Chord	4/4	6	1	1/2	1/2	1	4497						
212	212	846	846	2.0	1/2	1/2	Chord	4/4	6	1	1/2	1/2	1	4498						
212	212	844	844	1.0	0	0	Chord	4/4	7	1	1/4	1/4	1	4499						
212	212	845	845	1.0	1/4	1/4	Chord	4/4	7	1	1/4	1/4	1	4500						
212	212	846	846	0.0	1/2	1/2	FiguredBass	4/4	7	1	0					1/4	2			
212	212	846	846	1.0	1/2	1/2	Chord	4/4	7	1	1/4	1/4	1	4501						
212	212	847	847	1.0	3/4	3/4	Chord	4/4	7	1	1/4	1/4	1	4502						
212	212	844	844	2.0	0	0	Chord	4/4	8	1	1/2	1/2	1	4503						
212	212	846	846	2.0	1/2	1/2	Chord	4/4	8	1	1/2	1/2	1	4504						
213	213	848	848	4.0	0	0	Chord	4/4	1	1	1	1	1	4505	ornamentTremblement					
213	213	848	848	2.0	0	0	Chord	4/4	2	1	1/2	1/2	1	4506						39
213	213	850	850	2.0	1/2	1/2	Chord	4/4	2	1	1/2	1/2	1	4507	ornamentTremblement					
213	213	848	848	2.0	0	0	Chord	4/4	3	1	1/2	1/2	1	4508						40
213	213	850	850	1.0	1/2	1/2	Chord	4/4	3	1	1/4	1/4	1	4509						40
213	213	851	851	1.0	3/4	3/4	Chord	4/4	3	1	1/4	1/4	1	4510						
213	213	848	848	2.0	0	0	Chord	4/4	4	1	1/2	1/2	1	4511						41
213	213	850	850	2.0	1/2	1/2	Chord	4/4	4	1	1/2	1/2	1	4512						
213	213	848	848	4.0	0	0	Chord	4/4	5	1	1	1	1	4513						
213	213	848	848	2.0	0	0	Chord	4/4	5	2	1/2	1/2	1	4514						
213	213	850	850	1.0	1/2	1/2	Chord	4/4	5	2	1/4	1/4	1	4515						
213	213	851	851	1.0	3/4	3/4	Chord	4/4	5	2	1/4	1/4	1	4516						
213	213	848	848	2.0	0	0	Chord	4/4	5	3	1/2	1/2	1	4517						
213	213	850	850	2.0	1/2	1/2	Chord	4/4	5	3	1/2	1/2	1	4518						
213	213	848	848	2.0	0	0	Chord	4/4	6	1	1/2	1/2	1	4519						
213	213	850	850	2.0	1/2	1/2	Chord	4/4	6	1	1/2	1/2	1	4520						
213	213	848	848	0.0	0	0	FiguredBass	4/4	7	1	0					1	6	5		
213	213	848	848	4.0	0	0	Chord	4/4	7	1	1	1	1	4521	ornamentTremblement					
213	213	848	848	2.0	0	0	Chord	4/4	8	1	1/2	1/2	1	4522						
213	213	850	850	2.0	1/2	1/2	Chord	4/4	8	1	1/2	1/2	1	4523						
214	214	852	852	2.0	0	0	Chord	4/4	1	1	1/2	1/2	1	4524						
214	214	854	854	1.0	1/2	1/2	Chord	4/4	1	1	1/4	1/4	1	4525						
214	214	855	855	1.0	3/4	3/4	Chord	4/4	1	1	1/4	1/4	1	4526						
214	214	852	852	2.0	0	0	Chord	4/4	2	1	1/2	1/2	1	4527						
214	214	854	854	1.0	1/2	1/2	Chord	4/4	2	1	1/4	1/4	1	4528						
214	214	855	855	1.0	3/4	3/4	Chord	4/4	2	1	1/4	1/4	1	4529						
214	214	852	852	2.0	0	0	Chord	4/4	3	1	1/2	1/2	1	4530						
214	214	854	854	1.0	1/2	1/2	Chord	4/4	3	1	1/4	1/4	1	4531						
214	214	855	855	1.0	3/4	3/4	Chord	4/4	3	1	1/4	1/4	1	4532						
214	214	852	852	2.0	0	0	Chord	4/4	4	1	1/2	1/2	1	4533						
214	214	854	854	1.0	1/2	1/2	Chord	4/4	4	1	1/4	1/4	1	4534						
214	214	855	855	1.0	3/4	3/4	Chord	4/4	4	1	1/4	1/4	1	4535						
214	214	852	852	2.0	0	0	Chord	4/4	5	1	1/2	1/2	1	4536						
214	214	854	854	1.0	1/2	1/2	Chord	4/4	5	1	1/4	1/4	1	4537						
214	214	855	855	1.0	3/4	3/4	Chord	4/4	5	1	1/4	1/4	1	4538						
214	214	852	852	2.0	0	0	Chord	4/4	5	2	1/2	1/2	1	4539						
214	214	854	854	2.0	1/2	1/2	Chord	4/4	5	2	1/2	1/2	1	4540						
214	214	852	852	2.0	0	0	Chord	4/4	5	3	1/2	1/2	1	4541						
214	214	854	854	2.0	1/2	1/2	Chord	4/4	5	3	1/2	1/2	1	4542						
214	214	852	852	2.0	0	0	Chord	4/4	6	1	1/2	1/2	1	4543						
214	214	854	854	2.0	1/2	1/2	Chord	4/4	6	1	1/2	1/2	1	4544						
214	214	852	852	2.0	0	0	Chord	4/4	7	1	1/2	1/2	1	4545						
214	214	854	854	0.0	1/2	1/2	FiguredBass	4/4	7	1	0					1/4	6			
214	214	854	854	1.0	1/2	1/2	Chord	4/4	7	1	1/4	1/4	1	4546						
214	214	855	855	1.0	3/4	3/4	Chord	4/4	7	1	1/4	1/4	1	4547						
214	214	852	852	2.0	0	0	Chord	4/4	8	1	1/2	1/2	1	4548						
214	214	854	854	2.0	1/2	1/2	Chord	4/4	8	1	1/2	1/2	1	4549						
215	215	856	856	2.0	0	0	Chord	4/4	1	1	1/2	1/2	1	4550						
215	215	858	858	2.0	1/2	1/2	Chord	4/4	1	1	1/2	1/2	1	4551						
215	215	856	856	2.0	0	0	Chord	4/4	2	1	1/2	1/2	1	4552						
215	215	858	858	2.0	1/2	1/2	Chord	4/4	2	1	1/2	1/2	1	4553						
215	215	856	856	2.0	0	0	Chord	4/4	3	1	1/2	1/2	1	4554						
215	215	858	858	2.0	1/2	1/2	Chord	4/4	3	1	1/2	1/2	1	4555						
215	215	856	856	2.0	0	0	Chord	4/4	4	1	1/2	1/2	1	4556						
215	215	858	858	2.0	1/2	1/2	Chord	4/4	4	1	1/2	1/2	1	4557						
215	215	856	856	2.0	0	0	Chord	4/4	5	1	1/2	1/2	1	4558						
215	215	858	858	2.0	1/2	1/2	Chord	4/4	5	1	1/2	1/2	1	4559						
215	215	856	856	4.0	0	0	Chord	4/4	5	2	1	1	1	4560						
215	215	856	856	4.0	0	0	Chord	4/4	5	3	1	1	1	4561						
215	215	856	856	4.0	0	0	Chord	4/4	6	1	1	1	1	4562						
215	215	856	856	0.0	0	0	FiguredBass	4/4	7	1	0					1/2	5			
215	215	856	856	2.0	0	0	Chord	4/4	7	1	1/2	1/2	1	4563						
215	215	858	858	0.0	1/2	1/2	FiguredBass	4/4	7	1	0					1/2	6			
215	215	858	858	2.0	1/2	1/2	Chord	4/4	7	1	1/2	1/2	1	4564						
215	215	856	856	2.0	0	0	Chord	4/4	8	1	1/2	1/2	1	4565						
215	215	858	858	2.0	1/2	1/2	Chord	4/4	8	1	1/2	1/2	1	4566						
216	216	860	860	2.0	0	0	Chord	4/4	1	1	1/2	1/2	1	4567						
216	216	862	862	2.0	1/2	1/2	Chord	4/4	1	1	1/2	1/2	1	4568	ornamentTremblement					
216	216	860	860	2.0	0	0	Chord	4/4	2	1	1/2	1/2	1	4569						
216	216	862	862	2.0	1/2	1/2	Chord	4/4	2	1	1/2	1/2	1	4570						
216	216	860	860	2.0	0	0	Chord	4/4	3	1	1/2	1/2	1	4571						
216	216	862	862	2.0	1/2	1/2	Chord	4/4	3	1	1/2	1/2	1	4572	ornamentTremblement					
216	216	860	860	2.0	0	0	Chord	4/4	4	1	1/2	1/2	1	4573						
216	216	862	862	2.0	1/2	1/2	Chord	4/4	4	1	1/2	1/2	1	4574						
216	216	860	860	2.0	0	0	Chord	4/4	5	1	1/2	1/2	1	4575						
216	216	862	862	2.0	1/2	1/2	Chord	4/4	5	1	1/2	1/2	1	4576	ornamentTremblement					
216	216	860	860	4.0	0	0	Chord	4/4	5	2	1	1	1	4577						
216	216	860	860	2.0	0	0	Chord	4/4	5	3	1/2	1/2	1	4578						
216	216	862	862	2.0	1/2	1/2	Chord	4/4	5	3	1/2	1/2	1	4579						
216	216	860	860	2.0	0	0	Chord	4/4	6	1	1/2	1/2	1	4580						
216	216	862	862	2.0	1/2	1/2	Chord	4/4	6	1	1/2	1/2	1	4581						
216	216	860	860	0.0	0	0	FiguredBass	4/4	7	1	0					1/2	6	5	h	
216	216	860	860	2.0	0	0	Chord	4/4	7	1	1/2	1/2	1	4582						
216	216	862	862	0.0	1/2	1/2	FiguredBass	4/4	7	1	0					1/2	#			
216	216	862	862	2.0	1/2	1/2	Chord	4/4	7	1	1/2	1/2	1	4583	ornamentTremblement					
216	216	860	860	2.0	0	0	Chord	4/4	8	1	1/2	1/2	1	4584						
216	216	862	862	2.0	1/2	1/2	Chord	4/4	8	1	1/2	1/2	1	4585						
217	217	864	864	2.0	0	0	Chord	4/4	1	1	1/2	1/2	1	4586						
217	217	866	866	2.0	1/2	1/2	Chord	4/4	1	1	1/2	1/2	1	4587						
217	217	864	864	2.0	0	0	Chord	4/4	2	1	1/2	1/2	1	4588						
217	217	866	866	2.0	1/2	1/2	Chord	4/4	2	1	1/2	1/2	1	4589						
217	217	864	864	2.0	0	0	Chord	4/4	3	1	1/2	1/2	1	4590						
217	217	866	866	2.0	1/2	1/2	Chord	4/4	3	1	1/2	1/2	1	4591						
217	217	864	864	2.0	0	0	Chord	4/4	4	1	1/2	1/2	1	4592						
217	217	866	866	2.0	1/2	1/2	Chord	4/4	4	1	1/2	1/2	1	4593						
217	217	864	864	2.0	0	0	Chord	4/4	5	1	1/2	1/2	1	4594						
217	217	866	866	2.0	1/2	1/2	Chord	4/4	5	1	1/2	1/2	1	4595						
217	217	864	864	2.0	0	0	Chord	4/4	5	2	1/2	1/2	1	4596						
217	217	866	866	2.0	1/2	1/2	Chord	4/4	5	2	1/2	1/2	1	4597						
217	217	864	864	2.0	0	0	Chord	4/4	5	3	1/2	1/2	1	4598						
217	217	866	866	2.0	1/2	1/2	Chord	4/4	5	3	1/2	1/2	1	4599						
217	217	864	864	2.0	0	0	Chord	4/4	6	1	1/2	1/2	1	4600						
217	217	866	866	2.0	1/2	1/2	Chord	4/4	6	1	1/2	1/2	1	4601						
217	217	864	864	2.0	0	0	Chord	4/4	7	1	1/2	1/2	1	4602						
217	217	866	866	2.0	1/2	1/2	Chord	4/4	7	1	1/2	1/2	1	4603						
217	217	864	864	2.0	0	0	Chord	4/4	8	1	1/2	1/2	1	4604						
217	217	866	866	2.0	1/2	1/2	Chord	4/4	8	1	1/2	1/2	1	4605						
218	218	868	868	1.0	0	0	Chord	4/4	1	1	1/4	1/4	1	4606						
218	218	869	869	1.0	1/4	1/4	Chord	4/4	1	1	1/4	1/4	1	4607						
218	218	870	870	1.0	1/2	1/2	Chord	4/4	1	1	1/4	1/4	1	4608						
218	218	871	871	1.0	3/4	3/4	Chord	4/4	1	1	1/4	1/4	1	4609						
218	218	868	868	1.0	0	0	Chord	4/4	2	1	1/4	1/4	1	4610						
218	218	869	869	1.0	1/4	1/4	Chord	4/4	2	1	1/4	1/4	1	4611						
218	218	870	870	1.0	1/2	1/2	Chord	4/4	2	1	1/4	1/4	1	4612						
218	218	871	871	1.0	3/4	3/4	Chord	4/4	2	1	1/4	1/4	1	4613						
218	218	868	868	1.0	0	0	Chord	4/4	3	1	1/4	1/4	1	4614						
218	218	869	869	1.0	1/4	1/4	Chord	4/4	3	1	1/4	1/4	1	4615						
218	218	870	870	1.0	1/2	1/2	Chord	4/4	3	1	1/4	1/4	1	4616						
218	218	871	871	1.0	3/4	3/4	Chord	4/4	3	1	1/4	1/4	1	4617						
218	218	868	868	1.0	0	0	Chord	4/4	4	1	1/4	1/4	1	4618						
218	218	869	869	1.0	1/4	1/4	Chord	4/4	4	1	1/4	1/4	1	4619						
218	218	870	870	1.0	1/2	1/2	Chord	4/4	4	1	1/4	1/4	1	4620						
218	218	871	871	1.0	3/4	3/4	Chord	4/4	4	1	1/4	1/4	1	4621						
218	218	868	868	1.0	0	0	Chord	4/4	5	1	1/4	1/4	1	4622						
218	218	869	869	1.0	1/4	1/4	Chord	4/4	5	1	1/4	1/4	1	4623						
218	218	870	870	1.0	1/2	1/2	Chord	4/4	5	1	1/4	1/4	1	4624						
218	218	871	871	1.0	3/4	3/4	Chord	4/4	5	1	1/4	1/4	1	4625						
218	218	868	868	2.0	0	0	Chord	4/4	5	2	1/2	1/2	1	4626						
218	218	870	870	2.0	1/2	1/2	Chord	4/4	5	2	1/2	1/2	1	4627						
218	218	868	868	2.0	0	0	Chord	4/4	5	3	1/2	1/2	1	4628						
218	218	870	870	2.0	1/2	1/2	Chord	4/4	5	3	1/2	1/2	1	4629						
218	218	868	868	2.0	0	0	Chord	4/4	6	1	1/2	1/2	1	4630						
218	218	870	870	2.0	1/2	1/2	Chord	4/4	6	1	1/2	1/2	1	4631						
218	218	868	868	0.0	0	0	FiguredBass	4/4	7	1	0					1/4	6			
218	218	868	868	1.0	0	0	Chord	4/4	7	1	1/4	1/4	1	4632						
218	218	869	869	1.0	1/4	1/4	Chord	4/4	7	1	1/4	1/4	1	4633						
218	218	870	870	1.0	1/2	1/2	Chord	4/4	7	1	1/4	1/4	1	4634						
218	218	871	871	1.0	3/4	3/4	Chord	4/4	7	1	1/4	1/4	1	4635						
218	218	868	868	2.0	0	0	Chord	4/4	8	1	1/2	1/2	1	4636						
218	218	870	870	2.0	1/2	1/2	Chord	4/4	8	1	1/2	1/2	1	4637						
219	219	872	872	2.0	0	0	Chord	4/4	1	1	1/2	1/2	1	4638						
219	219	874	874	2.0	1/2	1/2	Chord	4/4	1	1	1/2	1/2	1	4639						
219	219	872	872	2.0	0	0	Chord	4/4	2	1	1/2	1/2	1	4640						
219	219	874	874	2.0	1/2	1/2	Chord	4/4	2	1	1/2	1/2	1	4641						
219	219	872	872	2.0	0	0	Chord	4/4	3	1	1/2	1/2	1	4642						
219	219	874	874	2.0	1/2	1/2	Chord	4/4	3	1	1/2	1/2	1	4643						
219	219	872	872	2.0	0	0	Chord	4/4	4	1	1/2	1/2	1	4644						
219	219	874	874	2.0	1/2	1/2	Chord	4/4	4	1	1/2	1/2	1	4645						
219	219	872	872	2.0	0	0	Chord	4/4	5	1	1/2	1/2	1	4646						
219	219	874	874	2.0	1/2	1/2	Chord	4/4	5	1	1/2	1/2	1	4647						
219	219	872	872	2.0	0	0	Chord	4/4	5	2	1/2	1/2	1	4648						
219	219	874	874	2.0	1/2	1/2	Chord	4/4	5	2	1/2	1/2	1	4649						
219	219	872	872	2.0	0	0	Chord	4/4	5	3	1/2	1/2	1	4650						
219	219	874	874	2.0	1/2	1/2	Chord	4/4	5	3	1/2	1/2	1	4651						
219	219	872	872	2.0	0	0	Chord	4/4	6	1	1/2	1/2	1	4652						
219	219	874	874	2.0	1/2	1/2	Chord	4/4	6	1	1/2	1/2	1	4653						
219	219	872	872	0.0	0	0	FiguredBass	4/4	7	1	0					1/2	4			
219	219	872	872	2.0	0	0	Chord	4/4	7	1	1/2	1/2	1	4654						
219	219	874	874	0.0	1/2	1/2	FiguredBass	4/4	7	1	0					1/2	3			
219	219	874	874	2.0	1/2	1/2	Chord	4/4	7	1	1/2	1/2	1	4655						
219	219	872	872	2.0	0	0	Chord	4/4	8	1	1/2	1/2	1	4656						
219	219	874	874	2.0	1/2	1/2	Chord	4/4	8	1	1/2	1/2	1	4657						
220	220	876	876	3.0	0	0	Chord	4/4	1	1	3/4	1/2	3/2	4658						
220	220	879	879	1.0	3/4	3/4	Chord	4/4	1	1	1/4	1/4	1	4659						
220	220	876	876	3.0	0	0	Chord	4/4	2	1	3/4	1/2	3/2	4660						
220	220	879	879	1.0	3/4	3/4	Chord	4/4	2	1	1/4	1/4	1	4661						
220	220	876	876	3.0	0	0	Chord	4/4	3	1	3/4	1/2	3/2	4662						
220	220	879	879	1.0	3/4	3/4	Chord	4/4	3	1	1/4	1/4	1	4663						
220	220	876	876	3.0	0	0	Chord	4/4	4	1	3/4	1/2	3/2	4664						
220	220	879	879	1.0	3/4	3/4	Chord	4/4	4	1	1/4	1/4	1	4665						
220	220	876	876	3.0	0	0	Chord	4/4	5	1	3/4	1/2	3/2	4666						
220	220	879	879	1.0	3/4	3/4	Chord	4/4	5	1	1/4	1/4	1	4667						
220	220	876	876	3.0	0	0	Chord	4/4	5	2	3/4	1/2	3/2	4668						
220	220	879	879	1.0	3/4	3/4	Chord	4/4	5	2	1/4	1/4	1	4669						
220	220	876	876	3.0	0	0	Chord	4/4	5	3	3/4	1/2	3/2	4670						
220	220	879	879	1.0	3/4	3/4	Chord	4/4	5	3	1/4	1/4	1	4671						
220	220	876	876	3.0	0	0	Chord	4/4	6	1	3/4	1/2	3/2	4672						
220	220	879	879	1.0	3/4	3/4	Chord	4/4	6	1	1/4	1/4	1	4673						
220	220	876	876	3.0	0	0	Chord	4/4	7	1	3/4	1/2	3/2	4674						
220	220	879	879	1.0	3/4	3/4	Chord	4/4	7	1	1/4	1/4	1	4675						
220	220	876	876	3.0	0	0	Chord	4/4	8	1	3/4	1/2	3/2	4676						
220	220	879	879	1.0	3/4	3/4	Chord	4/4	8	1	1/4	1/4	1	4677						
221	221	880	880	2.0	0	0	Chord	4/4	1	1	1/2	1/2	1	4678						
221	221	882	882	1.0	1/2	1/2	Chord	4/4	1	1	1/4	1/4	1	4679						
221	221	883	883	1.0	3/4	3/4	Chord	4/4	1	1	1/4	1/4	1	4680						
221	221	880	880	2.0	0	0	Chord	4/4	2	1	1/2	1/2	1	4681						
221	221	882	882	1.0	1/2	1/2	Chord	4/4	2	1	1/4	1/4	1	4682						
221	221	883	883	1.0	3/4	3/4	Chord	4/4	2	1	1/4	1/4	1	4683						
221	221	880	880	2.0	0	0	Chord	4/4	3	1	1/2	1/2	1	4684						
221	221	882	882	1.0	1/2	1/2	Chord	4/4	3	1	1/4	1/4	1	4685						
221	221	883	883	1.0	3/4	3/4	Chord	4/4	3	1	1/4	1/4	1	4686						
221	221	880	880	2.0	0	0	Chord	4/4	4	1	1/2	1/2	1	4687						
221	221	882	882	1.0	1/2	1/2	Chord	4/4	4	1	1/4	1/4	1	4688						
221	221	883	883	1.0	3/4	3/4	Chord	4/4	4	1	1/4	1/4	1	4689						
221	221	880	880	2.0	0	0	Chord	4/4	5	1	1/2	1/2	1	4690						
221	221	882	882	1.0	1/2	1/2	Chord	4/4	5	1	1/4	1/4	1	4691						
221	221	883	883	1.0	3/4	3/4	Chord	4/4	5	1	1/4	1/4	1	4692						
221	221	880	880	2.0	0	0	Chord	4/4	5	2	1/2	1/2	1	4693						
221	221	882	882	1.0	1/2	1/2	Chord	4/4	5	2	1/4	1/4	1	4694						
221	221	883	883	1.0	3/4	3/4	Chord	4/4	5	2	1/4	1/4	1	4695						
221	221	880	880	2.0	0	0	Chord	4/4	5	3	1/2	1/2	1	4696						
221	221	882	882	2.0	1/2	1/2	Chord	4/4	5	3	1/2	1/2	1	4697						
221	221	880	880	2.0	0	0	Chord	4/4	6	1	1/2	1/2	1	4698						
221	221	882	882	2.0	1/2	1/2	Chord	4/4	6	1	1/2	1/2	1	4699						
221	221	880	880	0.0	0	0	FiguredBass	4/4	7	1	0					1/2	6	5		
221	221	880	880	2.0	0	0	Chord	4/4	7	1	1/2	1/2	1	4700						
221	221	882	882	1.0	1/2	1/2	Chord	4/4	7	1	1/4	1/4	1	4701						
221	221	883	883	1.0	3/4	3/4	Chord	4/4	7	1	1/4	1/4	1	4702						
221	221	880	880	2.0	0	0	Chord	4/4	8	1	1/2	1/2	1	4703						
221	221	882	882	2.0	1/2	1/2	Chord	4/4	8	1	1/2	1/2	1	4704						
222	222	884	884	2.0	0	0	Chord	4/4	1	1	1/2	1/2	1	4705						
222	222	886	886	1.0	1/2	1/2	Chord	4/4	1	1	1/4	1/4	1	4706						
222	222	887	887	1.0	3/4	3/4	Chord	4/4	1	1	1/4	1/4	1	4707						
222	222	884	884	2.0	0	0	Chord	4/4	2	1	1/2	1/2	1	4708						
222	222	886	886	1.0	1/2	1/2	Chord	4/4	2	1	1/4	1/4	1	4709						
222	222	887	887	1.0	3/4	3/4	Chord	4/4	2	1	1/4	1/4	1	4710						
222	222	884	884	2.0	0	0	Chord	4/4	3	1	1/2	1/2	1	4711						
222	222	886	886	1.0	1/2	1/2	Chord	4/4	3	1	1/4	1/4	1	4712						
222	222	887	887	1.0	3/4	3/4	Chord	4/4	3	1	1/4	1/4	1	4713						
222	222	884	884	2.0	0	0	Chord	4/4	4	1	1/2	1/2	1	4714						
222	222	886	886	1.0	1/2	1/2	Chord	4/4	4	1	1/4	1/4	1	4715						
222	222	887	887	1.0	3/4	3/4	Chord	4/4	4	1	1/4	1/4	1	4716						
222	222	884	884	2.0	0	0	Chord	4/4	5	1	1/2	1/2	1	4717						
222	222	886	886	1.0	1/2	1/2	Chord	4/4	5	1	1/4	1/4	1	4718						
222	222	887	887	1.0	3/4	3/4	Chord	4/4	5	1	1/4	1/4	1	4719						
222	222	884	884	2.0	0	0	Chord	4/4	5	2	1/2	1/2	1	4720						
222	222	886	886	2.0	1/2	1/2	Chord	4/4	5	2	1/2	1/2	1	4721						
222	222	884	884	2.0	0	0	Chord	4/4	5	3	1/2	1/2	1	4722						
222	222	886	886	2.0	1/2	1/2	Chord	4/4	5	3	1/2	1/2	1	4723						
222	222	884	884	2.0	0	0	Chord	4/4	6	1	1/2	1/2	1	4724						
222	222	886	886	2.0	1/2	1/2	Chord	4/4	6	1	1/2	1/2	1	4725						
222	222	884	884	2.0	0	0	Chord	4/4	7	1	1/2	1/2	1	4726						
222	222	886	886	1.0	1/2	1/2	Chord	4/4	7	1	1/4	1/4	1	4727						
222	222	887	887	1.0	3/4	3/4	Chord	4/4	7	1	1/4	1/4	1	4728						
222	222	884	884	2.0	0	0	Chord	4/4	8	1	1/2	1/2	1	4729						
222	222	886	886	2.0	1/2	1/2	Chord	4/4	8	1	1/2	1/2	1	4730						
223	223	888	888	2.0	0	0	Chord	4/4	1	1	1/2	1/2	1	4731						
223	223	890	890	2.0	1/2	1/2	Chord	4/4	1	1	1/2	1/2	1	4732						
223	223	888	888	2.0	0	0	Chord	4/4	2	1	1/2	1/2	1	4733						
223	223	890	890	2.0	1/2	1/2	Chord	4/4	2	1	1/2	1/2	1	4734						
223	223	888	888	2.0	0	0	Chord	4/4	3	1	1/2	1/2	1	4735						
223	223	890	890	2.0	1/2	1/2	Chord	4/4	3	1	1/2	1/2	1	4736						
223	223	888	888	2.0	0	0	Chord	4/4	4	1	1/2	1/2	1	4737						
223	223	890	890	2.0	1/2	1/2	Chord	4/4	4	1	1/2	1/2	1	4738						
223	223	888	888	2.0	0	0	Chord	4/4	5	1	1/2	1/2	1	4739						
223	223	890	890	2.0	1/2	1/2	Chord	4/4	5	1	1/2	1/2	1	4740						
223	223	888	888	2.0	0	0	Chord	4/4	5	2	1/2	1/2	1	4741						
223	223	890	890	2.0	1/2	1/2	Chord	4/4	5	2	1/2	1/2	1	4742						
223	223	888	888	2.0	0	0	Chord	4/4	5	3	1/2	1/2	1	4743						
223	223	890	890	2.0	1/2	1/2	Chord	4/4	5	3	1/2	1/2	1	4744						
223	223	888	888	2.0	0	0	Chord	4/4	6	1	1/2	1/2	1	4745						
223	223	890	890	2.0	1/2	1/2	Chord	4/4	6	1	1/2	1/2	1	4746						
223	223	888	888	2.0	0	0	Chord	4/4	7	1	1/2	1/2	1	4747						
223	223	890	890	2.0	1/2	1/2	Chord	4/4	7	1	1/2	1/2	1	4748						
223	223	888	888	2.0	0	0	Chord	4/4	8	1	1/2	1/2	1	4749						
223	223	890	890	2.0	1/2	1/2	Chord	4/4	8	1	1/2	1/2	1	4750						
224	224	892	892	2.0	0	0	Chord	4/4	1	1	1/2	1/2	1	4751						
224	224	894	894	2.0	1/2	1/2	Chord	4/4	1	1	1/2	1/2	1	4752	ornamentTremblement					
224	224	892	892	2.0	0	0	Chord	4/4	2	1	1/2	1/2	1	4753						
224	224	894	894	2.0	1/2	1/2	Chord	4/4	2	1	1/2	1/2	1	4754						
224	224	892	892	2.0	0	0	Chord	4/4	3	1	1/2	1/2	1	4755						
224	224	894	894	2.0	1/2	1/2	Chord	4/4	3	1	1/2	1/2	1	4756	ornamentTremblement					
224	224	892	892	2.0	0	0	Chord	4/4	4	1	1/2	1/2	1	4757						
224	224	894	894	2.0	1/2	1/2	Chord	4/4	4	1	1/2	1/2	1	4758						
224	224	892	892	2.0	0	0	Chord	4/4	5	1	1/2	1/2	1	4759						
224	224	894	894	2.0	1/2	1/2	Chord	4/4	5	1	1/2	1/2	1	4760	ornamentTremblement					
224	224	892	892	4.0	0	0	Chord	4/4	5	2	1	1	1	4761						
224	224	892	892	2.0	0	0	Chord	4/4	5	3	1/2	1/2	1	4762						
224	224	894	894	2.0	1/2	1/2	Chord	4/4	5	3	1/2	1/2	1	4763						
224	224	892	892	2.0	0	0	Chord	4/4	6	1	1/2	1/2	1	4764						
224	224	894	894	2.0	1/2	1/2	Chord	4/4	6	1	1/2	1/2	1	4765						
224	224	892	892	0.0	0	0	FiguredBass	4/4	7	1	0					1/2	6	5	h	
224	224	892	892	2.0	0	0	Chord	4/4	7	1	1/2	1/2	1	4766						
224	224	894	894	0.0	1/2	1/2	FiguredBass	4/4	7	1	0					1/2	#			
224	224	894	894	2.0	1/2	1/2	Chord	4/4	7	1	1/2	1/2	1	4767	ornamentTremblement					
224	224	892	892	2.0	0	0	Chord	4/4	8	1	1/2	1/2	1	4768						
224	224	894	894	2.0	1/2	1/2	Chord	4/4	8	1	1/2	1/2	1	4769						
225	225	896	896	2.0	0	0	Chord	4/4	1	1	1/2	1/2	1	4770						
225	225	898	898	2.0	1/2	1/2	Chord	4/4	1	1	1/2	1/2	1	4771						
225	225	896	896	2.0	0	0	Chord	4/4	2	1	1/2	1/2	1	4772						
225	225	898	898	2.0	1/2	1/2	Chord	4/4	2	1	1/2	1/2	1	4773						
225	225	896	896	2.0	0	0	Chord	4/4	3	1	1/2	1/2	1	4774						
225	225	898	898	2.0	1/2	1/2	Chord	4/4	3	1	1/2	1/2	1	4775						
225	225	896	896	2.0	0	0	Chord	4/4	4	1	1/2	1/2	1	4776						
225	225	898	898	2.0	1/2	1/2	Chord	4/4	4	1	1/2	1/2	1	4777						
225	225	896	896	2.0	0	0	Chord	4/4	5	1	1/2	1/2	1	4778						
225	225	898	898	2.0	1/2	1/2	Chord	4/4	5	1	1/2	1/2	1	4779						
225	225	896	896	2.0	0	0	Chord	4/4	5	2	1/2	1/2	1	4780						
225	225	898	898	2.0	1/2	1/2	Chord	4/4	5	2	1/2	1/2	1	4781						
225	225	896	896	2.0	0	0	Chord	4/4	5	3	1/2	1/2	1	4782						
225	225	898	898	2.0	1/2	1/2	Chord	4/4	5	3	1/2	1/2	1	4783						
225	225	896	896	2.0	0	0	Chord	4/4	6	1	1/2	1/2	1	4784						
225	225	898	898	2.0	1/2	1/2	Chord	4/4	6	1	1/2	1/2	1	4785						
225	225	896	896	2.0	0	0	Chord	4/4	7	1	1/2	1/2	1	4786						
225	225	898	898	2.0	1/2	1/2	Chord	4/4	7	1	1/2	1/2	1	4787						
225	225	896	896	2.0	0	0	Chord	4/4	8	1	1/2	1/2	1	4788						
225	225	898	898	2.0	1/2	1/2	Chord	4/4	8	1	1/2	1/2	1	4789						
226	226	900	900	1.0	0	0	Chord	4/4	1	1	1/4	1/4	1	4790						
226	226	901	901	1.0	1/4	1/4	Chord	4/4	1	1	1/4	1/4	1	4791						
226	226	902	902	1.0	1/2	1/2	Chord	4/4	1	1	1/4	1/4	1	4792						
226	226	903	903	1.0	3/4	3/4	Chord	4/4	1	1	1/4	1/4	1	4793						
226	226	900	900	1.0	0	0	Chord	4/4	2	1	1/4	1/4	1	4794						
226	226	901	901	1.0	1/4	1/4	Chord	4/4	2	1	1/4	1/4	1	4795						
226	226	902	902	1.0	1/2	1/2	Chord	4/4	2	1	1/4	1/4	1	4796						
226	226	903	903	1.0	3/4	3/4	Chord	4/4	2	1	1/4	1/4	1	4797						
226	226	900	900	1.0	0	0	Chord	4/4	3	1	1/4	1/4	1	4798						
226	226	901	901	1.0	1/4	1/4	Chord	4/4	3	1	1/4	1/4	1	4799						
226	226	902	902	1.0	1/2	1/2	Chord	4/4	3	1	1/4	1/4	1	4800						
226	226	903	903	1.0	3/4	3/4	Chord	4/4	3	1	1/4	1/4	1	4801						
226	226	900	900	1.0	0	0	Chord	4/4	4	1	1/4	1/4	1	4802						
226	226	901	901	1.0	1/4	1/4	Chord	4/4	4	1	1/4	1/4	1	4803						
226	226	902	902	1.0	1/2	1/2	Chord	4/4	4	1	1/4	1/4	1	4804						
226	226	903	903	1.0	3/4	3/4	Chord	4/4	4	1	1/4	1/4	1	4805						
226	226	900	900	1.0	0	0	Chord	4/4	5	1	1/4	1/4	1	4806						
226	226	901	901	1.0	1/4	1/4	Chord	4/4	5	1	1/4	1/4	1	4807						
226	226	902	902	1.0	1/2	1/2	Chord	4/4	5	1	1/4	1/4	1	4808						
226	226	903	903	1.0	3/4	3/4	Chord	4/4	5	1	1/4	1/4	1	4809						
226	226	900	900	2.0	0	0	Chord	4/4	5	2	1/2	1/2	1	4810						
226	226	902	902	2.0	1/2	1/2	Chord	4/4	5	2	1/2	1/2	1	4811						
226	226	900	900	2.0	0	0	Chord	4/4	5	3	1/2	1/2	1	4812						
226	226	902	902	2.0	1/2	1/2	Chord	4/4	5	3	1/2	1/2	1	4813						
226	226	900	900	2.0	0	0	Chord	4/4	6	1	1/2	1/2	1	4814						
226	226	902	902	2.0	1/2	1/2	Chord	4/4	6	1	1/2	1/2	1	4815						
226	226	900	900	0.0	0	0	FiguredBass	4/4	7	1	0					1/4	6			
226	226	900	900	1.0	0	0	Chord	4/4	7	1	1/4	1/4	1	4816						
226	226	901	901	1.0	1/4	1/4	Chord	4/4	7	1	1/4	1/4	1	4817						
226	226	902	902	0.0	1/2	1/2	FiguredBass	4/4	7	1	0					1/4	6	4		
226	226	902	902	1.0	1/2	1/2	Chord	4/4	7	1	1/4	1/4	1	4818						
226	226	903	903	1.0	3/4	3/4	Chord	4/4	7	1	1/4	1/4	1	4819						
226	226	900	900	2.0	0	0	Chord	4/4	8	1	1/2	1/2	1	4820						
226	226	902	902	2.0	1/2	1/2	Chord	4/4	8	1	1/2	1/2	1	4821						
227	227	904	904	2.0	0	0	Chord	4/4	1	1	1/2	1/2	1	4822						
227	227	906	906	1.0	1/2	1/2	Chord	4/4	1	1	1/4	1/4	1	4823						
227	227	907	907	1.0	3/4	3/4	Chord	4/4	1	1	1/4	1/4	1	4824						
227	227	904	904	2.0	0	0	Chord	4/4	2	1	1/2	1/2	1	4825						
227	227	906	906	1.0	1/2	1/2	Chord	4/4	2	1	1/4	1/4	1	4826						
227	227	907	907	1.0	3/4	3/4	Chord	4/4	2	1	1/4	1/4	1	4827						
227	227	904	904	2.0	0	0	Chord	4/4	3	1	1/2	1/2	1	4828						
227	227	906	906	1.0	1/2	1/2	Chord	4/4	3	1	1/4	1/4	1	4829						
227	227	907	907	1.0	3/4	3/4	Chord	4/4	3	1	1/4	1/4	1	4830						
227	227	904	904	2.0	0	0	Chord	4/4	4	1	1/2	1/2	1	4831						
227	227	906	906	1.0	1/2	1/2	Chord	4/4	4	1	1/4	1/4	1	4832						
227	227	907	907	1.0	3/4	3/4	Chord	4/4	4	1	1/4	1/4	1	4833						
227	227	904	904	2.0	0	0	Chord	4/4	5	1	1/2	1/2	1	4834						
227	227	906	906	1.0	1/2	1/2	Chord	4/4	5	1	1/4	1/4	1	4835						
227	227	907	907	1.0	3/4	3/4	Chord	4/4	5	1	1/4	1/4	1	4836						
227	227	904	904	2.0	0	0	Chord	4/4	5	2	1/2	1/2	1	4837						
227	227	906	906	2.0	1/2	1/2	Chord	4/4	5	2	1/2	1/2	1	4838						
227	227	904	904	2.0	0	0	Chord	4/4	5	3	1/2	1/2	1	4839						
227	227	906	906	2.0	1/2	1/2	Chord	4/4	5	3	1/2	1/2	1	4840						
227	227	904	904	2.0	0	0	Chord	4/4	6	1	1/2	1/2	1	4841						
227	227	906	906	2.0	1/2	1/2	Chord	4/4	6	1	1/2	1/2	1	4842						
227	227	904	904	2.0	0	0	Chord	4/4	7	1	1/2	1/2	1	4843						
227	227	906	906	0.0	1/2	1/2	FiguredBass	4/4	7	1	0					1/4	2			
227	227	906	906	1.0	1/2	1/2	Chord	4/4	7	1	1/4	1/4	1	4844						
227	227	907	907	1.0	3/4	3/4	Chord	4/4	7	1	1/4	1/4	1	4845						
227	227	904	904	2.0	0	0	Chord	4/4	8	1	1/2	1/2	1	4846						
227	227	906	906	2.0	1/2	1/2	Chord	4/4	8	1	1/2	1/2	1	4847						
228	228	908	908	2.0	0	0	Chord	4/4	1	1	1/2	1/2	1	4848						
228	228	910	910	2.0	1/2	1/2	Chord	4/4	1	1	1/2	1/2	1	4849						
228	228	908	908	2.0	0	0	Chord	4/4	2	1	1/2	1/2	1	4850						
228	228	910	910	2.0	1/2	1/2	Chord	4/4	2	1	1/2	1/2	1	4851						
228	228	908	908	2.0	0	0	Chord	4/4	3	1	1/2	1/2	1	4852						
228	228	910	910	2.0	1/2	1/2	Chord	4/4	3	1	1/2	1/2	1	4853						
228	228	908	908	2.0	0	0	Chord	4/4	4	1	1/2	1/2	1	4854						
228	228	910	910	2.0	1/2	1/2	Chord	4/4	4	1	1/2	1/2	1	4855						
228	228	908	908	2.0	0	0	Chord	4/4	5	1	1/2	1/2	1	4856						
228	228	910	910	2.0	1/2	1/2	Chord	4/4	5	1	1/2	1/2	1	4857						
228	228	908	908	2.0	0	0	Chord	4/4	5	2	1/2	1/2	1	4858						
228	228	910	910	2.0	1/2	1/2	Chord	4/4	5	2	1/2	1/2	1	4859						
228	228	908	908	2.0	0	0	Chord	4/4	5	3	1/2	1/2	1	4860						
228	228	910	910	2.0	1/2	1/2	Chord	4/4	5	3	1/2	1/2	1	4861						
228	228	908	908	2.0	0	0	Chord	4/4	6	1	1/2	1/2	1	4862						
228	228	910	910	2.0	1/2	1/2	Chord	4/4	6	1	1/2	1/2	1	4863						
228	228	908	908	0.0	0	0	FiguredBass	4/4	7	1	0					1/2	6			
228	228	908	908	2.0	0	0	Chord	4/4	7	1	1/2	1/2	1	4864						
228	228	910	910	2.0	1/2	1/2	Chord	4/4	7	1	1/2	1/2	1	4865						
228	228	908	908	2.0	0	0	Chord	4/4	8	1	1/2	1/2	1	4866						
228	228	910	910	2.0	1/2	1/2	Chord	4/4	8	1	1/2	1/2	1	4867						
229	229	912	912	2.0	0	0	Chord	4/4	1	1	1/2	1/2	1	4868						
229	229	914	914	2.0	1/2	1/2	Chord	4/4	1	1	1/2	1/2	1	4869						
229	229	912	912	2.0	0	0	Chord	4/4	2	1	1/2	1/2	1	4870						
229	229	914	914	2.0	1/2	1/2	Chord	4/4	2	1	1/2	1/2	1	4871						
229	229	912	912	2.0	0	0	Chord	4/4	3	1	1/2	1/2	1	4872						
229	229	914	914	2.0	1/2	1/2	Chord	4/4	3	1	1/2	1/2	1	4873						
229	229	912	912	2.0	0	0	Chord	4/4	4	1	1/2	1/2	1	4874						
229	229	914	914	2.0	1/2	1/2	Chord	4/4	4	1	1/2	1/2	1	4875						
229	229	912	912	2.0	0	0	Chord	4/4	5	1	1/2	1/2	1	4876						
229	229	914	914	2.0	1/2	1/2	Chord	4/4	5	1	1/2	1/2	1	4877						
229	229	912	912	2.0	0	0	Chord	4/4	5	2	1/2	1/2	1	4878						
229	229	914	914	2.0	1/2	1/2	Chord	4/4	5	2	1/2	1/2	1	4879						
229	229	912	912	2.0	0	0	Chord	4/4	5	3	1/2	1/2	1	4880						
229	229	914	914	2.0	1/2	1/2	Chord	4/4	5	3	1/2	1/2	1	4881						
229	229	912	912	2.0	0	0	Chord	4/4	6	1	1/2	1/2	1	4882						
229	229	914	914	2.0	1/2	1/2	Chord	4/4	6	1	1/2	1/2	1	4883						
229	229	912	912	0.0	0	0	FiguredBass	4/4	7	1	0					1/2	7	5		
229	229	912	912	2.0	0	0	Chord	4/4	7	1	1/2	1/2	1	4884						
229	229	914	914	2.0	1/2	1/2	Chord	4/4	7	1	1/2	1/2	1	4885						
229	229	912	912	2.0	0	0	Chord	4/4	8	1	1/2	1/2	1	4886						
229	229	914	914	2.0	1/2	1/2	Chord	4/4	8	1	1/2	1/2	1	4887						
230	230	916	916	4.0	0	0	Chord	4/4	1	1	1	1	1	4888	ornamentTremblement					
230	230	916	916	2.0	0	0	Chord	4/4	2	1	1/2	1/2	1	4889						42
230	230	918	918	2.0	1/2	1/2	Chord	4/4	2	1	1/2	1/2	1	4890	ornamentTremblement					
230	230	916	916	4.0	0	0	Chord	4/4	3	1	1	1	1	4891						
230	230	916	916	4.0	0	0	Chord	4/4	4	1	1	1	1	4892						
230	230	916	916	4.0	0	0	Chord	4/4	5	1	1	1	1	4893	ornamentTremblement					
230	230	916	916	4.0	0	0	Chord	4/4	5	2	1	1	1	4894						
230	230	916	916	2.0	0	0	Chord	4/4	5	3	1/2	1/2	1	4895						
230	230	918	918	2.0	1/2	1/2	Chord	4/4	5	3	1/2	1/2	1	4896						
230	230	916	916	4.0	0	0	Chord	4/4	6	1	1	1	1	4897						
230	230	916	916	0.0	0	0	FiguredBass	4/4	7	1	0					1	4			
230	230	916	916	4.0	0	0	Chord	4/4	7	1	1	1	1	4898	ornamentTremblement					
230	230	916	916	0.0	0	0	FiguredBass	4/4	8	1	0					1	3			
230	230	916	916	4.0	0	0	Chord	4/4	8	1	1	1	1	4899						
231	231	920	920	2.0	0	0	Chord	4/4	1	1	1/2	1/2	1	4900						
231	231	922	922	1.0	1/2	1/2	Chord	4/4	1	1	1/4	1/4	1	4901						
231	231	923	923	1.0	3/4	3/4	Chord	4/4	1	1	1/4	1/4	1	4902						
231	231	920	920	2.0	0	0	Chord	4/4	2	1	1/2	1/2	1	4903						
231	231	922	922	1.0	1/2	1/2	Chord	4/4	2	1	1/4	1/4	1	4904						
231	231	923	923	1.0	3/4	3/4	Chord	4/4	2	1	1/4	1/4	1	4905						
231	231	920	920	2.0	0	0	Chord	4/4	3	1	1/2	1/2	1	4906						
231	231	922	922	1.0	1/2	1/2	Chord	4/4	3	1	1/4	1/4	1	4907						
231	231	923	923	1.0	3/4	3/4	Chord	4/4	3	1	1/4	1/4	1	4908						
231	231	920	920	2.0	0	0	Chord	4/4	4	1	1/2	1/2	1	4909						
231	231	922	922	1.0	1/2	1/2	Chord	4/4	4	1	1/4	1/4	1	4910						
231	231	923	923	1.0	3/4	3/4	Chord	4/4	4	1	1/4	1/4	1	4911						
231	231	920	920	2.0	0	0	Chord	4/4	5	1	1/2	1/2	1	4912						
231	231	922	922	1.0	1/2	1/2	Chord	4/4	5	1	1/4	1/4	1	4913						
231	231	923	923	1.0	3/4	3/4	Chord	4/4	5	1	1/4	1/4	1	4914						
231	231	920	920	2.0	0	0	Chord	4/4	5	2	1/2	1/2	1	4915						
231	231	922	922	2.0	1/2	1/2	Chord	4/4	5	2	1/2	1/2	1	4916						
231	231	920	920	2.0	0	0	Chord	4/4	5	3	1/2	1/2	1	4917						
231	231	922	922	2.0	1/2	1/2	Chord	4/4	5	3	1/2	1/2	1	4918						
231	231	920	920	2.0	0	0	Chord	4/4	6	1	1/2	1/2	1	4919						
231	231	922	922	2.0	1/2	1/2	Chord	4/4	6	1	1/2	1/2	1	4920						
231	231	920	920	2.0	0	0	Chord	4/4	7	1	1/2	1/2	1	4921						
231	231	922	922	1.0	1/2	1/2	Chord	4/4	7	1	1/4	1/4	1	4922						
231	231	923	923	1.0	3/4	3/4	Chord	4/4	7	1	1/4	1/4	1	4923						
231	231	920	920	2.0	0	0	Chord	4/4	8	1	1/2	1/2	1	4924						
231	231	922	922	2.0	1/2	1/2	Chord	4/4	8	1	1/2	1/2	1	4925						
232	232	924	924	2.0	0	0	Chord	4/4	1	1	1/2	1/2	1	4926						
232	232	926	926	2.0	1/2	1/2	Chord	4/4	1	1	1/2	1/2	1	4927						
232	232	924	924	2.0	0	0	Chord	4/4	2	1	1/2	1/2	1	4928						
232	232	926	926	2.0	1/2	1/2	Chord	4/4	2	1	1/2	1/2	1	4929						
232	232	924	924	2.0	0	0	Chord	4/4	3	1	1/2	1/2	1	4930						
232	232	926	926	2.0	1/2	1/2	Chord	4/4	3	1	1/2	1/2	1	4931						
232	232	924	924	2.0	0	0	Chord	4/4	4	1	1/2	1/2	1	4932						
232	232	926	926	2.0	1/2	1/2	Chord	4/4	4	1	1/2	1/2	1	4933						
232	232	924	924	2.0	0	0	Chord	4/4	5	1	1/2	1/2	1	4934						
232	232	926	926	2.0	1/2	1/2	Chord	4/4	5	1	1/2	1/2	1	4935						
232	232	924	924	2.0	0	0	Chord	4/4	5	2	1/2	1/2	1	4936						
232	232	926	926	2.0	1/2	1/2	Chord	4/4	5	2	1/2	1/2	1	4937						
232	232	924	924	2.0	0	0	Chord	4/4	5	3	1/2	1/2	1	4938						
232	232	926	926	2.0	1/2	1/2	Chord	4/4	5	3	1/2	1/2	1	4939						
232	232	924	924	2.0	0	0	Chord	4/4	6	1	1/2	1/2	1	4940						
232	232	926	926	2.0	1/2	1/2	Chord	4/4	6	1	1/2	1/2	1	4941						
232	232	924	924	0.0	0	0	FiguredBass	4/4	7	1	0					1/2	6			
232	232	924	924	2.0	0	0	Chord	4/4	7	1	1/2	1/2	1	4942						
232	232	926	926	0.0	1/2	1/2	FiguredBass	4/4	7	1	0					1/2	6			
232	232	926	926	2.0	1/2	1/2	Chord	4/4	7	1	1/2	1/2	1	4943						
232	232	924	924	2.0	0	0	Chord	4/4	8	1	1/2	1/2	1	4944						
232	232	926	926	2.0	1/2	1/2	Chord	4/4	8	1	1/2	1/2	1	4945						
233	233	928	928	2.0	0	0	Chord	4/4	1	1	1/2	1/2	1	4946						
233	233	930	930	2.0	1/2	1/2	Chord	4/4	1	1	1/2	1/2	1	4947	ornamentTremblement					
233	233	928	928	2.0	0	0	Chord	4/4	2	1	1/2	1/2	1	4948						
233	233	930	930	2.0	1/2	1/2	Chord	4/4	2	1	1/2	1/2	1	4949						
233	233	928	928	2.0	0	0	Chord	4/4	3	1	1/2	1/2	1	4950						
233	233	930	930	2.0	1/2	1/2	Chord	4/4	3	1	1/2	1/2	1	4951	ornamentTremblement					
233	233	928	928	2.0	0	0	Chord	4/4	4	1	1/2	1/2	1	4952						
233	233	930	930	2.0	1/2	1/2	Chord	4/4	4	1	1/2	1/2	1	4953						
233	233	928	928	2.0	0	0	Chord	4/4	5	1	1/2	1/2	1	4954						
233	233	930	930	2.0	1/2	1/2	Chord	4/4	5	1	1/2	1/2	1	4955	ornamentTremblement					
233	233	928	928	4.0	0	0	Chord	4/4	5	2	1	1	1	4956						
233	233	928	928	2.0	0	0	Chord	4/4	5	3	1/2	1/2	1	4957						
233	233	930	930	2.0	1/2	1/2	Chord	4/4	5	3	1/2	1/2	1	4958						
233	233	928	928	2.0	0	0	Chord	4/4	6	1	1/2	1/2	1	4959						
233	233	930	930	2.0	1/2	1/2	Chord	4/4	6	1	1/2	1/2	1	4960						
233	233	928	928	0.0	0	0	FiguredBass	4/4	7	1	0					1/2	6	5	h	
233	233	928	928	2.0	0	0	Chord	4/4	7	1	1/2	1/2	1	4961						
233	233	930	930	0.0	1/2	1/2	FiguredBass	4/4	7	1	0					1/2	#			
233	233	930	930	2.0	1/2	1/2	Chord	4/4	7	1	1/2	1/2	1	4962	ornamentTremblement					
233	233	928	928	2.0	0	0	Chord	4/4	8	1	1/2	1/2	1	4963						
233	233	930	930	2.0	1/2	1/2	Chord	4/4	8	1	1/2	1/2	1	4964						
234	234	932	932	2.0	0	0	Chord	4/4	1	1	1/2	1/2	1	4965						
234	234	934	934	2.0	1/2	1/2	Chord	4/4	1	1	1/2	1/2	1	4966						
234	234	932	932	2.0	0	0	Chord	4/4	2	1	1/2	1/2	1	4967						
234	234	934	934	2.0	1/2	1/2	Chord	4/4	2	1	1/2	1/2	1	4968						
234	234	932	932	2.0	0	0	Chord	4/4	3	1	1/2	1/2	1	4969						
234	234	934	934	2.0	1/2	1/2	Chord	4/4	3	1	1/2	1/2	1	4970						
234	234	932	932	2.0	0	0	Chord	4/4	4	1	1/2	1/2	1	4971						
234	234	934	934	2.0	1/2	1/2	Chord	4/4	4	1	1/2	1/2	1	4972						
234	234	932	932	2.0	0	0	Chord	4/4	5	1	1/2	1/2	1	4973						
234	234	934	934	2.0	1/2	1/2	Chord	4/4	5	1	1/2	1/2	1	4974						
234	234	932	932	2.0	0	0	Chord	4/4	5	2	1/2	1/2	1	4975						
234	234	934	934	2.0	1/2	1/2	Chord	4/4	5	2	1/2	1/2	1	4976						
234	234	932	932	2.0	0	0	Chord	4/4	5	3	1/2	1/2	1	4977						
234	234	934	934	2.0	1/2	1/2	Chord	4/4	5	3	1/2	1/2	1	4978						
234	234	932	932	2.0	0	0	Chord	4/4	6	1	1/2	1/2	1	4979						
234	234	934	934	2.0	1/2	1/2	Chord	4/4	6	1	1/2	1/2	1	4980						
234	234	932	932	2.0	0	0	Chord	4/4	7	1	1/2	1/2	1	4981						
234	234	934	934	2.0	1/2	1/2	Chord	4/4	7	1	1/2	1/2	1	4982						
234	234	932	932	2.0	0	0	Chord	4/4	8	1	1/2	1/2	1	4983						
234	234	934	934	2.0	1/2	1/2	Chord	4/4	8	1	1/2	1/2	1	4984						
235	235	936	936	2.0	0	0	Chord	4/4	1	1	1/2	1/2	1	4985						
235	235	938	938	1.0	1/2	1/2	Chord	4/4	1	1	1/4	1/4	1	4986						
235	235	939	939	1.0	3/4	3/4	Chord	4/4	1	1	1/4	1/4	1	4987						
235	235	936	936	2.0	0	0	Chord	4/4	2	1	1/2	1/2	1	4988						
235	235	938	938	1.0	1/2	1/2	Chord	4/4	2	1	1/4	1/4	1	4989						
235	235	939	939	1.0	3/4	3/4	Chord	4/4	2	1	1/4	1/4	1	4990						
235	235	936	936	2.0	0	0	Chord	4/4	3	1	1/2	1/2	1	4991						
235	235	938	938	1.0	1/2	1/2	Chord	4/4	3	1	1/4	1/4	1	4992						
235	235	939	939	1.0	3/4	3/4	Chord	4/4	3	1	1/4	1/4	1	4993						
235	235	936	936	2.0	0	0	Chord	4/4	4	1	1/2	1/2	1	4994						
235	235	938	938	1.0	1/2	1/2	Chord	4/4	4	1	1/4	1/4	1	4995						
235	235	939	939	1.0	3/4	3/4	Chord	4/4	4	1	1/4	1/4	1	4996						
235	235	936	936	2.0	0	0	Chord	4/4	5	1	1/2	1/2	1	4997						
235	235	938	938	1.0	1/2	1/2	Chord	4/4	5	1	1/4	1/4	1	4998						
235	235	939	939	1.0	3/4	3/4	Chord	4/4	5	1	1/4	1/4	1	4999						
235	235	936	936	2.0	0	0	Chord	4/4	5	2	1/2	1/2	1	5000						
235	235	938	938	2.0	1/2	1/2	Chord	4/4	5	2	1/2	1/2	1	5001						
235	235	936	936	2.0	0	0	Chord	4/4	5	3	1/2	1/2	1	5002						
235	235	938	938	2.0	1/2	1/2	Chord	4/4	5	3	1/2	1/2	1	5003						
235	235	936	936	2.0	0	0	Chord	4/4	6	1	1/2	1/2	1	5004						
235	235	938	938	2.0	1/2	1/2	Chord	4/4	6	1	1/2	1/2	1	5005						
235	235	936	936	2.0	0	0	Chord	4/4	7	1	1/2	1/2	1	5006						
235	235	938	938	0.0	1/2	1/2	FiguredBass	4/4	7	1	0					1/4	6			
235	235	938	938	1.0	1/2	1/2	Chord	4/4	7	1	1/4	1/4	1	5007						
235	235	939	939	1.0	3/4	3/4	Chord	4/4	7	1	1/4	1/4	1	5008						
235	235	936	936	2.0	0	0	Chord	4/4	8	1	1/2	1/2	1	5009						
235	235	938	938	2.0	1/2	1/2	Chord	4/4	8	1	1/2	1/2	1	5010						
236	236	940	940	2.0	0	0	Chord	4/4	1	1	1/2	1/2	1	5011						
236	236	942	942	2.0	1/2	1/2	Chord	4/4	1	1	1/2	1/2	1	5012						
236	236	940	940	2.0	0	0	Chord	4/4	2	1	1/2	1/2	1	5013						
236	236	942	942	2.0	1/2	1/2	Chord	4/4	2	1	1/2	1/2	1	5014						
236	236	940	940	2.0	0	0	Chord	4/4	3	1	1/2	1/2	1	5015						
236	236	942	942	2.0	1/2	1/2	Chord	4/4	3	1	1/2	1/2	1	5016						
236	236	940	940	2.0	0	0	Chord	4/4	4	1	1/2	1/2	1	5017						
236	236	942	942	2.0	1/2	1/2	Chord	4/4	4	1	1/2	1/2	1	5018						
236	236	940	940	2.0	0	0	Chord	4/4	5	1	1/2	1/2	1	5019						
236	236	942	942	2.0	1/2	1/2	Chord	4/4	5	1	1/2	1/2	1	5020						
236	236	940	940	2.0	0	0	Chord	4/4	5	2	1/2	1/2	1	5021						
236	236	942	942	2.0	1/2	1/2	Chord	4/4	5	2	1/2	1/2	1	5022						
236	236	940	940	2.0	0	0	Chord	4/4	5	3	1/2	1/2	1	5023						
236	236	942	942	2.0	1/2	1/2	Chord	4/4	5	3	1/2	1/2	1	5024						
236	236	940	940	2.0	0	0	Chord	4/4	6	1	1/2	1/2	1	5025						
236	236	942	942	2.0	1/2	1/2	Chord	4/4	6	1	1/2	1/2	1	5026						
236	236	940	940	0.0	0	0	FiguredBass	4/4	7	1	0					1/2	6	5		
236	236	940	940	2.0	0	0	Chord	4/4	7	1	1/2	1/2	1	5027						
236	236	942	942	2.0	1/2	1/2	Chord	4/4	7	1	1/2	1/2	1	5028						
236	236	940	940	2.0	0	0	Chord	4/4	8	1	1/2	1/2	1	5029						
236	236	942	942	2.0	1/2	1/2	Chord	4/4	8	1	1/2	1/2	1	5030						
237	237	944	944	2.0	0	0	Chord	4/4	1	1	1/2	1/2	1	5031						
237	237	946	946	1.0	1/2	1/2	Chord	4/4	1	1	1/4	1/4	1	5032						
237	237	947	947	1.0	3/4	3/4	Chord	4/4	1	1	1/4	1/4	1	5033						
237	237	944	944	2.0	0	0	Chord	4/4	2	1	1/2	1/2	1	5034						
237	237	946	946	1.0	1/2	1/2	Chord	4/4	2	1	1/4	1/4	1	5035						
237	237	947	947	1.0	3/4	3/4	Chord	4/4	2	1	1/4	1/4	1	5036						
237	237	944	944	2.0	0	0	Chord	4/4	3	1	1/2	1/2	1	5037						
237	237	946	946	1.0	1/2	1/2	Chord	4/4	3	1	1/4	1/4	1	5038						
237	237	947	947	1.0	3/4	3/4	Chord	4/4	3	1	1/4	1/4	1	5039						
237	237	944	944	2.0	0	0	Chord	4/4	4	1	1/2	1/2	1	5040						
237	237	946	946	1.0	1/2	1/2	Chord	4/4	4	1	1/4	1/4	1	5041						
237	237	947	947	1.0	3/4	3/4	Chord	4/4	4	1	1/4	1/4	1	5042						
237	237	944	944	2.0	0	0	Chord	4/4	5	1	1/2	1/2	1	5043						
237	237	946	946	1.0	1/2	1/2	Chord	4/4	5	1	1/4	1/4	1	5044						
237	237	947	947	1.0	3/4	3/4	Chord	4/4	5	1	1/4	1/4	1	5045						
237	237	944	944	2.0	0	0	Chord	4/4	5	2	1/2	1/2	1	5046						
237	237	946	946	2.0	1/2	1/2	Chord	4/4	5	2	1/2	1/2	1	5047						
237	237	944	944	2.0	0	0	Chord	4/4	5	3	1/2	1/2	1	5048						
237	237	946	946	2.0	1/2	1/2	Chord	4/4	5	3	1/2	1/2	1	5049						
237	237	944	944	2.0	0	0	Chord	4/4	6	1	1/2	1/2	1	5050						
237	237	946	946	2.0	1/2	1/2	Chord	4/4	6	1	1/2	1/2	1	5051						
237	237	944	944	2.0	0	0	Chord	4/4	7	1	1/2	1/2	1	5052						
237	237	946	946	1.0	1/2	1/2	Chord	4/4	7	1	1/4	1/4	1	5053						
237	237	947	947	1.0	3/4	3/4	Chord	4/4	7	1	1/4	1/4	1	5054						
237	237	944	944	2.0	0	0	Chord	4/4	8	1	1/2	1/2	1	5055						
237	237	946	946	2.0	1/2	1/2	Chord	4/4	8	1	1/2	1/2	1	5056						
238	238	948	948	2.0	0	0	Chord	4/4	1	1	1/2	1/2	1	5057						
238	238	950	950	2.0	1/2	1/2	Chord	4/4	1	1	1/2	1/2	1	5058	ornamentTremblement					
238	238	948	948	2.0	0	0	Chord	4/4	2	1	1/2	1/2	1	5059						
238	238	950	950	2.0	1/2	1/2	Chord	4/4	2	1	1/2	1/2	1	5060	ornamentTremblement					
238	238	948	948	2.0	0	0	Chord	4/4	3	1	1/2	1/2	1	5061						
238	238	950	950	1.0	1/2	1/2	Chord	4/4	3	1	1/4	1/4	1	5062						43
238	238	951	951	1.0	3/4	3/4	Chord	4/4	3	1	1/4	1/4	1	5063						
238	238	948	948	2.0	0	0	Chord	4/4	4	1	1/2	1/2	1	5064						
238	238	950	950	2.0	1/2	1/2	Chord	4/4	4	1	1/2	1/2	1	5065						
238	238	948	948	2.0	0	0	Chord	4/4	5	1	1/2	1/2	1	5066						
238	238	950	950	2.0	1/2	1/2	Chord	4/4	5	1	1/2	1/2	1	5067						
238	238	948	948	2.0	0	0	Chord	4/4	5	2	1/2	1/2	1	5068						
238	238	950	950	1.0	1/2	1/2	Chord	4/4	5	2	1/4	1/4	1	5069						
238	238	951	951	1.0	3/4	3/4	Chord	4/4	5	2	1/4	1/4	1	5070						
238	238	948	948	2.0	0	0	Chord	4/4	5	3	1/2	1/2	1	5071						
238	238	950	950	2.0	1/2	1/2	Chord	4/4	5	3	1/2	1/2	1	5072						
238	238	948	948	2.0	0	0	Chord	4/4	6	1	1/2	1/2	1	5073						
238	238	950	950	2.0	1/2	1/2	Chord	4/4	6	1	1/2	1/2	1	5074						
238	238	948	948	0.0	0	0	FiguredBass	4/4	7	1	0					1/2	4			
238	238	948	948	2.0	0	0	Chord	4/4	7	1	1/2	1/2	1	5075						
238	238	950	950	0.0	1/2	1/2	FiguredBass	4/4	7	1	0					1/2	3			
238	238	950	950	2.0	1/2	1/2	Chord	4/4	7	1	1/2	1/2	1	5076	ornamentTremblement					
238	238	948	948	2.0	0	0	Chord	4/4	8	1	1/2	1/2	1	5077						
238	238	950	950	2.0	1/2	1/2	Chord	4/4	8	1	1/2	1/2	1	5078						
239	239	952	952	2.0	0	0	Chord	4/4	1	1	1/2	1/2	1	5079						
239	239	954	954	1.0	1/2	1/2	Chord	4/4	1	1	1/4	1/4	1	5080						
239	239	955	955	1.0	3/4	3/4	Chord	4/4	1	1	1/4	1/4	1	5081						
239	239	952	952	2.0	0	0	Chord	4/4	2	1	1/2	1/2	1	5082						
239	239	954	954	1.0	1/2	1/2	Chord	4/4	2	1	1/4	1/4	1	5083						
239	239	955	955	1.0	3/4	3/4	Chord	4/4	2	1	1/4	1/4	1	5084						
239	239	952	952	2.0	0	0	Chord	4/4	3	1	1/2	1/2	1	5085						
239	239	954	954	1.0	1/2	1/2	Chord	4/4	3	1	1/4	1/4	1	5086						
239	239	955	955	1.0	3/4	3/4	Chord	4/4	3	1	1/4	1/4	1	5087						
239	239	952	952	2.0	0	0	Chord	4/4	4	1	1/2	1/2	1	5088						
239	239	954	954	1.0	1/2	1/2	Chord	4/4	4	1	1/4	1/4	1	5089						
239	239	955	955	1.0	3/4	3/4	Chord	4/4	4	1	1/4	1/4	1	5090						
239	239	952	952	2.0	0	0	Chord	4/4	5	1	1/2	1/2	1	5091						
239	239	954	954	1.0	1/2	1/2	Chord	4/4	5	1	1/4	1/4	1	5092						
239	239	955	955	1.0	3/4	3/4	Chord	4/4	5	1	1/4	1/4	1	5093						
239	239	952	952	2.0	0	0	Chord	4/4	5	2	1/2	1/2	1	5094						
239	239	954	954	2.0	1/2	1/2	Chord	4/4	5	2	1/2	1/2	1	5095						
239	239	952	952	2.0	0	0	Chord	4/4	5	3	1/2	1/2	1	5096						
239	239	954	954	2.0	1/2	1/2	Chord	4/4	5	3	1/2	1/2	1	5097						
239	239	952	952	2.0	0	0	Chord	4/4	6	1	1/2	1/2	1	5098						
239	239	954	954	2.0	1/2	1/2	Chord	4/4	6	1	1/2	1/2	1	5099						
239	239	952	952	2.0	0	0	Chord	4/4	7	1	1/2	1/2	1	5100						
239	239	954	954	0.0	1/2	1/2	FiguredBass	4/4	7	1	0					1/4	6			
239	239	954	954	1.0	1/2	1/2	Chord	4/4	7	1	1/4	1/4	1	5101						
239	239	955	955	1.0	3/4	3/4	Chord	4/4	7	1	1/4	1/4	1	5102						
239	239	952	952	2.0	0	0	Chord	4/4	8	1	1/2	1/2	1	5103						
239	239	954	954	2.0	1/2	1/2	Chord	4/4	8	1	1/2	1/2	1	5104						
240	240	956	956	2.0	0	0	Chord	4/4	1	1	1/2	1/2	1	5105						
240	240	958	958	2.0	1/2	1/2	Chord	4/4	1	1	1/2	1/2	1	5106						
240	240	956	956	2.0	0	0	Chord	4/4	2	1	1/2	1/2	1	5107						
240	240	958	958	2.0	1/2	1/2	Chord	4/4	2	1	1/2	1/2	1	5108						
240	240	956	956	2.0	0	0	Chord	4/4	3	1	1/2	1/2	1	5109						
240	240	958	958	2.0	1/2	1/2	Chord	4/4	3	1	1/2	1/2	1	5110						
240	240	956	956	2.0	0	0	Chord	4/4	4	1	1/2	1/2	1	5111						
240	240	958	958	2.0	1/2	1/2	Chord	4/4	4	1	1/2	1/2	1	5112						
240	240	956	956	2.0	0	0	Chord	4/4	5	1	1/2	1/2	1	5113						
240	240	958	958	2.0	1/2	1/2	Chord	4/4	5	1	1/2	1/2	1	5114						
240	240	956	956	2.0	0	0	Chord	4/4	5	2	1/2	1/2	1	5115						
240	240	958	958	2.0	1/2	1/2	Chord	4/4	5	2	1/2	1/2	1	5116						
240	240	956	956	2.0	0	0	Chord	4/4	5	3	1/2	1/2	1	5117						
240	240	958	958	2.0	1/2	1/2	Chord	4/4	5	3	1/2	1/2	1	5118						
240	240	956	956	2.0	0	0	Chord	4/4	6	1	1/2	1/2	1	5119						
240	240	958	958	2.0	1/2	1/2	Chord	4/4	6	1	1/2	1/2	1	5120						
240	240	956	956	2.0	0	0	Chord	4/4	7	1	1/2	1/2	1	5121						
240	240	958	958	2.0	1/2	1/2	Chord	4/4	7	1	1/2	1/2	1	5122						
240	240	956	956	2.0	0	0	Chord	4/4	8	1	1/2	1/2	1	5123						
240	240	958	958	2.0	1/2	1/2	Chord	4/4	8	1	1/2	1/2	1	5124						
241	241	960	960	2.0	0	0	Chord	4/4	1	1	1/2	1/2	1	5125						
241	241	962	962	2.0	1/2	1/2	Chord	4/4	1	1	1/2	1/2	1	5126	ornamentTremblement					
241	241	960	960	2.0	0	0	Chord	4/4	2	1	1/2	1/2	1	5127						
241	241	962	962	2.0	1/2	1/2	Chord	4/4	2	1	1/2	1/2	1	5128						
241	241	960	960	2.0	0	0	Chord	4/4	3	1	1/2	1/2	1	5129						
241	241	962	962	2.0	1/2	1/2	Chord	4/4	3	1	1/2	1/2	1	5130	ornamentTremblement					
241	241	960	960	2.0	0	0	Chord	4/4	4	1	1/2	1/2	1	5131						
241	241	962	962	2.0	1/2	1/2	Chord	4/4	4	1	1/2	1/2	1	5132						
241	241	960	960	2.0	0	0	Chord	4/4	5	1	1/2	1/2	1	5133						
241	241	962	962	2.0	1/2	1/2	Chord	4/4	5	1	1/2	1/2	1	5134	ornamentTremblement					
241	241	960	960	4.0	0	0	Chord	4/4	5	2	1	1	1	5135						
241	241	960	960	2.0	0	0	Chord	4/4	5	3	1/2	1/2	1	5136						
241	241	962	962	2.0	1/2	1/2	Chord	4/4	5	3	1/2	1/2	1	5137						
241	241	960	960	2.0	0	0	Chord	4/4	6	1	1/2	1/2	1	5138						
241	241	962	962	2.0	1/2	1/2	Chord	4/4	6	1	1/2	1/2	1	5139						
241	241	960	960	0.0	0	0	FiguredBass	4/4	7	1	0					1/2	6	5	h	
241	241	960	960	2.0	0	0	Chord	4/4	7	1	1/2	1/2	1	5140						
241	241	962	962	0.0	1/2	1/2	FiguredBass	4/4	7	1	0					1/2	#			
241	241	962	962	2.0	1/2	1/2	Chord	4/4	7	1	1/2	1/2	1	5141	ornamentTremblement					
241	241	960	960	2.0	0	0	Chord	4/4	8	1	1/2	1/2	1	5142						
241	241	962	962	2.0	1/2	1/2	Chord	4/4	8	1	1/2	1/2	1	5143						
242	242	964	964	2.0	0	0	Chord	4/4	1	1	1/2	1/2	1	5144						
242	242	966	966	1.0	1/2	1/2	Chord	4/4	1	1	1/4	1/4	1	5145						
242	242	967	967	1.0	3/4	3/4	Chord	4/4	1	1	1/4	1/4	1	5146						
242	242	964	964	2.0	0	0	Chord	4/4	2	1	1/2	1/2	1	5147						
242	242	966	966	1.0	1/2	1/2	Chord	4/4	2	1	1/4	1/4	1	5148						
242	242	967	967	1.0	3/4	3/4	Chord	4/4	2	1	1/4	1/4	1	5149						
242	242	964	964	2.0	0	0	Chord	4/4	3	1	1/2	1/2	1	5150						
242	242	966	966	1.0	1/2	1/2	Chord	4/4	3	1	1/4	1/4	1	5151						
242	242	967	967	1.0	3/4	3/4	Chord	4/4	3	1	1/4	1/4	1	5152						
242	242	964	964	2.0	0	0	Chord	4/4	4	1	1/2	1/2	1	5153						
242	242	966	966	1.0	1/2	1/2	Chord	4/4	4	1	1/4	1/4	1	5154						
242	242	967	967	1.0	3/4	3/4	Chord	4/4	4	1	1/4	1/4	1	5155						
242	242	964	964	2.0	0	0	Chord	4/4	5	1	1/2	1/2	1	5156						
242	242	966	966	1.0	1/2	1/2	Chord	4/4	5	1	1/4	1/4	1	5157						
242	242	967	967	1.0	3/4	3/4	Chord	4/4	5	1	1/4	1/4	1	5158						
242	242	964	964	2.0	0	0	Chord	4/4	5	2	1/2	1/2	1	5159						
242	242	966	966	2.0	1/2	1/2	Chord	4/4	5	2	1/2	1/2	1	5160						
242	242	964	964	2.0	0	0	Chord	4/4	5	3	1/2	1/2	1	5161						
242	242	966	966	2.0	1/2	1/2	Chord	4/4	5	3	1/2	1/2	1	5162						
242	242	964	964	2.0	0	0	Chord	4/4	6	1	1/2	1/2	1	5163						
242	242	966	966	2.0	1/2	1/2	Chord	4/4	6	1	1/2	1/2	1	5164						
242	242	964	964	2.0	0	0	Chord	4/4	7	1	1/2	1/2	1	5165						
242	242	966	966	1.0	1/2	1/2	Chord	4/4	7	1	1/4	1/4	1	5166						
242	242	967	967	1.0	3/4	3/4	Chord	4/4	7	1	1/4	1/4	1	5167						
242	242	964	964	2.0	0	0	Chord	4/4	8	1	1/2	1/2	1	5168						
242	242	966	966	2.0	1/2	1/2	Chord	4/4	8	1	1/2	1/2	1	5169						
243	243	968	968	2.0	0	0	Chord	4/4	1	1	1/2	1/2	1	5170						
243	243	970	970	1.0	1/2	1/2	Chord	4/4	1	1	1/4	1/4	1	5171						
243	243	971	971	1.0	3/4	3/4	Chord	4/4	1	1	1/4	1/4	1	5172						
243	243	968	968	2.0	0	0	Chord	4/4	2	1	1/2	1/2	1	5173						
243	243	970	970	1.0	1/2	1/2	Chord	4/4	2	1	1/4	1/4	1	5174						
243	243	971	971	1.0	3/4	3/4	Chord	4/4	2	1	1/4	1/4	1	5175						
243	243	968	968	2.0	0	0	Chord	4/4	3	1	1/2	1/2	1	5176						
243	243	970	970	1.0	1/2	1/2	Chord	4/4	3	1	1/4	1/4	1	5177						
243	243	971	971	1.0	3/4	3/4	Chord	4/4	3	1	1/4	1/4	1	5178						
243	243	968	968	2.0	0	0	Chord	4/4	4	1	1/2	1/2	1	5179						
243	243	970	970	1.0	1/2	1/2	Chord	4/4	4	1	1/4	1/4	1	5180						
243	243	971	971	1.0	3/4	3/4	Chord	4/4	4	1	1/4	1/4	1	5181						
243	243	968	968	2.0	0	0	Chord	4/4	5	1	1/2	1/2	1	5182						
243	243	970	970	1.0	1/2	1/2	Chord	4/4	5	1	1/4	1/4	1	5183						
243	243	971	971	1.0	3/4	3/4	Chord	4/4	5	1	1/4	1/4	1	5184						
243	243	968	968	2.0	0	0	Chord	4/4	5	2	1/2	1/2	1	5185						
243	243	970	970	2.0	1/2	1/2	Chord	4/4	5	2	1/2	1/2	1	5186						
243	243	968	968	2.0	0	0	Chord	4/4	5	3	1/2	1/2	1	5187						
243	243	970	970	2.0	1/2	1/2	Chord	4/4	5	3	1/2	1/2	1	5188						
243	243	968	968	2.0	0	0	Chord	4/4	6	1	1/2	1/2	1	5189						
243	243	970	970	2.0	1/2	1/2	Chord	4/4	6	1	1/2	1/2	1	5190						
243	243	968	968	2.0	0	0	Chord	4/4	7	1	1/2	1/2	1	5191						
243	243	970	970	0.0	1/2	1/2	FiguredBass	4/4	7	1	0					1/4	5			
243	243	970	970	1.0	1/2	1/2	Chord	4/4	7	1	1/4	1/4	1	5192						
243	243	971	971	1.0	3/4	3/4	Chord	4/4	7	1	1/4	1/4	1	5193						
243	243	968	968	2.0	0	0	Chord	4/4	8	1	1/2	1/2	1	5194						
243	243	970	970	2.0	1/2	1/2	Chord	4/4	8	1	1/2	1/2	1	5195						
244	244	972	972	2.0	0	0	Chord	4/4	1	1	1/2	1/2	1	5196						
244	244	974	974	1.0	1/2	1/2	Chord	4/4	1	1	1/4	1/4	1	5197						
244	244	975	975	1.0	3/4	3/4	Chord	4/4	1	1	1/4	1/4	1	5198						
244	244	972	972	2.0	0	0	Chord	4/4	2	1	1/2	1/2	1	5199						
244	244	974	974	1.0	1/2	1/2	Chord	4/4	2	1	1/4	1/4	1	5200						
244	244	975	975	1.0	3/4	3/4	Chord	4/4	2	1	1/4	1/4	1	5201						
244	244	972	972	2.0	0	0	Chord	4/4	3	1	1/2	1/2	1	5202						
244	244	974	974	1.0	1/2	1/2	Chord	4/4	3	1	1/4	1/4	1	5203						
244	244	975	975	1.0	3/4	3/4	Chord	4/4	3	1	1/4	1/4	1	5204						
244	244	972	972	2.0	0	0	Chord	4/4	4	1	1/2	1/2	1	5205						
244	244	974	974	1.0	1/2	1/2	Chord	4/4	4	1	1/4	1/4	1	5206						
244	244	975	975	1.0	3/4	3/4	Chord	4/4	4	1	1/4	1/4	1	5207						
244	244	972	972	2.0	0	0	Chord	4/4	5	1	1/2	1/2	1	5208						
244	244	974	974	1.0	1/2	1/2	Chord	4/4	5	1	1/4	1/4	1	5209						
244	244	975	975	1.0	3/4	3/4	Chord	4/4	5	1	1/4	1/4	1	5210						
244	244	972	972	2.0	0	0	Chord	4/4	5	2	1/2	1/2	1	5211						
244	244	974	974	2.0	1/2	1/2	Chord	4/4	5	2	1/2	1/2	1	5212						
244	244	972	972	2.0	0	0	Chord	4/4	5	3	1/2	1/2	1	5213						
244	244	974	974	2.0	1/2	1/2	Chord	4/4	5	3	1/2	1/2	1	5214						
244	244	972	972	2.0	0	0	Chord	4/4	6	1	1/2	1/2	1	5215						
244	244	974	974	2.0	1/2	1/2	Chord	4/4	6	1	1/2	1/2	1	5216						
244	244	972	972	2.0	0	0	Chord	4/4	7	1	1/2	1/2	1	5217						
244	244	974	974	0.0	1/2	1/2	FiguredBass	4/4	7	1	0					1/4	6			
244	244	974	974	1.0	1/2	1/2	Chord	4/4	7	1	1/4	1/4	1	5218						
244	244	975	975	1.0	3/4	3/4	Chord	4/4	7	1	1/4	1/4	1	5219						
244	244	972	972	2.0	0	0	Chord	4/4	8	1	1/2	1/2	1	5220						
244	244	974	974	2.0	1/2	1/2	Chord	4/4	8	1	1/2	1/2	1	5221						
245	245	976	976	2.0	0	0	Chord	4/4	1	1	1/2	1/2	1	5222						
245	245	978	978	2.0	1/2	1/2	Chord	4/4	1	1	1/2	1/2	1	5223						
245	245	976	976	2.0	0	0	Chord	4/4	2	1	1/2	1/2	1	5224						
245	245	978	978	2.0	1/2	1/2	Chord	4/4	2	1	1/2	1/2	1	5225						
245	245	976	976	2.0	0	0	Chord	4/4	3	1	1/2	1/2	1	5226						
245	245	978	978	2.0	1/2	1/2	Chord	4/4	3	1	1/2	1/2	1	5227						
245	245	976	976	2.0	0	0	Chord	4/4	4	1	1/2	1/2	1	5228						
245	245	978	978	2.0	1/2	1/2	Chord	4/4	4	1	1/2	1/2	1	5229						
245	245	976	976	2.0	0	0	Chord	4/4	5	1	1/2	1/2	1	5230						
245	245	978	978	2.0	1/2	1/2	Chord	4/4	5	1	1/2	1/2	1	5231						
245	245	976	976	2.0	0	0	Chord	4/4	5	2	1/2	1/2	1	5232						
245	245	978	978	2.0	1/2	1/2	Chord	4/4	5	2	1/2	1/2	1	5233						
245	245	976	976	2.0	0	0	Chord	4/4	5	3	1/2	1/2	1	5234						
245	245	978	978	2.0	1/2	1/2	Chord	4/4	5	3	1/2	1/2	1	5235						
245	245	976	976	2.0	0	0	Chord	4/4	6	1	1/2	1/2	1	5236						
245	245	978	978	2.0	1/2	1/2	Chord	4/4	6	1	1/2	1/2	1	5237						
245	245	976	976	0.0	0	0	FiguredBass	4/4	7	1	0					1/2	6	5		
245	245	976	976	2.0	0	0	Chord	4/4	7	1	1/2	1/2	1	5238						
245	245	978	978	2.0	1/2	1/2	Chord	4/4	7	1	1/2	1/2	1	5239						
245	245	976	976	2.0	0	0	Chord	4/4	8	1	1/2	1/2	1	5240						
245	245	978	978	2.0	1/2	1/2	Chord	4/4	8	1	1/2	1/2	1	5241						
246	246	980	980	1.0	0	0	Chord	4/4	1	1	1/4	1/4	1	5242						
246	246	981	981	1.0	1/4	1/4	Chord	4/4	1	1	1/4	1/4	1	5243						
246	246	982	982	1.0	1/2	1/2	Chord	4/4	1	1	1/4	1/4	1	5244						
246	246	983	983	1.0	3/4	3/4	Chord	4/4	1	1	1/4	1/4	1	5245						
246	246	980	980	1.0	0	0	Chord	4/4	2	1	1/4	1/4	1	5246						
246	246	981	981	1.0	1/4	1/4	Chord	4/4	2	1	1/4	1/4	1	5247						
246	246	982	982	1.0	1/2	1/2	Chord	4/4	2	1	1/4	1/4	1	5248						
246	246	983	983	1.0	3/4	3/4	Chord	4/4	2	1	1/4	1/4	1	5249						
246	246	980	980	1.0	0	0	Chord	4/4	3	1	1/4	1/4	1	5250						
246	246	981	981	1.0	1/4	1/4	Chord	4/4	3	1	1/4	1/4	1	5251						
246	246	982	982	1.0	1/2	1/2	Chord	4/4	3	1	1/4	1/4	1	5252						
246	246	983	983	1.0	3/4	3/4	Chord	4/4	3	1	1/4	1/4	1	5253						
246	246	980	980	1.0	0	0	Chord	4/4	4	1	1/4	1/4	1	5254						
246	246	981	981	1.0	1/4	1/4	Chord	4/4	4	1	1/4	1/4	1	5255						
246	246	982	982	1.0	1/2	1/2	Chord	4/4	4	1	1/4	1/4	1	5256						
246	246	983	983	1.0	3/4	3/4	Chord	4/4	4	1	1/4	1/4	1	5257						
246	246	980	980	1.0	0	0	Chord	4/4	5	1	1/4	1/4	1	5258						
246	246	981	981	1.0	1/4	1/4	Chord	4/4	5	1	1/4	1/4	1	5259						
246	246	982	982	1.0	1/2	1/2	Chord	4/4	5	1	1/4	1/4	1	5260						
246	246	983	983	1.0	3/4	3/4	Chord	4/4	5	1	1/4	1/4	1	5261						
246	246	980	980	2.0	0	0	Chord	4/4	5	2	1/2	1/2	1	5262						
246	246	982	982	2.0	1/2	1/2	Chord	4/4	5	2	1/2	1/2	1	5263						
246	246	980	980	2.0	0	0	Chord	4/4	5	3	1/2	1/2	1	5264						
246	246	982	982	2.0	1/2	1/2	Chord	4/4	5	3	1/2	1/2	1	5265						
246	246	980	980	2.0	0	0	Chord	4/4	6	1	1/2	1/2	1	5266						
246	246	982	982	2.0	1/2	1/2	Chord	4/4	6	1	1/2	1/2	1	5267						
246	246	980	980	1.0	0	0	Chord	4/4	7	1	1/4	1/4	1	5268						
246	246	981	981	1.0	1/4	1/4	Chord	4/4	7	1	1/4	1/4	1	5269						
246	246	982	982	1.0	1/2	1/2	Chord	4/4	7	1	1/4	1/4	1	5270						
246	246	983	983	1.0	3/4	3/4	Chord	4/4	7	1	1/4	1/4	1	5271						
246	246	980	980	2.0	0	0	Chord	4/4	8	1	1/2	1/2	1	5272						
246	246	982	982	2.0	1/2	1/2	Chord	4/4	8	1	1/2	1/2	1	5273						
247	247	984	984	2.0	0	0	Chord	4/4	1	1	1/2	1/2	1	5274						
247	247	986	986	2.0	1/2	1/2	Chord	4/4	1	1	1/2	1/2	1	5275						
247	247	984	984	1.0	0	0	Chord	4/4	2	1	1/4	1/4	1	5276						44
247	247	985	985	1.0	1/4	1/4	Chord	4/4	2	1	1/4	1/4	1	5277						
247	247	986	986	2.0	1/2	1/2	Chord	4/4	2	1	1/2	1/2	1	5278						
247	247	984	984	2.0	0	0	Chord	4/4	3	1	1/2	1/2	1	5279						
247	247	986	986	2.0	1/2	1/2	Chord	4/4	3	1	1/2	1/2	1	5280						
247	247	984	984	2.0	0	0	Chord	4/4	4	1	1/2	1/2	1	5281						
247	247	986	986	2.0	1/2	1/2	Chord	4/4	4	1	1/2	1/2	1	5282						
247	247	984	984	2.0	0	0	Chord	4/4	5	1	1/2	1/2	1	5283						
247	247	986	986	2.0	1/2	1/2	Chord	4/4	5	1	1/2	1/2	1	5284						
247	247	984	984	2.0	0	0	Chord	4/4	5	2	1/2	1/2	1	5285						
247	247	986	986	2.0	1/2	1/2	Chord	4/4	5	2	1/2	1/2	1	5286						
247	247	984	984	1.0	0	0	Chord	4/4	5	3	1/4	1/4	1	5287						
247	247	985	985	1.0	1/4	1/4	Chord	4/4	5	3	1/4	1/4	1	5288						
247	247	986	986	2.0	1/2	1/2	Chord	4/4	5	3	1/2	1/2	1	5289						
247	247	984	984	2.0	0	0	Chord	4/4	6	1	1/2	1/2	1	5290						
247	247	986	986	2.0	1/2	1/2	Chord	4/4	6	1	1/2	1/2	1	5291						
247	247	984	984	0.0	0	0	FiguredBass	4/4	7	1	0					1/2	4			
247	247	984	984	2.0	0	0	Chord	4/4	7	1	1/2	1/2	1	5292						
247	247	986	986	0.0	1/2	1/2	FiguredBass	4/4	7	1	0					1/2	3			
247	247	986	986	2.0	1/2	1/2	Chord	4/4	7	1	1/2	1/2	1	5293						
247	247	984	984	2.0	0	0	Chord	4/4	8	1	1/2	1/2	1	5294						
247	247	986	986	2.0	1/2	1/2	Chord	4/4	8	1	1/2	1/2	1	5295						
248	248	988	988	2.0	0	0	Chord	4/4	1	1	1/2	1/2	1	5296						
248	248	990	990	1.0	1/2	1/2	Chord	4/4	1	1	1/4	1/4	1	5297						
248	248	991	991	1.0	3/4	3/4	Chord	4/4	1	1	1/4	1/4	1	5298						
248	248	988	988	2.0	0	0	Chord	4/4	2	1	1/2	1/2	1	5299						
248	248	990	990	1.0	1/2	1/2	Chord	4/4	2	1	1/4	1/4	1	5300						
248	248	991	991	1.0	3/4	3/4	Chord	4/4	2	1	1/4	1/4	1	5301						
248	248	988	988	2.0	0	0	Chord	4/4	3	1	1/2	1/2	1	5302						
248	248	990	990	1.0	1/2	1/2	Chord	4/4	3	1	1/4	1/4	1	5303						
248	248	991	991	1.0	3/4	3/4	Chord	4/4	3	1	1/4	1/4	1	5304						
248	248	988	988	2.0	0	0	Chord	4/4	4	1	1/2	1/2	1	5305						
248	248	990	990	1.0	1/2	1/2	Chord	4/4	4	1	1/4	1/4	1	5306						
248	248	991	991	1.0	3/4	3/4	Chord	4/4	4	1	1/4	1/4	1	5307						
248	248	988	988	2.0	0	0	Chord	4/4	5	1	1/2	1/2	1	5308						
248	248	990	990	1.0	1/2	1/2	Chord	4/4	5	1	1/4	1/4	1	5309						
248	248	991	991	1.0	3/4	3/4	Chord	4/4	5	1	1/4	1/4	1	5310						
248	248	988	988	2.0	0	0	Chord	4/4	5	2	1/2	1/2	1	5311						
248	248	990	990	2.0	1/2	1/2	Chord	4/4	5	2	1/2	1/2	1	5312						
248	248	988	988	2.0	0	0	Chord	4/4	5	3	1/2	1/2	1	5313						
248	248	990	990	2.0	1/2	1/2	Chord	4/4	5	3	1/2	1/2	1	5314						
248	248	988	988	2.0	0	0	Chord	4/4	6	1	1/2	1/2	1	5315						
248	248	990	990	2.0	1/2	1/2	Chord	4/4	6	1	1/2	1/2	1	5316						
248	248	988	988	0.0	0	0	FiguredBass	4/4	7	1	0					1/2	6			
248	248	988	988	2.0	0	0	Chord	4/4	7	1	1/2	1/2	1	5317						
248	248	990	990	0.0	1/2	1/2	FiguredBass	4/4	7	1	0					1/4	6	4		
248	248	990	990	1.0	1/2	1/2	Chord	4/4	7	1	1/4	1/4	1	5318						
248	248	991	991	1.0	3/4	3/4	Chord	4/4	7	1	1/4	1/4	1	5319						
248	248	988	988	2.0	0	0	Chord	4/4	8	1	1/2	1/2	1	5320						
248	248	990	990	2.0	1/2	1/2	Chord	4/4	8	1	1/2	1/2	1	5321						
249	249	992	992	1.0	0	0	Chord	4/4	1	1	1/4	1/4	1	5322						
249	249	993	993	1.0	1/4	1/4	Chord	4/4	1	1	1/4	1/4	1	5323						
249	249	994	994	1.0	1/2	1/2	Chord	4/4	1	1	1/4	1/4	1	5324						
249	249	995	995	1.0	3/4	3/4	Chord	4/4	1	1	1/4	1/4	1	5325						
249	249	992	992	1.0	0	0	Chord	4/4	2	1	1/4	1/4	1	5326						
249	249	993	993	1.0	1/4	1/4	Chord	4/4	2	1	1/4	1/4	1	5327						
249	249	994	994	1.0	1/2	1/2	Chord	4/4	2	1	1/4	1/4	1	5328						
249	249	995	995	1.0	3/4	3/4	Chord	4/4	2	1	1/4	1/4	1	5329						
249	249	992	992	1.0	0	0	Chord	4/4	3	1	1/4	1/4	1	5330						
249	249	993	993	1.0	1/4	1/4	Chord	4/4	3	1	1/4	1/4	1	5331						
249	249	994	994	1.0	1/2	1/2	Chord	4/4	3	1	1/4	1/4	1	5332						
249	249	995	995	1.0	3/4	3/4	Chord	4/4	3	1	1/4	1/4	1	5333						
249	249	992	992	1.0	0	0	Chord	4/4	4	1	1/4	1/4	1	5334						
249	249	993	993	1.0	1/4	1/4	Chord	4/4	4	1	1/4	1/4	1	5335						
249	249	994	994	1.0	1/2	1/2	Chord	4/4	4	1	1/4	1/4	1	5336						
249	249	995	995	1.0	3/4	3/4	Chord	4/4	4	1	1/4	1/4	1	5337						
249	249	992	992	1.0	0	0	Chord	4/4	5	1	1/4	1/4	1	5338						
249	249	993	993	1.0	1/4	1/4	Chord	4/4	5	1	1/4	1/4	1	5339						
249	249	994	994	1.0	1/2	1/2	Chord	4/4	5	1	1/4	1/4	1	5340						
249	249	995	995	1.0	3/4	3/4	Chord	4/4	5	1	1/4	1/4	1	5341						
249	249	992	992	2.0	0	0	Chord	4/4	5	2	1/2	1/2	1	5342						
249	249	994	994	2.0	1/2	1/2	Chord	4/4	5	2	1/2	1/2	1	5343						
249	249	992	992	2.0	0	0	Chord	4/4	5	3	1/2	1/2	1	5344						
249	249	994	994	2.0	1/2	1/2	Chord	4/4	5	3	1/2	1/2	1	5345						
249	249	992	992	2.0	0	0	Chord	4/4	6	1	1/2	1/2	1	5346						
249	249	994	994	2.0	1/2	1/2	Chord	4/4	6	1	1/2	1/2	1	5347						
249	249	992	992	1.0	0	0	Chord	4/4	7	1	1/4	1/4	1	5348						
249	249	993	993	1.0	1/4	1/4	Chord	4/4	7	1	1/4	1/4	1	5349						
249	249	994	994	1.0	1/2	1/2	Chord	4/4	7	1	1/4	1/4	1	5350						
249	249	995	995	1.0	3/4	3/4	Chord	4/4	7	1	1/4	1/4	1	5351						
249	249	992	992	2.0	0	0	Chord	4/4	8	1	1/2	1/2	1	5352						
249	249	994	994	2.0	1/2	1/2	Chord	4/4	8	1	1/2	1/2	1	5353						
250	250	996	996	4.0	0	0	Chord	4/4	1	1	1	1	1	5354	ornamentTremblement					
250	250	996	996	2.0	0	0	Chord	4/4	2	1	1/2	1/2	1	5355						45
250	250	998	998	2.0	1/2	1/2	Chord	4/4	2	1	1/2	1/2	1	5356	ornamentTremblement					
250	250	996	996	2.0	0	0	Chord	4/4	3	1	1/2	1/2	1	5357						46
250	250	998	998	1.0	1/2	1/2	Chord	4/4	3	1	1/4	1/4	1	5358						46
250	250	999	999	1.0	3/4	3/4	Chord	4/4	3	1	1/4	1/4	1	5359						
250	250	996	996	2.0	0	0	Chord	4/4	4	1	1/2	1/2	1	5360						47
250	250	998	998	2.0	1/2	1/2	Chord	4/4	4	1	1/2	1/2	1	5361						
250	250	996	996	4.0	0	0	Chord	4/4	5	1	1	1	1	5362						
250	250	996	996	2.0	0	0	Chord	4/4	5	2	1/2	1/2	1	5363						
250	250	998	998	1.0	1/2	1/2	Chord	4/4	5	2	1/4	1/4	1	5364						
250	250	999	999	1.0	3/4	3/4	Chord	4/4	5	2	1/4	1/4	1	5365						
250	250	996	996	2.0	0	0	Chord	4/4	5	3	1/2	1/2	1	5366						
250	250	998	998	2.0	1/2	1/2	Chord	4/4	5	3	1/2	1/2	1	5367						
250	250	996	996	2.0	0	0	Chord	4/4	6	1	1/2	1/2	1	5368						
250	250	998	998	2.0	1/2	1/2	Chord	4/4	6	1	1/2	1/2	1	5369						
250	250	996	996	0.0	0	0	FiguredBass	4/4	7	1	0					1	6	5		
250	250	996	996	4.0	0	0	Chord	4/4	7	1	1	1	1	5370	ornamentTremblement					
250	250	996	996	2.0	0	0	Chord	4/4	8	1	1/2	1/2	1	5371						
250	250	998	998	2.0	1/2	1/2	Chord	4/4	8	1	1/2	1/2	1	5372						
251	251	1000	1000	2.0	0	0	Chord	4/4	1	1	1/2	1/2	1	5373						
251	251	1002	1002	1.0	1/2	1/2	Chord	4/4	1	1	1/4	1/4	1	5374						
251	251	1003	1003	1.0	3/4	3/4	Chord	4/4	1	1	1/4	1/4	1	5375						
251	251	1000	1000	2.0	0	0	Chord	4/4	2	1	1/2	1/2	1	5376						
251	251	1002	1002	1.0	1/2	1/2	Chord	4/4	2	1	1/4	1/4	1	5377						
251	251	1003	1003	1.0	3/4	3/4	Chord	4/4	2	1	1/4	1/4	1	5378						
251	251	1000	1000	2.0	0	0	Chord	4/4	3	1	1/2	1/2	1	5379						
251	251	1002	1002	1.0	1/2	1/2	Chord	4/4	3	1	1/4	1/4	1	5380						
251	251	1003	1003	1.0	3/4	3/4	Chord	4/4	3	1	1/4	1/4	1	5381						
251	251	1000	1000	2.0	0	0	Chord	4/4	4	1	1/2	1/2	1	5382						
251	251	1002	1002	1.0	1/2	1/2	Chord	4/4	4	1	1/4	1/4	1	5383						
251	251	1003	1003	1.0	3/4	3/4	Chord	4/4	4	1	1/4	1/4	1	5384						
251	251	1000	1000	2.0	0	0	Chord	4/4	5	1	1/2	1/2	1	5385						
251	251	1002	1002	1.0	1/2	1/2	Chord	4/4	5	1	1/4	1/4	1	5386						
251	251	1003	1003	1.0	3/4	3/4	Chord	4/4	5	1	1/4	1/4	1	5387						
251	251	1000	1000	2.0	0	0	Chord	4/4	5	2	1/2	1/2	1	5388						
251	251	1002	1002	2.0	1/2	1/2	Chord	4/4	5	2	1/2	1/2	1	5389						
251	251	1000	1000	2.0	0	0	Chord	4/4	5	3	1/2	1/2	1	5390						
251	251	1002	1002	2.0	1/2	1/2	Chord	4/4	5	3	1/2	1/2	1	5391						
251	251	1000	1000	2.0	0	0	Chord	4/4	6	1	1/2	1/2	1	5392						
251	251	1002	1002	2.0	1/2	1/2	Chord	4/4	6	1	1/2	1/2	1	5393						
251	251	1000	1000	2.0	0	0	Chord	4/4	7	1	1/2	1/2	1	5394						
251	251	1002	1002	1.0	1/2	1/2	Chord	4/4	7	1	1/4	1/4	1	5395						
251	251	1003	1003	1.0	3/4	3/4	Chord	4/4	7	1	1/4	1/4	1	5396						
251	251	1000	1000	2.0	0	0	Chord	4/4	8	1	1/2	1/2	1	5397						
251	251	1002	1002	2.0	1/2	1/2	Chord	4/4	8	1	1/2	1/2	1	5398						
252	252	1004	1004	2.0	0	0	Chord	4/4	1	1	1/2	1/2	1	5399						
252	252	1006	1006	2.0	1/2	1/2	Chord	4/4	1	1	1/2	1/2	1	5400						
252	252	1004	1004	2.0	0	0	Chord	4/4	2	1	1/2	1/2	1	5401						
252	252	1006	1006	2.0	1/2	1/2	Chord	4/4	2	1	1/2	1/2	1	5402						
252	252	1004	1004	2.0	0	0	Chord	4/4	3	1	1/2	1/2	1	5403						
252	252	1006	1006	2.0	1/2	1/2	Chord	4/4	3	1	1/2	1/2	1	5404						
252	252	1004	1004	2.0	0	0	Chord	4/4	4	1	1/2	1/2	1	5405						
252	252	1006	1006	2.0	1/2	1/2	Chord	4/4	4	1	1/2	1/2	1	5406						
252	252	1004	1004	2.0	0	0	Chord	4/4	5	1	1/2	1/2	1	5407						
252	252	1006	1006	2.0	1/2	1/2	Chord	4/4	5	1	1/2	1/2	1	5408						
252	252	1004	1004	2.0	0	0	Chord	4/4	5	2	1/2	1/2	1	5409						
252	252	1006	1006	2.0	1/2	1/2	Chord	4/4	5	2	1/2	1/2	1	5410						
252	252	1004	1004	2.0	0	0	Chord	4/4	5	3	1/2	1/2	1	5411						
252	252	1006	1006	2.0	1/2	1/2	Chord	4/4	5	3	1/2	1/2	1	5412						
252	252	1004	1004	2.0	0	0	Chord	4/4	6	1	1/2	1/2	1	5413						
252	252	1006	1006	2.0	1/2	1/2	Chord	4/4	6	1	1/2	1/2	1	5414						
252	252	1004	1004	0.0	0	0	FiguredBass	4/4	7	1	0					1/2	6			
252	252	1004	1004	2.0	0	0	Chord	4/4	7	1	1/2	1/2	1	5415						
252	252	1006	1006	0.0	1/2	1/2	FiguredBass	4/4	7	1	0					1/2	6			
252	252	1006	1006	2.0	1/2	1/2	Chord	4/4	7	1	1/2	1/2	1	5416						
252	252	1004	1004	2.0	0	0	Chord	4/4	8	1	1/2	1/2	1	5417						
252	252	1006	1006	2.0	1/2	1/2	Chord	4/4	8	1	1/2	1/2	1	5418						
253	253	1008	1008	2.0	0	0	Chord	4/4	1	1	1/2	1/2	1	5419						
253	253	1010	1010	2.0	1/2	1/2	Chord	4/4	1	1	1/2	1/2	1	5420	ornamentTremblement					
253	253	1008	1008	2.0	0	0	Chord	4/4	2	1	1/2	1/2	1	5421						
253	253	1010	1010	2.0	1/2	1/2	Chord	4/4	2	1	1/2	1/2	1	5422						
253	253	1008	1008	2.0	0	0	Chord	4/4	3	1	1/2	1/2	1	5423						
253	253	1010	1010	2.0	1/2	1/2	Chord	4/4	3	1	1/2	1/2	1	5424	ornamentTremblement					
253	253	1008	1008	2.0	0	0	Chord	4/4	4	1	1/2	1/2	1	5425						
253	253	1010	1010	2.0	1/2	1/2	Chord	4/4	4	1	1/2	1/2	1	5426						
253	253	1008	1008	2.0	0	0	Chord	4/4	5	1	1/2	1/2	1	5427						
253	253	1010	1010	2.0	1/2	1/2	Chord	4/4	5	1	1/2	1/2	1	5428	ornamentTremblement					
253	253	1008	1008	4.0	0	0	Chord	4/4	5	2	1	1	1	5429						
253	253	1008	1008	2.0	0	0	Chord	4/4	5	3	1/2	1/2	1	5430						
253	253	1010	1010	2.0	1/2	1/2	Chord	4/4	5	3	1/2	1/2	1	5431						
253	253	1008	1008	2.0	0	0	Chord	4/4	6	1	1/2	1/2	1	5432						
253	253	1010	1010	2.0	1/2	1/2	Chord	4/4	6	1	1/2	1/2	1	5433						
253	253	1008	1008	0.0	0	0	FiguredBass	4/4	7	1	0					1/2	6	5	h	
253	253	1008	1008	2.0	0	0	Chord	4/4	7	1	1/2	1/2	1	5434						
253	253	1010	1010	0.0	1/2	1/2	FiguredBass	4/4	7	1	0					1/2	#			
253	253	1010	1010	2.0	1/2	1/2	Chord	4/4	7	1	1/2	1/2	1	5435	ornamentTremblement					
253	253	1008	1008	2.0	0	0	Chord	4/4	8	1	1/2	1/2	1	5436						
253	253	1010	1010	2.0	1/2	1/2	Chord	4/4	8	1	1/2	1/2	1	5437						
254	254	1012	1012	2.0	0	0	Chord	4/4	1	1	1/2	1/2	1	5438						
254	254	1014	1014	1.0	1/2	1/2	Chord	4/4	1	1	1/4	1/4	1	5439						
254	254	1015	1015	1.0	3/4	3/4	Chord	4/4	1	1	1/4	1/4	1	5440						
254	254	1012	1012	2.0	0	0	Chord	4/4	2	1	1/2	1/2	1	5441						
254	254	1014	1014	1.0	1/2	1/2	Chord	4/4	2	1	1/4	1/4	1	5442						
254	254	1015	1015	1.0	3/4	3/4	Chord	4/4	2	1	1/4	1/4	1	5443						
254	254	1012	1012	2.0	0	0	Chord	4/4	3	1	1/2	1/2	1	5444						
254	254	1014	1014	1.0	1/2	1/2	Chord	4/4	3	1	1/4	1/4	1	5445						
254	254	1015	1015	1.0	3/4	3/4	Chord	4/4	3	1	1/4	1/4	1	5446						
254	254	1012	1012	2.0	0	0	Chord	4/4	4	1	1/2	1/2	1	5447						
254	254	1014	1014	1.0	1/2	1/2	Chord	4/4	4	1	1/4	1/4	1	5448						
254	254	1015	1015	1.0	3/4	3/4	Chord	4/4	4	1	1/4	1/4	1	5449						
254	254	1012	1012	2.0	0	0	Chord	4/4	5	1	1/2	1/2	1	5450						
254	254	1014	1014	1.0	1/2	1/2	Chord	4/4	5	1	1/4	1/4	1	5451						
254	254	1015	1015	1.0	3/4	3/4	Chord	4/4	5	1	1/4	1/4	1	5452						
254	254	1012	1012	2.0	0	0	Chord	4/4	5	2	1/2	1/2	1	5453						
254	254	1014	1014	2.0	1/2	1/2	Chord	4/4	5	2	1/2	1/2	1	5454						
254	254	1012	1012	2.0	0	0	Chord	4/4	5	3	1/2	1/2	1	5455						
254	254	1014	1014	2.0	1/2	1/2	Chord	4/4	5	3	1/2	1/2	1	5456						
254	254	1012	1012	2.0	0	0	Chord	4/4	6	1	1/2	1/2	1	5457						
254	254	1014	1014	2.0	1/2	1/2	Chord	4/4	6	1	1/2	1/2	1	5458						
254	254	1012	1012	2.0	0	0	Chord	4/4	7	1	1/2	1/2	1	5459						
254	254	1014	1014	1.0	1/2	1/2	Chord	4/4	7	1	1/4	1/4	1	5460						
254	254	1015	1015	1.0	3/4	3/4	Chord	4/4	7	1	1/4	1/4	1	5461						
254	254	1012	1012	2.0	0	0	Chord	4/4	8	1	1/2	1/2	1	5462						
254	254	1014	1014	2.0	1/2	1/2	Chord	4/4	8	1	1/2	1/2	1	5463						
255	255	1016	1016	2.0	0	0	Chord	4/4	1	1	1/2	1/2	1	5464						
255	255	1018	1018	2.0	1/2	1/2	Chord	4/4	1	1	1/2	1/2	1	5465						
255	255	1016	1016	2.0	0	0	Chord	4/4	2	1	1/2	1/2	1	5466						
255	255	1018	1018	2.0	1/2	1/2	Chord	4/4	2	1	1/2	1/2	1	5467						
255	255	1016	1016	2.0	0	0	Chord	4/4	3	1	1/2	1/2	1	5468						
255	255	1018	1018	2.0	1/2	1/2	Chord	4/4	3	1	1/2	1/2	1	5469						
255	255	1016	1016	2.0	0	0	Chord	4/4	4	1	1/2	1/2	1	5470						
255	255	1018	1018	2.0	1/2	1/2	Chord	4/4	4	1	1/2	1/2	1	5471						
255	255	1016	1016	2.0	0	0	Chord	4/4	5	1	1/2	1/2	1	5472						
255	255	1018	1018	2.0	1/2	1/2	Chord	4/4	5	1	1/2	1/2	1	5473						
255	255	1016	1016	2.0	0	0	Chord	4/4	5	2	1/2	1/2	1	5474						
255	255	1018	1018	2.0	1/2	1/2	Chord	4/4	5	2	1/2	1/2	1	5475						
255	255	1016	1016	2.0	0	0	Chord	4/4	5	3	1/2	1/2	1	5476						
255	255	1018	1018	2.0	1/2	1/2	Chord	4/4	5	3	1/2	1/2	1	5477						
255	255	1016	1016	2.0	0	0	Chord	4/4	6	1	1/2	1/2	1	5478						
255	255	1018	1018	2.0	1/2	1/2	Chord	4/4	6	1	1/2	1/2	1	5479						
255	255	1016	1016	0.0	0	0	FiguredBass	4/4	7	1	0					1/2	6			
255	255	1016	1016	2.0	0	0	Chord	4/4	7	1	1/2	1/2	1	5480						
255	255	1018	1018	2.0	1/2	1/2	Chord	4/4	7	1	1/2	1/2	1	5481						
255	255	1016	1016	2.0	0	0	Chord	4/4	8	1	1/2	1/2	1	5482						
255	255	1018	1018	2.0	1/2	1/2	Chord	4/4	8	1	1/2	1/2	1	5483						
256	256	1020	1020	2.0	0	0	Chord	4/4	1	1	1/2	1/2	1	5484						
256	256	1022	1022	1.0	1/2	1/2	Chord	4/4	1	1	1/4	1/4	1	5485						
256	256	1023	1023	1.0	3/4	3/4	Chord	4/4	1	1	1/4	1/4	1	5486						
256	256	1020	1020	2.0	0	0	Chord	4/4	2	1	1/2	1/2	1	5487						
256	256	1022	1022	1.0	1/2	1/2	Chord	4/4	2	1	1/4	1/4	1	5488						
256	256	1023	1023	1.0	3/4	3/4	Chord	4/4	2	1	1/4	1/4	1	5489						
256	256	1020	1020	2.0	0	0	Chord	4/4	3	1	1/2	1/2	1	5490						
256	256	1022	1022	1.0	1/2	1/2	Chord	4/4	3	1	1/4	1/4	1	5491						
256	256	1023	1023	1.0	3/4	3/4	Chord	4/4	3	1	1/4	1/4	1	5492						
256	256	1020	1020	2.0	0	0	Chord	4/4	4	1	1/2	1/2	1	5493						
256	256	1022	1022	1.0	1/2	1/2	Chord	4/4	4	1	1/4	1/4	1	5494						
256	256	1023	1023	1.0	3/4	3/4	Chord	4/4	4	1	1/4	1/4	1	5495						
256	256	1020	1020	2.0	0	0	Chord	4/4	5	1	1/2	1/2	1	5496						
256	256	1022	1022	1.0	1/2	1/2	Chord	4/4	5	1	1/4	1/4	1	5497						
256	256	1023	1023	1.0	3/4	3/4	Chord	4/4	5	1	1/4	1/4	1	5498						
256	256	1020	1020	2.0	0	0	Chord	4/4	5	2	1/2	1/2	1	5499						
256	256	1022	1022	2.0	1/2	1/2	Chord	4/4	5	2	1/2	1/2	1	5500						
256	256	1020	1020	2.0	0	0	Chord	4/4	5	3	1/2	1/2	1	5501						
256	256	1022	1022	2.0	1/2	1/2	Chord	4/4	5	3	1/2	1/2	1	5502						
256	256	1020	1020	2.0	0	0	Chord	4/4	6	1	1/2	1/2	1	5503						
256	256	1022	1022	2.0	1/2	1/2	Chord	4/4	6	1	1/2	1/2	1	5504						
256	256	1020	1020	0.0	0	0	FiguredBass	4/4	7	1	0					1/2	4			
256	256	1020	1020	2.0	0	0	Chord	4/4	7	1	1/2	1/2	1	5505						
256	256	1022	1022	0.0	1/2	1/2	FiguredBass	4/4	7	1	0					1/4	3			
256	256	1022	1022	1.0	1/2	1/2	Chord	4/4	7	1	1/4	1/4	1	5506						
256	256	1023	1023	1.0	3/4	3/4	Chord	4/4	7	1	1/4	1/4	1	5507						
256	256	1020	1020	2.0	0	0	Chord	4/4	8	1	1/2	1/2	1	5508						
256	256	1022	1022	2.0	1/2	1/2	Chord	4/4	8	1	1/2	1/2	1	5509						
257	257	1024	1024	2.0	0	0	Chord	4/4	1	1	1/2	1/2	1	5510						
257	257	1026	1026	1.0	1/2	1/2	Chord	4/4	1	1	1/4	1/4	1	5511						
257	257	1027	1027	1.0	3/4	3/4	Chord	4/4	1	1	1/4	1/4	1	5512						
257	257	1024	1024	2.0	0	0	Chord	4/4	2	1	1/2	1/2	1	5513						
257	257	1026	1026	1.0	1/2	1/2	Chord	4/4	2	1	1/4	1/4	1	5514						
257	257	1027	1027	1.0	3/4	3/4	Chord	4/4	2	1	1/4	1/4	1	5515						
257	257	1024	1024	2.0	0	0	Chord	4/4	3	1	1/2	1/2	1	5516						
257	257	1026	1026	1.0	1/2	1/2	Chord	4/4	3	1	1/4	1/4	1	5517						
257	257	1027	1027	1.0	3/4	3/4	Chord	4/4	3	1	1/4	1/4	1	5518						
257	257	1024	1024	2.0	0	0	Chord	4/4	4	1	1/2	1/2	1	5519						
257	257	1026	1026	1.0	1/2	1/2	Chord	4/4	4	1	1/4	1/4	1	5520						
257	257	1027	1027	1.0	3/4	3/4	Chord	4/4	4	1	1/4	1/4	1	5521						
257	257	1024	1024	2.0	0	0	Chord	4/4	5	1	1/2	1/2	1	5522						
257	257	1026	1026	1.0	1/2	1/2	Chord	4/4	5	1	1/4	1/4	1	5523						
257	257	1027	1027	1.0	3/4	3/4	Chord	4/4	5	1	1/4	1/4	1	5524						
257	257	1024	1024	2.0	0	0	Chord	4/4	5	2	1/2	1/2	1	5525						
257	257	1026	1026	2.0	1/2	1/2	Chord	4/4	5	2	1/2	1/2	1	5526						
257	257	1024	1024	2.0	0	0	Chord	4/4	5	3	1/2	1/2	1	5527						
257	257	1026	1026	2.0	1/2	1/2	Chord	4/4	5	3	1/2	1/2	1	5528						
257	257	1024	1024	2.0	0	0	Chord	4/4	6	1	1/2	1/2	1	5529						
257	257	1026	1026	2.0	1/2	1/2	Chord	4/4	6	1	1/2	1/2	1	5530						
257	257	1024	1024	2.0	0	0	Chord	4/4	7	1	1/2	1/2	1	5531						
257	257	1026	1026	0.0	1/2	1/2	FiguredBass	4/4	7	1	0					1/4	6			
257	257	1026	1026	1.0	1/2	1/2	Chord	4/4	7	1	1/4	1/4	1	5532						
257	257	1027	1027	1.0	3/4	3/4	Chord	4/4	7	1	1/4	1/4	1	5533						
257	257	1024	1024	2.0	0	0	Chord	4/4	8	1	1/2	1/2	1	5534						
257	257	1026	1026	2.0	1/2	1/2	Chord	4/4	8	1	1/2	1/2	1	5535						
258	258	1028	1028	4.0	0	0	Chord	4/4	1	1	1	1	1	5536	ornamentTremblement					
258	258	1028	1028	2.0	0	0	Chord	4/4	2	1	1/2	1/2	1	5537						48
258	258	1030	1030	2.0	1/2	1/2	Chord	4/4	2	1	1/2	1/2	1	5538	ornamentTremblement					
258	258	1028	1028	2.0	0	0	Chord	4/4	3	1	1/2	1/2	1	5539						49
258	258	1030	1030	2.0	1/2	1/2	Chord	4/4	3	1	1/2	1/2	1	5540						
258	258	1028	1028	2.0	0	0	Chord	4/4	4	1	1/2	1/2	1	5541						
258	258	1030	1030	2.0	1/2	1/2	Chord	4/4	4	1	1/2	1/2	1	5542						
258	258	1028	1028	4.0	0	0	Chord	4/4	5	1	1	1	1	5543						
258	258	1028	1028	2.0	0	0	Chord	4/4	5	2	1/2	1/2	1	5544						
258	258	1030	1030	2.0	1/2	1/2	Chord	4/4	5	2	1/2	1/2	1	5545						
258	258	1028	1028	2.0	0	0	Chord	4/4	5	3	1/2	1/2	1	5546						
258	258	1030	1030	2.0	1/2	1/2	Chord	4/4	5	3	1/2	1/2	1	5547						
258	258	1028	1028	2.0	0	0	Chord	4/4	6	1	1/2	1/2	1	5548						
258	258	1030	1030	2.0	1/2	1/2	Chord	4/4	6	1	1/2	1/2	1	5549						
258	258	1028	1028	0.0	0	0	FiguredBass	4/4	7	1	0					1	6	5		
258	258	1028	1028	4.0	0	0	Chord	4/4	7	1	1	1	1	5550	ornamentTremblement					
258	258	1028	1028	2.0	0	0	Chord	4/4	8	1	1/2	1/2	1	5551						
258	258	1030	1030	2.0	1/2	1/2	Chord	4/4	8	1	1/2	1/2	1	5552						
259	259	1032	1032	2.0	0	0	Chord	4/4	1	1	1/2	1/2	1	5553						
259	259	1034	1034	1.0	1/2	1/2	Chord	4/4	1	1	1/4	1/4	1	5554						
259	259	1035	1035	1.0	3/4	3/4	Chord	4/4	1	1	1/4	1/4	1	5555						
259	259	1032	1032	2.0	0	0	Chord	4/4	2	1	1/2	1/2	1	5556						
259	259	1034	1034	1.0	1/2	1/2	Chord	4/4	2	1	1/4	1/4	1	5557						
259	259	1035	1035	1.0	3/4	3/4	Chord	4/4	2	1	1/4	1/4	1	5558						
259	259	1032	1032	2.0	0	0	Chord	4/4	3	1	1/2	1/2	1	5559						
259	259	1034	1034	1.0	1/2	1/2	Chord	4/4	3	1	1/4	1/4	1	5560						
259	259	1035	1035	1.0	3/4	3/4	Chord	4/4	3	1	1/4	1/4	1	5561						
259	259	1032	1032	2.0	0	0	Chord	4/4	4	1	1/2	1/2	1	5562						
259	259	1034	1034	1.0	1/2	1/2	Chord	4/4	4	1	1/4	1/4	1	5563						
259	259	1035	1035	1.0	3/4	3/4	Chord	4/4	4	1	1/4	1/4	1	5564						
259	259	1032	1032	2.0	0	0	Chord	4/4	5	1	1/2	1/2	1	5565						
259	259	1034	1034	1.0	1/2	1/2	Chord	4/4	5	1	1/4	1/4	1	5566						
259	259	1035	1035	1.0	3/4	3/4	Chord	4/4	5	1	1/4	1/4	1	5567						
259	259	1032	1032	2.0	0	0	Chord	4/4	5	2	1/2	1/2	1	5568						
259	259	1034	1034	2.0	1/2	1/2	Chord	4/4	5	2	1/2	1/2	1	5569						
259	259	1032	1032	2.0	0	0	Chord	4/4	5	3	1/2	1/2	1	5570						
259	259	1034	1034	2.0	1/2	1/2	Chord	4/4	5	3	1/2	1/2	1	5571						
259	259	1032	1032	2.0	0	0	Chord	4/4	6	1	1/2	1/2	1	5572						
259	259	1034	1034	2.0	1/2	1/2	Chord	4/4	6	1	1/2	1/2	1	5573						
259	259	1032	1032	2.0	0	0	Chord	4/4	7	1	1/2	1/2	1	5574						
259	259	1034	1034	1.0	1/2	1/2	Chord	4/4	7	1	1/4	1/4	1	5575						
259	259	1035	1035	1.0	3/4	3/4	Chord	4/4	7	1	1/4	1/4	1	5576						
259	259	1032	1032	2.0	0	0	Chord	4/4	8	1	1/2	1/2	1	5577						
259	259	1034	1034	2.0	1/2	1/2	Chord	4/4	8	1	1/2	1/2	1	5578						
260	260	1036	1036	2.0	0	0	Chord	4/4	1	1	1/2	1/2	1	5579						
260	260	1038	1038	2.0	1/2	1/2	Chord	4/4	1	1	1/2	1/2	1	5580						
260	260	1036	1036	2.0	0	0	Chord	4/4	2	1	1/2	1/2	1	5581						
260	260	1038	1038	2.0	1/2	1/2	Chord	4/4	2	1	1/2	1/2	1	5582						
260	260	1036	1036	2.0	0	0	Chord	4/4	3	1	1/2	1/2	1	5583						
260	260	1038	1038	2.0	1/2	1/2	Chord	4/4	3	1	1/2	1/2	1	5584						
260	260	1036	1036	2.0	0	0	Chord	4/4	4	1	1/2	1/2	1	5585						
260	260	1038	1038	2.0	1/2	1/2	Chord	4/4	4	1	1/2	1/2	1	5586						
260	260	1036	1036	2.0	0	0	Chord	4/4	5	1	1/2	1/2	1	5587						
260	260	1038	1038	2.0	1/2	1/2	Chord	4/4	5	1	1/2	1/2	1	5588						
260	260	1036	1036	2.0	0	0	Chord	4/4	5	2	1/2	1/2	1	5589						
260	260	1038	1038	2.0	1/2	1/2	Chord	4/4	5	2	1/2	1/2	1	5590						
260	260	1036	1036	2.0	0	0	Chord	4/4	5	3	1/2	1/2	1	5591						
260	260	1038	1038	2.0	1/2	1/2	Chord	4/4	5	3	1/2	1/2	1	5592						
260	260	1036	1036	2.0	0	0	Chord	4/4	6	1	1/2	1/2	1	5593						
260	260	1038	1038	2.0	1/2	1/2	Chord	4/4	6	1	1/2	1/2	1	5594						
260	260	1036	1036	0.0	0	0	FiguredBass	4/4	7	1	0					1/2	6			
260	260	1036	1036	2.0	0	0	Chord	4/4	7	1	1/2	1/2	1	5595						
260	260	1038	1038	2.0	1/2	1/2	Chord	4/4	7	1	1/2	1/2	1	5596						
260	260	1036	1036	2.0	0	0	Chord	4/4	8	1	1/2	1/2	1	5597						
260	260	1038	1038	2.0	1/2	1/2	Chord	4/4	8	1	1/2	1/2	1	5598						
261	261	1040	1040	2.0	0	0	Chord	4/4	1	1	1/2	1/2	1	5599						
261	261	1042	1042	2.0	1/2	1/2	Chord	4/4	1	1	1/2	1/2	1	5600	ornamentTremblement					
261	261	1040	1040	2.0	0	0	Chord	4/4	2	1	1/2	1/2	1	5601						
261	261	1042	1042	2.0	1/2	1/2	Chord	4/4	2	1	1/2	1/2	1	5602						
261	261	1040	1040	2.0	0	0	Chord	4/4	3	1	1/2	1/2	1	5603						
261	261	1042	1042	2.0	1/2	1/2	Chord	4/4	3	1	1/2	1/2	1	5604	ornamentTremblement					
261	261	1040	1040	2.0	0	0	Chord	4/4	4	1	1/2	1/2	1	5605						
261	261	1042	1042	2.0	1/2	1/2	Chord	4/4	4	1	1/2	1/2	1	5606						
261	261	1040	1040	2.0	0	0	Chord	4/4	5	1	1/2	1/2	1	5607						
261	261	1042	1042	2.0	1/2	1/2	Chord	4/4	5	1	1/2	1/2	1	5608	ornamentTremblement					
261	261	1040	1040	2.0	0	0	Chord	4/4	5	2	1/2	1/2	1	5609						
261	261	1042	1042	2.0	1/2	1/2	Chord	4/4	5	2	1/2	1/2	1	5610						
261	261	1040	1040	2.0	0	0	Chord	4/4	5	3	1/2	1/2	1	5611						
261	261	1042	1042	2.0	1/2	1/2	Chord	4/4	5	3	1/2	1/2	1	5612						
261	261	1040	1040	2.0	0	0	Chord	4/4	6	1	1/2	1/2	1	5613						
261	261	1042	1042	2.0	1/2	1/2	Chord	4/4	6	1	1/2	1/2	1	5614						
261	261	1040	1040	0.0	0	0	FiguredBass	4/4	7	1	0					1/2	7			
261	261	1040	1040	2.0	0	0	Chord	4/4	7	1	1/2	1/2	1	5615						
261	261	1042	1042	0.0	1/2	1/2	FiguredBass	4/4	7	1	0					1/2	#			
261	261	1042	1042	2.0	1/2	1/2	Chord	4/4	7	1	1/2	1/2	1	5616	ornamentTremblement					
261	261	1040	1040	2.0	0	0	Chord	4/4	8	1	1/2	1/2	1	5617						
261	261	1042	1042	2.0	1/2	1/2	Chord	4/4	8	1	1/2	1/2	1	5618						
262	262	1044	1044	2.0	0	0	Chord	4/4	1	1	1/2	1/2	1	5619						
262	262	1046	1046	1.0	1/2	1/2	Chord	4/4	1	1	1/4	1/4	1	5620						
262	262	1047	1047	1.0	3/4	3/4	Chord	4/4	1	1	1/4	1/4	1	5621						
262	262	1044	1044	2.0	0	0	Chord	4/4	2	1	1/2	1/2	1	5622						
262	262	1046	1046	1.0	1/2	1/2	Chord	4/4	2	1	1/4	1/4	1	5623						
262	262	1047	1047	1.0	3/4	3/4	Chord	4/4	2	1	1/4	1/4	1	5624						
262	262	1044	1044	2.0	0	0	Chord	4/4	3	1	1/2	1/2	1	5625						
262	262	1046	1046	1.0	1/2	1/2	Chord	4/4	3	1	1/4	1/4	1	5626						
262	262	1047	1047	1.0	3/4	3/4	Chord	4/4	3	1	1/4	1/4	1	5627						
262	262	1044	1044	2.0	0	0	Chord	4/4	4	1	1/2	1/2	1	5628						
262	262	1046	1046	1.0	1/2	1/2	Chord	4/4	4	1	1/4	1/4	1	5629						
262	262	1047	1047	1.0	3/4	3/4	Chord	4/4	4	1	1/4	1/4	1	5630						
262	262	1044	1044	2.0	0	0	Chord	4/4	5	1	1/2	1/2	1	5631						
262	262	1046	1046	1.0	1/2	1/2	Chord	4/4	5	1	1/4	1/4	1	5632						
262	262	1047	1047	1.0	3/4	3/4	Chord	4/4	5	1	1/4	1/4	1	5633						
262	262	1044	1044	2.0	0	0	Chord	4/4	5	2	1/2	1/2	1	5634						
262	262	1046	1046	2.0	1/2	1/2	Chord	4/4	5	2	1/2	1/2	1	5635						
262	262	1044	1044	2.0	0	0	Chord	4/4	5	3	1/2	1/2	1	5636						
262	262	1046	1046	2.0	1/2	1/2	Chord	4/4	5	3	1/2	1/2	1	5637						
262	262	1044	1044	2.0	0	0	Chord	4/4	6	1	1/2	1/2	1	5638						
262	262	1046	1046	2.0	1/2	1/2	Chord	4/4	6	1	1/2	1/2	1	5639						
262	262	1044	1044	2.0	0	0	Chord	4/4	7	1	1/2	1/2	1	5640						
262	262	1046	1046	1.0	1/2	1/2	Chord	4/4	7	1	1/4	1/4	1	5641						
262	262	1047	1047	1.0	3/4	3/4	Chord	4/4	7	1	1/4	1/4	1	5642						
262	262	1044	1044	2.0	0	0	Chord	4/4	8	1	1/2	1/2	1	5643						
262	262	1046	1046	2.0	1/2	1/2	Chord	4/4	8	1	1/2	1/2	1	5644						
263	263	1048	1048	2.0	0	0	Chord	4/4	1	1	1/2	1/2	1	5645						
263	263	1050	1050	2.0	1/2	1/2	Chord	4/4	1	1	1/2	1/2	1	5646						
263	263	1048	1048	2.0	0	0	Chord	4/4	2	1	1/2	1/2	1	5647						
263	263	1050	1050	2.0	1/2	1/2	Chord	4/4	2	1	1/2	1/2	1	5648						
263	263	1048	1048	2.0	0	0	Chord	4/4	3	1	1/2	1/2	1	5649						
263	263	1050	1050	2.0	1/2	1/2	Chord	4/4	3	1	1/2	1/2	1	5650						
263	263	1048	1048	2.0	0	0	Chord	4/4	4	1	1/2	1/2	1	5651						
263	263	1050	1050	2.0	1/2	1/2	Chord	4/4	4	1	1/2	1/2	1	5652						
263	263	1048	1048	2.0	0	0	Chord	4/4	5	1	1/2	1/2	1	5653						
263	263	1050	1050	2.0	1/2	1/2	Chord	4/4	5	1	1/2	1/2	1	5654						
263	263	1048	1048	2.0	0	0	Chord	4/4	5	2	1/2	1/2	1	5655						
263	263	1050	1050	2.0	1/2	1/2	Chord	4/4	5	2	1/2	1/2	1	5656						
263	263	1048	1048	2.0	0	0	Chord	4/4	5	3	1/2	1/2	1	5657						
263	263	1050	1050	2.0	1/2	1/2	Chord	4/4	5	3	1/2	1/2	1	5658						
263	263	1048	1048	2.0	0	0	Chord	4/4	6	1	1/2	1/2	1	5659						
263	263	1050	1050	2.0	1/2	1/2	Chord	4/4	6	1	1/2	1/2	1	5660						
263	263	1048	1048	2.0	0	0	Chord	4/4	7	1	1/2	1/2	1	5661						
263	263	1050	1050	0.0	1/2	1/2	FiguredBass	4/4	7	1	0					1/2	2			
263	263	1050	1050	2.0	1/2	1/2	Chord	4/4	7	1	1/2	1/2	1	5662						
263	263	1048	1048	2.0	0	0	Chord	4/4	8	1	1/2	1/2	1	5663						
263	263	1050	1050	2.0	1/2	1/2	Chord	4/4	8	1	1/2	1/2	1	5664						
264	264	1052	1052	2.0	0	0	Chord	4/4	1	1	1/2	1/2	1	5665						
264	264	1054	1054	2.0	1/2	1/2	Chord	4/4	1	1	1/2	1/2	1	5666						
264	264	1052	1052	2.0	0	0	Chord	4/4	2	1	1/2	1/2	1	5667						
264	264	1054	1054	2.0	1/2	1/2	Chord	4/4	2	1	1/2	1/2	1	5668						
264	264	1052	1052	2.0	0	0	Chord	4/4	3	1	1/2	1/2	1	5669						
264	264	1054	1054	2.0	1/2	1/2	Chord	4/4	3	1	1/2	1/2	1	5670						
264	264	1052	1052	2.0	0	0	Chord	4/4	4	1	1/2	1/2	1	5671						
264	264	1054	1054	2.0	1/2	1/2	Chord	4/4	4	1	1/2	1/2	1	5672						
264	264	1052	1052	2.0	0	0	Chord	4/4	5	1	1/2	1/2	1	5673						
264	264	1054	1054	2.0	1/2	1/2	Chord	4/4	5	1	1/2	1/2	1	5674						
264	264	1052	1052	2.0	0	0	Chord	4/4	5	2	1/2	1/2	1	5675						
264	264	1054	1054	2.0	1/2	1/2	Chord	4/4	5	2	1/2	1/2	1	5676						
264	264	1052	1052	2.0	0	0	Chord	4/4	5	3	1/2	1/2	1	5677						
264	264	1054	1054	2.0	1/2	1/2	Chord	4/4	5	3	1/2	1/2	1	5678						
264	264	1052	1052	2.0	0	0	Chord	4/4	6	1	1/2	1/2	1	5679						
264	264	1054	1054	2.0	1/2	1/2	Chord	4/4	6	1	1/2	1/2	1	5680						
264	264	1052	1052	2.0	0	0	Chord	4/4	7	1	1/2	1/2	1	5681						
264	264	1054	1054	0.0	1/2	1/2	FiguredBass	4/4	7	1	0					1/2	2			
264	264	1054	1054	2.0	1/2	1/2	Chord	4/4	7	1	1/2	1/2	1	5682						
264	264	1052	1052	2.0	0	0	Chord	4/4	8	1	1/2	1/2	1	5683						
264	264	1054	1054	2.0	1/2	1/2	Chord	4/4	8	1	1/2	1/2	1	5684						
265	265	1056	1056	2.0	0	0	Chord	4/4	1	1	1/2	1/2	1	5685						
265	265	1058	1058	2.0	1/2	1/2	Chord	4/4	1	1	1/2	1/2	1	5686						
265	265	1056	1056	2.0	0	0	Chord	4/4	2	1	1/2	1/2	1	5687						
265	265	1058	1058	2.0	1/2	1/2	Chord	4/4	2	1	1/2	1/2	1	5688						
265	265	1056	1056	2.0	0	0	Chord	4/4	3	1	1/2	1/2	1	5689						
265	265	1058	1058	2.0	1/2	1/2	Chord	4/4	3	1	1/2	1/2	1	5690						
265	265	1056	1056	2.0	0	0	Chord	4/4	4	1	1/2	1/2	1	5691						
265	265	1058	1058	2.0	1/2	1/2	Chord	4/4	4	1	1/2	1/2	1	5692						
265	265	1056	1056	2.0	0	0	Chord	4/4	5	1	1/2	1/2	1	5693						
265	265	1058	1058	2.0	1/2	1/2	Chord	4/4	5	1	1/2	1/2	1	5694						
265	265	1056	1056	2.0	0	0	Chord	4/4	5	2	1/2	1/2	1	5695						
265	265	1058	1058	2.0	1/2	1/2	Chord	4/4	5	2	1/2	1/2	1	5696						
265	265	1056	1056	2.0	0	0	Chord	4/4	5	3	1/2	1/2	1	5697						
265	265	1058	1058	2.0	1/2	1/2	Chord	4/4	5	3	1/2	1/2	1	5698						
265	265	1056	1056	2.0	0	0	Chord	4/4	6	1	1/2	1/2	1	5699						
265	265	1058	1058	2.0	1/2	1/2	Chord	4/4	6	1	1/2	1/2	1	5700						
265	265	1056	1056	0.0	0	0	FiguredBass	4/4	7	1	0					1/2	6	5		
265	265	1056	1056	2.0	0	0	Chord	4/4	7	1	1/2	1/2	1	5701						
265	265	1058	1058	2.0	1/2	1/2	Chord	4/4	7	1	1/2	1/2	1	5702						
265	265	1056	1056	2.0	0	0	Chord	4/4	8	1	1/2	1/2	1	5703						
265	265	1058	1058	2.0	1/2	1/2	Chord	4/4	8	1	1/2	1/2	1	5704						
266	266	1060	1060	2.0	0	0	Chord	4/4	1	1	1/2	1/2	1	5705						
266	266	1062	1062	2.0	1/2	1/2	Chord	4/4	1	1	1/2	1/2	1	5706						
266	266	1060	1060	2.0	0	0	Chord	4/4	2	1	1/2	1/2	1	5707						
266	266	1062	1062	2.0	1/2	1/2	Chord	4/4	2	1	1/2	1/2	1	5708						
266	266	1060	1060	2.0	0	0	Chord	4/4	3	1	1/2	1/2	1	5709						
266	266	1062	1062	2.0	1/2	1/2	Chord	4/4	3	1	1/2	1/2	1	5710						
266	266	1060	1060	2.0	0	0	Chord	4/4	4	1	1/2	1/2	1	5711						
266	266	1062	1062	2.0	1/2	1/2	Chord	4/4	4	1	1/2	1/2	1	5712						
266	266	1060	1060	2.0	0	0	Chord	4/4	5	1	1/2	1/2	1	5713						
266	266	1062	1062	2.0	1/2	1/2	Chord	4/4	5	1	1/2	1/2	1	5714						
266	266	1060	1060	2.0	0	0	Chord	4/4	5	2	1/2	1/2	1	5715						
266	266	1062	1062	2.0	1/2	1/2	Chord	4/4	5	2	1/2	1/2	1	5716						
266	266	1060	1060	2.0	0	0	Chord	4/4	5	3	1/2	1/2	1	5717						
266	266	1062	1062	2.0	1/2	1/2	Chord	4/4	5	3	1/2	1/2	1	5718						
266	266	1060	1060	2.0	0	0	Chord	4/4	6	1	1/2	1/2	1	5719						
266	266	1062	1062	2.0	1/2	1/2	Chord	4/4	6	1	1/2	1/2	1	5720						
266	266	1060	1060	2.0	0	0	Chord	4/4	7	1	1/2	1/2	1	5721						
266	266	1062	1062	2.0	1/2	1/2	Chord	4/4	7	1	1/2	1/2	1	5722						
266	266	1060	1060	2.0	0	0	Chord	4/4	8	1	1/2	1/2	1	5723						
266	266	1062	1062	2.0	1/2	1/2	Chord	4/4	8	1	1/2	1/2	1	5724						
267	267	1064	1064	2.0	0	0	Chord	4/4	1	1	1/2	1/2	1	5725						
267	267	1066	1066	1.0	1/2	1/2	Chord	4/4	1	1	1/4	1/4	1	5726						
267	267	1067	1067	1.0	3/4	3/4	Chord	4/4	1	1	1/4	1/4	1	5727						
267	267	1064	1064	2.0	0	0	Chord	4/4	2	1	1/2	1/2	1	5728						
267	267	1066	1066	1.0	1/2	1/2	Chord	4/4	2	1	1/4	1/4	1	5729						
267	267	1067	1067	1.0	3/4	3/4	Chord	4/4	2	1	1/4	1/4	1	5730						
267	267	1064	1064	2.0	0	0	Chord	4/4	3	1	1/2	1/2	1	5731						
267	267	1066	1066	1.0	1/2	1/2	Chord	4/4	3	1	1/4	1/4	1	5732						
267	267	1067	1067	1.0	3/4	3/4	Chord	4/4	3	1	1/4	1/4	1	5733						
267	267	1064	1064	2.0	0	0	Chord	4/4	4	1	1/2	1/2	1	5734						
267	267	1066	1066	1.0	1/2	1/2	Chord	4/4	4	1	1/4	1/4	1	5735						
267	267	1067	1067	1.0	3/4	3/4	Chord	4/4	4	1	1/4	1/4	1	5736						
267	267	1064	1064	2.0	0	0	Chord	4/4	5	1	1/2	1/2	1	5737						
267	267	1066	1066	1.0	1/2	1/2	Chord	4/4	5	1	1/4	1/4	1	5738						
267	267	1067	1067	1.0	3/4	3/4	Chord	4/4	5	1	1/4	1/4	1	5739						
267	267	1064	1064	2.0	0	0	Chord	4/4	5	2	1/2	1/2	1	5740						
267	267	1066	1066	2.0	1/2	1/2	Chord	4/4	5	2	1/2	1/2	1	5741						
267	267	1064	1064	2.0	0	0	Chord	4/4	5	3	1/2	1/2	1	5742						
267	267	1066	1066	2.0	1/2	1/2	Chord	4/4	5	3	1/2	1/2	1	5743						
267	267	1064	1064	2.0	0	0	Chord	4/4	6	1	1/2	1/2	1	5744						
267	267	1066	1066	2.0	1/2	1/2	Chord	4/4	6	1	1/2	1/2	1	5745						
267	267	1064	1064	0.0	0	0	FiguredBass	4/4	7	1	0					1/2	6			
267	267	1064	1064	2.0	0	0	Chord	4/4	7	1	1/2	1/2	1	5746						
267	267	1066	1066	0.0	1/2	1/2	FiguredBass	4/4	7	1	0					1/4	7	5		
267	267	1066	1066	1.0	1/2	1/2	Chord	4/4	7	1	1/4	1/4	1	5747						
267	267	1067	1067	1.0	3/4	3/4	Chord	4/4	7	1	1/4	1/4	1	5748						
267	267	1064	1064	2.0	0	0	Chord	4/4	8	1	1/2	1/2	1	5749						
267	267	1066	1066	2.0	1/2	1/2	Chord	4/4	8	1	1/2	1/2	1	5750						
268	268	1068	1068	2.0	0	0	Chord	4/4	1	1	1/2	1/2	1	5751						
268	268	1070	1070	2.0	1/2	1/2	Chord	4/4	1	1	1/2	1/2	1	5752	ornamentTremblement					
268	268	1068	1068	2.0	0	0	Chord	4/4	2	1	1/2	1/2	1	5753						
268	268	1070	1070	2.0	1/2	1/2	Chord	4/4	2	1	1/2	1/2	1	5754	ornamentTremblement					
268	268	1068	1068	2.0	0	0	Chord	4/4	3	1	1/2	1/2	1	5755						
268	268	1070	1070	1.0	1/2	1/2	Chord	4/4	3	1	1/4	1/4	1	5756						50
268	268	1071	1071	1.0	3/4	3/4	Chord	4/4	3	1	1/4	1/4	1	5757						
268	268	1068	1068	2.0	0	0	Chord	4/4	4	1	1/2	1/2	1	5758						
268	268	1070	1070	2.0	1/2	1/2	Chord	4/4	4	1	1/2	1/2	1	5759						
268	268	1068	1068	2.0	0	0	Chord	4/4	5	1	1/2	1/2	1	5760						
268	268	1070	1070	2.0	1/2	1/2	Chord	4/4	5	1	1/2	1/2	1	5761						
268	268	1068	1068	2.0	0	0	Chord	4/4	5	2	1/2	1/2	1	5762						
268	268	1070	1070	1.0	1/2	1/2	Chord	4/4	5	2	1/4	1/4	1	5763						
268	268	1071	1071	1.0	3/4	3/4	Chord	4/4	5	2	1/4	1/4	1	5764						
268	268	1068	1068	2.0	0	0	Chord	4/4	5	3	1/2	1/2	1	5765						
268	268	1070	1070	2.0	1/2	1/2	Chord	4/4	5	3	1/2	1/2	1	5766						
268	268	1068	1068	2.0	0	0	Chord	4/4	6	1	1/2	1/2	1	5767						
268	268	1070	1070	2.0	1/2	1/2	Chord	4/4	6	1	1/2	1/2	1	5768						
268	268	1068	1068	0.0	0	0	FiguredBass	4/4	7	1	0					1/2	9	4		
268	268	1068	1068	2.0	0	0	Chord	4/4	7	1	1/2	1/2	1	5769						
268	268	1070	1070	0.0	1/2	1/2	FiguredBass	4/4	7	1	0					1/2	8	3		
268	268	1070	1070	2.0	1/2	1/2	Chord	4/4	7	1	1/2	1/2	1	5770	ornamentTremblement					
268	268	1068	1068	2.0	0	0	Chord	4/4	8	1	1/2	1/2	1	5771						
268	268	1070	1070	2.0	1/2	1/2	Chord	4/4	8	1	1/2	1/2	1	5772						
269	269	1072	1072	2.0	0	0	Chord	4/4	1	1	1/2	1/2	1	5773						
269	269	1074	1074	1.0	1/2	1/2	Chord	4/4	1	1	1/4	1/4	1	5774						
269	269	1075	1075	1.0	3/4	3/4	Chord	4/4	1	1	1/4	1/4	1	5775						
269	269	1072	1072	2.0	0	0	Chord	4/4	2	1	1/2	1/2	1	5776						
269	269	1074	1074	1.0	1/2	1/2	Chord	4/4	2	1	1/4	1/4	1	5777						
269	269	1075	1075	1.0	3/4	3/4	Chord	4/4	2	1	1/4	1/4	1	5778						
269	269	1072	1072	2.0	0	0	Chord	4/4	3	1	1/2	1/2	1	5779						
269	269	1074	1074	1.0	1/2	1/2	Chord	4/4	3	1	1/4	1/4	1	5780						
269	269	1075	1075	1.0	3/4	3/4	Chord	4/4	3	1	1/4	1/4	1	5781						
269	269	1072	1072	2.0	0	0	Chord	4/4	4	1	1/2	1/2	1	5782						
269	269	1074	1074	1.0	1/2	1/2	Chord	4/4	4	1	1/4	1/4	1	5783						
269	269	1075	1075	1.0	3/4	3/4	Chord	4/4	4	1	1/4	1/4	1	5784						
269	269	1072	1072	2.0	0	0	Chord	4/4	5	1	1/2	1/2	1	5785						
269	269	1074	1074	1.0	1/2	1/2	Chord	4/4	5	1	1/4	1/4	1	5786						
269	269	1075	1075	1.0	3/4	3/4	Chord	4/4	5	1	1/4	1/4	1	5787						
269	269	1072	1072	2.0	0	0	Chord	4/4	5	2	1/2	1/2	1	5788						
269	269	1074	1074	2.0	1/2	1/2	Chord	4/4	5	2	1/2	1/2	1	5789						
269	269	1072	1072	2.0	0	0	Chord	4/4	5	3	1/2	1/2	1	5790						
269	269	1074	1074	2.0	1/2	1/2	Chord	4/4	5	3	1/2	1/2	1	5791						
269	269	1072	1072	2.0	0	0	Chord	4/4	6	1	1/2	1/2	1	5792						
269	269	1074	1074	2.0	1/2	1/2	Chord	4/4	6	1	1/2	1/2	1	5793						
269	269	1072	1072	2.0	0	0	Chord	4/4	7	1	1/2	1/2	1	5794						
269	269	1074	1074	0.0	1/2	1/2	FiguredBass	4/4	7	1	0					1/4	6			
269	269	1074	1074	1.0	1/2	1/2	Chord	4/4	7	1	1/4	1/4	1	5795						
269	269	1075	1075	1.0	3/4	3/4	Chord	4/4	7	1	1/4	1/4	1	5796						
269	269	1072	1072	2.0	0	0	Chord	4/4	8	1	1/2	1/2	1	5797						
269	269	1074	1074	2.0	1/2	1/2	Chord	4/4	8	1	1/2	1/2	1	5798						
270	270	1076	1076	2.0	0	0	Chord	4/4	1	1	1/2	1/2	1	5799						
270	270	1078	1078	2.0	1/2	1/2	Chord	4/4	1	1	1/2	1/2	1	5800						
270	270	1076	1076	2.0	0	0	Chord	4/4	2	1	1/2	1/2	1	5801						
270	270	1078	1078	2.0	1/2	1/2	Chord	4/4	2	1	1/2	1/2	1	5802						
270	270	1076	1076	2.0	0	0	Chord	4/4	3	1	1/2	1/2	1	5803						
270	270	1078	1078	2.0	1/2	1/2	Chord	4/4	3	1	1/2	1/2	1	5804						
270	270	1076	1076	2.0	0	0	Chord	4/4	4	1	1/2	1/2	1	5805						
270	270	1078	1078	2.0	1/2	1/2	Chord	4/4	4	1	1/2	1/2	1	5806						
270	270	1076	1076	2.0	0	0	Chord	4/4	5	1	1/2	1/2	1	5807						
270	270	1078	1078	2.0	1/2	1/2	Chord	4/4	5	1	1/2	1/2	1	5808						
270	270	1076	1076	4.0	0	0	Chord	4/4	5	2	1	1	1	5809						
270	270	1076	1076	4.0	0	0	Chord	4/4	5	3	1	1	1	5810						
270	270	1076	1076	4.0	0	0	Chord	4/4	6	1	1	1	1	5811						
270	270	1076	1076	0.0	0	0	FiguredBass	4/4	7	1	0					1/2	5			
270	270	1076	1076	2.0	0	0	Chord	4/4	7	1	1/2	1/2	1	5812						
270	270	1078	1078	0.0	1/2	1/2	FiguredBass	4/4	7	1	0					1/2	6			
270	270	1078	1078	2.0	1/2	1/2	Chord	4/4	7	1	1/2	1/2	1	5813						
270	270	1076	1076	2.0	0	0	Chord	4/4	8	1	1/2	1/2	1	5814						
270	270	1078	1078	2.0	1/2	1/2	Chord	4/4	8	1	1/2	1/2	1	5815						
271	271	1080	1080	2.0	0	0	Chord	4/4	1	1	1/2	1/2	1	5816						
271	271	1082	1082	2.0	1/2	1/2	Chord	4/4	1	1	1/2	1/2	1	5817	ornamentTremblement					
271	271	1080	1080	2.0	0	0	Chord	4/4	2	1	1/2	1/2	1	5818						
271	271	1082	1082	2.0	1/2	1/2	Chord	4/4	2	1	1/2	1/2	1	5819						
271	271	1080	1080	2.0	0	0	Chord	4/4	3	1	1/2	1/2	1	5820						
271	271	1082	1082	2.0	1/2	1/2	Chord	4/4	3	1	1/2	1/2	1	5821	ornamentTremblement					
271	271	1080	1080	2.0	0	0	Chord	4/4	4	1	1/2	1/2	1	5822						
271	271	1082	1082	2.0	1/2	1/2	Chord	4/4	4	1	1/2	1/2	1	5823						
271	271	1080	1080	2.0	0	0	Chord	4/4	5	1	1/2	1/2	1	5824						
271	271	1082	1082	2.0	1/2	1/2	Chord	4/4	5	1	1/2	1/2	1	5825	ornamentTremblement					
271	271	1080	1080	4.0	0	0	Chord	4/4	5	2	1	1	1	5826						
271	271	1080	1080	2.0	0	0	Chord	4/4	5	3	1/2	1/2	1	5827						
271	271	1082	1082	2.0	1/2	1/2	Chord	4/4	5	3	1/2	1/2	1	5828						
271	271	1080	1080	2.0	0	0	Chord	4/4	6	1	1/2	1/2	1	5829						
271	271	1082	1082	2.0	1/2	1/2	Chord	4/4	6	1	1/2	1/2	1	5830						
271	271	1080	1080	0.0	0	0	FiguredBass	4/4	7	1	0					1/2	6	5	h	
271	271	1080	1080	2.0	0	0	Chord	4/4	7	1	1/2	1/2	1	5831						
271	271	1082	1082	0.0	1/2	1/2	FiguredBass	4/4	7	1	0					1/2	#			
271	271	1082	1082	2.0	1/2	1/2	Chord	4/4	7	1	1/2	1/2	1	5832	ornamentTremblement					
271	271	1080	1080	2.0	0	0	Chord	4/4	8	1	1/2	1/2	1	5833						
271	271	1082	1082	2.0	1/2	1/2	Chord	4/4	8	1	1/2	1/2	1	5834						
272	272	1084	1084	2.0	0	0	Chord	4/4	1	1	1/2	1/2	1	5835						
272	272	1086	1086	1.0	1/2	1/2	Chord	4/4	1	1	1/4	1/4	1	5836						
272	272	1087	1087	1.0	3/4	3/4	Chord	4/4	1	1	1/4	1/4	1	5837						
272	272	1084	1084	2.0	0	0	Chord	4/4	2	1	1/2	1/2	1	5838						
272	272	1086	1086	1.0	1/2	1/2	Chord	4/4	2	1	1/4	1/4	1	5839						
272	272	1087	1087	1.0	3/4	3/4	Chord	4/4	2	1	1/4	1/4	1	5840						
272	272	1084	1084	2.0	0	0	Chord	4/4	3	1	1/2	1/2	1	5841						
272	272	1086	1086	1.0	1/2	1/2	Chord	4/4	3	1	1/4	1/4	1	5842						
272	272	1087	1087	1.0	3/4	3/4	Chord	4/4	3	1	1/4	1/4	1	5843						
272	272	1084	1084	2.0	0	0	Chord	4/4	4	1	1/2	1/2	1	5844						
272	272	1086	1086	1.0	1/2	1/2	Chord	4/4	4	1	1/4	1/4	1	5845						
272	272	1087	1087	1.0	3/4	3/4	Chord	4/4	4	1	1/4	1/4	1	5846						
272	272	1084	1084	2.0	0	0	Chord	4/4	5	1	1/2	1/2	1	5847						
272	272	1086	1086	1.0	1/2	1/2	Chord	4/4	5	1	1/4	1/4	1	5848						
272	272	1087	1087	1.0	3/4	3/4	Chord	4/4	5	1	1/4	1/4	1	5849						
272	272	1084	1084	2.0	0	0	Chord	4/4	5	2	1/2	1/2	1	5850						
272	272	1086	1086	2.0	1/2	1/2	Chord	4/4	5	2	1/2	1/2	1	5851						
272	272	1084	1084	2.0	0	0	Chord	4/4	5	3	1/2	1/2	1	5852						
272	272	1086	1086	2.0	1/2	1/2	Chord	4/4	5	3	1/2	1/2	1	5853						
272	272	1084	1084	2.0	0	0	Chord	4/4	6	1	1/2	1/2	1	5854						
272	272	1086	1086	2.0	1/2	1/2	Chord	4/4	6	1	1/2	1/2	1	5855						
272	272	1084	1084	2.0	0	0	Chord	4/4	7	1	1/2	1/2	1	5856						
272	272	1086	1086	1.0	1/2	1/2	Chord	4/4	7	1	1/4	1/4	1	5857						
272	272	1087	1087	1.0	3/4	3/4	Chord	4/4	7	1	1/4	1/4	1	5858						
272	272	1084	1084	2.0	0	0	Chord	4/4	8	1	1/2	1/2	1	5859						
272	272	1086	1086	2.0	1/2	1/2	Chord	4/4	8	1	1/2	1/2	1	5860						
273	273	1088	1088	2.0	0	0	Chord	4/4	1	1	1/2	1/2	1	5861						
273	273	1090	1090	1.0	1/2	1/2	Chord	4/4	1	1	1/4	1/4	1	5862						
273	273	1091	1091	1.0	3/4	3/4	Chord	4/4	1	1	1/4	1/4	1	5863						
273	273	1088	1088	2.0	0	0	Chord	4/4	2	1	1/2	1/2	1	5864						
273	273	1090	1090	1.0	1/2	1/2	Chord	4/4	2	1	1/4	1/4	1	5865						
273	273	1091	1091	1.0	3/4	3/4	Chord	4/4	2	1	1/4	1/4	1	5866						
273	273	1088	1088	2.0	0	0	Chord	4/4	3	1	1/2	1/2	1	5867						
273	273	1090	1090	1.0	1/2	1/2	Chord	4/4	3	1	1/4	1/4	1	5868						
273	273	1091	1091	1.0	3/4	3/4	Chord	4/4	3	1	1/4	1/4	1	5869						
273	273	1088	1088	2.0	0	0	Chord	4/4	4	1	1/2	1/2	1	5870						
273	273	1090	1090	1.0	1/2	1/2	Chord	4/4	4	1	1/4	1/4	1	5871						
273	273	1091	1091	1.0	3/4	3/4	Chord	4/4	4	1	1/4	1/4	1	5872						
273	273	1088	1088	2.0	0	0	Chord	4/4	5	1	1/2	1/2	1	5873						
273	273	1090	1090	1.0	1/2	1/2	Chord	4/4	5	1	1/4	1/4	1	5874						
273	273	1091	1091	1.0	3/4	3/4	Chord	4/4	5	1	1/4	1/4	1	5875						
273	273	1088	1088	2.0	0	0	Chord	4/4	5	2	1/2	1/2	1	5876						
273	273	1090	1090	2.0	1/2	1/2	Chord	4/4	5	2	1/2	1/2	1	5877						
273	273	1088	1088	2.0	0	0	Chord	4/4	5	3	1/2	1/2	1	5878						
273	273	1090	1090	2.0	1/2	1/2	Chord	4/4	5	3	1/2	1/2	1	5879						
273	273	1088	1088	2.0	0	0	Chord	4/4	6	1	1/2	1/2	1	5880						
273	273	1090	1090	2.0	1/2	1/2	Chord	4/4	6	1	1/2	1/2	1	5881						
273	273	1088	1088	2.0	0	0	Chord	4/4	7	1	1/2	1/2	1	5882						
273	273	1090	1090	1.0	1/2	1/2	Chord	4/4	7	1	1/4	1/4	1	5883						
273	273	1091	1091	1.0	3/4	3/4	Chord	4/4	7	1	1/4	1/4	1	5884						
273	273	1088	1088	2.0	0	0	Chord	4/4	8	1	1/2	1/2	1	5885						
273	273	1090	1090	2.0	1/2	1/2	Chord	4/4	8	1	1/2	1/2	1	5886						
274	274	1092	1092	2.0	0	0	Chord	4/4	1	1	1/2	1/2	1	5887						
274	274	1094	1094	1.0	1/2	1/2	Chord	4/4	1	1	1/4	1/4	1	5888						
274	274	1095	1095	1.0	3/4	3/4	Chord	4/4	1	1	1/4	1/4	1	5889						
274	274	1092	1092	2.0	0	0	Chord	4/4	2	1	1/2	1/2	1	5890						
274	274	1094	1094	1.0	1/2	1/2	Chord	4/4	2	1	1/4	1/4	1	5891						
274	274	1095	1095	1.0	3/4	3/4	Chord	4/4	2	1	1/4	1/4	1	5892						
274	274	1092	1092	2.0	0	0	Chord	4/4	3	1	1/2	1/2	1	5893						
274	274	1094	1094	1.0	1/2	1/2	Chord	4/4	3	1	1/4	1/4	1	5894						
274	274	1095	1095	1.0	3/4	3/4	Chord	4/4	3	1	1/4	1/4	1	5895						
274	274	1092	1092	2.0	0	0	Chord	4/4	4	1	1/2	1/2	1	5896						
274	274	1094	1094	1.0	1/2	1/2	Chord	4/4	4	1	1/4	1/4	1	5897						
274	274	1095	1095	1.0	3/4	3/4	Chord	4/4	4	1	1/4	1/4	1	5898						
274	274	1092	1092	2.0	0	0	Chord	4/4	5	1	1/2	1/2	1	5899						
274	274	1094	1094	1.0	1/2	1/2	Chord	4/4	5	1	1/4	1/4	1	5900						
274	274	1095	1095	1.0	3/4	3/4	Chord	4/4	5	1	1/4	1/4	1	5901						
274	274	1092	1092	2.0	0	0	Chord	4/4	5	2	1/2	1/2	1	5902						
274	274	1094	1094	2.0	1/2	1/2	Chord	4/4	5	2	1/2	1/2	1	5903						
274	274	1092	1092	2.0	0	0	Chord	4/4	5	3	1/2	1/2	1	5904						
274	274	1094	1094	2.0	1/2	1/2	Chord	4/4	5	3	1/2	1/2	1	5905						
274	274	1092	1092	2.0	0	0	Chord	4/4	6	1	1/2	1/2	1	5906						
274	274	1094	1094	2.0	1/2	1/2	Chord	4/4	6	1	1/2	1/2	1	5907						
274	274	1092	1092	0.0	0	0	FiguredBass	4/4	7	1	0					1/2	6	5		
274	274	1092	1092	2.0	0	0	Chord	4/4	7	1	1/2	1/2	1	5908						
274	274	1094	1094	1.0	1/2	1/2	Chord	4/4	7	1	1/4	1/4	1	5909						
274	274	1095	1095	1.0	3/4	3/4	Chord	4/4	7	1	1/4	1/4	1	5910						
274	274	1092	1092	2.0	0	0	Chord	4/4	8	1	1/2	1/2	1	5911						
274	274	1094	1094	2.0	1/2	1/2	Chord	4/4	8	1	1/2	1/2	1	5912						
275	275	1096	1096	2.0	0	0	Chord	4/4	1	1	1/2	1/2	1	5913						
275	275	1098	1098	1.0	1/2	1/2	Chord	4/4	1	1	1/4	1/4	1	5914						
275	275	1099	1099	1.0	3/4	3/4	Chord	4/4	1	1	1/4	1/4	1	5915						
275	275	1096	1096	2.0	0	0	Chord	4/4	2	1	1/2	1/2	1	5916						
275	275	1098	1098	1.0	1/2	1/2	Chord	4/4	2	1	1/4	1/4	1	5917						
275	275	1099	1099	1.0	3/4	3/4	Chord	4/4	2	1	1/4	1/4	1	5918						
275	275	1096	1096	2.0	0	0	Chord	4/4	3	1	1/2	1/2	1	5919						
275	275	1098	1098	1.0	1/2	1/2	Chord	4/4	3	1	1/4	1/4	1	5920						
275	275	1099	1099	1.0	3/4	3/4	Chord	4/4	3	1	1/4	1/4	1	5921						
275	275	1096	1096	2.0	0	0	Chord	4/4	4	1	1/2	1/2	1	5922						
275	275	1098	1098	1.0	1/2	1/2	Chord	4/4	4	1	1/4	1/4	1	5923						
275	275	1099	1099	1.0	3/4	3/4	Chord	4/4	4	1	1/4	1/4	1	5924						
275	275	1096	1096	2.0	0	0	Chord	4/4	5	1	1/2	1/2	1	5925						
275	275	1098	1098	2.0	1/2	1/2	Chord	4/4	5	1	1/2	1/2	1	5926						
275	275	1096	1096	2.0	0	0	Chord	4/4	5	2	1/2	1/2	1	5927						
275	275	1098	1098	2.0	1/2	1/2	Chord	4/4	5	2	1/2	1/2	1	5928						
275	275	1096	1096	2.0	0	0	Chord	4/4	5	3	1/2	1/2	1	5929						
275	275	1098	1098	2.0	1/2	1/2	Chord	4/4	5	3	1/2	1/2	1	5930						
275	275	1096	1096	2.0	0	0	Chord	4/4	6	1	1/2	1/2	1	5931						
275	275	1098	1098	2.0	1/2	1/2	Chord	4/4	6	1	1/2	1/2	1	5932						
275	275	1096	1096	2.0	0	0	Chord	4/4	7	1	1/2	1/2	1	5933						
275	275	1098	1098	0.0	1/2	1/2	FiguredBass	4/4	7	1	0					1/4	6	h		
275	275	1098	1098	1.0	1/2	1/2	Chord	4/4	7	1	1/4	1/4	1	5934						
275	275	1099	1099	1.0	3/4	3/4	Chord	4/4	7	1	1/4	1/4	1	5935						
275	275	1096	1096	2.0	0	0	Chord	4/4	8	1	1/2	1/2	1	5936						
275	275	1098	1098	2.0	1/2	1/2	Chord	4/4	8	1	1/2	1/2	1	5937						
276	276	1100	1100	2.0	0	0	Chord	4/4	1	1	1/2	1/2	1	5938						
276	276	1102	1102	2.0	1/2	1/2	Chord	4/4	1	1	1/2	1/2	1	5939						
276	276	1100	1100	2.0	0	0	Chord	4/4	2	1	1/2	1/2	1	5940						
276	276	1102	1102	2.0	1/2	1/2	Chord	4/4	2	1	1/2	1/2	1	5941						
276	276	1100	1100	2.0	0	0	Chord	4/4	3	1	1/2	1/2	1	5942						
276	276	1102	1102	2.0	1/2	1/2	Chord	4/4	3	1	1/2	1/2	1	5943						
276	276	1100	1100	2.0	0	0	Chord	4/4	4	1	1/2	1/2	1	5944						
276	276	1102	1102	2.0	1/2	1/2	Chord	4/4	4	1	1/2	1/2	1	5945						
276	276	1100	1100	2.0	0	0	Chord	4/4	5	1	1/2	1/2	1	5946						
276	276	1102	1102	2.0	1/2	1/2	Chord	4/4	5	1	1/2	1/2	1	5947						
276	276	1100	1100	2.0	0	0	Chord	4/4	5	2	1/2	1/2	1	5948						
276	276	1102	1102	2.0	1/2	1/2	Chord	4/4	5	2	1/2	1/2	1	5949						
276	276	1100	1100	2.0	0	0	Chord	4/4	5	3	1/2	1/2	1	5950						
276	276	1102	1102	2.0	1/2	1/2	Chord	4/4	5	3	1/2	1/2	1	5951						
276	276	1100	1100	2.0	0	0	Chord	4/4	6	1	1/2	1/2	1	5952						
276	276	1102	1102	2.0	1/2	1/2	Chord	4/4	6	1	1/2	1/2	1	5953						
276	276	1100	1100	2.0	0	0	Chord	4/4	7	1	1/2	1/2	1	5954						
276	276	1102	1102	2.0	1/2	1/2	Chord	4/4	7	1	1/2	1/2	1	5955						
276	276	1100	1100	2.0	0	0	Chord	4/4	8	1	1/2	1/2	1	5956						
276	276	1102	1102	2.0	1/2	1/2	Chord	4/4	8	1	1/2	1/2	1	5957						
277	277	1104	1104	4.0	0	0	Chord	4/4	1	1	1	1	1	5958	ornamentTremblement					
277	277	1104	1104	2.0	0	0	Chord	4/4	2	1	1/2	1/2	1	5959						51
277	277	1106	1106	2.0	1/2	1/2	Chord	4/4	2	1	1/2	1/2	1	5960	ornamentTremblement					
277	277	1104	1104	2.0	0	0	Chord	4/4	3	1	1/2	1/2	1	5961						52
277	277	1106	1106	2.0	1/2	1/2	Chord	4/4	3	1	1/2	1/2	1	5962						
277	277	1104	1104	4.0	0	0	Chord	4/4	4	1	1	1	1	5963						
277	277	1104	1104	4.0	0	0	Chord	4/4	5	1	1	1	1	5964	ornamentTremblement					
277	277	1104	1104	2.0	0	0	Chord	4/4	5	2	1/2	1/2	1	5965						
277	277	1106	1106	2.0	1/2	1/2	Chord	4/4	5	2	1/2	1/2	1	5966						
277	277	1104	1104	2.0	0	0	Chord	4/4	5	3	1/2	1/2	1	5967						
277	277	1106	1106	2.0	1/2	1/2	Chord	4/4	5	3	1/2	1/2	1	5968						
277	277	1104	1104	4.0	0	0	Chord	4/4	6	1	1	1	1	5969						
277	277	1104	1104	0.0	0	0	FiguredBass	4/4	7	1	0					1	4			
277	277	1104	1104	4.0	0	0	Chord	4/4	7	1	1	1	1	5970	ornamentTremblement					
277	277	1104	1104	0.0	0	0	FiguredBass	4/4	8	1	0					1	3			
277	277	1104	1104	4.0	0	0	Chord	4/4	8	1	1	1	1	5971						
278	278	1108	1108	2.0	0	0	Chord	4/4	1	1	1/2	1/2	1	5972						
278	278	1110	1110	1.0	1/2	1/2	Chord	4/4	1	1	1/4	1/4	1	5973						
278	278	1111	1111	1.0	3/4	3/4	Chord	4/4	1	1	1/4	1/4	1	5974						
278	278	1108	1108	2.0	0	0	Chord	4/4	2	1	1/2	1/2	1	5975						
278	278	1110	1110	1.0	1/2	1/2	Chord	4/4	2	1	1/4	1/4	1	5976						
278	278	1111	1111	1.0	3/4	3/4	Chord	4/4	2	1	1/4	1/4	1	5977						
278	278	1108	1108	2.0	0	0	Chord	4/4	3	1	1/2	1/2	1	5978						
278	278	1110	1110	1.0	1/2	1/2	Chord	4/4	3	1	1/4	1/4	1	5979						
278	278	1111	1111	1.0	3/4	3/4	Chord	4/4	3	1	1/4	1/4	1	5980						
278	278	1108	1108	2.0	0	0	Chord	4/4	4	1	1/2	1/2	1	5981						
278	278	1110	1110	1.0	1/2	1/2	Chord	4/4	4	1	1/4	1/4	1	5982						
278	278	1111	1111	1.0	3/4	3/4	Chord	4/4	4	1	1/4	1/4	1	5983						
278	278	1108	1108	2.0	0	0	Chord	4/4	5	1	1/2	1/2	1	5984						
278	278	1110	1110	1.0	1/2	1/2	Chord	4/4	5	1	1/4	1/4	1	5985						
278	278	1111	1111	1.0	3/4	3/4	Chord	4/4	5	1	1/4	1/4	1	5986						
278	278	1108	1108	2.0	0	0	Chord	4/4	5	2	1/2	1/2	1	5987						
278	278	1110	1110	2.0	1/2	1/2	Chord	4/4	5	2	1/2	1/2	1	5988						
278	278	1108	1108	2.0	0	0	Chord	4/4	5	3	1/2	1/2	1	5989						
278	278	1110	1110	2.0	1/2	1/2	Chord	4/4	5	3	1/2	1/2	1	5990						
278	278	1108	1108	2.0	0	0	Chord	4/4	6	1	1/2	1/2	1	5991						
278	278	1110	1110	2.0	1/2	1/2	Chord	4/4	6	1	1/2	1/2	1	5992						
278	278	1108	1108	2.0	0	0	Chord	4/4	7	1	1/2	1/2	1	5993						
278	278	1110	1110	1.0	1/2	1/2	Chord	4/4	7	1	1/4	1/4	1	5994						
278	278	1111	1111	1.0	3/4	3/4	Chord	4/4	7	1	1/4	1/4	1	5995						
278	278	1108	1108	2.0	0	0	Chord	4/4	8	1	1/2	1/2	1	5996						
278	278	1110	1110	2.0	1/2	1/2	Chord	4/4	8	1	1/2	1/2	1	5997						
279	279	1112	1112	2.0	0	0	Chord	4/4	1	1	1/2	1/2	1	5998						
279	279	1114	1114	2.0	1/2	1/2	Chord	4/4	1	1	1/2	1/2	1	5999						
279	279	1112	1112	2.0	0	0	Chord	4/4	2	1	1/2	1/2	1	6000						
279	279	1114	1114	2.0	1/2	1/2	Chord	4/4	2	1	1/2	1/2	1	6001						
279	279	1112	1112	2.0	0	0	Chord	4/4	3	1	1/2	1/2	1	6002						
279	279	1114	1114	2.0	1/2	1/2	Chord	4/4	3	1	1/2	1/2	1	6003						
279	279	1112	1112	2.0	0	0	Chord	4/4	4	1	1/2	1/2	1	6004						
279	279	1114	1114	2.0	1/2	1/2	Chord	4/4	4	1	1/2	1/2	1	6005						
279	279	1112	1112	2.0	0	0	Chord	4/4	5	1	1/2	1/2	1	6006						
279	279	1114	1114	2.0	1/2	1/2	Chord	4/4	5	1	1/2	1/2	1	6007						
279	279	1112	1112	2.0	0	0	Chord	4/4	5	2	1/2	1/2	1	6008						
279	279	1114	1114	2.0	1/2	1/2	Chord	4/4	5	2	1/2	1/2	1	6009						
279	279	1112	1112	2.0	0	0	Chord	4/4	5	3	1/2	1/2	1	6010						
279	279	1114	1114	2.0	1/2	1/2	Chord	4/4	5	3	1/2	1/2	1	6011						
279	279	1112	1112	2.0	0	0	Chord	4/4	6	1	1/2	1/2	1	6012						
279	279	1114	1114	2.0	1/2	1/2	Chord	4/4	6	1	1/2	1/2	1	6013						
279	279	1112	1112	0.0	0	0	FiguredBass	4/4	7	1	0					1/2	2			
279	279	1112	1112	2.0	0	0	Chord	4/4	7	1	1/2	1/2	1	6014						
279	279	1114	1114	0.0	1/2	1/2	FiguredBass	4/4	7	1	0					1/2	6			
279	279	1114	1114	2.0	1/2	1/2	Chord	4/4	7	1	1/2	1/2	1	6015						
279	279	1112	1112	2.0	0	0	Chord	4/4	8	1	1/2	1/2	1	6016						
279	279	1114	1114	2.0	1/2	1/2	Chord	4/4	8	1	1/2	1/2	1	6017						
280	280	1116	1116	2.0	0	0	Chord	4/4	1	1	1/2	1/2	1	6018						
280	280	1118	1118	2.0	1/2	1/2	Chord	4/4	1	1	1/2	1/2	1	6019	ornamentTremblement					
280	280	1116	1116	2.0	0	0	Chord	4/4	2	1	1/2	1/2	1	6020						
280	280	1118	1118	2.0	1/2	1/2	Chord	4/4	2	1	1/2	1/2	1	6021						
280	280	1116	1116	2.0	0	0	Chord	4/4	3	1	1/2	1/2	1	6022						
280	280	1118	1118	2.0	1/2	1/2	Chord	4/4	3	1	1/2	1/2	1	6023	ornamentTremblement					
280	280	1116	1116	2.0	0	0	Chord	4/4	4	1	1/2	1/2	1	6024						
280	280	1118	1118	2.0	1/2	1/2	Chord	4/4	4	1	1/2	1/2	1	6025						
280	280	1116	1116	2.0	0	0	Chord	4/4	5	1	1/2	1/2	1	6026						
280	280	1118	1118	2.0	1/2	1/2	Chord	4/4	5	1	1/2	1/2	1	6027	ornamentTremblement					
280	280	1116	1116	2.0	0	0	Chord	4/4	5	2	1/2	1/2	1	6028						
280	280	1118	1118	2.0	1/2	1/2	Chord	4/4	5	2	1/2	1/2	1	6029						
280	280	1116	1116	2.0	0	0	Chord	4/4	5	3	1/2	1/2	1	6030						
280	280	1118	1118	2.0	1/2	1/2	Chord	4/4	5	3	1/2	1/2	1	6031						
280	280	1116	1116	2.0	0	0	Chord	4/4	6	1	1/2	1/2	1	6032						
280	280	1118	1118	2.0	1/2	1/2	Chord	4/4	6	1	1/2	1/2	1	6033						
280	280	1116	1116	0.0	0	0	FiguredBass	4/4	7	1	0					1/2	7			
280	280	1116	1116	2.0	0	0	Chord	4/4	7	1	1/2	1/2	1	6034						
280	280	1118	1118	0.0	1/2	1/2	FiguredBass	4/4	7	1	0					1/2	#			
280	280	1118	1118	2.0	1/2	1/2	Chord	4/4	7	1	1/2	1/2	1	6035	ornamentTremblement					
280	280	1116	1116	2.0	0	0	Chord	4/4	8	1	1/2	1/2	1	6036						
280	280	1118	1118	2.0	1/2	1/2	Chord	4/4	8	1	1/2	1/2	1	6037						
281	281	1120	1120	2.0	0	0	Chord	4/4	1	1	1/2	1/2	1	6038						
281	281	1122	1122	2.0	1/2	1/2	Chord	4/4	1	1	1/2	1/2	1	6039						
281	281	1120	1120	2.0	0	0	Chord	4/4	2	1	1/2	1/2	1	6040						
281	281	1122	1122	2.0	1/2	1/2	Chord	4/4	2	1	1/2	1/2	1	6041						
281	281	1120	1120	2.0	0	0	Chord	4/4	3	1	1/2	1/2	1	6042						
281	281	1122	1122	2.0	1/2	1/2	Chord	4/4	3	1	1/2	1/2	1	6043						
281	281	1120	1120	2.0	0	0	Chord	4/4	4	1	1/2	1/2	1	6044						
281	281	1122	1122	2.0	1/2	1/2	Chord	4/4	4	1	1/2	1/2	1	6045						
281	281	1120	1120	2.0	0	0	Chord	4/4	5	1	1/2	1/2	1	6046						
281	281	1122	1122	2.0	1/2	1/2	Chord	4/4	5	1	1/2	1/2	1	6047						
281	281	1120	1120	2.0	0	0	Chord	4/4	5	2	1/2	1/2	1	6048						
281	281	1122	1122	2.0	1/2	1/2	Chord	4/4	5	2	1/2	1/2	1	6049						
281	281	1120	1120	2.0	0	0	Chord	4/4	5	3	1/2	1/2	1	6050						
281	281	1122	1122	2.0	1/2	1/2	Chord	4/4	5	3	1/2	1/2	1	6051						
281	281	1120	1120	2.0	0	0	Chord	4/4	6	1	1/2	1/2	1	6052						
281	281	1122	1122	2.0	1/2	1/2	Chord	4/4	6	1	1/2	1/2	1	6053						
281	281	1120	1120	2.0	0	0	Chord	4/4	7	1	1/2	1/2	1	6054						
281	281	1122	1122	2.0	1/2	1/2	Chord	4/4	7	1	1/2	1/2	1	6055						
281	281	1120	1120	2.0	0	0	Chord	4/4	8	1	1/2	1/2	1	6056						
281	281	1122	1122	2.0	1/2	1/2	Chord	4/4	8	1	1/2	1/2	1	6057						
282	282	1124	1124	2.0	0	0	Chord	4/4	1	1	1/2	1/2	1	6058						
282	282	1126	1126	1.0	1/2	1/2	Chord	4/4	1	1	1/4	1/4	1	6059						
282	282	1127	1127	1.0	3/4	3/4	Chord	4/4	1	1	1/4	1/4	1	6060						
282	282	1124	1124	2.0	0	0	Chord	4/4	2	1	1/2	1/2	1	6061						
282	282	1126	1126	1.0	1/2	1/2	Chord	4/4	2	1	1/4	1/4	1	6062						
282	282	1127	1127	1.0	3/4	3/4	Chord	4/4	2	1	1/4	1/4	1	6063						
282	282	1124	1124	2.0	0	0	Chord	4/4	3	1	1/2	1/2	1	6064						
282	282	1126	1126	1.0	1/2	1/2	Chord	4/4	3	1	1/4	1/4	1	6065						
282	282	1127	1127	1.0	3/4	3/4	Chord	4/4	3	1	1/4	1/4	1	6066						
282	282	1124	1124	2.0	0	0	Chord	4/4	4	1	1/2	1/2	1	6067						
282	282	1126	1126	1.0	1/2	1/2	Chord	4/4	4	1	1/4	1/4	1	6068						
282	282	1127	1127	1.0	3/4	3/4	Chord	4/4	4	1	1/4	1/4	1	6069						
282	282	1124	1124	2.0	0	0	Chord	4/4	5	1	1/2	1/2	1	6070						
282	282	1126	1126	1.0	1/2	1/2	Chord	4/4	5	1	1/4	1/4	1	6071						
282	282	1127	1127	1.0	3/4	3/4	Chord	4/4	5	1	1/4	1/4	1	6072						
282	282	1124	1124	2.0	0	0	Chord	4/4	5	2	1/2	1/2	1	6073						
282	282	1126	1126	2.0	1/2	1/2	Chord	4/4	5	2	1/2	1/2	1	6074						
282	282	1124	1124	2.0	0	0	Chord	4/4	5	3	1/2	1/2	1	6075						
282	282	1126	1126	2.0	1/2	1/2	Chord	4/4	5	3	1/2	1/2	1	6076						
282	282	1124	1124	2.0	0	0	Chord	4/4	6	1	1/2	1/2	1	6077						
282	282	1126	1126	2.0	1/2	1/2	Chord	4/4	6	1	1/2	1/2	1	6078						
282	282	1124	1124	2.0	0	0	Chord	4/4	7	1	1/2	1/2	1	6079						
282	282	1126	1126	0.0	1/2	1/2	FiguredBass	4/4	7	1	0					1/4	6			
282	282	1126	1126	1.0	1/2	1/2	Chord	4/4	7	1	1/4	1/4	1	6080						
282	282	1127	1127	1.0	3/4	3/4	Chord	4/4	7	1	1/4	1/4	1	6081						
282	282	1124	1124	2.0	0	0	Chord	4/4	8	1	1/2	1/2	1	6082						
282	282	1126	1126	2.0	1/2	1/2	Chord	4/4	8	1	1/2	1/2	1	6083						
283	283	1128	1128	2.0	0	0	Chord	4/4	1	1	1/2	1/2	1	6084						
283	283	1130	1130	1.0	1/2	1/2	Chord	4/4	1	1	1/4	1/4	1	6085						
283	283	1131	1131	1.0	3/4	3/4	Chord	4/4	1	1	1/4	1/4	1	6086						
283	283	1128	1128	2.0	0	0	Chord	4/4	2	1	1/2	1/2	1	6087						
283	283	1130	1130	1.0	1/2	1/2	Chord	4/4	2	1	1/4	1/4	1	6088						
283	283	1131	1131	1.0	3/4	3/4	Chord	4/4	2	1	1/4	1/4	1	6089						
283	283	1128	1128	2.0	0	0	Chord	4/4	3	1	1/2	1/2	1	6090						
283	283	1130	1130	1.0	1/2	1/2	Chord	4/4	3	1	1/4	1/4	1	6091						
283	283	1131	1131	1.0	3/4	3/4	Chord	4/4	3	1	1/4	1/4	1	6092						
283	283	1128	1128	2.0	0	0	Chord	4/4	4	1	1/2	1/2	1	6093						
283	283	1130	1130	1.0	1/2	1/2	Chord	4/4	4	1	1/4	1/4	1	6094						
283	283	1131	1131	1.0	3/4	3/4	Chord	4/4	4	1	1/4	1/4	1	6095						
283	283	1128	1128	2.0	0	0	Chord	4/4	5	1	1/2	1/2	1	6096						
283	283	1130	1130	1.0	1/2	1/2	Chord	4/4	5	1	1/4	1/4	1	6097						
283	283	1131	1131	1.0	3/4	3/4	Chord	4/4	5	1	1/4	1/4	1	6098						
283	283	1128	1128	2.0	0	0	Chord	4/4	5	2	1/2	1/2	1	6099						
283	283	1130	1130	2.0	1/2	1/2	Chord	4/4	5	2	1/2	1/2	1	6100						
283	283	1128	1128	2.0	0	0	Chord	4/4	5	3	1/2	1/2	1	6101						
283	283	1130	1130	2.0	1/2	1/2	Chord	4/4	5	3	1/2	1/2	1	6102						
283	283	1128	1128	2.0	0	0	Chord	4/4	6	1	1/2	1/2	1	6103						
283	283	1130	1130	2.0	1/2	1/2	Chord	4/4	6	1	1/2	1/2	1	6104						
283	283	1128	1128	0.0	0	0	FiguredBass	4/4	7	1	0					1/2	6	5		
283	283	1128	1128	2.0	0	0	Chord	4/4	7	1	1/2	1/2	1	6105						
283	283	1130	1130	1.0	1/2	1/2	Chord	4/4	7	1	1/4	1/4	1	6106						
283	283	1131	1131	1.0	3/4	3/4	Chord	4/4	7	1	1/4	1/4	1	6107						
283	283	1128	1128	2.0	0	0	Chord	4/4	8	1	1/2	1/2	1	6108						
283	283	1130	1130	2.0	1/2	1/2	Chord	4/4	8	1	1/2	1/2	1	6109						
284	284	1132	1132	2.0	0	0	Chord	4/4	1	1	1/2	1/2	1	6110						
284	284	1134	1134	2.0	1/2	1/2	Chord	4/4	1	1	1/2	1/2	1	6111						
284	284	1132	1132	2.0	0	0	Chord	4/4	2	1	1/2	1/2	1	6112						
284	284	1134	1134	2.0	1/2	1/2	Chord	4/4	2	1	1/2	1/2	1	6113						
284	284	1132	1132	2.0	0	0	Chord	4/4	3	1	1/2	1/2	1	6114						
284	284	1134	1134	2.0	1/2	1/2	Chord	4/4	3	1	1/2	1/2	1	6115						
284	284	1132	1132	2.0	0	0	Chord	4/4	4	1	1/2	1/2	1	6116						
284	284	1134	1134	2.0	1/2	1/2	Chord	4/4	4	1	1/2	1/2	1	6117						
284	284	1132	1132	2.0	0	0	Chord	4/4	5	1	1/2	1/2	1	6118						
284	284	1134	1134	2.0	1/2	1/2	Chord	4/4	5	1	1/2	1/2	1	6119						
284	284	1132	1132	2.0	0	0	Chord	4/4	5	2	1/2	1/2	1	6120						
284	284	1134	1134	2.0	1/2	1/2	Chord	4/4	5	2	1/2	1/2	1	6121						
284	284	1132	1132	2.0	0	0	Chord	4/4	5	3	1/2	1/2	1	6122						
284	284	1134	1134	2.0	1/2	1/2	Chord	4/4	5	3	1/2	1/2	1	6123						
284	284	1132	1132	2.0	0	0	Chord	4/4	6	1	1/2	1/2	1	6124						
284	284	1134	1134	2.0	1/2	1/2	Chord	4/4	6	1	1/2	1/2	1	6125						
284	284	1132	1132	2.0	0	0	Chord	4/4	7	1	1/2	1/2	1	6126						
284	284	1134	1134	2.0	1/2	1/2	Chord	4/4	7	1	1/2	1/2	1	6127						
284	284	1132	1132	2.0	0	0	Chord	4/4	8	1	1/2	1/2	1	6128						
284	284	1134	1134	2.0	1/2	1/2	Chord	4/4	8	1	1/2	1/2	1	6129						
285	285	1136	1136	2.0	0	0	Chord	4/4	1	1	1/2	1/2	1	6130						
285	285	1138	1138	2.0	1/2	1/2	Chord	4/4	1	1	1/2	1/2	1	6131						
285	285	1136	1136	2.0	0	0	Chord	4/4	2	1	1/2	1/2	1	6132						
285	285	1138	1138	2.0	1/2	1/2	Chord	4/4	2	1	1/2	1/2	1	6133						
285	285	1136	1136	2.0	0	0	Chord	4/4	3	1	1/2	1/2	1	6134						
285	285	1138	1138	2.0	1/2	1/2	Chord	4/4	3	1	1/2	1/2	1	6135						
285	285	1136	1136	2.0	0	0	Chord	4/4	4	1	1/2	1/2	1	6136						
285	285	1138	1138	2.0	1/2	1/2	Chord	4/4	4	1	1/2	1/2	1	6137						
285	285	1136	1136	2.0	0	0	Chord	4/4	5	1	1/2	1/2	1	6138						
285	285	1138	1138	2.0	1/2	1/2	Chord	4/4	5	1	1/2	1/2	1	6139						
285	285	1136	1136	4.0	0	0	Chord	4/4	5	2	1	1	1	6140						
285	285	1136	1136	2.0	0	0	Chord	4/4	5	3	1/2	1/2	1	6141						
285	285	1138	1138	2.0	1/2	1/2	Chord	4/4	5	3	1/2	1/2	1	6142						
285	285	1136	1136	2.0	0	0	Chord	4/4	6	1	1/2	1/2	1	6143						
285	285	1138	1138	2.0	1/2	1/2	Chord	4/4	6	1	1/2	1/2	1	6144						
285	285	1136	1136	0.0	0	0	FiguredBass	4/4	7	1	0					1/2	5			
285	285	1136	1136	2.0	0	0	Chord	4/4	7	1	1/2	1/2	1	6145						
285	285	1138	1138	2.0	1/2	1/2	Chord	4/4	7	1	1/2	1/2	1	6146						
285	285	1136	1136	2.0	0	0	Chord	4/4	8	1	1/2	1/2	1	6147						
285	285	1138	1138	2.0	1/2	1/2	Chord	4/4	8	1	1/2	1/2	1	6148						
286	286	1140	1140	4.0	0	0	Chord	4/4	1	1	1	1	1	6149	ornamentTremblement					
286	286	1140	1140	2.0	0	0	Chord	4/4	2	1	1/2	1/2	1	6150						53
286	286	1142	1142	2.0	1/2	1/2	Chord	4/4	2	1	1/2	1/2	1	6151	ornamentTremblement					
286	286	1140	1140	2.0	0	0	Chord	4/4	3	1	1/2	1/2	1	6152						54
286	286	1142	1142	2.0	1/2	1/2	Chord	4/4	3	1	1/2	1/2	1	6153						
286	286	1140	1140	4.0	0	0	Chord	4/4	4	1	1	1	1	6154						
286	286	1140	1140	4.0	0	0	Chord	4/4	5	1	1	1	1	6155	ornamentTremblement					
286	286	1140	1140	2.0	0	0	Chord	4/4	5	2	1/2	1/2	1	6156						
286	286	1142	1142	2.0	1/2	1/2	Chord	4/4	5	2	1/2	1/2	1	6157						
286	286	1140	1140	2.0	0	0	Chord	4/4	5	3	1/2	1/2	1	6158						
286	286	1142	1142	2.0	1/2	1/2	Chord	4/4	5	3	1/2	1/2	1	6159						
286	286	1140	1140	4.0	0	0	Chord	4/4	6	1	1	1	1	6160						
286	286	1140	1140	0.0	0	0	FiguredBass	4/4	7	1	0					1	4			
286	286	1140	1140	4.0	0	0	Chord	4/4	7	1	1	1	1	6161	ornamentTremblement					
286	286	1140	1140	0.0	0	0	FiguredBass	4/4	8	1	0					1	3			
286	286	1140	1140	4.0	0	0	Chord	4/4	8	1	1	1	1	6162						
287	287	1144	1144	2.0	0	0	Chord	4/4	1	1	1/2	1/2	1	6163						
287	287	1146	1146	1.0	1/2	1/2	Chord	4/4	1	1	1/4	1/4	1	6164						
287	287	1147	1147	1.0	3/4	3/4	Chord	4/4	1	1	1/4	1/4	1	6165						
287	287	1144	1144	2.0	0	0	Chord	4/4	2	1	1/2	1/2	1	6166						
287	287	1146	1146	1.0	1/2	1/2	Chord	4/4	2	1	1/4	1/4	1	6167						
287	287	1147	1147	1.0	3/4	3/4	Chord	4/4	2	1	1/4	1/4	1	6168						
287	287	1144	1144	2.0	0	0	Chord	4/4	3	1	1/2	1/2	1	6169						
287	287	1146	1146	1.0	1/2	1/2	Chord	4/4	3	1	1/4	1/4	1	6170						
287	287	1147	1147	1.0	3/4	3/4	Chord	4/4	3	1	1/4	1/4	1	6171						
287	287	1144	1144	2.0	0	0	Chord	4/4	4	1	1/2	1/2	1	6172						
287	287	1146	1146	1.0	1/2	1/2	Chord	4/4	4	1	1/4	1/4	1	6173						
287	287	1147	1147	1.0	3/4	3/4	Chord	4/4	4	1	1/4	1/4	1	6174						
287	287	1144	1144	2.0	0	0	Chord	4/4	5	1	1/2	1/2	1	6175						
287	287	1146	1146	1.0	1/2	1/2	Chord	4/4	5	1	1/4	1/4	1	6176						
287	287	1147	1147	1.0	3/4	3/4	Chord	4/4	5	1	1/4	1/4	1	6177						
287	287	1144	1144	2.0	0	0	Chord	4/4	5	2	1/2	1/2	1	6178						
287	287	1146	1146	2.0	1/2	1/2	Chord	4/4	5	2	1/2	1/2	1	6179						
287	287	1144	1144	2.0	0	0	Chord	4/4	5	3	1/2	1/2	1	6180						
287	287	1146	1146	2.0	1/2	1/2	Chord	4/4	5	3	1/2	1/2	1	6181						
287	287	1144	1144	2.0	0	0	Chord	4/4	6	1	1/2	1/2	1	6182						
287	287	1146	1146	2.0	1/2	1/2	Chord	4/4	6	1	1/2	1/2	1	6183						
287	287	1144	1144	2.0	0	0	Chord	4/4	7	1	1/2	1/2	1	6184						
287	287	1146	1146	1.0	1/2	1/2	Chord	4/4	7	1	1/4	1/4	1	6185						
287	287	1147	1147	1.0	3/4	3/4	Chord	4/4	7	1	1/4	1/4	1	6186						
287	287	1144	1144	2.0	0	0	Chord	4/4	8	1	1/2	1/2	1	6187						
287	287	1146	1146	2.0	1/2	1/2	Chord	4/4	8	1	1/2	1/2	1	6188						
288	288	1148	1148	2.0	0	0	Chord	4/4	1	1	1/2	1/2	1	6189						
288	288	1150	1150	2.0	1/2	1/2	Chord	4/4	1	1	1/2	1/2	1	6190						
288	288	1148	1148	2.0	0	0	Chord	4/4	2	1	1/2	1/2	1	6191						
288	288	1150	1150	2.0	1/2	1/2	Chord	4/4	2	1	1/2	1/2	1	6192						
288	288	1148	1148	2.0	0	0	Chord	4/4	3	1	1/2	1/2	1	6193						
288	288	1150	1150	2.0	1/2	1/2	Chord	4/4	3	1	1/2	1/2	1	6194						
288	288	1148	1148	2.0	0	0	Chord	4/4	4	1	1/2	1/2	1	6195						
288	288	1150	1150	2.0	1/2	1/2	Chord	4/4	4	1	1/2	1/2	1	6196						
288	288	1148	1148	2.0	0	0	Chord	4/4	5	1	1/2	1/2	1	6197						
288	288	1150	1150	2.0	1/2	1/2	Chord	4/4	5	1	1/2	1/2	1	6198						
288	288	1148	1148	2.0	0	0	Chord	4/4	5	2	1/2	1/2	1	6199						
288	288	1150	1150	2.0	1/2	1/2	Chord	4/4	5	2	1/2	1/2	1	6200						
288	288	1148	1148	2.0	0	0	Chord	4/4	5	3	1/2	1/2	1	6201						
288	288	1150	1150	2.0	1/2	1/2	Chord	4/4	5	3	1/2	1/2	1	6202						
288	288	1148	1148	2.0	0	0	Chord	4/4	6	1	1/2	1/2	1	6203						
288	288	1150	1150	2.0	1/2	1/2	Chord	4/4	6	1	1/2	1/2	1	6204						
288	288	1148	1148	0.0	0	0	FiguredBass	4/4	7	1	0					1/2	6			
288	288	1148	1148	2.0	0	0	Chord	4/4	7	1	1/2	1/2	1	6205						
288	288	1150	1150	2.0	1/2	1/2	Chord	4/4	7	1	1/2	1/2	1	6206						
288	288	1148	1148	2.0	0	0	Chord	4/4	8	1	1/2	1/2	1	6207						
288	288	1150	1150	2.0	1/2	1/2	Chord	4/4	8	1	1/2	1/2	1	6208						
289	289	1152	1152	2.0	0	0	Chord	4/4	1	1	1/2	1/2	1	6209						
289	289	1154	1154	2.0	1/2	1/2	Chord	4/4	1	1	1/2	1/2	1	6210	ornamentTremblement					
289	289	1152	1152	2.0	0	0	Chord	4/4	2	1	1/2	1/2	1	6211						
289	289	1154	1154	2.0	1/2	1/2	Chord	4/4	2	1	1/2	1/2	1	6212						
289	289	1152	1152	2.0	0	0	Chord	4/4	3	1	1/2	1/2	1	6213						
289	289	1154	1154	2.0	1/2	1/2	Chord	4/4	3	1	1/2	1/2	1	6214	ornamentTremblement					
289	289	1152	1152	2.0	0	0	Chord	4/4	4	1	1/2	1/2	1	6215						
289	289	1154	1154	2.0	1/2	1/2	Chord	4/4	4	1	1/2	1/2	1	6216						
289	289	1152	1152	2.0	0	0	Chord	4/4	5	1	1/2	1/2	1	6217						
289	289	1154	1154	2.0	1/2	1/2	Chord	4/4	5	1	1/2	1/2	1	6218	ornamentTremblement					
289	289	1152	1152	2.0	0	0	Chord	4/4	5	2	1/2	1/2	1	6219						
289	289	1154	1154	2.0	1/2	1/2	Chord	4/4	5	2	1/2	1/2	1	6220						
289	289	1152	1152	4.0	0	0	Chord	4/4	5	3	1	1	1	6221						
289	289	1152	1152	4.0	0	0	Chord	4/4	6	1	1	1	1	6222						
289	289	1152	1152	0.0	0	0	FiguredBass	4/4	7	1	0					1/2	6	4		
289	289	1152	1152	2.0	0	0	Chord	4/4	7	1	1/2	1/2	1	6223						
289	289	1154	1154	0.0	1/2	1/2	FiguredBass	4/4	7	1	0					1/2	5	#		
289	289	1154	1154	2.0	1/2	1/2	Chord	4/4	7	1	1/2	1/2	1	6224	ornamentTremblement					
289	289	1152	1152	4.0	0	0	Chord	4/4	8	1	1	1	1	6225						
290	290	1156	1156	2.0	0	0	Chord	4/4	1	1	1/2	1/2	1	6226						
290	290	1158	1158	2.0	1/2	1/2	Chord	4/4	1	1	1/2	1/2	1	6227						
290	290	1156	1156	2.0	0	0	Chord	4/4	2	1	1/2	1/2	1	6228						
290	290	1158	1158	2.0	1/2	1/2	Chord	4/4	2	1	1/2	1/2	1	6229						
290	290	1156	1156	2.0	0	0	Chord	4/4	3	1	1/2	1/2	1	6230						
290	290	1158	1158	2.0	1/2	1/2	Chord	4/4	3	1	1/2	1/2	1	6231						
290	290	1156	1156	2.0	0	0	Chord	4/4	4	1	1/2	1/2	1	6232						
290	290	1158	1158	2.0	1/2	1/2	Chord	4/4	4	1	1/2	1/2	1	6233						
290	290	1156	1156	2.0	0	0	Chord	4/4	5	1	1/2	1/2	1	6234						
290	290	1158	1158	2.0	1/2	1/2	Chord	4/4	5	1	1/2	1/2	1	6235						
290	290	1156	1156	2.0	0	0	Chord	4/4	5	2	1/2	1/2	1	6236						
290	290	1158	1158	2.0	1/2	1/2	Chord	4/4	5	2	1/2	1/2	1	6237						
290	290	1156	1156	2.0	0	0	Chord	4/4	5	3	1/2	1/2	1	6238						
290	290	1158	1158	2.0	1/2	1/2	Chord	4/4	5	3	1/2	1/2	1	6239						
290	290	1156	1156	2.0	0	0	Chord	4/4	6	1	1/2	1/2	1	6240						
290	290	1158	1158	2.0	1/2	1/2	Chord	4/4	6	1	1/2	1/2	1	6241						
290	290	1156	1156	2.0	0	0	Chord	4/4	7	1	1/2	1/2	1	6242						
290	290	1158	1158	2.0	1/2	1/2	Chord	4/4	7	1	1/2	1/2	1	6243						
290	290	1156	1156	2.0	0	0	Chord	4/4	8	1	1/2	1/2	1	6244						
290	290	1158	1158	2.0	1/2	1/2	Chord	4/4	8	1	1/2	1/2	1	6245						
291	291	1160	1160	2.0	0	0	Chord	4/4	1	1	1/2	1/2	1	6246						
291	291	1162	1162	1.0	1/2	1/2	Chord	4/4	1	1	1/4	1/4	1	6247						
291	291	1163	1163	1.0	3/4	3/4	Chord	4/4	1	1	1/4	1/4	1	6248						
291	291	1160	1160	2.0	0	0	Chord	4/4	2	1	1/2	1/2	1	6249						
291	291	1162	1162	1.0	1/2	1/2	Chord	4/4	2	1	1/4	1/4	1	6250						
291	291	1163	1163	1.0	3/4	3/4	Chord	4/4	2	1	1/4	1/4	1	6251						
291	291	1160	1160	2.0	0	0	Chord	4/4	3	1	1/2	1/2	1	6252						
291	291	1162	1162	1.0	1/2	1/2	Chord	4/4	3	1	1/4	1/4	1	6253						
291	291	1163	1163	1.0	3/4	3/4	Chord	4/4	3	1	1/4	1/4	1	6254						
291	291	1160	1160	2.0	0	0	Chord	4/4	4	1	1/2	1/2	1	6255						
291	291	1162	1162	1.0	1/2	1/2	Chord	4/4	4	1	1/4	1/4	1	6256						
291	291	1163	1163	1.0	3/4	3/4	Chord	4/4	4	1	1/4	1/4	1	6257						
291	291	1160	1160	2.0	0	0	Chord	4/4	5	1	1/2	1/2	1	6258						
291	291	1162	1162	1.0	1/2	1/2	Chord	4/4	5	1	1/4	1/4	1	6259						
291	291	1163	1163	1.0	3/4	3/4	Chord	4/4	5	1	1/4	1/4	1	6260						
291	291	1160	1160	2.0	0	0	Chord	4/4	5	2	1/2	1/2	1	6261						
291	291	1162	1162	2.0	1/2	1/2	Chord	4/4	5	2	1/2	1/2	1	6262						
291	291	1160	1160	2.0	0	0	Chord	4/4	5	3	1/2	1/2	1	6263						
291	291	1162	1162	2.0	1/2	1/2	Chord	4/4	5	3	1/2	1/2	1	6264						
291	291	1160	1160	2.0	0	0	Chord	4/4	6	1	1/2	1/2	1	6265						
291	291	1162	1162	2.0	1/2	1/2	Chord	4/4	6	1	1/2	1/2	1	6266						
291	291	1160	1160	0.0	0	0	FiguredBass	4/4	7	1	0					1/2	5			
291	291	1160	1160	2.0	0	0	Chord	4/4	7	1	1/2	1/2	1	6267						
291	291	1162	1162	0.0	1/2	1/2	FiguredBass	4/4	7	1	0					1/4	7	#		
291	291	1162	1162	1.0	1/2	1/2	Chord	4/4	7	1	1/4	1/4	1	6268						
291	291	1163	1163	1.0	3/4	3/4	Chord	4/4	7	1	1/4	1/4	1	6269						
291	291	1160	1160	2.0	0	0	Chord	4/4	8	1	1/2	1/2	1	6270						
291	291	1162	1162	2.0	1/2	1/2	Chord	4/4	8	1	1/2	1/2	1	6271						
292	292	1164	1164	2.0	0	0	Chord	4/4	1	1	1/2	1/2	1	6272						
292	292	1166	1166	2.0	1/2	1/2	Chord	4/4	1	1	1/2	1/2	1	6273						
292	292	1164	1164	2.0	0	0	Chord	4/4	2	1	1/2	1/2	1	6274						
292	292	1166	1166	2.0	1/2	1/2	Chord	4/4	2	1	1/2	1/2	1	6275						
292	292	1164	1164	2.0	0	0	Chord	4/4	3	1	1/2	1/2	1	6276						
292	292	1166	1166	2.0	1/2	1/2	Chord	4/4	3	1	1/2	1/2	1	6277						
292	292	1164	1164	2.0	0	0	Chord	4/4	4	1	1/2	1/2	1	6278						
292	292	1166	1166	2.0	1/2	1/2	Chord	4/4	4	1	1/2	1/2	1	6279						
292	292	1164	1164	2.0	0	0	Chord	4/4	5	1	1/2	1/2	1	6280						
292	292	1166	1166	2.0	1/2	1/2	Chord	4/4	5	1	1/2	1/2	1	6281						
292	292	1164	1164	2.0	0	0	Chord	4/4	5	2	1/2	1/2	1	6282						
292	292	1166	1166	2.0	1/2	1/2	Chord	4/4	5	2	1/2	1/2	1	6283						
292	292	1164	1164	2.0	0	0	Chord	4/4	5	3	1/2	1/2	1	6284						
292	292	1166	1166	2.0	1/2	1/2	Chord	4/4	5	3	1/2	1/2	1	6285						
292	292	1164	1164	2.0	0	0	Chord	4/4	6	1	1/2	1/2	1	6286						
292	292	1166	1166	2.0	1/2	1/2	Chord	4/4	6	1	1/2	1/2	1	6287						
292	292	1164	1164	2.0	0	0	Chord	4/4	7	1	1/2	1/2	1	6288						
292	292	1166	1166	0.0	1/2	1/2	FiguredBass	4/4	7	1	0					1/2	6	4		
292	292	1166	1166	2.0	1/2	1/2	Chord	4/4	7	1	1/2	1/2	1	6289						
292	292	1164	1164	2.0	0	0	Chord	4/4	8	1	1/2	1/2	1	6290						
292	292	1166	1166	2.0	1/2	1/2	Chord	4/4	8	1	1/2	1/2	1	6291						
293	293	1168	1168	2.0	0	0	Chord	4/4	1	1	1/2	1/2	1	6292						
293	293	1170	1170	2.0	1/2	1/2	Chord	4/4	1	1	1/2	1/2	1	6293						
293	293	1168	1168	2.0	0	0	Chord	4/4	2	1	1/2	1/2	1	6294						
293	293	1170	1170	2.0	1/2	1/2	Chord	4/4	2	1	1/2	1/2	1	6295						
293	293	1168	1168	2.0	0	0	Chord	4/4	3	1	1/2	1/2	1	6296						
293	293	1170	1170	2.0	1/2	1/2	Chord	4/4	3	1	1/2	1/2	1	6297						
293	293	1168	1168	2.0	0	0	Chord	4/4	4	1	1/2	1/2	1	6298						
293	293	1170	1170	2.0	1/2	1/2	Chord	4/4	4	1	1/2	1/2	1	6299						
293	293	1168	1168	2.0	0	0	Chord	4/4	5	1	1/2	1/2	1	6300						
293	293	1170	1170	2.0	1/2	1/2	Chord	4/4	5	1	1/2	1/2	1	6301						
293	293	1168	1168	2.0	0	0	Chord	4/4	5	2	1/2	1/2	1	6302						
293	293	1170	1170	2.0	1/2	1/2	Chord	4/4	5	2	1/2	1/2	1	6303						
293	293	1168	1168	2.0	0	0	Chord	4/4	5	3	1/2	1/2	1	6304						
293	293	1170	1170	2.0	1/2	1/2	Chord	4/4	5	3	1/2	1/2	1	6305						
293	293	1168	1168	2.0	0	0	Chord	4/4	6	1	1/2	1/2	1	6306						
293	293	1170	1170	2.0	1/2	1/2	Chord	4/4	6	1	1/2	1/2	1	6307						
293	293	1168	1168	2.0	0	0	Chord	4/4	7	1	1/2	1/2	1	6308						
293	293	1170	1170	2.0	1/2	1/2	Chord	4/4	7	1	1/2	1/2	1	6309						
293	293	1168	1168	2.0	0	0	Chord	4/4	8	1	1/2	1/2	1	6310						
293	293	1170	1170	2.0	1/2	1/2	Chord	4/4	8	1	1/2	1/2	1	6311						
294	294	1172	1172	2.0	0	0	Chord	4/4	1	1	1/2	1/2	1	6312						
294	294	1174	1174	2.0	1/2	1/2	Chord	4/4	1	1	1/2	1/2	1	6313	ornamentTremblement					
294	294	1172	1172	2.0	0	0	Chord	4/4	2	1	1/2	1/2	1	6314						
294	294	1174	1174	2.0	1/2	1/2	Chord	4/4	2	1	1/2	1/2	1	6315	ornamentTremblement					
294	294	1172	1172	2.0	0	0	Chord	4/4	3	1	1/2	1/2	1	6316						
294	294	1174	1174	2.0	1/2	1/2	Chord	4/4	3	1	1/2	1/2	1	6317						
294	294	1172	1172	2.0	0	0	Chord	4/4	4	1	1/2	1/2	1	6318						
294	294	1174	1174	2.0	1/2	1/2	Chord	4/4	4	1	1/2	1/2	1	6319						
294	294	1172	1172	2.0	0	0	Chord	4/4	5	1	1/2	1/2	1	6320						
294	294	1174	1174	2.0	1/2	1/2	Chord	4/4	5	1	1/2	1/2	1	6321						
294	294	1172	1172	2.0	0	0	Chord	4/4	5	2	1/2	1/2	1	6322						
294	294	1174	1174	2.0	1/2	1/2	Chord	4/4	5	2	1/2	1/2	1	6323						
294	294	1172	1172	2.0	0	0	Chord	4/4	5	3	1/2	1/2	1	6324						
294	294	1174	1174	2.0	1/2	1/2	Chord	4/4	5	3	1/2	1/2	1	6325						
294	294	1172	1172	2.0	0	0	Chord	4/4	6	1	1/2	1/2	1	6326						
294	294	1174	1174	2.0	1/2	1/2	Chord	4/4	6	1	1/2	1/2	1	6327						
294	294	1172	1172	0.0	0	0	FiguredBass	4/4	7	1	0					1/2	6	5		
294	294	1172	1172	2.0	0	0	Chord	4/4	7	1	1/2	1/2	1	6328						
294	294	1174	1174	2.0	1/2	1/2	Chord	4/4	7	1	1/2	1/2	1	6329	ornamentTremblement					
294	294	1172	1172	2.0	0	0	Chord	4/4	8	1	1/2	1/2	1	6330						
294	294	1174	1174	2.0	1/2	1/2	Chord	4/4	8	1	1/2	1/2	1	6331						
295	295	1176	1176	2.0	0	0	Chord	4/4	1	1	1/2	1/2	1	6332						
295	295	1178	1178	1.0	1/2	1/2	Chord	4/4	1	1	1/4	1/4	1	6333						
295	295	1179	1179	1.0	3/4	3/4	Chord	4/4	1	1	1/4	1/4	1	6334						
295	295	1176	1176	2.0	0	0	Chord	4/4	2	1	1/2	1/2	1	6335						
295	295	1178	1178	1.0	1/2	1/2	Chord	4/4	2	1	1/4	1/4	1	6336						
295	295	1179	1179	1.0	3/4	3/4	Chord	4/4	2	1	1/4	1/4	1	6337						
295	295	1176	1176	2.0	0	0	Chord	4/4	3	1	1/2	1/2	1	6338						
295	295	1178	1178	1.0	1/2	1/2	Chord	4/4	3	1	1/4	1/4	1	6339						
295	295	1179	1179	1.0	3/4	3/4	Chord	4/4	3	1	1/4	1/4	1	6340						
295	295	1176	1176	2.0	0	0	Chord	4/4	4	1	1/2	1/2	1	6341						
295	295	1178	1178	1.0	1/2	1/2	Chord	4/4	4	1	1/4	1/4	1	6342						
295	295	1179	1179	1.0	3/4	3/4	Chord	4/4	4	1	1/4	1/4	1	6343						
295	295	1176	1176	2.0	0	0	Chord	4/4	5	1	1/2	1/2	1	6344						
295	295	1178	1178	1.0	1/2	1/2	Chord	4/4	5	1	1/4	1/4	1	6345						
295	295	1179	1179	1.0	3/4	3/4	Chord	4/4	5	1	1/4	1/4	1	6346						
295	295	1176	1176	2.0	0	0	Chord	4/4	5	2	1/2	1/2	1	6347						
295	295	1178	1178	2.0	1/2	1/2	Chord	4/4	5	2	1/2	1/2	1	6348						
295	295	1176	1176	2.0	0	0	Chord	4/4	5	3	1/2	1/2	1	6349						
295	295	1178	1178	2.0	1/2	1/2	Chord	4/4	5	3	1/2	1/2	1	6350						
295	295	1176	1176	2.0	0	0	Chord	4/4	6	1	1/2	1/2	1	6351						
295	295	1178	1178	2.0	1/2	1/2	Chord	4/4	6	1	1/2	1/2	1	6352						
295	295	1176	1176	2.0	0	0	Chord	4/4	7	1	1/2	1/2	1	6353						
295	295	1178	1178	0.0	1/2	1/2	FiguredBass	4/4	7	1	0					1/4	6			
295	295	1178	1178	1.0	1/2	1/2	Chord	4/4	7	1	1/4	1/4	1	6354						
295	295	1179	1179	1.0	3/4	3/4	Chord	4/4	7	1	1/4	1/4	1	6355						
295	295	1176	1176	2.0	0	0	Chord	4/4	8	1	1/2	1/2	1	6356						
295	295	1178	1178	2.0	1/2	1/2	Chord	4/4	8	1	1/2	1/2	1	6357						
296	296	1180	1180	2.0	0	0	Chord	4/4	1	1	1/2	1/2	1	6358						
296	296	1182	1182	2.0	1/2	1/2	Chord	4/4	1	1	1/2	1/2	1	6359						
296	296	1180	1180	2.0	0	0	Chord	4/4	2	1	1/2	1/2	1	6360						
296	296	1182	1182	2.0	1/2	1/2	Chord	4/4	2	1	1/2	1/2	1	6361						
296	296	1180	1180	2.0	0	0	Chord	4/4	3	1	1/2	1/2	1	6362						
296	296	1182	1182	2.0	1/2	1/2	Chord	4/4	3	1	1/2	1/2	1	6363						
296	296	1180	1180	2.0	0	0	Chord	4/4	4	1	1/2	1/2	1	6364						
296	296	1182	1182	2.0	1/2	1/2	Chord	4/4	4	1	1/2	1/2	1	6365						
296	296	1180	1180	2.0	0	0	Chord	4/4	5	1	1/2	1/2	1	6366						
296	296	1182	1182	2.0	1/2	1/2	Chord	4/4	5	1	1/2	1/2	1	6367						
296	296	1180	1180	4.0	0	0	Chord	4/4	5	2	1	1	1	6368						
296	296	1180	1180	4.0	0	0	Chord	4/4	5	3	1	1	1	6369						
296	296	1180	1180	4.0	0	0	Chord	4/4	6	1	1	1	1	6370						
296	296	1180	1180	0.0	0	0	FiguredBass	4/4	7	1	0					1/2	5			
296	296	1180	1180	2.0	0	0	Chord	4/4	7	1	1/2	1/2	1	6371						
296	296	1182	1182	0.0	1/2	1/2	FiguredBass	4/4	7	1	0					1/2	6			
296	296	1182	1182	2.0	1/2	1/2	Chord	4/4	7	1	1/2	1/2	1	6372						
296	296	1180	1180	2.0	0	0	Chord	4/4	8	1	1/2	1/2	1	6373						
296	296	1182	1182	2.0	1/2	1/2	Chord	4/4	8	1	1/2	1/2	1	6374						
297	297	1184	1184	2.0	0	0	Chord	4/4	1	1	1/2	1/2	1	6375						
297	297	1186	1186	2.0	1/2	1/2	Chord	4/4	1	1	1/2	1/2	1	6376	ornamentTremblement					
297	297	1184	1184	2.0	0	0	Chord	4/4	2	1	1/2	1/2	1	6377						
297	297	1186	1186	2.0	1/2	1/2	Chord	4/4	2	1	1/2	1/2	1	6378						
297	297	1184	1184	2.0	0	0	Chord	4/4	3	1	1/2	1/2	1	6379						
297	297	1186	1186	2.0	1/2	1/2	Chord	4/4	3	1	1/2	1/2	1	6380	ornamentTremblement					
297	297	1184	1184	2.0	0	0	Chord	4/4	4	1	1/2	1/2	1	6381						
297	297	1186	1186	2.0	1/2	1/2	Chord	4/4	4	1	1/2	1/2	1	6382						
297	297	1184	1184	2.0	0	0	Chord	4/4	5	1	1/2	1/2	1	6383						
297	297	1186	1186	2.0	1/2	1/2	Chord	4/4	5	1	1/2	1/2	1	6384	ornamentTremblement					
297	297	1184	1184	4.0	0	0	Chord	4/4	5	2	1	1	1	6385						
297	297	1184	1184	2.0	0	0	Chord	4/4	5	3	1/2	1/2	1	6386						
297	297	1186	1186	2.0	1/2	1/2	Chord	4/4	5	3	1/2	1/2	1	6387						
297	297	1184	1184	2.0	0	0	Chord	4/4	6	1	1/2	1/2	1	6388						
297	297	1186	1186	2.0	1/2	1/2	Chord	4/4	6	1	1/2	1/2	1	6389						
297	297	1184	1184	0.0	0	0	FiguredBass	4/4	7	1	0					1/2	6	5	h	
297	297	1184	1184	2.0	0	0	Chord	4/4	7	1	1/2	1/2	1	6390						
297	297	1186	1186	0.0	1/2	1/2	FiguredBass	4/4	7	1	0					1/2	#			
297	297	1186	1186	2.0	1/2	1/2	Chord	4/4	7	1	1/2	1/2	1	6391	ornamentTremblement					
297	297	1184	1184	2.0	0	0	Chord	4/4	8	1	1/2	1/2	1	6392						
297	297	1186	1186	2.0	1/2	1/2	Chord	4/4	8	1	1/2	1/2	1	6393						
298	298	1188	1188	2.0	0	0	Chord	4/4	1	1	1/2	1/2	1	6394						
298	298	1190	1190	2.0	1/2	1/2	Chord	4/4	1	1	1/2	1/2	1	6395						
298	298	1188	1188	2.0	0	0	Chord	4/4	2	1	1/2	1/2	1	6396						
298	298	1190	1190	2.0	1/2	1/2	Chord	4/4	2	1	1/2	1/2	1	6397						
298	298	1188	1188	2.0	0	0	Chord	4/4	3	1	1/2	1/2	1	6398						
298	298	1190	1190	2.0	1/2	1/2	Chord	4/4	3	1	1/2	1/2	1	6399						
298	298	1188	1188	2.0	0	0	Chord	4/4	4	1	1/2	1/2	1	6400						
298	298	1190	1190	2.0	1/2	1/2	Chord	4/4	4	1	1/2	1/2	1	6401						
298	298	1188	1188	2.0	0	0	Chord	4/4	5	1	1/2	1/2	1	6402						
298	298	1190	1190	2.0	1/2	1/2	Chord	4/4	5	1	1/2	1/2	1	6403						
298	298	1188	1188	2.0	0	0	Chord	4/4	5	2	1/2	1/2	1	6404						
298	298	1190	1190	2.0	1/2	1/2	Chord	4/4	5	2	1/2	1/2	1	6405						
298	298	1188	1188	2.0	0	0	Chord	4/4	5	3	1/2	1/2	1	6406						
298	298	1190	1190	2.0	1/2	1/2	Chord	4/4	5	3	1/2	1/2	1	6407						
298	298	1188	1188	2.0	0	0	Chord	4/4	6	1	1/2	1/2	1	6408						
298	298	1190	1190	2.0	1/2	1/2	Chord	4/4	6	1	1/2	1/2	1	6409						
298	298	1188	1188	2.0	0	0	Chord	4/4	7	1	1/2	1/2	1	6410						
298	298	1190	1190	2.0	1/2	1/2	Chord	4/4	7	1	1/2	1/2	1	6411						
298	298	1188	1188	2.0	0	0	Chord	4/4	8	1	1/2	1/2	1	6412						
298	298	1190	1190	2.0	1/2	1/2	Chord	4/4	8	1	1/2	1/2	1	6413						
299	299	1192	1192	2.0	0	0	Chord	4/4	1	1	1/2	1/2	1	6414						
299	299	1194	1194	1.0	1/2	1/2	Chord	4/4	1	1	1/4	1/4	1	6415						
299	299	1195	1195	1.0	3/4	3/4	Chord	4/4	1	1	1/4	1/4	1	6416						
299	299	1192	1192	2.0	0	0	Chord	4/4	2	1	1/2	1/2	1	6417						
299	299	1194	1194	1.0	1/2	1/2	Chord	4/4	2	1	1/4	1/4	1	6418						
299	299	1195	1195	1.0	3/4	3/4	Chord	4/4	2	1	1/4	1/4	1	6419						
299	299	1192	1192	2.0	0	0	Chord	4/4	3	1	1/2	1/2	1	6420						
299	299	1194	1194	1.0	1/2	1/2	Chord	4/4	3	1	1/4	1/4	1	6421						
299	299	1195	1195	1.0	3/4	3/4	Chord	4/4	3	1	1/4	1/4	1	6422						
299	299	1192	1192	2.0	0	0	Chord	4/4	4	1	1/2	1/2	1	6423						
299	299	1194	1194	1.0	1/2	1/2	Chord	4/4	4	1	1/4	1/4	1	6424						
299	299	1195	1195	1.0	3/4	3/4	Chord	4/4	4	1	1/4	1/4	1	6425						
299	299	1192	1192	2.0	0	0	Chord	4/4	5	1	1/2	1/2	1	6426						
299	299	1194	1194	1.0	1/2	1/2	Chord	4/4	5	1	1/4	1/4	1	6427						
299	299	1195	1195	1.0	3/4	3/4	Chord	4/4	5	1	1/4	1/4	1	6428						
299	299	1192	1192	2.0	0	0	Chord	4/4	5	2	1/2	1/2	1	6429						
299	299	1194	1194	2.0	1/2	1/2	Chord	4/4	5	2	1/2	1/2	1	6430						
299	299	1192	1192	2.0	0	0	Chord	4/4	5	3	1/2	1/2	1	6431						
299	299	1194	1194	2.0	1/2	1/2	Chord	4/4	5	3	1/2	1/2	1	6432						
299	299	1192	1192	2.0	0	0	Chord	4/4	6	1	1/2	1/2	1	6433						
299	299	1194	1194	2.0	1/2	1/2	Chord	4/4	6	1	1/2	1/2	1	6434						
299	299	1192	1192	2.0	0	0	Chord	4/4	7	1	1/2	1/2	1	6435						
299	299	1194	1194	0.0	1/2	1/2	FiguredBass	4/4	7	1	0					1/4	2			
299	299	1194	1194	1.0	1/2	1/2	Chord	4/4	7	1	1/4	1/4	1	6436						
299	299	1195	1195	1.0	3/4	3/4	Chord	4/4	7	1	1/4	1/4	1	6437						
299	299	1192	1192	2.0	0	0	Chord	4/4	8	1	1/2	1/2	1	6438						
299	299	1194	1194	2.0	1/2	1/2	Chord	4/4	8	1	1/2	1/2	1	6439						
300	300	1196	1196	2.0	0	0	Chord	4/4	1	1	1/2	1/2	1	6440						
300	300	1198	1198	2.0	1/2	1/2	Chord	4/4	1	1	1/2	1/2	1	6441						
300	300	1196	1196	2.0	0	0	Chord	4/4	2	1	1/2	1/2	1	6442						
300	300	1198	1198	2.0	1/2	1/2	Chord	4/4	2	1	1/2	1/2	1	6443						
300	300	1196	1196	2.0	0	0	Chord	4/4	3	1	1/2	1/2	1	6444						
300	300	1198	1198	2.0	1/2	1/2	Chord	4/4	3	1	1/2	1/2	1	6445						
300	300	1196	1196	2.0	0	0	Chord	4/4	4	1	1/2	1/2	1	6446						
300	300	1198	1198	2.0	1/2	1/2	Chord	4/4	4	1	1/2	1/2	1	6447						
300	300	1196	1196	2.0	0	0	Chord	4/4	5	1	1/2	1/2	1	6448						
300	300	1198	1198	2.0	1/2	1/2	Chord	4/4	5	1	1/2	1/2	1	6449						
300	300	1196	1196	2.0	0	0	Chord	4/4	5	2	1/2	1/2	1	6450						
300	300	1198	1198	2.0	1/2	1/2	Chord	4/4	5	2	1/2	1/2	1	6451						
300	300	1196	1196	2.0	0	0	Chord	4/4	5	3	1/2	1/2	1	6452						
300	300	1198	1198	2.0	1/2	1/2	Chord	4/4	5	3	1/2	1/2	1	6453						
300	300	1196	1196	2.0	0	0	Chord	4/4	6	1	1/2	1/2	1	6454						
300	300	1198	1198	2.0	1/2	1/2	Chord	4/4	6	1	1/2	1/2	1	6455						
300	300	1196	1196	2.0	0	0	Chord	4/4	7	1	1/2	1/2	1	6456						
300	300	1198	1198	0.0	1/2	1/2	FiguredBass	4/4	7	1	0					1/2	4			
300	300	1198	1198	2.0	1/2	1/2	Chord	4/4	7	1	1/2	1/2	1	6457						
300	300	1196	1196	2.0	0	0	Chord	4/4	8	1	1/2	1/2	1	6458						
300	300	1198	1198	2.0	1/2	1/2	Chord	4/4	8	1	1/2	1/2	1	6459						
301	301	1200	1200	2.0	0	0	Chord	4/4	1	1	1/2	1/2	1	6460						
301	301	1202	1202	1.0	1/2	1/2	Chord	4/4	1	1	1/4	1/4	1	6461						
301	301	1203	1203	1.0	3/4	3/4	Chord	4/4	1	1	1/4	1/4	1	6462						
301	301	1200	1200	2.0	0	0	Chord	4/4	2	1	1/2	1/2	1	6463						
301	301	1202	1202	1.0	1/2	1/2	Chord	4/4	2	1	1/4	1/4	1	6464						
301	301	1203	1203	1.0	3/4	3/4	Chord	4/4	2	1	1/4	1/4	1	6465						
301	301	1200	1200	2.0	0	0	Chord	4/4	3	1	1/2	1/2	1	6466						
301	301	1202	1202	1.0	1/2	1/2	Chord	4/4	3	1	1/4	1/4	1	6467						
301	301	1203	1203	1.0	3/4	3/4	Chord	4/4	3	1	1/4	1/4	1	6468						
301	301	1200	1200	2.0	0	0	Chord	4/4	4	1	1/2	1/2	1	6469						
301	301	1202	1202	1.0	1/2	1/2	Chord	4/4	4	1	1/4	1/4	1	6470						
301	301	1203	1203	1.0	3/4	3/4	Chord	4/4	4	1	1/4	1/4	1	6471						
301	301	1200	1200	2.0	0	0	Chord	4/4	5	1	1/2	1/2	1	6472						
301	301	1202	1202	1.0	1/2	1/2	Chord	4/4	5	1	1/4	1/4	1	6473						
301	301	1203	1203	1.0	3/4	3/4	Chord	4/4	5	1	1/4	1/4	1	6474						
301	301	1200	1200	2.0	0	0	Chord	4/4	5	2	1/2	1/2	1	6475						
301	301	1202	1202	2.0	1/2	1/2	Chord	4/4	5	2	1/2	1/2	1	6476						
301	301	1200	1200	2.0	0	0	Chord	4/4	5	3	1/2	1/2	1	6477						
301	301	1202	1202	2.0	1/2	1/2	Chord	4/4	5	3	1/2	1/2	1	6478						
301	301	1200	1200	2.0	0	0	Chord	4/4	6	1	1/2	1/2	1	6479						
301	301	1202	1202	2.0	1/2	1/2	Chord	4/4	6	1	1/2	1/2	1	6480						
301	301	1200	1200	0.0	0	0	FiguredBass	4/4	7	1	0					1/2	6			
301	301	1200	1200	2.0	0	0	Chord	4/4	7	1	1/2	1/2	1	6481						
301	301	1202	1202	1.0	1/2	1/2	Chord	4/4	7	1	1/4	1/4	1	6482						
301	301	1203	1203	1.0	3/4	3/4	Chord	4/4	7	1	1/4	1/4	1	6483						
301	301	1200	1200	2.0	0	0	Chord	4/4	8	1	1/2	1/2	1	6484						
301	301	1202	1202	2.0	1/2	1/2	Chord	4/4	8	1	1/2	1/2	1	6485						
302	302	1204	1204	2.0	0	0	Chord	4/4	1	1	1/2	1/2	1	6486						
302	302	1206	1206	1.0	1/2	1/2	Chord	4/4	1	1	1/4	1/4	1	6487						
302	302	1207	1207	1.0	3/4	3/4	Chord	4/4	1	1	1/4	1/4	1	6488						
302	302	1204	1204	2.0	0	0	Chord	4/4	2	1	1/2	1/2	1	6489						
302	302	1206	1206	1.0	1/2	1/2	Chord	4/4	2	1	1/4	1/4	1	6490						
302	302	1207	1207	1.0	3/4	3/4	Chord	4/4	2	1	1/4	1/4	1	6491						
302	302	1204	1204	2.0	0	0	Chord	4/4	3	1	1/2	1/2	1	6492						
302	302	1206	1206	1.0	1/2	1/2	Chord	4/4	3	1	1/4	1/4	1	6493						
302	302	1207	1207	1.0	3/4	3/4	Chord	4/4	3	1	1/4	1/4	1	6494						
302	302	1204	1204	2.0	0	0	Chord	4/4	4	1	1/2	1/2	1	6495						
302	302	1206	1206	1.0	1/2	1/2	Chord	4/4	4	1	1/4	1/4	1	6496						
302	302	1207	1207	1.0	3/4	3/4	Chord	4/4	4	1	1/4	1/4	1	6497						
302	302	1204	1204	2.0	0	0	Chord	4/4	5	1	1/2	1/2	1	6498						
302	302	1206	1206	1.0	1/2	1/2	Chord	4/4	5	1	1/4	1/4	1	6499						
302	302	1207	1207	1.0	3/4	3/4	Chord	4/4	5	1	1/4	1/4	1	6500						
302	302	1204	1204	2.0	0	0	Chord	4/4	5	2	1/2	1/2	1	6501						
302	302	1206	1206	2.0	1/2	1/2	Chord	4/4	5	2	1/2	1/2	1	6502						
302	302	1204	1204	2.0	0	0	Chord	4/4	5	3	1/2	1/2	1	6503						
302	302	1206	1206	2.0	1/2	1/2	Chord	4/4	5	3	1/2	1/2	1	6504						
302	302	1204	1204	2.0	0	0	Chord	4/4	6	1	1/2	1/2	1	6505						
302	302	1206	1206	2.0	1/2	1/2	Chord	4/4	6	1	1/2	1/2	1	6506						
302	302	1204	1204	2.0	0	0	Chord	4/4	7	1	1/2	1/2	1	6507						
302	302	1206	1206	1.0	1/2	1/2	Chord	4/4	7	1	1/4	1/4	1	6508						
302	302	1207	1207	1.0	3/4	3/4	Chord	4/4	7	1	1/4	1/4	1	6509						
302	302	1204	1204	2.0	0	0	Chord	4/4	8	1	1/2	1/2	1	6510						
302	302	1206	1206	2.0	1/2	1/2	Chord	4/4	8	1	1/2	1/2	1	6511						
303	303	1208	1208	2.0	0	0	Chord	4/4	1	1	1/2	1/2	1	6512						
303	303	1210	1210	2.0	1/2	1/2	Chord	4/4	1	1	1/2	1/2	1	6513						
303	303	1208	1208	2.0	0	0	Chord	4/4	2	1	1/2	1/2	1	6514						
303	303	1210	1210	2.0	1/2	1/2	Chord	4/4	2	1	1/2	1/2	1	6515						
303	303	1208	1208	2.0	0	0	Chord	4/4	3	1	1/2	1/2	1	6516						
303	303	1210	1210	2.0	1/2	1/2	Chord	4/4	3	1	1/2	1/2	1	6517						
303	303	1208	1208	2.0	0	0	Chord	4/4	4	1	1/2	1/2	1	6518						
303	303	1210	1210	2.0	1/2	1/2	Chord	4/4	4	1	1/2	1/2	1	6519						
303	303	1208	1208	2.0	0	0	Chord	4/4	5	1	1/2	1/2	1	6520						
303	303	1210	1210	2.0	1/2	1/2	Chord	4/4	5	1	1/2	1/2	1	6521						
303	303	1208	1208	2.0	0	0	Chord	4/4	5	2	1/2	1/2	1	6522						
303	303	1210	1210	2.0	1/2	1/2	Chord	4/4	5	2	1/2	1/2	1	6523						
303	303	1208	1208	2.0	0	0	Chord	4/4	5	3	1/2	1/2	1	6524						
303	303	1210	1210	2.0	1/2	1/2	Chord	4/4	5	3	1/2	1/2	1	6525						
303	303	1208	1208	2.0	0	0	Chord	4/4	6	1	1/2	1/2	1	6526						
303	303	1210	1210	2.0	1/2	1/2	Chord	4/4	6	1	1/2	1/2	1	6527						
303	303	1208	1208	2.0	0	0	Chord	4/4	7	1	1/2	1/2	1	6528						
303	303	1210	1210	2.0	1/2	1/2	Chord	4/4	7	1	1/2	1/2	1	6529						
303	303	1208	1208	2.0	0	0	Chord	4/4	8	1	1/2	1/2	1	6530						
303	303	1210	1210	2.0	1/2	1/2	Chord	4/4	8	1	1/2	1/2	1	6531						
304	304	1212	1212	2.0	0	0	Chord	4/4	1	1	1/2	1/2	1	6532						
304	304	1214	1214	2.0	1/2	1/2	Chord	4/4	1	1	1/2	1/2	1	6533	ornamentTremblement					
304	304	1212	1212	2.0	0	0	Chord	4/4	2	1	1/2	1/2	1	6534						
304	304	1214	1214	2.0	1/2	1/2	Chord	4/4	2	1	1/2	1/2	1	6535	ornamentTremblement					
304	304	1212	1212	2.0	0	0	Chord	4/4	3	1	1/2	1/2	1	6536						
304	304	1214	1214	1.0	1/2	1/2	Chord	4/4	3	1	1/4	1/4	1	6537						
304	304	1215	1215	1.0	3/4	3/4	Chord	4/4	3	1	1/4	1/4	1	6538						
304	304	1212	1212	2.0	0	0	Chord	4/4	4	1	1/2	1/2	1	6539						
304	304	1214	1214	2.0	1/2	1/2	Chord	4/4	4	1	1/2	1/2	1	6540						
304	304	1212	1212	2.0	0	0	Chord	4/4	5	1	1/2	1/2	1	6541						
304	304	1214	1214	2.0	1/2	1/2	Chord	4/4	5	1	1/2	1/2	1	6542						
304	304	1212	1212	3.0	0	0	Chord	4/4	5	2	3/4	1/2	3/2	6543						
304	304	1215	1215	1.0	3/4	3/4	Chord	4/4	5	2	1/4	1/4	1	6544						
304	304	1212	1212	2.0	0	0	Chord	4/4	5	3	1/2	1/2	1	6545						
304	304	1214	1214	2.0	1/2	1/2	Chord	4/4	5	3	1/2	1/2	1	6546						
304	304	1212	1212	2.0	0	0	Chord	4/4	6	1	1/2	1/2	1	6547						
304	304	1214	1214	2.0	1/2	1/2	Chord	4/4	6	1	1/2	1/2	1	6548						
304	304	1212	1212	0.0	0	0	FiguredBass	4/4	7	1	0					1/2	4			
304	304	1212	1212	2.0	0	0	Chord	4/4	7	1	1/2	1/2	1	6549						
304	304	1214	1214	0.0	1/2	1/2	FiguredBass	4/4	7	1	0					1/2	3			
304	304	1214	1214	2.0	1/2	1/2	Chord	4/4	7	1	1/2	1/2	1	6550	ornamentTremblement					
304	304	1212	1212	2.0	0	0	Chord	4/4	8	1	1/2	1/2	1	6551						
304	304	1214	1214	2.0	1/2	1/2	Chord	4/4	8	1	1/2	1/2	1	6552						
305	305	1216	1216	2.0	0	0	Chord	4/4	1	1	1/2	1/2	1	6553						
305	305	1218	1218	1.0	1/2	1/2	Chord	4/4	1	1	1/4	1/4	1	6554						
305	305	1219	1219	1.0	3/4	3/4	Chord	4/4	1	1	1/4	1/4	1	6555						
305	305	1216	1216	2.0	0	0	Chord	4/4	2	1	1/2	1/2	1	6556						
305	305	1218	1218	1.0	1/2	1/2	Chord	4/4	2	1	1/4	1/4	1	6557						
305	305	1219	1219	1.0	3/4	3/4	Chord	4/4	2	1	1/4	1/4	1	6558						
305	305	1216	1216	2.0	0	0	Chord	4/4	3	1	1/2	1/2	1	6559						
305	305	1218	1218	1.0	1/2	1/2	Chord	4/4	3	1	1/4	1/4	1	6560						
305	305	1219	1219	1.0	3/4	3/4	Chord	4/4	3	1	1/4	1/4	1	6561						
305	305	1216	1216	2.0	0	0	Chord	4/4	4	1	1/2	1/2	1	6562						
305	305	1218	1218	1.0	1/2	1/2	Chord	4/4	4	1	1/4	1/4	1	6563						
305	305	1219	1219	1.0	3/4	3/4	Chord	4/4	4	1	1/4	1/4	1	6564						
305	305	1216	1216	2.0	0	0	Chord	4/4	5	1	1/2	1/2	1	6565						
305	305	1218	1218	1.0	1/2	1/2	Chord	4/4	5	1	1/4	1/4	1	6566						
305	305	1219	1219	1.0	3/4	3/4	Chord	4/4	5	1	1/4	1/4	1	6567						
305	305	1216	1216	2.0	0	0	Chord	4/4	5	2	1/2	1/2	1	6568						
305	305	1218	1218	2.0	1/2	1/2	Chord	4/4	5	2	1/2	1/2	1	6569						
305	305	1216	1216	2.0	0	0	Chord	4/4	5	3	1/2	1/2	1	6570						
305	305	1218	1218	2.0	1/2	1/2	Chord	4/4	5	3	1/2	1/2	1	6571						
305	305	1216	1216	2.0	0	0	Chord	4/4	6	1	1/2	1/2	1	6572						
305	305	1218	1218	2.0	1/2	1/2	Chord	4/4	6	1	1/2	1/2	1	6573						
305	305	1216	1216	2.0	0	0	Chord	4/4	7	1	1/2	1/2	1	6574						
305	305	1218	1218	1.0	1/2	1/2	Chord	4/4	7	1	1/4	1/4	1	6575						
305	305	1219	1219	1.0	3/4	3/4	Chord	4/4	7	1	1/4	1/4	1	6576						
305	305	1216	1216	2.0	0	0	Chord	4/4	8	1	1/2	1/2	1	6577						
305	305	1218	1218	2.0	1/2	1/2	Chord	4/4	8	1	1/2	1/2	1	6578						
306	306	1220	1220	2.0	0	0	Chord	4/4	1	1	1/2	1/2	1	6579						
306	306	1222	1222	2.0	1/2	1/2	Chord	4/4	1	1	1/2	1/2	1	6580						
306	306	1220	1220	2.0	0	0	Chord	4/4	2	1	1/2	1/2	1	6581						
306	306	1222	1222	2.0	1/2	1/2	Chord	4/4	2	1	1/2	1/2	1	6582						
306	306	1220	1220	2.0	0	0	Chord	4/4	3	1	1/2	1/2	1	6583						
306	306	1222	1222	2.0	1/2	1/2	Chord	4/4	3	1	1/2	1/2	1	6584						
306	306	1220	1220	2.0	0	0	Chord	4/4	4	1	1/2	1/2	1	6585						
306	306	1222	1222	2.0	1/2	1/2	Chord	4/4	4	1	1/2	1/2	1	6586						
306	306	1220	1220	2.0	0	0	Chord	4/4	5	1	1/2	1/2	1	6587						
306	306	1222	1222	2.0	1/2	1/2	Chord	4/4	5	1	1/2	1/2	1	6588						
306	306	1220	1220	2.0	0	0	Chord	4/4	5	2	1/2	1/2	1	6589						
306	306	1222	1222	2.0	1/2	1/2	Chord	4/4	5	2	1/2	1/2	1	6590						
306	306	1220	1220	2.0	0	0	Chord	4/4	5	3	1/2	1/2	1	6591						
306	306	1222	1222	2.0	1/2	1/2	Chord	4/4	5	3	1/2	1/2	1	6592						
306	306	1220	1220	2.0	0	0	Chord	4/4	6	1	1/2	1/2	1	6593						
306	306	1222	1222	2.0	1/2	1/2	Chord	4/4	6	1	1/2	1/2	1	6594						
306	306	1220	1220	0.0	0	0	FiguredBass	4/4	7	1	0					1/2	6			
306	306	1220	1220	2.0	0	0	Chord	4/4	7	1	1/2	1/2	1	6595						
306	306	1222	1222	2.0	1/2	1/2	Chord	4/4	7	1	1/2	1/2	1	6596						
306	306	1220	1220	2.0	0	0	Chord	4/4	8	1	1/2	1/2	1	6597						
306	306	1222	1222	2.0	1/2	1/2	Chord	4/4	8	1	1/2	1/2	1	6598						
307	307	1224	1224	2.0	0	0	Chord	4/4	1	1	1/2	1/2	1	6599						
307	307	1226	1226	2.0	1/2	1/2	Chord	4/4	1	1	1/2	1/2	1	6600	ornamentTremblement					
307	307	1224	1224	2.0	0	0	Chord	4/4	2	1	1/2	1/2	1	6601						
307	307	1226	1226	2.0	1/2	1/2	Chord	4/4	2	1	1/2	1/2	1	6602						
307	307	1224	1224	2.0	0	0	Chord	4/4	3	1	1/2	1/2	1	6603						
307	307	1226	1226	2.0	1/2	1/2	Chord	4/4	3	1	1/2	1/2	1	6604	ornamentTremblement					
307	307	1224	1224	2.0	0	0	Chord	4/4	4	1	1/2	1/2	1	6605						
307	307	1226	1226	2.0	1/2	1/2	Chord	4/4	4	1	1/2	1/2	1	6606						
307	307	1224	1224	2.0	0	0	Chord	4/4	5	1	1/2	1/2	1	6607						
307	307	1226	1226	2.0	1/2	1/2	Chord	4/4	5	1	1/2	1/2	1	6608	ornamentTremblement					
307	307	1224	1224	2.0	0	0	Chord	4/4	5	2	1/2	1/2	1	6609						
307	307	1226	1226	2.0	1/2	1/2	Chord	4/4	5	2	1/2	1/2	1	6610						
307	307	1224	1224	2.0	0	0	Chord	4/4	5	3	1/2	1/2	1	6611						
307	307	1226	1226	2.0	1/2	1/2	Chord	4/4	5	3	1/2	1/2	1	6612						
307	307	1224	1224	2.0	0	0	Chord	4/4	6	1	1/2	1/2	1	6613						
307	307	1226	1226	2.0	1/2	1/2	Chord	4/4	6	1	1/2	1/2	1	6614						
307	307	1224	1224	0.0	0	0	FiguredBass	4/4	7	1	0					1/2	7			
307	307	1224	1224	2.0	0	0	Chord	4/4	7	1	1/2	1/2	1	6615						
307	307	1226	1226	0.0	1/2	1/2	FiguredBass	4/4	7	1	0					1/2	#			
307	307	1226	1226	2.0	1/2	1/2	Chord	4/4	7	1	1/2	1/2	1	6616	ornamentTremblement					
307	307	1224	1224	2.0	0	0	Chord	4/4	8	1	1/2	1/2	1	6617						
307	307	1226	1226	2.0	1/2	1/2	Chord	4/4	8	1	1/2	1/2	1	6618						
308	308	1228	1228	2.0	0	0	Chord	4/4	1	1	1/2	1/2	1	6619						
308	308	1230	1230	2.0	1/2	1/2	Chord	4/4	1	1	1/2	1/2	1	6620						
308	308	1228	1228	2.0	0	0	Chord	4/4	2	1	1/2	1/2	1	6621						
308	308	1230	1230	2.0	1/2	1/2	Chord	4/4	2	1	1/2	1/2	1	6622						
308	308	1228	1228	2.0	0	0	Chord	4/4	3	1	1/2	1/2	1	6623						
308	308	1230	1230	2.0	1/2	1/2	Chord	4/4	3	1	1/2	1/2	1	6624						
308	308	1228	1228	2.0	0	0	Chord	4/4	4	1	1/2	1/2	1	6625						
308	308	1230	1230	2.0	1/2	1/2	Chord	4/4	4	1	1/2	1/2	1	6626						
308	308	1228	1228	2.0	0	0	Chord	4/4	5	1	1/2	1/2	1	6627						
308	308	1230	1230	2.0	1/2	1/2	Chord	4/4	5	1	1/2	1/2	1	6628						
308	308	1228	1228	2.0	0	0	Chord	4/4	5	2	1/2	1/2	1	6629						
308	308	1230	1230	2.0	1/2	1/2	Chord	4/4	5	2	1/2	1/2	1	6630						
308	308	1228	1228	2.0	0	0	Chord	4/4	5	3	1/2	1/2	1	6631						
308	308	1230	1230	2.0	1/2	1/2	Chord	4/4	5	3	1/2	1/2	1	6632						
308	308	1228	1228	2.0	0	0	Chord	4/4	6	1	1/2	1/2	1	6633						
308	308	1230	1230	2.0	1/2	1/2	Chord	4/4	6	1	1/2	1/2	1	6634						
308	308	1228	1228	2.0	0	0	Chord	4/4	7	1	1/2	1/2	1	6635						
308	308	1230	1230	2.0	1/2	1/2	Chord	4/4	7	1	1/2	1/2	1	6636						
308	308	1228	1228	2.0	0	0	Chord	4/4	8	1	1/2	1/2	1	6637						
308	308	1230	1230	2.0	1/2	1/2	Chord	4/4	8	1	1/2	1/2	1	6638						
309	309	1232	1232	2.0	0	0	Chord	4/4	1	1	1/2	1/2	1	6639						
309	309	1234	1234	2.0	1/2	1/2	Chord	4/4	1	1	1/2	1/2	1	6640						
309	309	1232	1232	2.0	0	0	Chord	4/4	2	1	1/2	1/2	1	6641						
309	309	1234	1234	2.0	1/2	1/2	Chord	4/4	2	1	1/2	1/2	1	6642						
309	309	1232	1232	2.0	0	0	Chord	4/4	3	1	1/2	1/2	1	6643						
309	309	1234	1234	2.0	1/2	1/2	Chord	4/4	3	1	1/2	1/2	1	6644						
309	309	1232	1232	2.0	0	0	Chord	4/4	4	1	1/2	1/2	1	6645						
309	309	1234	1234	2.0	1/2	1/2	Chord	4/4	4	1	1/2	1/2	1	6646						
309	309	1232	1232	2.0	0	0	Chord	4/4	5	1	1/2	1/2	1	6647						
309	309	1234	1234	2.0	1/2	1/2	Chord	4/4	5	1	1/2	1/2	1	6648						
309	309	1232	1232	2.0	0	0	Chord	4/4	5	2	1/2	1/2	1	6649						
309	309	1234	1234	2.0	1/2	1/2	Chord	4/4	5	2	1/2	1/2	1	6650						
309	309	1232	1232	2.0	0	0	Chord	4/4	5	3	1/2	1/2	1	6651						
309	309	1234	1234	2.0	1/2	1/2	Chord	4/4	5	3	1/2	1/2	1	6652						
309	309	1232	1232	2.0	0	0	Chord	4/4	6	1	1/2	1/2	1	6653						
309	309	1234	1234	2.0	1/2	1/2	Chord	4/4	6	1	1/2	1/2	1	6654						
309	309	1232	1232	0.0	0	0	FiguredBass	4/4	7	1	0					1/2	6			
309	309	1232	1232	2.0	0	0	Chord	4/4	7	1	1/2	1/2	1	6655						
309	309	1234	1234	2.0	1/2	1/2	Chord	4/4	7	1	1/2	1/2	1	6656						
309	309	1232	1232	2.0	0	0	Chord	4/4	8	1	1/2	1/2	1	6657						
309	309	1234	1234	2.0	1/2	1/2	Chord	4/4	8	1	1/2	1/2	1	6658						
310	310	1236	1236	2.0	0	0	Chord	4/4	1	1	1/2	1/2	1	6659						
310	310	1238	1238	2.0	1/2	1/2	Chord	4/4	1	1	1/2	1/2	1	6660						
310	310	1236	1236	2.0	0	0	Chord	4/4	2	1	1/2	1/2	1	6661						
310	310	1238	1238	2.0	1/2	1/2	Chord	4/4	2	1	1/2	1/2	1	6662						
310	310	1236	1236	2.0	0	0	Chord	4/4	3	1	1/2	1/2	1	6663						
310	310	1238	1238	2.0	1/2	1/2	Chord	4/4	3	1	1/2	1/2	1	6664						
310	310	1236	1236	2.0	0	0	Chord	4/4	4	1	1/2	1/2	1	6665						
310	310	1238	1238	2.0	1/2	1/2	Chord	4/4	4	1	1/2	1/2	1	6666						
310	310	1236	1236	2.0	0	0	Chord	4/4	5	1	1/2	1/2	1	6667						
310	310	1238	1238	2.0	1/2	1/2	Chord	4/4	5	1	1/2	1/2	1	6668						
310	310	1236	1236	2.0	0	0	Chord	4/4	5	2	1/2	1/2	1	6669						
310	310	1238	1238	2.0	1/2	1/2	Chord	4/4	5	2	1/2	1/2	1	6670						
310	310	1236	1236	2.0	0	0	Chord	4/4	5	3	1/2	1/2	1	6671						
310	310	1238	1238	2.0	1/2	1/2	Chord	4/4	5	3	1/2	1/2	1	6672						
310	310	1236	1236	2.0	0	0	Chord	4/4	6	1	1/2	1/2	1	6673						
310	310	1238	1238	2.0	1/2	1/2	Chord	4/4	6	1	1/2	1/2	1	6674						
310	310	1236	1236	0.0	0	0	FiguredBass	4/4	7	1	0					1/2	2			
310	310	1236	1236	2.0	0	0	Chord	4/4	7	1	1/2	1/2	1	6675						
310	310	1238	1238	2.0	1/2	1/2	Chord	4/4	7	1	1/2	1/2	1	6676						
310	310	1236	1236	2.0	0	0	Chord	4/4	8	1	1/2	1/2	1	6677						
310	310	1238	1238	2.0	1/2	1/2	Chord	4/4	8	1	1/2	1/2	1	6678						
311	311	1240	1240	2.0	0	0	Chord	4/4	1	1	1/2	1/2	1	6679						
311	311	1242	1242	2.0	1/2	1/2	Chord	4/4	1	1	1/2	1/2	1	6680						
311	311	1240	1240	2.0	0	0	Chord	4/4	2	1	1/2	1/2	1	6681						
311	311	1242	1242	2.0	1/2	1/2	Chord	4/4	2	1	1/2	1/2	1	6682						
311	311	1240	1240	2.0	0	0	Chord	4/4	3	1	1/2	1/2	1	6683						
311	311	1242	1242	2.0	1/2	1/2	Chord	4/4	3	1	1/2	1/2	1	6684						
311	311	1240	1240	2.0	0	0	Chord	4/4	4	1	1/2	1/2	1	6685						
311	311	1242	1242	2.0	1/2	1/2	Chord	4/4	4	1	1/2	1/2	1	6686						
311	311	1240	1240	2.0	0	0	Chord	4/4	5	1	1/2	1/2	1	6687						
311	311	1242	1242	2.0	1/2	1/2	Chord	4/4	5	1	1/2	1/2	1	6688						
311	311	1240	1240	2.0	0	0	Chord	4/4	5	2	1/2	1/2	1	6689						
311	311	1242	1242	2.0	1/2	1/2	Chord	4/4	5	2	1/2	1/2	1	6690						
311	311	1240	1240	2.0	0	0	Chord	4/4	5	3	1/2	1/2	1	6691						
311	311	1242	1242	2.0	1/2	1/2	Chord	4/4	5	3	1/2	1/2	1	6692						
311	311	1240	1240	2.0	0	0	Chord	4/4	6	1	1/2	1/2	1	6693						
311	311	1242	1242	2.0	1/2	1/2	Chord	4/4	6	1	1/2	1/2	1	6694						
311	311	1240	1240	2.0	0	0	Chord	4/4	7	1	1/2	1/2	1	6695						
311	311	1242	1242	0.0	1/2	1/2	FiguredBass	4/4	7	1	0					1/2	6			
311	311	1242	1242	2.0	1/2	1/2	Chord	4/4	7	1	1/2	1/2	1	6696						
311	311	1240	1240	2.0	0	0	Chord	4/4	8	1	1/2	1/2	1	6697						
311	311	1242	1242	2.0	1/2	1/2	Chord	4/4	8	1	1/2	1/2	1	6698						
312	312	1244	1244	2.0	0	0	Chord	4/4	1	1	1/2	1/2	1	6699						
312	312	1246	1246	2.0	1/2	1/2	Chord	4/4	1	1	1/2	1/2	1	6700	ornamentTremblement					
312	312	1244	1244	2.0	0	0	Chord	4/4	2	1	1/2	1/2	1	6701						
312	312	1246	1246	2.0	1/2	1/2	Chord	4/4	2	1	1/2	1/2	1	6702	ornamentTremblement					
312	312	1244	1244	2.0	0	0	Chord	4/4	3	1	1/2	1/2	1	6703						
312	312	1246	1246	1.0	1/2	1/2	Chord	4/4	3	1	1/4	1/4	1	6704						
312	312	1247	1247	1.0	3/4	3/4	Chord	4/4	3	1	1/4	1/4	1	6705						
312	312	1244	1244	2.0	0	0	Chord	4/4	4	1	1/2	1/2	1	6706						
312	312	1246	1246	2.0	1/2	1/2	Chord	4/4	4	1	1/2	1/2	1	6707						
312	312	1244	1244	2.0	0	0	Chord	4/4	5	1	1/2	1/2	1	6708						
312	312	1246	1246	2.0	1/2	1/2	Chord	4/4	5	1	1/2	1/2	1	6709						
312	312	1244	1244	2.0	0	0	Chord	4/4	5	2	1/2	1/2	1	6710						
312	312	1246	1246	1.0	1/2	1/2	Chord	4/4	5	2	1/4	1/4	1	6711						
312	312	1247	1247	1.0	3/4	3/4	Chord	4/4	5	2	1/4	1/4	1	6712						
312	312	1244	1244	2.0	0	0	Chord	4/4	5	3	1/2	1/2	1	6713						
312	312	1246	1246	2.0	1/2	1/2	Chord	4/4	5	3	1/2	1/2	1	6714						
312	312	1244	1244	2.0	0	0	Chord	4/4	6	1	1/2	1/2	1	6715						
312	312	1246	1246	2.0	1/2	1/2	Chord	4/4	6	1	1/2	1/2	1	6716						
312	312	1244	1244	0.0	0	0	FiguredBass	4/4	7	1	0					1/2	6	5		
312	312	1244	1244	2.0	0	0	Chord	4/4	7	1	1/2	1/2	1	6717						
312	312	1246	1246	2.0	1/2	1/2	Chord	4/4	7	1	1/2	1/2	1	6718	ornamentTremblement					
312	312	1244	1244	2.0	0	0	Chord	4/4	8	1	1/2	1/2	1	6719						
312	312	1246	1246	2.0	1/2	1/2	Chord	4/4	8	1	1/2	1/2	1	6720						
313	313	1248	1248	2.0	0	0	Chord	4/4	1	1	1/2	1/2	1	6721						
313	313	1250	1250	1.0	1/2	1/2	Chord	4/4	1	1	1/4	1/4	1	6722						
313	313	1251	1251	1.0	3/4	3/4	Chord	4/4	1	1	1/4	1/4	1	6723						
313	313	1248	1248	2.0	0	0	Chord	4/4	2	1	1/2	1/2	1	6724						
313	313	1250	1250	1.0	1/2	1/2	Chord	4/4	2	1	1/4	1/4	1	6725						
313	313	1251	1251	1.0	3/4	3/4	Chord	4/4	2	1	1/4	1/4	1	6726						
313	313	1248	1248	2.0	0	0	Chord	4/4	3	1	1/2	1/2	1	6727						
313	313	1250	1250	1.0	1/2	1/2	Chord	4/4	3	1	1/4	1/4	1	6728						
313	313	1251	1251	1.0	3/4	3/4	Chord	4/4	3	1	1/4	1/4	1	6729						
313	313	1248	1248	2.0	0	0	Chord	4/4	4	1	1/2	1/2	1	6730						
313	313	1250	1250	1.0	1/2	1/2	Chord	4/4	4	1	1/4	1/4	1	6731						
313	313	1251	1251	1.0	3/4	3/4	Chord	4/4	4	1	1/4	1/4	1	6732						
313	313	1248	1248	2.0	0	0	Chord	4/4	5	1	1/2	1/2	1	6733						
313	313	1250	1250	1.0	1/2	1/2	Chord	4/4	5	1	1/4	1/4	1	6734						
313	313	1251	1251	1.0	3/4	3/4	Chord	4/4	5	1	1/4	1/4	1	6735						
313	313	1248	1248	2.0	0	0	Chord	4/4	5	2	1/2	1/2	1	6736						
313	313	1250	1250	2.0	1/2	1/2	Chord	4/4	5	2	1/2	1/2	1	6737						
313	313	1248	1248	2.0	0	0	Chord	4/4	5	3	1/2	1/2	1	6738						
313	313	1250	1250	2.0	1/2	1/2	Chord	4/4	5	3	1/2	1/2	1	6739						
313	313	1248	1248	2.0	0	0	Chord	4/4	6	1	1/2	1/2	1	6740						
313	313	1250	1250	2.0	1/2	1/2	Chord	4/4	6	1	1/2	1/2	1	6741						
313	313	1248	1248	2.0	0	0	Chord	4/4	7	1	1/2	1/2	1	6742						
313	313	1250	1250	1.0	1/2	1/2	Chord	4/4	7	1	1/4	1/4	1	6743						
313	313	1251	1251	1.0	3/4	3/4	Chord	4/4	7	1	1/4	1/4	1	6744						
313	313	1248	1248	2.0	0	0	Chord	4/4	8	1	1/2	1/2	1	6745						
313	313	1250	1250	2.0	1/2	1/2	Chord	4/4	8	1	1/2	1/2	1	6746						
314	314	1252	1252	2.0	0	0	Chord	4/4	1	1	1/2	1/2	1	6747						
314	314	1254	1254	2.0	1/2	1/2	Chord	4/4	1	1	1/2	1/2	1	6748						
314	314	1252	1252	2.0	0	0	Chord	4/4	2	1	1/2	1/2	1	6749						
314	314	1254	1254	2.0	1/2	1/2	Chord	4/4	2	1	1/2	1/2	1	6750						
314	314	1252	1252	2.0	0	0	Chord	4/4	3	1	1/2	1/2	1	6751						
314	314	1254	1254	2.0	1/2	1/2	Chord	4/4	3	1	1/2	1/2	1	6752						
314	314	1252	1252	2.0	0	0	Chord	4/4	4	1	1/2	1/2	1	6753						
314	314	1254	1254	2.0	1/2	1/2	Chord	4/4	4	1	1/2	1/2	1	6754						
314	314	1252	1252	2.0	0	0	Chord	4/4	5	1	1/2	1/2	1	6755						
314	314	1254	1254	2.0	1/2	1/2	Chord	4/4	5	1	1/2	1/2	1	6756						
314	314	1252	1252	2.0	0	0	Chord	4/4	5	2	1/2	1/2	1	6757						
314	314	1254	1254	2.0	1/2	1/2	Chord	4/4	5	2	1/2	1/2	1	6758						
314	314	1252	1252	2.0	0	0	Chord	4/4	5	3	1/2	1/2	1	6759						
314	314	1254	1254	2.0	1/2	1/2	Chord	4/4	5	3	1/2	1/2	1	6760						
314	314	1252	1252	2.0	0	0	Chord	4/4	6	1	1/2	1/2	1	6761						
314	314	1254	1254	2.0	1/2	1/2	Chord	4/4	6	1	1/2	1/2	1	6762						
314	314	1252	1252	2.0	0	0	Chord	4/4	7	1	1/2	1/2	1	6763						
314	314	1254	1254	2.0	1/2	1/2	Chord	4/4	7	1	1/2	1/2	1	6764						
314	314	1252	1252	2.0	0	0	Chord	4/4	8	1	1/2	1/2	1	6765						
314	314	1254	1254	2.0	1/2	1/2	Chord	4/4	8	1	1/2	1/2	1	6766						
315	315	1256	1256	2.0	0	0	Chord	4/4	1	1	1/2	1/2	1	6767						
315	315	1258	1258	2.0	1/2	1/2	Chord	4/4	1	1	1/2	1/2	1	6768	ornamentTremblement					
315	315	1256	1256	2.0	0	0	Chord	4/4	2	1	1/2	1/2	1	6769						
315	315	1258	1258	2.0	1/2	1/2	Chord	4/4	2	1	1/2	1/2	1	6770						
315	315	1256	1256	2.0	0	0	Chord	4/4	3	1	1/2	1/2	1	6771						
315	315	1258	1258	2.0	1/2	1/2	Chord	4/4	3	1	1/2	1/2	1	6772	ornamentTremblement					
315	315	1256	1256	2.0	0	0	Chord	4/4	4	1	1/2	1/2	1	6773						
315	315	1258	1258	2.0	1/2	1/2	Chord	4/4	4	1	1/2	1/2	1	6774						
315	315	1256	1256	2.0	0	0	Chord	4/4	5	1	1/2	1/2	1	6775						
315	315	1258	1258	2.0	1/2	1/2	Chord	4/4	5	1	1/2	1/2	1	6776	ornamentTremblement					
315	315	1256	1256	4.0	0	0	Chord	4/4	5	2	1	1	1	6777						
315	315	1256	1256	2.0	0	0	Chord	4/4	5	3	1/2	1/2	1	6778						
315	315	1258	1258	2.0	1/2	1/2	Chord	4/4	5	3	1/2	1/2	1	6779						
315	315	1256	1256	2.0	0	0	Chord	4/4	6	1	1/2	1/2	1	6780						
315	315	1258	1258	2.0	1/2	1/2	Chord	4/4	6	1	1/2	1/2	1	6781						
315	315	1256	1256	0.0	0	0	FiguredBass	4/4	7	1	0					1/2	6	5	h	
315	315	1256	1256	2.0	0	0	Chord	4/4	7	1	1/2	1/2	1	6782						
315	315	1258	1258	0.0	1/2	1/2	FiguredBass	4/4	7	1	0					1/2	#			
315	315	1258	1258	2.0	1/2	1/2	Chord	4/4	7	1	1/2	1/2	1	6783	ornamentTremblement					
315	315	1256	1256	2.0	0	0	Chord	4/4	8	1	1/2	1/2	1	6784						
315	315	1258	1258	2.0	1/2	1/2	Chord	4/4	8	1	1/2	1/2	1	6785						
316	316	1260	1260	2.0	0	0	Chord	4/4	1	1	1/2	1/2	1	6786						
316	316	1262	1262	2.0	1/2	1/2	Chord	4/4	1	1	1/2	1/2	1	6787						
316	316	1260	1260	2.0	0	0	Chord	4/4	2	1	1/2	1/2	1	6788						
316	316	1262	1262	2.0	1/2	1/2	Chord	4/4	2	1	1/2	1/2	1	6789						
316	316	1260	1260	2.0	0	0	Chord	4/4	3	1	1/2	1/2	1	6790						
316	316	1262	1262	2.0	1/2	1/2	Chord	4/4	3	1	1/2	1/2	1	6791						
316	316	1260	1260	2.0	0	0	Chord	4/4	4	1	1/2	1/2	1	6792						
316	316	1262	1262	2.0	1/2	1/2	Chord	4/4	4	1	1/2	1/2	1	6793						
316	316	1260	1260	2.0	0	0	Chord	4/4	5	1	1/2	1/2	1	6794						
316	316	1262	1262	2.0	1/2	1/2	Chord	4/4	5	1	1/2	1/2	1	6795						
316	316	1260	1260	2.0	0	0	Chord	4/4	5	2	1/2	1/2	1	6796						
316	316	1262	1262	2.0	1/2	1/2	Chord	4/4	5	2	1/2	1/2	1	6797						
316	316	1260	1260	2.0	0	0	Chord	4/4	5	3	1/2	1/2	1	6798						
316	316	1262	1262	2.0	1/2	1/2	Chord	4/4	5	3	1/2	1/2	1	6799						
316	316	1260	1260	2.0	0	0	Chord	4/4	6	1	1/2	1/2	1	6800						
316	316	1262	1262	2.0	1/2	1/2	Chord	4/4	6	1	1/2	1/2	1	6801						
316	316	1260	1260	2.0	0	0	Chord	4/4	7	1	1/2	1/2	1	6802						
316	316	1262	1262	2.0	1/2	1/2	Chord	4/4	7	1	1/2	1/2	1	6803						
316	316	1260	1260	2.0	0	0	Chord	4/4	8	1	1/2	1/2	1	6804						
316	316	1262	1262	2.0	1/2	1/2	Chord	4/4	8	1	1/2	1/2	1	6805						
317	317	1264	1264	2.0	0	0	Chord	4/4	1	1	1/2	1/2	1	6806						
317	317	1266	1266	2.0	1/2	1/2	Chord	4/4	1	1	1/2	1/2	1	6807						
317	317	1264	1264	2.0	0	0	Chord	4/4	2	1	1/2	1/2	1	6808						
317	317	1266	1266	2.0	1/2	1/2	Chord	4/4	2	1	1/2	1/2	1	6809						
317	317	1264	1264	2.0	0	0	Chord	4/4	3	1	1/2	1/2	1	6810						
317	317	1266	1266	2.0	1/2	1/2	Chord	4/4	3	1	1/2	1/2	1	6811						
317	317	1264	1264	2.0	0	0	Chord	4/4	4	1	1/2	1/2	1	6812						
317	317	1266	1266	2.0	1/2	1/2	Chord	4/4	4	1	1/2	1/2	1	6813						
317	317	1264	1264	2.0	0	0	Chord	4/4	5	1	1/2	1/2	1	6814						
317	317	1266	1266	2.0	1/2	1/2	Chord	4/4	5	1	1/2	1/2	1	6815						
317	317	1264	1264	2.0	0	0	Chord	4/4	5	2	1/2	1/2	1	6816						
317	317	1266	1266	2.0	1/2	1/2	Chord	4/4	5	2	1/2	1/2	1	6817						
317	317	1264	1264	2.0	0	0	Chord	4/4	5	3	1/2	1/2	1	6818						
317	317	1266	1266	2.0	1/2	1/2	Chord	4/4	5	3	1/2	1/2	1	6819						
317	317	1264	1264	2.0	0	0	Chord	4/4	6	1	1/2	1/2	1	6820						
317	317	1266	1266	2.0	1/2	1/2	Chord	4/4	6	1	1/2	1/2	1	6821						
317	317	1264	1264	2.0	0	0	Chord	4/4	7	1	1/2	1/2	1	6822						
317	317	1266	1266	0.0	1/2	1/2	FiguredBass	4/4	7	1	0					1/2	6			
317	317	1266	1266	2.0	1/2	1/2	Chord	4/4	7	1	1/2	1/2	1	6823						
317	317	1264	1264	2.0	0	0	Chord	4/4	8	1	1/2	1/2	1	6824						
317	317	1266	1266	2.0	1/2	1/2	Chord	4/4	8	1	1/2	1/2	1	6825						
318	318	1268	1268	2.0	0	0	Chord	4/4	1	1	1/2	1/2	1	6826						
318	318	1270	1270	1.0	1/2	1/2	Chord	4/4	1	1	1/4	1/4	1	6827						
318	318	1271	1271	1.0	3/4	3/4	Chord	4/4	1	1	1/4	1/4	1	6828						
318	318	1268	1268	1.0	0	0	Chord	4/4	2	1	1/4	1/4	1	6829						55
318	318	1269	1269	1.0	1/4	1/4	Chord	4/4	2	1	1/4	1/4	1	6830						
318	318	1270	1270	1.0	1/2	1/2	Chord	4/4	2	1	1/4	1/4	1	6831						
318	318	1271	1271	1.0	3/4	3/4	Chord	4/4	2	1	1/4	1/4	1	6832						
318	318	1268	1268	2.0	0	0	Chord	4/4	3	1	1/2	1/2	1	6833						
318	318	1270	1270	1.0	1/2	1/2	Chord	4/4	3	1	1/4	1/4	1	6834						
318	318	1271	1271	1.0	3/4	3/4	Chord	4/4	3	1	1/4	1/4	1	6835						
318	318	1268	1268	2.0	0	0	Chord	4/4	4	1	1/2	1/2	1	6836						
318	318	1270	1270	1.0	1/2	1/2	Chord	4/4	4	1	1/4	1/4	1	6837						
318	318	1271	1271	1.0	3/4	3/4	Chord	4/4	4	1	1/4	1/4	1	6838						
318	318	1268	1268	2.0	0	0	Chord	4/4	5	1	1/2	1/2	1	6839						
318	318	1270	1270	1.0	1/2	1/2	Chord	4/4	5	1	1/4	1/4	1	6840						
318	318	1271	1271	1.0	3/4	3/4	Chord	4/4	5	1	1/4	1/4	1	6841						
318	318	1268	1268	2.0	0	0	Chord	4/4	5	2	1/2	1/2	1	6842						
318	318	1270	1270	2.0	1/2	1/2	Chord	4/4	5	2	1/2	1/2	1	6843						
318	318	1268	1268	1.0	0	0	Chord	4/4	5	3	1/4	1/4	1	6844						
318	318	1269	1269	1.0	1/4	1/4	Chord	4/4	5	3	1/4	1/4	1	6845						
318	318	1270	1270	2.0	1/2	1/2	Chord	4/4	5	3	1/2	1/2	1	6846						
318	318	1268	1268	2.0	0	0	Chord	4/4	6	1	1/2	1/2	1	6847						
318	318	1270	1270	2.0	1/2	1/2	Chord	4/4	6	1	1/2	1/2	1	6848						
318	318	1268	1268	0.0	0	0	FiguredBass	4/4	7	1	0					1/2	4			
318	318	1268	1268	2.0	0	0	Chord	4/4	7	1	1/2	1/2	1	6849						
318	318	1270	1270	0.0	1/2	1/2	FiguredBass	4/4	7	1	0					1/4	3			
318	318	1270	1270	1.0	1/2	1/2	Chord	4/4	7	1	1/4	1/4	1	6850						
318	318	1271	1271	1.0	3/4	3/4	Chord	4/4	7	1	1/4	1/4	1	6851						
318	318	1268	1268	2.0	0	0	Chord	4/4	8	1	1/2	1/2	1	6852						
318	318	1270	1270	2.0	1/2	1/2	Chord	4/4	8	1	1/2	1/2	1	6853						
319	319	1272	1272	2.0	0	0	Chord	4/4	1	1	1/2	1/2	1	6854						
319	319	1274	1274	2.0	1/2	1/2	Chord	4/4	1	1	1/2	1/2	1	6855	ornamentTremblement					
319	319	1272	1272	2.0	0	0	Chord	4/4	2	1	1/2	1/2	1	6856						
319	319	1274	1274	2.0	1/2	1/2	Chord	4/4	2	1	1/2	1/2	1	6857	ornamentTremblement					
319	319	1272	1272	2.0	0	0	Chord	4/4	3	1	1/2	1/2	1	6858						
319	319	1274	1274	2.0	1/2	1/2	Chord	4/4	3	1	1/2	1/2	1	6859						
319	319	1272	1272	2.0	0	0	Chord	4/4	4	1	1/2	1/2	1	6860						
319	319	1274	1274	2.0	1/2	1/2	Chord	4/4	4	1	1/2	1/2	1	6861						
319	319	1272	1272	2.0	0	0	Chord	4/4	5	1	1/2	1/2	1	6862						
319	319	1274	1274	2.0	1/2	1/2	Chord	4/4	5	1	1/2	1/2	1	6863						
319	319	1272	1272	2.0	0	0	Chord	4/4	5	2	1/2	1/2	1	6864						
319	319	1274	1274	2.0	1/2	1/2	Chord	4/4	5	2	1/2	1/2	1	6865						
319	319	1272	1272	2.0	0	0	Chord	4/4	5	3	1/2	1/2	1	6866						
319	319	1274	1274	2.0	1/2	1/2	Chord	4/4	5	3	1/2	1/2	1	6867						
319	319	1272	1272	2.0	0	0	Chord	4/4	6	1	1/2	1/2	1	6868						
319	319	1274	1274	2.0	1/2	1/2	Chord	4/4	6	1	1/2	1/2	1	6869						
319	319	1272	1272	0.0	0	0	FiguredBass	4/4	7	1	0					1/2	6	5		
319	319	1272	1272	2.0	0	0	Chord	4/4	7	1	1/2	1/2	1	6870						
319	319	1274	1274	2.0	1/2	1/2	Chord	4/4	7	1	1/2	1/2	1	6871	ornamentTremblement					
319	319	1272	1272	2.0	0	0	Chord	4/4	8	1	1/2	1/2	1	6872						
319	319	1274	1274	2.0	1/2	1/2	Chord	4/4	8	1	1/2	1/2	1	6873						
320	320	1276	1276	2.0	0	0	Chord	4/4	1	1	1/2	1/2	1	6874						
320	320	1278	1278	1.0	1/2	1/2	Chord	4/4	1	1	1/4	1/4	1	6875						
320	320	1279	1279	1.0	3/4	3/4	Chord	4/4	1	1	1/4	1/4	1	6876						
320	320	1276	1276	2.0	0	0	Chord	4/4	2	1	1/2	1/2	1	6877						
320	320	1278	1278	1.0	1/2	1/2	Chord	4/4	2	1	1/4	1/4	1	6878						
320	320	1279	1279	1.0	3/4	3/4	Chord	4/4	2	1	1/4	1/4	1	6879						
320	320	1276	1276	2.0	0	0	Chord	4/4	3	1	1/2	1/2	1	6880						
320	320	1278	1278	1.0	1/2	1/2	Chord	4/4	3	1	1/4	1/4	1	6881						
320	320	1279	1279	1.0	3/4	3/4	Chord	4/4	3	1	1/4	1/4	1	6882						
320	320	1276	1276	2.0	0	0	Chord	4/4	4	1	1/2	1/2	1	6883						
320	320	1278	1278	1.0	1/2	1/2	Chord	4/4	4	1	1/4	1/4	1	6884						
320	320	1279	1279	1.0	3/4	3/4	Chord	4/4	4	1	1/4	1/4	1	6885						
320	320	1276	1276	2.0	0	0	Chord	4/4	5	1	1/2	1/2	1	6886						
320	320	1278	1278	1.0	1/2	1/2	Chord	4/4	5	1	1/4	1/4	1	6887						
320	320	1279	1279	1.0	3/4	3/4	Chord	4/4	5	1	1/4	1/4	1	6888						
320	320	1276	1276	2.0	0	0	Chord	4/4	5	2	1/2	1/2	1	6889						
320	320	1278	1278	2.0	1/2	1/2	Chord	4/4	5	2	1/2	1/2	1	6890						
320	320	1276	1276	2.0	0	0	Chord	4/4	5	3	1/2	1/2	1	6891						
320	320	1278	1278	2.0	1/2	1/2	Chord	4/4	5	3	1/2	1/2	1	6892						
320	320	1276	1276	2.0	0	0	Chord	4/4	6	1	1/2	1/2	1	6893						
320	320	1278	1278	2.0	1/2	1/2	Chord	4/4	6	1	1/2	1/2	1	6894						
320	320	1276	1276	2.0	0	0	Chord	4/4	7	1	1/2	1/2	1	6895						
320	320	1278	1278	0.0	1/2	1/2	FiguredBass	4/4	7	1	0					1/4	2			
320	320	1278	1278	1.0	1/2	1/2	Chord	4/4	7	1	1/4	1/4	1	6896						
320	320	1279	1279	1.0	3/4	3/4	Chord	4/4	7	1	1/4	1/4	1	6897						
320	320	1276	1276	2.0	0	0	Chord	4/4	8	1	1/2	1/2	1	6898						
320	320	1278	1278	2.0	1/2	1/2	Chord	4/4	8	1	1/2	1/2	1	6899						
321	321	1280	1280	2.0	0	0	Chord	4/4	1	1	1/2	1/2	1	6900						
321	321	1282	1282	2.0	1/2	1/2	Chord	4/4	1	1	1/2	1/2	1	6901						
321	321	1280	1280	2.0	0	0	Chord	4/4	2	1	1/2	1/2	1	6902						
321	321	1282	1282	2.0	1/2	1/2	Chord	4/4	2	1	1/2	1/2	1	6903						
321	321	1280	1280	2.0	0	0	Chord	4/4	3	1	1/2	1/2	1	6904						
321	321	1282	1282	2.0	1/2	1/2	Chord	4/4	3	1	1/2	1/2	1	6905						
321	321	1280	1280	2.0	0	0	Chord	4/4	4	1	1/2	1/2	1	6906						
321	321	1282	1282	2.0	1/2	1/2	Chord	4/4	4	1	1/2	1/2	1	6907						
321	321	1280	1280	2.0	0	0	Chord	4/4	5	1	1/2	1/2	1	6908						
321	321	1282	1282	2.0	1/2	1/2	Chord	4/4	5	1	1/2	1/2	1	6909						
321	321	1280	1280	4.0	0	0	Chord	4/4	5	2	1	1	1	6910						
321	321	1280	1280	4.0	0	0	Chord	4/4	5	3	1	1	1	6911						
321	321	1280	1280	2.0	0	0	Chord	4/4	6	1	1/2	1/2	1	6912						
321	321	1282	1282	2.0	1/2	1/2	Chord	4/4	6	1	1/2	1/2	1	6913						
321	321	1280	1280	0.0	0	0	FiguredBass	4/4	7	1	0					1/2	6			
321	321	1280	1280	2.0	0	0	Chord	4/4	7	1	1/2	1/2	1	6914						
321	321	1282	1282	0.0	1/2	1/2	FiguredBass	4/4	7	1	0					1/2	6			
321	321	1282	1282	2.0	1/2	1/2	Chord	4/4	7	1	1/2	1/2	1	6915						
321	321	1280	1280	2.0	0	0	Chord	4/4	8	1	1/2	1/2	1	6916						
321	321	1282	1282	2.0	1/2	1/2	Chord	4/4	8	1	1/2	1/2	1	6917						
322	322	1284	1284	2.0	0	0	Chord	4/4	1	1	1/2	1/2	1	6918						
322	322	1286	1286	2.0	1/2	1/2	Chord	4/4	1	1	1/2	1/2	1	6919	ornamentTremblement					
322	322	1284	1284	2.0	0	0	Chord	4/4	2	1	1/2	1/2	1	6920						
322	322	1286	1286	2.0	1/2	1/2	Chord	4/4	2	1	1/2	1/2	1	6921						
322	322	1284	1284	2.0	0	0	Chord	4/4	3	1	1/2	1/2	1	6922						
322	322	1286	1286	2.0	1/2	1/2	Chord	4/4	3	1	1/2	1/2	1	6923	ornamentTremblement					
322	322	1284	1284	2.0	0	0	Chord	4/4	4	1	1/2	1/2	1	6924						
322	322	1286	1286	2.0	1/2	1/2	Chord	4/4	4	1	1/2	1/2	1	6925						
322	322	1284	1284	2.0	0	0	Chord	4/4	5	1	1/2	1/2	1	6926						
322	322	1286	1286	2.0	1/2	1/2	Chord	4/4	5	1	1/2	1/2	1	6927	ornamentTremblement					
322	322	1284	1284	2.0	0	0	Chord	4/4	5	2	1/2	1/2	1	6928						
322	322	1286	1286	2.0	1/2	1/2	Chord	4/4	5	2	1/2	1/2	1	6929						
322	322	1284	1284	2.0	0	0	Chord	4/4	5	3	1/2	1/2	1	6930						
322	322	1286	1286	2.0	1/2	1/2	Chord	4/4	5	3	1/2	1/2	1	6931						
322	322	1284	1284	2.0	0	0	Chord	4/4	6	1	1/2	1/2	1	6932						
322	322	1286	1286	2.0	1/2	1/2	Chord	4/4	6	1	1/2	1/2	1	6933						
322	322	1284	1284	0.0	0	0	FiguredBass	4/4	7	1	0					1/2	7			
322	322	1284	1284	2.0	0	0	Chord	4/4	7	1	1/2	1/2	1	6934						
322	322	1286	1286	0.0	1/2	1/2	FiguredBass	4/4	7	1	0					1/2	#			
322	322	1286	1286	2.0	1/2	1/2	Chord	4/4	7	1	1/2	1/2	1	6935	ornamentTremblement					
322	322	1284	1284	2.0	0	0	Chord	4/4	8	1	1/2	1/2	1	6936						
322	322	1286	1286	2.0	1/2	1/2	Chord	4/4	8	1	1/2	1/2	1	6937						
323	323	1288	1288	2.0	0	0	Chord	4/4	1	1	1/2	1/2	1	6938						
323	323	1290	1290	2.0	1/2	1/2	Chord	4/4	1	1	1/2	1/2	1	6939						
323	323	1288	1288	2.0	0	0	Chord	4/4	2	1	1/2	1/2	1	6940						
323	323	1290	1290	2.0	1/2	1/2	Chord	4/4	2	1	1/2	1/2	1	6941						
323	323	1288	1288	2.0	0	0	Chord	4/4	3	1	1/2	1/2	1	6942						
323	323	1290	1290	2.0	1/2	1/2	Chord	4/4	3	1	1/2	1/2	1	6943						
323	323	1288	1288	2.0	0	0	Chord	4/4	4	1	1/2	1/2	1	6944						
323	323	1290	1290	2.0	1/2	1/2	Chord	4/4	4	1	1/2	1/2	1	6945						
323	323	1288	1288	2.0	0	0	Chord	4/4	5	1	1/2	1/2	1	6946						
323	323	1290	1290	2.0	1/2	1/2	Chord	4/4	5	1	1/2	1/2	1	6947						
323	323	1288	1288	2.0	0	0	Chord	4/4	5	2	1/2	1/2	1	6948						
323	323	1290	1290	2.0	1/2	1/2	Chord	4/4	5	2	1/2	1/2	1	6949						
323	323	1288	1288	2.0	0	0	Chord	4/4	5	3	1/2	1/2	1	6950						
323	323	1290	1290	2.0	1/2	1/2	Chord	4/4	5	3	1/2	1/2	1	6951						
323	323	1288	1288	2.0	0	0	Chord	4/4	6	1	1/2	1/2	1	6952						
323	323	1290	1290	2.0	1/2	1/2	Chord	4/4	6	1	1/2	1/2	1	6953						
323	323	1288	1288	2.0	0	0	Chord	4/4	7	1	1/2	1/2	1	6954						
323	323	1290	1290	0.0	1/2	1/2	FiguredBass	4/4	7	1	0					1/2	5			
323	323	1290	1290	2.0	1/2	1/2	Chord	4/4	7	1	1/2	1/2	1	6955						
323	323	1288	1288	2.0	0	0	Chord	4/4	8	1	1/2	1/2	1	6956						
323	323	1290	1290	2.0	1/2	1/2	Chord	4/4	8	1	1/2	1/2	1	6957						
324	324	1292	1292	2.0	0	0	Chord	4/4	1	1	1/2	1/2	1	6958						
324	324	1294	1294	2.0	1/2	1/2	Chord	4/4	1	1	1/2	1/2	1	6959						
324	324	1292	1292	2.0	0	0	Chord	4/4	2	1	1/2	1/2	1	6960						
324	324	1294	1294	2.0	1/2	1/2	Chord	4/4	2	1	1/2	1/2	1	6961						
324	324	1292	1292	2.0	0	0	Chord	4/4	3	1	1/2	1/2	1	6962						
324	324	1294	1294	2.0	1/2	1/2	Chord	4/4	3	1	1/2	1/2	1	6963						
324	324	1292	1292	2.0	0	0	Chord	4/4	4	1	1/2	1/2	1	6964						
324	324	1294	1294	2.0	1/2	1/2	Chord	4/4	4	1	1/2	1/2	1	6965						
324	324	1292	1292	2.0	0	0	Chord	4/4	5	1	1/2	1/2	1	6966						
324	324	1294	1294	2.0	1/2	1/2	Chord	4/4	5	1	1/2	1/2	1	6967						
324	324	1292	1292	2.0	0	0	Chord	4/4	5	2	1/2	1/2	1	6968						
324	324	1294	1294	2.0	1/2	1/2	Chord	4/4	5	2	1/2	1/2	1	6969						
324	324	1292	1292	2.0	0	0	Chord	4/4	5	3	1/2	1/2	1	6970						
324	324	1294	1294	2.0	1/2	1/2	Chord	4/4	5	3	1/2	1/2	1	6971						
324	324	1292	1292	2.0	0	0	Chord	4/4	6	1	1/2	1/2	1	6972						
324	324	1294	1294	2.0	1/2	1/2	Chord	4/4	6	1	1/2	1/2	1	6973						
324	324	1292	1292	2.0	0	0	Chord	4/4	7	1	1/2	1/2	1	6974						
324	324	1294	1294	0.0	1/2	1/2	FiguredBass	4/4	7	1	0					1/2	2			
324	324	1294	1294	2.0	1/2	1/2	Chord	4/4	7	1	1/2	1/2	1	6975						
324	324	1292	1292	2.0	0	0	Chord	4/4	8	1	1/2	1/2	1	6976						
324	324	1294	1294	2.0	1/2	1/2	Chord	4/4	8	1	1/2	1/2	1	6977						
325	325	1296	1296	2.0	0	0	Chord	4/4	1	1	1/2	1/2	1	6978						
325	325	1298	1298	1.0	1/2	1/2	Chord	4/4	1	1	1/4	1/4	1	6979						
325	325	1299	1299	1.0	3/4	3/4	Chord	4/4	1	1	1/4	1/4	1	6980						
325	325	1296	1296	2.0	0	0	Chord	4/4	2	1	1/2	1/2	1	6981						
325	325	1298	1298	1.0	1/2	1/2	Chord	4/4	2	1	1/4	1/4	1	6982						
325	325	1299	1299	1.0	3/4	3/4	Chord	4/4	2	1	1/4	1/4	1	6983						
325	325	1296	1296	2.0	0	0	Chord	4/4	3	1	1/2	1/2	1	6984						
325	325	1298	1298	1.0	1/2	1/2	Chord	4/4	3	1	1/4	1/4	1	6985						
325	325	1299	1299	1.0	3/4	3/4	Chord	4/4	3	1	1/4	1/4	1	6986						
325	325	1296	1296	2.0	0	0	Chord	4/4	4	1	1/2	1/2	1	6987						
325	325	1298	1298	1.0	1/2	1/2	Chord	4/4	4	1	1/4	1/4	1	6988						
325	325	1299	1299	1.0	3/4	3/4	Chord	4/4	4	1	1/4	1/4	1	6989						
325	325	1296	1296	2.0	0	0	Chord	4/4	5	1	1/2	1/2	1	6990						
325	325	1298	1298	1.0	1/2	1/2	Chord	4/4	5	1	1/4	1/4	1	6991						
325	325	1299	1299	1.0	3/4	3/4	Chord	4/4	5	1	1/4	1/4	1	6992						
325	325	1296	1296	2.0	0	0	Chord	4/4	5	2	1/2	1/2	1	6993						
325	325	1298	1298	2.0	1/2	1/2	Chord	4/4	5	2	1/2	1/2	1	6994						
325	325	1296	1296	2.0	0	0	Chord	4/4	5	3	1/2	1/2	1	6995						
325	325	1298	1298	2.0	1/2	1/2	Chord	4/4	5	3	1/2	1/2	1	6996						
325	325	1296	1296	2.0	0	0	Chord	4/4	6	1	1/2	1/2	1	6997						
325	325	1298	1298	2.0	1/2	1/2	Chord	4/4	6	1	1/2	1/2	1	6998						
325	325	1296	1296	0.0	0	0	FiguredBass	4/4	7	1	0					1/2	6	5		
325	325	1296	1296	2.0	0	0	Chord	4/4	7	1	1/2	1/2	1	6999						
325	325	1298	1298	1.0	1/2	1/2	Chord	4/4	7	1	1/4	1/4	1	7000						
325	325	1299	1299	1.0	3/4	3/4	Chord	4/4	7	1	1/4	1/4	1	7001						
325	325	1296	1296	2.0	0	0	Chord	4/4	8	1	1/2	1/2	1	7002						
325	325	1298	1298	2.0	1/2	1/2	Chord	4/4	8	1	1/2	1/2	1	7003						
326	326	1300	1300	2.0	0	0	Chord	4/4	1	1	1/2	1/2	1	7004						
326	326	1302	1302	1.0	1/2	1/2	Chord	4/4	1	1	1/4	1/4	1	7005						
326	326	1303	1303	1.0	3/4	3/4	Chord	4/4	1	1	1/4	1/4	1	7006						
326	326	1300	1300	2.0	0	0	Chord	4/4	2	1	1/2	1/2	1	7007						
326	326	1302	1302	1.0	1/2	1/2	Chord	4/4	2	1	1/4	1/4	1	7008						
326	326	1303	1303	1.0	3/4	3/4	Chord	4/4	2	1	1/4	1/4	1	7009						
326	326	1300	1300	2.0	0	0	Chord	4/4	3	1	1/2	1/2	1	7010						
326	326	1302	1302	1.0	1/2	1/2	Chord	4/4	3	1	1/4	1/4	1	7011						
326	326	1303	1303	1.0	3/4	3/4	Chord	4/4	3	1	1/4	1/4	1	7012						
326	326	1300	1300	2.0	0	0	Chord	4/4	4	1	1/2	1/2	1	7013						
326	326	1302	1302	1.0	1/2	1/2	Chord	4/4	4	1	1/4	1/4	1	7014						
326	326	1303	1303	1.0	3/4	3/4	Chord	4/4	4	1	1/4	1/4	1	7015						
326	326	1300	1300	2.0	0	0	Chord	4/4	5	1	1/2	1/2	1	7016						
326	326	1302	1302	1.0	1/2	1/2	Chord	4/4	5	1	1/4	1/4	1	7017						
326	326	1303	1303	1.0	3/4	3/4	Chord	4/4	5	1	1/4	1/4	1	7018						
326	326	1300	1300	2.0	0	0	Chord	4/4	5	2	1/2	1/2	1	7019						
326	326	1302	1302	2.0	1/2	1/2	Chord	4/4	5	2	1/2	1/2	1	7020						
326	326	1300	1300	2.0	0	0	Chord	4/4	5	3	1/2	1/2	1	7021						
326	326	1302	1302	2.0	1/2	1/2	Chord	4/4	5	3	1/2	1/2	1	7022						
326	326	1300	1300	2.0	0	0	Chord	4/4	6	1	1/2	1/2	1	7023						
326	326	1302	1302	2.0	1/2	1/2	Chord	4/4	6	1	1/2	1/2	1	7024						
326	326	1300	1300	2.0	0	0	Chord	4/4	7	1	1/2	1/2	1	7025						
326	326	1302	1302	0.0	1/2	1/2	FiguredBass	4/4	7	1	0					1/4	6			
326	326	1302	1302	1.0	1/2	1/2	Chord	4/4	7	1	1/4	1/4	1	7026						
326	326	1303	1303	1.0	3/4	3/4	Chord	4/4	7	1	1/4	1/4	1	7027						
326	326	1300	1300	2.0	0	0	Chord	4/4	8	1	1/2	1/2	1	7028						
326	326	1302	1302	2.0	1/2	1/2	Chord	4/4	8	1	1/2	1/2	1	7029						
327	327	1304	1304	2.0	0	0	Chord	4/4	1	1	1/2	1/2	1	7030						
327	327	1306	1306	2.0	1/2	1/2	Chord	4/4	1	1	1/2	1/2	1	7031						
327	327	1304	1304	2.0	0	0	Chord	4/4	2	1	1/2	1/2	1	7032						
327	327	1306	1306	2.0	1/2	1/2	Chord	4/4	2	1	1/2	1/2	1	7033						
327	327	1304	1304	2.0	0	0	Chord	4/4	3	1	1/2	1/2	1	7034						
327	327	1306	1306	2.0	1/2	1/2	Chord	4/4	3	1	1/2	1/2	1	7035						
327	327	1304	1304	2.0	0	0	Chord	4/4	4	1	1/2	1/2	1	7036						
327	327	1306	1306	2.0	1/2	1/2	Chord	4/4	4	1	1/2	1/2	1	7037						
327	327	1304	1304	2.0	0	0	Chord	4/4	5	1	1/2	1/2	1	7038						
327	327	1306	1306	2.0	1/2	1/2	Chord	4/4	5	1	1/2	1/2	1	7039						
327	327	1304	1304	2.0	0	0	Chord	4/4	5	2	1/2	1/2	1	7040						
327	327	1306	1306	2.0	1/2	1/2	Chord	4/4	5	2	1/2	1/2	1	7041						
327	327	1304	1304	2.0	0	0	Chord	4/4	5	3	1/2	1/2	1	7042						
327	327	1306	1306	2.0	1/2	1/2	Chord	4/4	5	3	1/2	1/2	1	7043						
327	327	1304	1304	2.0	0	0	Chord	4/4	6	1	1/2	1/2	1	7044						
327	327	1306	1306	2.0	1/2	1/2	Chord	4/4	6	1	1/2	1/2	1	7045						
327	327	1304	1304	0.0	0	0	FiguredBass	4/4	7	1	0					1/2	5			
327	327	1304	1304	2.0	0	0	Chord	4/4	7	1	1/2	1/2	1	7046						
327	327	1306	1306	0.0	1/2	1/2	FiguredBass	4/4	7	1	0					1/2	6			
327	327	1306	1306	2.0	1/2	1/2	Chord	4/4	7	1	1/2	1/2	1	7047						
327	327	1304	1304	2.0	0	0	Chord	4/4	8	1	1/2	1/2	1	7048						
327	327	1306	1306	2.0	1/2	1/2	Chord	4/4	8	1	1/2	1/2	1	7049						
328	328	1308	1308	2.0	0	0	Chord	4/4	1	1	1/2	1/2	1	7050						
328	328	1310	1310	2.0	1/2	1/2	Chord	4/4	1	1	1/2	1/2	1	7051	ornamentTremblement					
328	328	1308	1308	2.0	0	0	Chord	4/4	2	1	1/2	1/2	1	7052						
328	328	1310	1310	2.0	1/2	1/2	Chord	4/4	2	1	1/2	1/2	1	7053						
328	328	1308	1308	2.0	0	0	Chord	4/4	3	1	1/2	1/2	1	7054						
328	328	1310	1310	2.0	1/2	1/2	Chord	4/4	3	1	1/2	1/2	1	7055	ornamentTremblement					
328	328	1308	1308	2.0	0	0	Chord	4/4	4	1	1/2	1/2	1	7056						
328	328	1310	1310	2.0	1/2	1/2	Chord	4/4	4	1	1/2	1/2	1	7057						
328	328	1308	1308	2.0	0	0	Chord	4/4	5	1	1/2	1/2	1	7058						
328	328	1310	1310	2.0	1/2	1/2	Chord	4/4	5	1	1/2	1/2	1	7059	ornamentTremblement					
328	328	1308	1308	2.0	0	0	Chord	4/4	5	2	1/2	1/2	1	7060						
328	328	1310	1310	2.0	1/2	1/2	Chord	4/4	5	2	1/2	1/2	1	7061						
328	328	1308	1308	4.0	0	0	Chord	4/4	5	3	1	1	1	7062						
328	328	1308	1308	4.0	0	0	Chord	4/4	6	1	1	1	1	7063						
328	328	1308	1308	0.0	0	0	FiguredBass	4/4	7	1	0					1/2	6	4		
328	328	1308	1308	2.0	0	0	Chord	4/4	7	1	1/2	1/2	1	7064						
328	328	1310	1310	0.0	1/2	1/2	FiguredBass	4/4	7	1	0					1/2	5	3		
328	328	1310	1310	2.0	1/2	1/2	Chord	4/4	7	1	1/2	1/2	1	7065	ornamentTremblement					
328	328	1308	1308	2.0	0	0	Chord	4/4	8	1	1/2	1/2	1	7066						
328	328	1310	1310	2.0	1/2	1/2	Chord	4/4	8	1	1/2	1/2	1	7067						
329	329	1312	1312	4.0	0	0	Chord	4/4	1	1	1	1	1	7068						
329	329	1312	1312	4.0	0	0	Chord	4/4	2	1	1	1	1	7069						
329	329	1312	1312	4.0	0	0	Chord	4/4	3	1	1	1	1	7070						
329	329	1312	1312	4.0	0	0	Chord	4/4	4	1	1	1	1	7071						
329	329	1312	1312	4.0	0	0	Chord	4/4	5	1	1	1	1	7072						
329	329	1312	1312	4.0	0	0	Chord	4/4	5	2	1	1	1	7073						
329	329	1312	1312	4.0	0	0	Chord	4/4	5	3	1	1	1	7074						
329	329	1312	1312	4.0	0	0	Chord	4/4	5	4	1	1	1	7075						
329	329	1312	1312	4.0	0	0	Chord	4/4	6	1	1	1	1	7076						
329	329	1312	1312	4.0	0	0	Chord	4/4	7	1	1	1	1	7077						
329	329	1312	1312	4.0	0	0	Chord	4/4	8	1	1	1	1	7078						
330	330	1318	1318	2.0	1/2	1/2	Chord	4/4	1	1	1/2	1/2	1	7079						
330	330	1318	1318	2.0	1/2	1/2	Chord	4/4	2	1	1/2	1/2	1	7080						
330	330	1318	1318	2.0	1/2	1/2	Chord	4/4	3	1	1/2	1/2	1	7081						
330	330	1318	1318	2.0	1/2	1/2	Chord	4/4	4	1	1/2	1/2	1	7082						
330	330	1318	1318	2.0	1/2	1/2	Chord	4/4	5	1	1/2	1/2	1	7083						
330	330	1318	1318	2.0	1/2	1/2	Chord	4/4	5	2	1/2	1/2	1	7084						
330	330	1318	1318	2.0	1/2	1/2	Chord	4/4	5	3	1/2	1/2	1	7085						
330	330	1318	1318	2.0	1/2	1/2	Chord	4/4	6	1	1/2	1/2	1	7086						
330	330	1318	1318	2.0	1/2	1/2	Chord	4/4	7	1	1/2	1/2	1	7087						
330	330	1318	1318	2.0	1/2	1/2	Chord	4/4	8	1	1/2	1/2	1	7088						
331	331	1320	1320	2.0	0	0	Chord	4/4	1	1	1/2	1/2	1	7089						
331	331	1322	1322	2.0	1/2	1/2	Chord	4/4	1	1	1/2	1/2	1	7090						
331	331	1320	1320	2.0	0	0	Chord	4/4	2	1	1/2	1/2	1	7091						
331	331	1322	1322	2.0	1/2	1/2	Chord	4/4	2	1	1/2	1/2	1	7092						
331	331	1320	1320	2.0	0	0	Chord	4/4	3	1	1/2	1/2	1	7093						
331	331	1322	1322	2.0	1/2	1/2	Chord	4/4	3	1	1/2	1/2	1	7094						
331	331	1320	1320	2.0	0	0	Chord	4/4	4	1	1/2	1/2	1	7095						
331	331	1322	1322	2.0	1/2	1/2	Chord	4/4	4	1	1/2	1/2	1	7096						
331	331	1320	1320	2.0	0	0	Chord	4/4	5	1	1/2	1/2	1	7097						
331	331	1322	1322	2.0	1/2	1/2	Chord	4/4	5	1	1/2	1/2	1	7098						
331	331	1320	1320	2.0	0	0	Chord	4/4	5	2	1/2	1/2	1	7099						
331	331	1322	1322	2.0	1/2	1/2	Chord	4/4	5	2	1/2	1/2	1	7100						
331	331	1320	1320	2.0	0	0	Chord	4/4	5	3	1/2	1/2	1	7101						
331	331	1322	1322	2.0	1/2	1/2	Chord	4/4	5	3	1/2	1/2	1	7102						
331	331	1320	1320	2.0	0	0	Chord	4/4	6	1	1/2	1/2	1	7103						
331	331	1322	1322	2.0	1/2	1/2	Chord	4/4	6	1	1/2	1/2	1	7104						
331	331	1320	1320	0.0	0	0	FiguredBass	4/4	7	1	0					1/2	6			
331	331	1320	1320	2.0	0	0	Chord	4/4	7	1	1/2	1/2	1	7105						
331	331	1322	1322	0.0	1/2	1/2	FiguredBass	4/4	7	1	0					1/2	7			
331	331	1322	1322	2.0	1/2	1/2	Chord	4/4	7	1	1/2	1/2	1	7106						
331	331	1320	1320	2.0	0	0	Chord	4/4	8	1	1/2	1/2	1	7107						
331	331	1322	1322	2.0	1/2	1/2	Chord	4/4	8	1	1/2	1/2	1	7108						
332	332	1324	1324	2.0	0	0	Chord	4/4	1	1	1/2	1/2	1	7109						
332	332	1326	1326	2.0	1/2	1/2	Chord	4/4	1	1	1/2	1/2	1	7110						
332	332	1324	1324	2.0	0	0	Chord	4/4	2	1	1/2	1/2	1	7111						
332	332	1326	1326	2.0	1/2	1/2	Chord	4/4	2	1	1/2	1/2	1	7112						
332	332	1324	1324	2.0	0	0	Chord	4/4	3	1	1/2	1/2	1	7113						
332	332	1326	1326	2.0	1/2	1/2	Chord	4/4	3	1	1/2	1/2	1	7114						
332	332	1324	1324	2.0	0	0	Chord	4/4	4	1	1/2	1/2	1	7115						
332	332	1326	1326	2.0	1/2	1/2	Chord	4/4	4	1	1/2	1/2	1	7116						
332	332	1324	1324	2.0	0	0	Chord	4/4	5	1	1/2	1/2	1	7117						
332	332	1326	1326	2.0	1/2	1/2	Chord	4/4	5	1	1/2	1/2	1	7118						
332	332	1324	1324	2.0	0	0	Chord	4/4	5	2	1/2	1/2	1	7119						
332	332	1326	1326	2.0	1/2	1/2	Chord	4/4	5	2	1/2	1/2	1	7120						
332	332	1324	1324	2.0	0	0	Chord	4/4	5	3	1/2	1/2	1	7121						
332	332	1326	1326	2.0	1/2	1/2	Chord	4/4	5	3	1/2	1/2	1	7122						
332	332	1324	1324	2.0	0	0	Chord	4/4	6	1	1/2	1/2	1	7123						
332	332	1326	1326	2.0	1/2	1/2	Chord	4/4	6	1	1/2	1/2	1	7124						
332	332	1324	1324	2.0	0	0	Chord	4/4	7	1	1/2	1/2	1	7125						
332	332	1326	1326	0.0	1/2	1/2	FiguredBass	4/4	7	1	0					1/2	6	4	3	
332	332	1326	1326	2.0	1/2	1/2	Chord	4/4	7	1	1/2	1/2	1	7126						
332	332	1324	1324	2.0	0	0	Chord	4/4	8	1	1/2	1/2	1	7127						
332	332	1326	1326	2.0	1/2	1/2	Chord	4/4	8	1	1/2	1/2	1	7128						
333	333	1328	1328	2.0	0	0	Chord	4/4	1	1	1/2	1/2	1	7129						
333	333	1330	1330	1.0	1/2	1/2	Chord	4/4	1	1	1/4	1/4	1	7130						
333	333	1331	1331	1.0	3/4	3/4	Chord	4/4	1	1	1/4	1/4	1	7131						
333	333	1328	1328	2.0	0	0	Chord	4/4	2	1	1/2	1/2	1	7132						
333	333	1330	1330	1.0	1/2	1/2	Chord	4/4	2	1	1/4	1/4	1	7133						
333	333	1331	1331	1.0	3/4	3/4	Chord	4/4	2	1	1/4	1/4	1	7134						
333	333	1328	1328	2.0	0	0	Chord	4/4	3	1	1/2	1/2	1	7135						
333	333	1330	1330	1.0	1/2	1/2	Chord	4/4	3	1	1/4	1/4	1	7136						
333	333	1331	1331	1.0	3/4	3/4	Chord	4/4	3	1	1/4	1/4	1	7137						
333	333	1328	1328	2.0	0	0	Chord	4/4	4	1	1/2	1/2	1	7138						
333	333	1330	1330	1.0	1/2	1/2	Chord	4/4	4	1	1/4	1/4	1	7139						
333	333	1331	1331	1.0	3/4	3/4	Chord	4/4	4	1	1/4	1/4	1	7140						
333	333	1328	1328	2.0	0	0	Chord	4/4	5	1	1/2	1/2	1	7141						
333	333	1330	1330	1.0	1/2	1/2	Chord	4/4	5	1	1/4	1/4	1	7142						
333	333	1331	1331	1.0	3/4	3/4	Chord	4/4	5	1	1/4	1/4	1	7143						
333	333	1328	1328	2.0	0	0	Chord	4/4	5	2	1/2	1/2	1	7144						
333	333	1330	1330	2.0	1/2	1/2	Chord	4/4	5	2	1/2	1/2	1	7145						
333	333	1328	1328	2.0	0	0	Chord	4/4	5	3	1/2	1/2	1	7146						
333	333	1330	1330	2.0	1/2	1/2	Chord	4/4	5	3	1/2	1/2	1	7147						
333	333	1328	1328	2.0	0	0	Chord	4/4	6	1	1/2	1/2	1	7148						
333	333	1330	1330	2.0	1/2	1/2	Chord	4/4	6	1	1/2	1/2	1	7149						
333	333	1328	1328	2.0	0	0	Chord	4/4	7	1	1/2	1/2	1	7150						
333	333	1330	1330	0.0	1/2	1/2	FiguredBass	4/4	7	1	0					1/4	6	h		
333	333	1330	1330	1.0	1/2	1/2	Chord	4/4	7	1	1/4	1/4	1	7151						
333	333	1331	1331	1.0	3/4	3/4	Chord	4/4	7	1	1/4	1/4	1	7152						
333	333	1328	1328	2.0	0	0	Chord	4/4	8	1	1/2	1/2	1	7153						
333	333	1330	1330	2.0	1/2	1/2	Chord	4/4	8	1	1/2	1/2	1	7154						
334	334	1332	1332	4.0	0	0	Chord	4/4	1	1	1	1	1	7155						
334	334	1332	1332	2.0	0	0	Chord	4/4	2	1	1/2	1/2	1	7156						56
334	334	1334	1334	2.0	1/2	1/2	Chord	4/4	2	1	1/2	1/2	1	7157						
334	334	1332	1332	2.0	0	0	Chord	4/4	3	1	1/2	1/2	1	7158						
334	334	1334	1334	2.0	1/2	1/2	Chord	4/4	3	1	1/2	1/2	1	7159						
334	334	1332	1332	2.0	0	0	Chord	4/4	4	1	1/2	1/2	1	7160						57
334	334	1334	1334	2.0	1/2	1/2	Chord	4/4	4	1	1/2	1/2	1	7161						
334	334	1332	1332	4.0	0	0	Chord	4/4	5	1	1	1	1	7162						
334	334	1332	1332	2.0	0	0	Chord	4/4	5	2	1/2	1/2	1	7163						
334	334	1334	1334	2.0	1/2	1/2	Chord	4/4	5	2	1/2	1/2	1	7164						
334	334	1332	1332	2.0	0	0	Chord	4/4	5	3	1/2	1/2	1	7165						
334	334	1334	1334	2.0	1/2	1/2	Chord	4/4	5	3	1/2	1/2	1	7166						
334	334	1332	1332	2.0	0	0	Chord	4/4	6	1	1/2	1/2	1	7167						
334	334	1334	1334	2.0	1/2	1/2	Chord	4/4	6	1	1/2	1/2	1	7168						
334	334	1332	1332	4.0	0	0	Chord	4/4	7	1	1	1	1	7169						
334	334	1332	1332	0.0	0	0	FiguredBass	4/4	8	1	0					1/2	7	#		
334	334	1332	1332	2.0	0	0	Chord	4/4	8	1	1/2	1/2	1	7170						
334	334	1334	1334	2.0	1/2	1/2	Chord	4/4	8	1	1/2	1/2	1	7171						
335	335	1336	1336	2.0	0	0	Chord	4/4	1	1	1/2	1/2	1	7172						
335	335	1338	1338	2.0	1/2	1/2	Chord	4/4	1	1	1/2	1/2	1	7173						
335	335	1336	1336	2.0	0	0	Chord	4/4	2	1	1/2	1/2	1	7174						
335	335	1338	1338	2.0	1/2	1/2	Chord	4/4	2	1	1/2	1/2	1	7175						
335	335	1336	1336	2.0	0	0	Chord	4/4	3	1	1/2	1/2	1	7176						
335	335	1338	1338	2.0	1/2	1/2	Chord	4/4	3	1	1/2	1/2	1	7177						
335	335	1336	1336	2.0	0	0	Chord	4/4	4	1	1/2	1/2	1	7178						
335	335	1338	1338	2.0	1/2	1/2	Chord	4/4	4	1	1/2	1/2	1	7179						
335	335	1336	1336	2.0	0	0	Chord	4/4	5	1	1/2	1/2	1	7180						
335	335	1338	1338	2.0	1/2	1/2	Chord	4/4	5	1	1/2	1/2	1	7181						
335	335	1336	1336	2.0	0	0	Chord	4/4	5	2	1/2	1/2	1	7182						
335	335	1338	1338	2.0	1/2	1/2	Chord	4/4	5	2	1/2	1/2	1	7183						
335	335	1336	1336	2.0	0	0	Chord	4/4	5	3	1/2	1/2	1	7184						
335	335	1338	1338	2.0	1/2	1/2	Chord	4/4	5	3	1/2	1/2	1	7185						
335	335	1336	1336	2.0	0	0	Chord	4/4	6	1	1/2	1/2	1	7186						
335	335	1338	1338	2.0	1/2	1/2	Chord	4/4	6	1	1/2	1/2	1	7187						
335	335	1336	1336	2.0	0	0	Chord	4/4	7	1	1/2	1/2	1	7188						
335	335	1338	1338	2.0	1/2	1/2	Chord	4/4	7	1	1/2	1/2	1	7189						
335	335	1336	1336	2.0	0	0	Chord	4/4	8	1	1/2	1/2	1	7190						
335	335	1338	1338	2.0	1/2	1/2	Chord	4/4	8	1	1/2	1/2	1	7191						
336	336	1340	1340	2.0	0	0	Chord	4/4	1	1	1/2	1/2	1	7192						
336	336	1342	1342	1.0	1/2	1/2	Chord	4/4	1	1	1/4	1/4	1	7193						
336	336	1343	1343	1.0	3/4	3/4	Chord	4/4	1	1	1/4	1/4	1	7194						
336	336	1340	1340	2.0	0	0	Chord	4/4	2	1	1/2	1/2	1	7195						
336	336	1342	1342	1.0	1/2	1/2	Chord	4/4	2	1	1/4	1/4	1	7196						
336	336	1343	1343	1.0	3/4	3/4	Chord	4/4	2	1	1/4	1/4	1	7197						
336	336	1340	1340	2.0	0	0	Chord	4/4	3	1	1/2	1/2	1	7198						
336	336	1342	1342	1.0	1/2	1/2	Chord	4/4	3	1	1/4	1/4	1	7199						
336	336	1343	1343	1.0	3/4	3/4	Chord	4/4	3	1	1/4	1/4	1	7200						
336	336	1340	1340	2.0	0	0	Chord	4/4	4	1	1/2	1/2	1	7201						
336	336	1342	1342	1.0	1/2	1/2	Chord	4/4	4	1	1/4	1/4	1	7202						
336	336	1343	1343	1.0	3/4	3/4	Chord	4/4	4	1	1/4	1/4	1	7203						
336	336	1340	1340	2.0	0	0	Chord	4/4	5	1	1/2	1/2	1	7204						
336	336	1342	1342	1.0	1/2	1/2	Chord	4/4	5	1	1/4	1/4	1	7205						
336	336	1343	1343	1.0	3/4	3/4	Chord	4/4	5	1	1/4	1/4	1	7206						
336	336	1340	1340	2.0	0	0	Chord	4/4	5	2	1/2	1/2	1	7207						
336	336	1342	1342	2.0	1/2	1/2	Chord	4/4	5	2	1/2	1/2	1	7208						
336	336	1340	1340	2.0	0	0	Chord	4/4	5	3	1/2	1/2	1	7209						
336	336	1342	1342	2.0	1/2	1/2	Chord	4/4	5	3	1/2	1/2	1	7210						
336	336	1340	1340	2.0	0	0	Chord	4/4	6	1	1/2	1/2	1	7211						
336	336	1342	1342	2.0	1/2	1/2	Chord	4/4	6	1	1/2	1/2	1	7212						
336	336	1340	1340	0.0	0	0	FiguredBass	4/4	7	1	0					1/2	7	#		
336	336	1340	1340	2.0	0	0	Chord	4/4	7	1	1/2	1/2	1	7213						
336	336	1342	1342	1.0	1/2	1/2	Chord	4/4	7	1	1/4	1/4	1	7214						
336	336	1343	1343	1.0	3/4	3/4	Chord	4/4	7	1	1/4	1/4	1	7215						
336	336	1340	1340	2.0	0	0	Chord	4/4	8	1	1/2	1/2	1	7216						
336	336	1342	1342	2.0	1/2	1/2	Chord	4/4	8	1	1/2	1/2	1	7217						
337	337	1344	1344	2.0	0	0	Chord	4/4	1	1	1/2	1/2	1	7218						
337	337	1346	1346	2.0	1/2	1/2	Chord	4/4	1	1	1/2	1/2	1	7219	ornamentTremblement					
337	337	1344	1344	2.0	0	0	Chord	4/4	2	1	1/2	1/2	1	7220						
337	337	1346	1346	2.0	1/2	1/2	Chord	4/4	2	1	1/2	1/2	1	7221						
337	337	1344	1344	2.0	0	0	Chord	4/4	3	1	1/2	1/2	1	7222						
337	337	1346	1346	2.0	1/2	1/2	Chord	4/4	3	1	1/2	1/2	1	7223	ornamentTremblement					
337	337	1344	1344	2.0	0	0	Chord	4/4	4	1	1/2	1/2	1	7224						
337	337	1346	1346	2.0	1/2	1/2	Chord	4/4	4	1	1/2	1/2	1	7225						
337	337	1344	1344	2.0	0	0	Chord	4/4	5	1	1/2	1/2	1	7226						
337	337	1346	1346	2.0	1/2	1/2	Chord	4/4	5	1	1/2	1/2	1	7227	ornamentTremblement					
337	337	1344	1344	2.0	0	0	Chord	4/4	5	2	1/2	1/2	1	7228						
337	337	1346	1346	2.0	1/2	1/2	Chord	4/4	5	2	1/2	1/2	1	7229						
337	337	1344	1344	4.0	0	0	Chord	4/4	5	3	1	1	1	7230						
337	337	1344	1344	4.0	0	0	Chord	4/4	6	1	1	1	1	7231						
337	337	1344	1344	0.0	0	0	FiguredBass	4/4	7	1	0					1/2	6	4		
337	337	1344	1344	2.0	0	0	Chord	4/4	7	1	1/2	1/2	1	7232						
337	337	1346	1346	0.0	1/2	1/2	FiguredBass	4/4	7	1	0					1/2	5	#		
337	337	1346	1346	2.0	1/2	1/2	Chord	4/4	7	1	1/2	1/2	1	7233	ornamentTremblement					
337	337	1344	1344	2.0	0	0	Chord	4/4	8	1	1/2	1/2	1	7234						
337	337	1346	1346	2.0	1/2	1/2	Chord	4/4	8	1	1/2	1/2	1	7235						
338	338	1348	1348	2.0	0	0	Chord	4/4	1	1	1/2	1/2	1	7236						
338	338	1350	1350	2.0	1/2	1/2	Chord	4/4	1	1	1/2	1/2	1	7237						
338	338	1348	1348	2.0	0	0	Chord	4/4	2	1	1/2	1/2	1	7238						
338	338	1350	1350	2.0	1/2	1/2	Chord	4/4	2	1	1/2	1/2	1	7239						
338	338	1348	1348	2.0	0	0	Chord	4/4	3	1	1/2	1/2	1	7240						
338	338	1350	1350	2.0	1/2	1/2	Chord	4/4	3	1	1/2	1/2	1	7241						
338	338	1348	1348	2.0	0	0	Chord	4/4	4	1	1/2	1/2	1	7242						
338	338	1350	1350	2.0	1/2	1/2	Chord	4/4	4	1	1/2	1/2	1	7243						
338	338	1348	1348	2.0	0	0	Chord	4/4	5	1	1/2	1/2	1	7244						
338	338	1350	1350	2.0	1/2	1/2	Chord	4/4	5	1	1/2	1/2	1	7245						
338	338	1348	1348	2.0	0	0	Chord	4/4	5	2	1/2	1/2	1	7246						
338	338	1350	1350	2.0	1/2	1/2	Chord	4/4	5	2	1/2	1/2	1	7247						
338	338	1348	1348	2.0	0	0	Chord	4/4	5	3	1/2	1/2	1	7248						
338	338	1350	1350	2.0	1/2	1/2	Chord	4/4	5	3	1/2	1/2	1	7249						
338	338	1348	1348	2.0	0	0	Chord	4/4	6	1	1/2	1/2	1	7250						
338	338	1350	1350	2.0	1/2	1/2	Chord	4/4	6	1	1/2	1/2	1	7251						
338	338	1348	1348	2.0	0	0	Chord	4/4	7	1	1/2	1/2	1	7252						
338	338	1350	1350	2.0	1/2	1/2	Chord	4/4	7	1	1/2	1/2	1	7253						
338	338	1348	1348	2.0	0	0	Chord	4/4	8	1	1/2	1/2	1	7254						
338	338	1350	1350	2.0	1/2	1/2	Chord	4/4	8	1	1/2	1/2	1	7255						
339	339	1352	1352	2.0	0	0	Chord	4/4	1	1	1/2	1/2	1	7256						
339	339	1354	1354	2.0	1/2	1/2	Chord	4/4	1	1	1/2	1/2	1	7257						
339	339	1352	1352	2.0	0	0	Chord	4/4	2	1	1/2	1/2	1	7258						
339	339	1354	1354	2.0	1/2	1/2	Chord	4/4	2	1	1/2	1/2	1	7259						
339	339	1352	1352	2.0	0	0	Chord	4/4	3	1	1/2	1/2	1	7260						
339	339	1354	1354	2.0	1/2	1/2	Chord	4/4	3	1	1/2	1/2	1	7261						
339	339	1352	1352	2.0	0	0	Chord	4/4	4	1	1/2	1/2	1	7262						
339	339	1354	1354	2.0	1/2	1/2	Chord	4/4	4	1	1/2	1/2	1	7263						
339	339	1352	1352	2.0	0	0	Chord	4/4	5	1	1/2	1/2	1	7264						
339	339	1354	1354	2.0	1/2	1/2	Chord	4/4	5	1	1/2	1/2	1	7265						
339	339	1352	1352	2.0	0	0	Chord	4/4	5	2	1/2	1/2	1	7266						
339	339	1354	1354	2.0	1/2	1/2	Chord	4/4	5	2	1/2	1/2	1	7267						
339	339	1352	1352	2.0	0	0	Chord	4/4	5	3	1/2	1/2	1	7268						
339	339	1354	1354	2.0	1/2	1/2	Chord	4/4	5	3	1/2	1/2	1	7269						
339	339	1352	1352	2.0	0	0	Chord	4/4	6	1	1/2	1/2	1	7270						
339	339	1354	1354	2.0	1/2	1/2	Chord	4/4	6	1	1/2	1/2	1	7271						
339	339	1352	1352	0.0	0	0	FiguredBass	4/4	7	1	0					1/2	6			
339	339	1352	1352	2.0	0	0	Chord	4/4	7	1	1/2	1/2	1	7272						
339	339	1354	1354	0.0	1/2	1/2	FiguredBass	4/4	7	1	0					1/2	7			
339	339	1354	1354	2.0	1/2	1/2	Chord	4/4	7	1	1/2	1/2	1	7273						
339	339	1352	1352	2.0	0	0	Chord	4/4	8	1	1/2	1/2	1	7274						
339	339	1354	1354	2.0	1/2	1/2	Chord	4/4	8	1	1/2	1/2	1	7275						
340	340	1356	1356	2.0	0	0	Chord	4/4	1	1	1/2	1/2	1	7276						
340	340	1358	1358	2.0	1/2	1/2	Chord	4/4	1	1	1/2	1/2	1	7277						
340	340	1356	1356	2.0	0	0	Chord	4/4	2	1	1/2	1/2	1	7278						
340	340	1358	1358	2.0	1/2	1/2	Chord	4/4	2	1	1/2	1/2	1	7279						
340	340	1356	1356	2.0	0	0	Chord	4/4	3	1	1/2	1/2	1	7280						
340	340	1358	1358	2.0	1/2	1/2	Chord	4/4	3	1	1/2	1/2	1	7281						
340	340	1356	1356	2.0	0	0	Chord	4/4	4	1	1/2	1/2	1	7282						
340	340	1358	1358	2.0	1/2	1/2	Chord	4/4	4	1	1/2	1/2	1	7283						
340	340	1356	1356	2.0	0	0	Chord	4/4	5	1	1/2	1/2	1	7284						
340	340	1358	1358	2.0	1/2	1/2	Chord	4/4	5	1	1/2	1/2	1	7285						
340	340	1356	1356	2.0	0	0	Chord	4/4	5	2	1/2	1/2	1	7286						
340	340	1358	1358	2.0	1/2	1/2	Chord	4/4	5	2	1/2	1/2	1	7287						
340	340	1356	1356	2.0	0	0	Chord	4/4	5	3	1/2	1/2	1	7288						
340	340	1358	1358	2.0	1/2	1/2	Chord	4/4	5	3	1/2	1/2	1	7289						
340	340	1356	1356	2.0	0	0	Chord	4/4	6	1	1/2	1/2	1	7290						
340	340	1358	1358	2.0	1/2	1/2	Chord	4/4	6	1	1/2	1/2	1	7291						
340	340	1356	1356	2.0	0	0	Chord	4/4	7	1	1/2	1/2	1	7292						
340	340	1358	1358	0.0	1/2	1/2	FiguredBass	4/4	7	1	0					1/2	6	4	2	
340	340	1358	1358	2.0	1/2	1/2	Chord	4/4	7	1	1/2	1/2	1	7293						
340	340	1356	1356	2.0	0	0	Chord	4/4	8	1	1/2	1/2	1	7294						
340	340	1358	1358	2.0	1/2	1/2	Chord	4/4	8	1	1/2	1/2	1	7295						
341	341	1360	1360	2.0	0	0	Chord	4/4	1	1	1/2	1/2	1	7296						
341	341	1362	1362	1.0	1/2	1/2	Chord	4/4	1	1	1/4	1/4	1	7297						
341	341	1363	1363	1.0	3/4	3/4	Chord	4/4	1	1	1/4	1/4	1	7298						
341	341	1360	1360	2.0	0	0	Chord	4/4	2	1	1/2	1/2	1	7299						
341	341	1362	1362	1.0	1/2	1/2	Chord	4/4	2	1	1/4	1/4	1	7300						
341	341	1363	1363	1.0	3/4	3/4	Chord	4/4	2	1	1/4	1/4	1	7301						
341	341	1360	1360	2.0	0	0	Chord	4/4	3	1	1/2	1/2	1	7302						
341	341	1362	1362	1.0	1/2	1/2	Chord	4/4	3	1	1/4	1/4	1	7303						
341	341	1363	1363	1.0	3/4	3/4	Chord	4/4	3	1	1/4	1/4	1	7304						
341	341	1360	1360	2.0	0	0	Chord	4/4	4	1	1/2	1/2	1	7305						
341	341	1362	1362	1.0	1/2	1/2	Chord	4/4	4	1	1/4	1/4	1	7306						
341	341	1363	1363	1.0	3/4	3/4	Chord	4/4	4	1	1/4	1/4	1	7307						
341	341	1360	1360	2.0	0	0	Chord	4/4	5	1	1/2	1/2	1	7308						
341	341	1362	1362	1.0	1/2	1/2	Chord	4/4	5	1	1/4	1/4	1	7309						
341	341	1363	1363	1.0	3/4	3/4	Chord	4/4	5	1	1/4	1/4	1	7310						
341	341	1360	1360	2.0	0	0	Chord	4/4	5	2	1/2	1/2	1	7311						
341	341	1362	1362	2.0	1/2	1/2	Chord	4/4	5	2	1/2	1/2	1	7312						
341	341	1360	1360	2.0	0	0	Chord	4/4	5	3	1/2	1/2	1	7313						
341	341	1362	1362	2.0	1/2	1/2	Chord	4/4	5	3	1/2	1/2	1	7314						
341	341	1360	1360	2.0	0	0	Chord	4/4	6	1	1/2	1/2	1	7315						
341	341	1362	1362	2.0	1/2	1/2	Chord	4/4	6	1	1/2	1/2	1	7316						
341	341	1360	1360	2.0	0	0	Chord	4/4	7	1	1/2	1/2	1	7317						
341	341	1362	1362	1.0	1/2	1/2	Chord	4/4	7	1	1/4	1/4	1	7318						
341	341	1363	1363	1.0	3/4	3/4	Chord	4/4	7	1	1/4	1/4	1	7319						
341	341	1360	1360	2.0	0	0	Chord	4/4	8	1	1/2	1/2	1	7320						
341	341	1362	1362	2.0	1/2	1/2	Chord	4/4	8	1	1/2	1/2	1	7321						
342	342	1364	1364	4.0	0	0	Chord	4/4	1	1	1	1	1	7322						
342	342	1364	1364	4.0	0	0	Chord	4/4	2	1	1	1	1	7323						
342	342	1364	1364	2.0	0	0	Chord	4/4	3	1	1/2	1/2	1	7324						58
342	342	1366	1366	2.0	1/2	1/2	Chord	4/4	3	1	1/2	1/2	1	7325						
342	342	1364	1364	2.0	0	0	Chord	4/4	4	1	1/2	1/2	1	7326						59
342	342	1366	1366	2.0	1/2	1/2	Chord	4/4	4	1	1/2	1/2	1	7327						
342	342	1364	1364	4.0	0	0	Chord	4/4	5	1	1	1	1	7328						
342	342	1364	1364	2.0	0	0	Chord	4/4	5	2	1/2	1/2	1	7329						
342	342	1366	1366	2.0	1/2	1/2	Chord	4/4	5	2	1/2	1/2	1	7330						
342	342	1364	1364	4.0	0	0	Chord	4/4	5	3	1	1	1	7331						
342	342	1364	1364	2.0	0	0	Chord	4/4	6	1	1/2	1/2	1	7332						
342	342	1366	1366	2.0	1/2	1/2	Chord	4/4	6	1	1/2	1/2	1	7333						
342	342	1364	1364	0.0	0	0	FiguredBass	4/4	7	1	0					1	2			
342	342	1364	1364	4.0	0	0	Chord	4/4	7	1	1	1	1	7334						
342	342	1364	1364	0.0	0	0	FiguredBass	4/4	8	1	0					1/2	5			
342	342	1364	1364	2.0	0	0	Chord	4/4	8	1	1/2	1/2	1	7335						
342	342	1366	1366	2.0	1/2	1/2	Chord	4/4	8	1	1/2	1/2	1	7336						
343	343	1368	1368	2.0	0	0	Chord	4/4	1	1	1/2	1/2	1	7337						
343	343	1370	1370	2.0	1/2	1/2	Chord	4/4	1	1	1/2	1/2	1	7338						
343	343	1368	1368	2.0	0	0	Chord	4/4	2	1	1/2	1/2	1	7339						
343	343	1370	1370	2.0	1/2	1/2	Chord	4/4	2	1	1/2	1/2	1	7340						
343	343	1368	1368	2.0	0	0	Chord	4/4	3	1	1/2	1/2	1	7341						
343	343	1370	1370	2.0	1/2	1/2	Chord	4/4	3	1	1/2	1/2	1	7342						
343	343	1368	1368	2.0	0	0	Chord	4/4	4	1	1/2	1/2	1	7343						
343	343	1370	1370	2.0	1/2	1/2	Chord	4/4	4	1	1/2	1/2	1	7344						
343	343	1368	1368	2.0	0	0	Chord	4/4	5	1	1/2	1/2	1	7345						
343	343	1370	1370	2.0	1/2	1/2	Chord	4/4	5	1	1/2	1/2	1	7346						
343	343	1368	1368	2.0	0	0	Chord	4/4	5	2	1/2	1/2	1	7347						
343	343	1370	1370	2.0	1/2	1/2	Chord	4/4	5	2	1/2	1/2	1	7348						
343	343	1368	1368	2.0	0	0	Chord	4/4	5	3	1/2	1/2	1	7349						
343	343	1370	1370	2.0	1/2	1/2	Chord	4/4	5	3	1/2	1/2	1	7350						
343	343	1368	1368	2.0	0	0	Chord	4/4	6	1	1/2	1/2	1	7351						
343	343	1370	1370	2.0	1/2	1/2	Chord	4/4	6	1	1/2	1/2	1	7352						
343	343	1368	1368	2.0	0	0	Chord	4/4	7	1	1/2	1/2	1	7353						
343	343	1370	1370	2.0	1/2	1/2	Chord	4/4	7	1	1/2	1/2	1	7354						
343	343	1368	1368	2.0	0	0	Chord	4/4	8	1	1/2	1/2	1	7355						
343	343	1370	1370	2.0	1/2	1/2	Chord	4/4	8	1	1/2	1/2	1	7356						
344	344	1372	1372	2.0	0	0	Chord	4/4	1	1	1/2	1/2	1	7357						
344	344	1374	1374	1.0	1/2	1/2	Chord	4/4	1	1	1/4	1/4	1	7358						
344	344	1375	1375	1.0	3/4	3/4	Chord	4/4	1	1	1/4	1/4	1	7359						
344	344	1372	1372	2.0	0	0	Chord	4/4	2	1	1/2	1/2	1	7360						
344	344	1374	1374	1.0	1/2	1/2	Chord	4/4	2	1	1/4	1/4	1	7361						
344	344	1375	1375	1.0	3/4	3/4	Chord	4/4	2	1	1/4	1/4	1	7362						
344	344	1372	1372	2.0	0	0	Chord	4/4	3	1	1/2	1/2	1	7363						
344	344	1374	1374	1.0	1/2	1/2	Chord	4/4	3	1	1/4	1/4	1	7364						
344	344	1375	1375	1.0	3/4	3/4	Chord	4/4	3	1	1/4	1/4	1	7365						
344	344	1372	1372	2.0	0	0	Chord	4/4	4	1	1/2	1/2	1	7366						
344	344	1374	1374	1.0	1/2	1/2	Chord	4/4	4	1	1/4	1/4	1	7367						
344	344	1375	1375	1.0	3/4	3/4	Chord	4/4	4	1	1/4	1/4	1	7368						
344	344	1372	1372	2.0	0	0	Chord	4/4	5	1	1/2	1/2	1	7369						
344	344	1374	1374	1.0	1/2	1/2	Chord	4/4	5	1	1/4	1/4	1	7370						
344	344	1375	1375	1.0	3/4	3/4	Chord	4/4	5	1	1/4	1/4	1	7371						
344	344	1372	1372	2.0	0	0	Chord	4/4	5	2	1/2	1/2	1	7372						
344	344	1374	1374	2.0	1/2	1/2	Chord	4/4	5	2	1/2	1/2	1	7373						
344	344	1372	1372	2.0	0	0	Chord	4/4	5	3	1/2	1/2	1	7374						
344	344	1374	1374	2.0	1/2	1/2	Chord	4/4	5	3	1/2	1/2	1	7375						
344	344	1372	1372	2.0	0	0	Chord	4/4	6	1	1/2	1/2	1	7376						
344	344	1374	1374	2.0	1/2	1/2	Chord	4/4	6	1	1/2	1/2	1	7377						
344	344	1372	1372	0.0	0	0	FiguredBass	4/4	7	1	0					1/2	6	h		
344	344	1372	1372	2.0	0	0	Chord	4/4	7	1	1/2	1/2	1	7378						
344	344	1374	1374	0.0	1/2	1/2	FiguredBass	4/4	7	1	0					1/4	6			
344	344	1374	1374	1.0	1/2	1/2	Chord	4/4	7	1	1/4	1/4	1	7379						
344	344	1375	1375	1.0	3/4	3/4	Chord	4/4	7	1	1/4	1/4	1	7380						
344	344	1372	1372	2.0	0	0	Chord	4/4	8	1	1/2	1/2	1	7381						
344	344	1374	1374	2.0	1/2	1/2	Chord	4/4	8	1	1/2	1/2	1	7382						
345	345	1376	1376	2.0	0	0	Chord	4/4	1	1	1/2	1/2	1	7383						
345	345	1378	1378	2.0	1/2	1/2	Chord	4/4	1	1	1/2	1/2	1	7384	ornamentTremblement					
345	345	1376	1376	2.0	0	0	Chord	4/4	2	1	1/2	1/2	1	7385						
345	345	1378	1378	2.0	1/2	1/2	Chord	4/4	2	1	1/2	1/2	1	7386						
345	345	1376	1376	2.0	0	0	Chord	4/4	3	1	1/2	1/2	1	7387						
345	345	1378	1378	2.0	1/2	1/2	Chord	4/4	3	1	1/2	1/2	1	7388	ornamentTremblement					
345	345	1376	1376	2.0	0	0	Chord	4/4	4	1	1/2	1/2	1	7389						
345	345	1378	1378	2.0	1/2	1/2	Chord	4/4	4	1	1/2	1/2	1	7390						
345	345	1376	1376	2.0	0	0	Chord	4/4	5	1	1/2	1/2	1	7391						
345	345	1378	1378	2.0	1/2	1/2	Chord	4/4	5	1	1/2	1/2	1	7392	ornamentTremblement					
345	345	1376	1376	4.0	0	0	Chord	4/4	5	2	1	1	1	7393						
345	345	1376	1376	2.0	0	0	Chord	4/4	5	3	1/2	1/2	1	7394						
345	345	1378	1378	2.0	1/2	1/2	Chord	4/4	5	3	1/2	1/2	1	7395						
345	345	1376	1376	2.0	0	0	Chord	4/4	6	1	1/2	1/2	1	7396						
345	345	1378	1378	2.0	1/2	1/2	Chord	4/4	6	1	1/2	1/2	1	7397						
345	345	1376	1376	0.0	0	0	FiguredBass	4/4	7	1	0					1/2	6	5	h	
345	345	1376	1376	2.0	0	0	Chord	4/4	7	1	1/2	1/2	1	7398						
345	345	1378	1378	0.0	1/2	1/2	FiguredBass	4/4	7	1	0					1/2	#			
345	345	1378	1378	2.0	1/2	1/2	Chord	4/4	7	1	1/2	1/2	1	7399	ornamentTremblement					
345	345	1376	1376	2.0	0	0	Chord	4/4	8	1	1/2	1/2	1	7400						
345	345	1378	1378	2.0	1/2	1/2	Chord	4/4	8	1	1/2	1/2	1	7401						
346	346	1380	1380	2.0	0	0	Chord	4/4	1	1	1/2	1/2	1	7402						
346	346	1382	1382	2.0	1/2	1/2	Chord	4/4	1	1	1/2	1/2	1	7403						
346	346	1380	1380	2.0	0	0	Chord	4/4	2	1	1/2	1/2	1	7404						
346	346	1382	1382	2.0	1/2	1/2	Chord	4/4	2	1	1/2	1/2	1	7405						
346	346	1380	1380	2.0	0	0	Chord	4/4	3	1	1/2	1/2	1	7406						
346	346	1382	1382	2.0	1/2	1/2	Chord	4/4	3	1	1/2	1/2	1	7407						
346	346	1380	1380	2.0	0	0	Chord	4/4	4	1	1/2	1/2	1	7408						
346	346	1382	1382	2.0	1/2	1/2	Chord	4/4	4	1	1/2	1/2	1	7409						
346	346	1380	1380	2.0	0	0	Chord	4/4	5	1	1/2	1/2	1	7410						
346	346	1382	1382	2.0	1/2	1/2	Chord	4/4	5	1	1/2	1/2	1	7411						
346	346	1380	1380	2.0	0	0	Chord	4/4	5	2	1/2	1/2	1	7412						
346	346	1382	1382	2.0	1/2	1/2	Chord	4/4	5	2	1/2	1/2	1	7413						
346	346	1380	1380	2.0	0	0	Chord	4/4	5	3	1/2	1/2	1	7414						
346	346	1382	1382	2.0	1/2	1/2	Chord	4/4	5	3	1/2	1/2	1	7415						
346	346	1380	1380	2.0	0	0	Chord	4/4	6	1	1/2	1/2	1	7416						
346	346	1382	1382	2.0	1/2	1/2	Chord	4/4	6	1	1/2	1/2	1	7417						
346	346	1380	1380	2.0	0	0	Chord	4/4	7	1	1/2	1/2	1	7418						
346	346	1382	1382	2.0	1/2	1/2	Chord	4/4	7	1	1/2	1/2	1	7419						
346	346	1380	1380	2.0	0	0	Chord	4/4	8	1	1/2	1/2	1	7420						
346	346	1382	1382	2.0	1/2	1/2	Chord	4/4	8	1	1/2	1/2	1	7421						
347	347	1384	1384	2.0	0	0	Chord	4/4	1	1	1/2	1/2	1	7422						
347	347	1386	1386	2.0	1/2	1/2	Chord	4/4	1	1	1/2	1/2	1	7423						
347	347	1384	1384	2.0	0	0	Chord	4/4	2	1	1/2	1/2	1	7424						
347	347	1386	1386	2.0	1/2	1/2	Chord	4/4	2	1	1/2	1/2	1	7425						
347	347	1384	1384	2.0	0	0	Chord	4/4	3	1	1/2	1/2	1	7426						
347	347	1386	1386	2.0	1/2	1/2	Chord	4/4	3	1	1/2	1/2	1	7427						
347	347	1384	1384	2.0	0	0	Chord	4/4	4	1	1/2	1/2	1	7428						
347	347	1386	1386	2.0	1/2	1/2	Chord	4/4	4	1	1/2	1/2	1	7429						
347	347	1384	1384	2.0	0	0	Chord	4/4	5	1	1/2	1/2	1	7430						
347	347	1386	1386	2.0	1/2	1/2	Chord	4/4	5	1	1/2	1/2	1	7431						
347	347	1384	1384	2.0	0	0	Chord	4/4	5	2	1/2	1/2	1	7432						
347	347	1386	1386	2.0	1/2	1/2	Chord	4/4	5	2	1/2	1/2	1	7433						
347	347	1384	1384	2.0	0	0	Chord	4/4	5	3	1/2	1/2	1	7434						
347	347	1386	1386	2.0	1/2	1/2	Chord	4/4	5	3	1/2	1/2	1	7435						
347	347	1384	1384	2.0	0	0	Chord	4/4	6	1	1/2	1/2	1	7436						
347	347	1386	1386	2.0	1/2	1/2	Chord	4/4	6	1	1/2	1/2	1	7437						
347	347	1384	1384	0.0	0	0	FiguredBass	4/4	7	1	0					1/2	6			
347	347	1384	1384	2.0	0	0	Chord	4/4	7	1	1/2	1/2	1	7438						
347	347	1386	1386	0.0	1/2	1/2	FiguredBass	4/4	7	1	0					1/2	6			
347	347	1386	1386	2.0	1/2	1/2	Chord	4/4	7	1	1/2	1/2	1	7439						
347	347	1384	1384	2.0	0	0	Chord	4/4	8	1	1/2	1/2	1	7440						
347	347	1386	1386	2.0	1/2	1/2	Chord	4/4	8	1	1/2	1/2	1	7441						
348	348	1388	1388	2.0	0	0	Chord	4/4	1	1	1/2	1/2	1	7442						
348	348	1390	1390	2.0	1/2	1/2	Chord	4/4	1	1	1/2	1/2	1	7443						
348	348	1388	1388	2.0	0	0	Chord	4/4	2	1	1/2	1/2	1	7444						
348	348	1390	1390	2.0	1/2	1/2	Chord	4/4	2	1	1/2	1/2	1	7445						
348	348	1388	1388	2.0	0	0	Chord	4/4	3	1	1/2	1/2	1	7446						
348	348	1390	1390	2.0	1/2	1/2	Chord	4/4	3	1	1/2	1/2	1	7447						
348	348	1388	1388	2.0	0	0	Chord	4/4	4	1	1/2	1/2	1	7448						
348	348	1390	1390	2.0	1/2	1/2	Chord	4/4	4	1	1/2	1/2	1	7449						
348	348	1388	1388	2.0	0	0	Chord	4/4	5	1	1/2	1/2	1	7450						
348	348	1390	1390	2.0	1/2	1/2	Chord	4/4	5	1	1/2	1/2	1	7451						
348	348	1388	1388	2.0	0	0	Chord	4/4	5	2	1/2	1/2	1	7452						
348	348	1390	1390	2.0	1/2	1/2	Chord	4/4	5	2	1/2	1/2	1	7453						
348	348	1388	1388	2.0	0	0	Chord	4/4	5	3	1/2	1/2	1	7454						
348	348	1390	1390	2.0	1/2	1/2	Chord	4/4	5	3	1/2	1/2	1	7455						
348	348	1388	1388	2.0	0	0	Chord	4/4	6	1	1/2	1/2	1	7456						
348	348	1390	1390	2.0	1/2	1/2	Chord	4/4	6	1	1/2	1/2	1	7457						
348	348	1388	1388	0.0	0	0	FiguredBass	4/4	7	1	0					1/2	5			
348	348	1388	1388	2.0	0	0	Chord	4/4	7	1	1/2	1/2	1	7458						
348	348	1390	1390	0.0	1/2	1/2	FiguredBass	4/4	7	1	0					1/2	7	#		
348	348	1390	1390	2.0	1/2	1/2	Chord	4/4	7	1	1/2	1/2	1	7459						
348	348	1388	1388	2.0	0	0	Chord	4/4	8	1	1/2	1/2	1	7460						
348	348	1390	1390	2.0	1/2	1/2	Chord	4/4	8	1	1/2	1/2	1	7461						
349	349	1392	1392	2.0	0	0	Chord	4/4	1	1	1/2	1/2	1	7462						
349	349	1394	1394	1.0	1/2	1/2	Chord	4/4	1	1	1/4	1/4	1	7463						
349	349	1395	1395	1.0	3/4	3/4	Chord	4/4	1	1	1/4	1/4	1	7464						
349	349	1392	1392	2.0	0	0	Chord	4/4	2	1	1/2	1/2	1	7465						
349	349	1394	1394	1.0	1/2	1/2	Chord	4/4	2	1	1/4	1/4	1	7466						
349	349	1395	1395	1.0	3/4	3/4	Chord	4/4	2	1	1/4	1/4	1	7467						
349	349	1392	1392	2.0	0	0	Chord	4/4	3	1	1/2	1/2	1	7468						
349	349	1394	1394	1.0	1/2	1/2	Chord	4/4	3	1	1/4	1/4	1	7469						
349	349	1395	1395	1.0	3/4	3/4	Chord	4/4	3	1	1/4	1/4	1	7470						
349	349	1392	1392	2.0	0	0	Chord	4/4	4	1	1/2	1/2	1	7471						
349	349	1394	1394	1.0	1/2	1/2	Chord	4/4	4	1	1/4	1/4	1	7472						
349	349	1395	1395	1.0	3/4	3/4	Chord	4/4	4	1	1/4	1/4	1	7473						
349	349	1392	1392	2.0	0	0	Chord	4/4	5	1	1/2	1/2	1	7474						
349	349	1394	1394	1.0	1/2	1/2	Chord	4/4	5	1	1/4	1/4	1	7475						
349	349	1395	1395	1.0	3/4	3/4	Chord	4/4	5	1	1/4	1/4	1	7476						
349	349	1392	1392	2.0	0	0	Chord	4/4	5	2	1/2	1/2	1	7477						
349	349	1394	1394	2.0	1/2	1/2	Chord	4/4	5	2	1/2	1/2	1	7478						
349	349	1392	1392	2.0	0	0	Chord	4/4	5	3	1/2	1/2	1	7479						
349	349	1394	1394	2.0	1/2	1/2	Chord	4/4	5	3	1/2	1/2	1	7480						
349	349	1392	1392	2.0	0	0	Chord	4/4	6	1	1/2	1/2	1	7481						
349	349	1394	1394	2.0	1/2	1/2	Chord	4/4	6	1	1/2	1/2	1	7482						
349	349	1392	1392	2.0	0	0	Chord	4/4	7	1	1/2	1/2	1	7483						
349	349	1394	1394	0.0	1/2	1/2	FiguredBass	4/4	7	1	0					1/4	6	h		
349	349	1394	1394	1.0	1/2	1/2	Chord	4/4	7	1	1/4	1/4	1	7484						
349	349	1395	1395	1.0	3/4	3/4	Chord	4/4	7	1	1/4	1/4	1	7485						
349	349	1392	1392	2.0	0	0	Chord	4/4	8	1	1/2	1/2	1	7486						
349	349	1394	1394	2.0	1/2	1/2	Chord	4/4	8	1	1/2	1/2	1	7487						
350	350	1396	1396	4.0	0	0	Chord	4/4	1	1	1	1	1	7488						
350	350	1396	1396	4.0	0	0	Chord	4/4	2	1	1	1	1	7489						
350	350	1396	1396	4.0	0	0	Chord	4/4	3	1	1	1	1	7490						
350	350	1396	1396	2.0	0	0	Chord	4/4	4	1	1/2	1/2	1	7491						60
350	350	1398	1398	2.0	1/2	1/2	Chord	4/4	4	1	1/2	1/2	1	7492						
350	350	1396	1396	4.0	0	0	Chord	4/4	5	1	1	1	1	7493						
350	350	1396	1396	4.0	0	0	Chord	4/4	5	2	1	1	1	7494						
350	350	1396	1396	4.0	0	0	Chord	4/4	5	3	1	1	1	7495						
350	350	1396	1396	2.0	0	0	Chord	4/4	6	1	1/2	1/2	1	7496						
350	350	1398	1398	2.0	1/2	1/2	Chord	4/4	6	1	1/2	1/2	1	7497						
350	350	1396	1396	4.0	0	0	Chord	4/4	7	1	1	1	1	7498						
350	350	1396	1396	0.0	0	0	FiguredBass	4/4	8	1	0					1/2	6			
350	350	1396	1396	2.0	0	0	Chord	4/4	8	1	1/2	1/2	1	7499						
350	350	1398	1398	2.0	1/2	1/2	Chord	4/4	8	1	1/2	1/2	1	7500						
351	351	1400	1400	2.0	0	0	Chord	4/4	1	1	1/2	1/2	1	7501						
351	351	1402	1402	2.0	1/2	1/2	Chord	4/4	1	1	1/2	1/2	1	7502						
351	351	1400	1400	2.0	0	0	Chord	4/4	2	1	1/2	1/2	1	7503						
351	351	1402	1402	2.0	1/2	1/2	Chord	4/4	2	1	1/2	1/2	1	7504						
351	351	1400	1400	2.0	0	0	Chord	4/4	3	1	1/2	1/2	1	7505						
351	351	1402	1402	2.0	1/2	1/2	Chord	4/4	3	1	1/2	1/2	1	7506						
351	351	1400	1400	2.0	0	0	Chord	4/4	4	1	1/2	1/2	1	7507						
351	351	1402	1402	2.0	1/2	1/2	Chord	4/4	4	1	1/2	1/2	1	7508						
351	351	1400	1400	2.0	0	0	Chord	4/4	5	1	1/2	1/2	1	7509						
351	351	1402	1402	2.0	1/2	1/2	Chord	4/4	5	1	1/2	1/2	1	7510						
351	351	1400	1400	2.0	0	0	Chord	4/4	5	2	1/2	1/2	1	7511						
351	351	1402	1402	2.0	1/2	1/2	Chord	4/4	5	2	1/2	1/2	1	7512						
351	351	1400	1400	2.0	0	0	Chord	4/4	5	3	1/2	1/2	1	7513						
351	351	1402	1402	2.0	1/2	1/2	Chord	4/4	5	3	1/2	1/2	1	7514						
351	351	1400	1400	2.0	0	0	Chord	4/4	6	1	1/2	1/2	1	7515						
351	351	1402	1402	2.0	1/2	1/2	Chord	4/4	6	1	1/2	1/2	1	7516						
351	351	1400	1400	2.0	0	0	Chord	4/4	7	1	1/2	1/2	1	7517						
351	351	1402	1402	2.0	1/2	1/2	Chord	4/4	7	1	1/2	1/2	1	7518						
351	351	1400	1400	2.0	0	0	Chord	4/4	8	1	1/2	1/2	1	7519						
351	351	1402	1402	2.0	1/2	1/2	Chord	4/4	8	1	1/2	1/2	1	7520						
352	352	1404	1404	2.0	0	0	Chord	4/4	1	1	1/2	1/2	1	7521						
352	352	1406	1406	2.0	1/2	1/2	Chord	4/4	1	1	1/2	1/2	1	7522						
352	352	1404	1404	2.0	0	0	Chord	4/4	2	1	1/2	1/2	1	7523						
352	352	1406	1406	2.0	1/2	1/2	Chord	4/4	2	1	1/2	1/2	1	7524						
352	352	1404	1404	2.0	0	0	Chord	4/4	3	1	1/2	1/2	1	7525						
352	352	1406	1406	2.0	1/2	1/2	Chord	4/4	3	1	1/2	1/2	1	7526						
352	352	1404	1404	2.0	0	0	Chord	4/4	4	1	1/2	1/2	1	7527						
352	352	1406	1406	2.0	1/2	1/2	Chord	4/4	4	1	1/2	1/2	1	7528						
352	352	1404	1404	2.0	0	0	Chord	4/4	5	1	1/2	1/2	1	7529						
352	352	1406	1406	2.0	1/2	1/2	Chord	4/4	5	1	1/2	1/2	1	7530						
352	352	1404	1404	2.0	0	0	Chord	4/4	5	2	1/2	1/2	1	7531						
352	352	1406	1406	2.0	1/2	1/2	Chord	4/4	5	2	1/2	1/2	1	7532						
352	352	1404	1404	2.0	0	0	Chord	4/4	5	3	1/2	1/2	1	7533						
352	352	1406	1406	2.0	1/2	1/2	Chord	4/4	5	3	1/2	1/2	1	7534						
352	352	1404	1404	2.0	0	0	Chord	4/4	6	1	1/2	1/2	1	7535						
352	352	1406	1406	2.0	1/2	1/2	Chord	4/4	6	1	1/2	1/2	1	7536						
352	352	1404	1404	0.0	0	0	FiguredBass	4/4	7	1	0					1/2	4			
352	352	1404	1404	2.0	0	0	Chord	4/4	7	1	1/2	1/2	1	7537						
352	352	1406	1406	0.0	1/2	1/2	FiguredBass	4/4	7	1	0					1/2	6			
352	352	1406	1406	2.0	1/2	1/2	Chord	4/4	7	1	1/2	1/2	1	7538						
352	352	1404	1404	2.0	0	0	Chord	4/4	8	1	1/2	1/2	1	7539						
352	352	1406	1406	2.0	1/2	1/2	Chord	4/4	8	1	1/2	1/2	1	7540						
353	353	1408	1408	2.0	0	0	Chord	4/4	1	1	1/2	1/2	1	7541						
353	353	1410	1410	2.0	1/2	1/2	Chord	4/4	1	1	1/2	1/2	1	7542	ornamentTremblement					
353	353	1408	1408	2.0	0	0	Chord	4/4	2	1	1/2	1/2	1	7543						
353	353	1410	1410	2.0	1/2	1/2	Chord	4/4	2	1	1/2	1/2	1	7544						
353	353	1408	1408	2.0	0	0	Chord	4/4	3	1	1/2	1/2	1	7545						
353	353	1410	1410	2.0	1/2	1/2	Chord	4/4	3	1	1/2	1/2	1	7546	ornamentTremblement					
353	353	1408	1408	2.0	0	0	Chord	4/4	4	1	1/2	1/2	1	7547						
353	353	1410	1410	2.0	1/2	1/2	Chord	4/4	4	1	1/2	1/2	1	7548						
353	353	1408	1408	2.0	0	0	Chord	4/4	5	1	1/2	1/2	1	7549						
353	353	1410	1410	2.0	1/2	1/2	Chord	4/4	5	1	1/2	1/2	1	7550	ornamentTremblement					
353	353	1408	1408	2.0	0	0	Chord	4/4	5	2	1/2	1/2	1	7551						
353	353	1410	1410	2.0	1/2	1/2	Chord	4/4	5	2	1/2	1/2	1	7552						
353	353	1408	1408	2.0	0	0	Chord	4/4	5	3	1/2	1/2	1	7553						
353	353	1410	1410	2.0	1/2	1/2	Chord	4/4	5	3	1/2	1/2	1	7554						
353	353	1408	1408	2.0	0	0	Chord	4/4	6	1	1/2	1/2	1	7555						
353	353	1410	1410	2.0	1/2	1/2	Chord	4/4	6	1	1/2	1/2	1	7556						
353	353	1408	1408	0.0	0	0	FiguredBass	4/4	7	1	0					1/2	7			
353	353	1408	1408	2.0	0	0	Chord	4/4	7	1	1/2	1/2	1	7557						
353	353	1410	1410	0.0	1/2	1/2	FiguredBass	4/4	7	1	0					1/2	#			
353	353	1410	1410	2.0	1/2	1/2	Chord	4/4	7	1	1/2	1/2	1	7558	ornamentTremblement					
353	353	1408	1408	2.0	0	0	Chord	4/4	8	1	1/2	1/2	1	7559						
353	353	1410	1410	2.0	1/2	1/2	Chord	4/4	8	1	1/2	1/2	1	7560						
354	354	1412	1412	4.0	0	0	Chord	4/4	1	1	1	1	1	7561						
354	354	1412	1412	4.0	0	0	Chord	4/4	2	1	1	1	1	7562						
354	354	1412	1412	4.0	0	0	Chord	4/4	3	1	1	1	1	7563						
354	354	1412	1412	4.0	0	0	Chord	4/4	4	1	1	1	1	7564						
354	354	1412	1412	4.0	0	0	Chord	4/4	5	1	1	1	1	7565						
354	354	1412	1412	4.0	0	0	Chord	4/4	5	2	1	1	1	7566						
354	354	1412	1412	4.0	0	0	Chord	4/4	5	3	1	1	1	7567						
354	354	1412	1412	4.0	0	0	Chord	4/4	5	4	1	1	1	7568						
354	354	1412	1412	4.0	0	0	Chord	4/4	6	1	1	1	1	7569						
354	354	1412	1412	4.0	0	0	Chord	4/4	7	1	1	1	1	7570						
354	354	1412	1412	4.0	0	0	Chord	4/4	8	1	1	1	1	7571						
355	355	1416	1416	2.0	0	0	Chord	4/4	1	1	1/2	1/2	1	7572						
355	355	1418	1418	2.0	1/2	1/2	Chord	4/4	1	1	1/2	1/2	1	7573						
355	355	1416	1416	2.0	0	0	Chord	4/4	2	1	1/2	1/2	1	7574						
355	355	1418	1418	2.0	1/2	1/2	Chord	4/4	2	1	1/2	1/2	1	7575						
355	355	1416	1416	2.0	0	0	Chord	4/4	3	1	1/2	1/2	1	7576						
355	355	1418	1418	2.0	1/2	1/2	Chord	4/4	3	1	1/2	1/2	1	7577						
355	355	1416	1416	2.0	0	0	Chord	4/4	4	1	1/2	1/2	1	7578						
355	355	1418	1418	2.0	1/2	1/2	Chord	4/4	4	1	1/2	1/2	1	7579						
355	355	1416	1416	2.0	0	0	Chord	4/4	5	1	1/2	1/2	1	7580						
355	355	1418	1418	2.0	1/2	1/2	Chord	4/4	5	1	1/2	1/2	1	7581						
355	355	1416	1416	2.0	0	0	Chord	4/4	5	2	1/2	1/2	1	7582						
355	355	1418	1418	2.0	1/2	1/2	Chord	4/4	5	2	1/2	1/2	1	7583						
355	355	1416	1416	2.0	0	0	Chord	4/4	5	3	1/2	1/2	1	7584						
355	355	1418	1418	2.0	1/2	1/2	Chord	4/4	5	3	1/2	1/2	1	7585						
355	355	1416	1416	2.0	0	0	Chord	4/4	6	1	1/2	1/2	1	7586						
355	355	1418	1418	2.0	1/2	1/2	Chord	4/4	6	1	1/2	1/2	1	7587						
355	355	1416	1416	0.0	0	0	FiguredBass	4/4	7	1	0					1/2	6			
355	355	1416	1416	2.0	0	0	Chord	4/4	7	1	1/2	1/2	1	7588						
355	355	1418	1418	2.0	1/2	1/2	Chord	4/4	7	1	1/2	1/2	1	7589						
355	355	1416	1416	2.0	0	0	Chord	4/4	8	1	1/2	1/2	1	7590						
355	355	1418	1418	2.0	1/2	1/2	Chord	4/4	8	1	1/2	1/2	1	7591						
356	356	1420	1420	2.0	0	0	Chord	4/4	1	1	1/2	1/2	1	7592						
356	356	1422	1422	2.0	1/2	1/2	Chord	4/4	1	1	1/2	1/2	1	7593						
356	356	1420	1420	2.0	0	0	Chord	4/4	2	1	1/2	1/2	1	7594						
356	356	1422	1422	2.0	1/2	1/2	Chord	4/4	2	1	1/2	1/2	1	7595						
356	356	1420	1420	2.0	0	0	Chord	4/4	3	1	1/2	1/2	1	7596						
356	356	1422	1422	2.0	1/2	1/2	Chord	4/4	3	1	1/2	1/2	1	7597						
356	356	1420	1420	2.0	0	0	Chord	4/4	4	1	1/2	1/2	1	7598						
356	356	1422	1422	2.0	1/2	1/2	Chord	4/4	4	1	1/2	1/2	1	7599						
356	356	1420	1420	2.0	0	0	Chord	4/4	5	1	1/2	1/2	1	7600						
356	356	1422	1422	2.0	1/2	1/2	Chord	4/4	5	1	1/2	1/2	1	7601						
356	356	1420	1420	2.0	0	0	Chord	4/4	5	2	1/2	1/2	1	7602						
356	356	1422	1422	2.0	1/2	1/2	Chord	4/4	5	2	1/2	1/2	1	7603						
356	356	1420	1420	2.0	0	0	Chord	4/4	5	3	1/2	1/2	1	7604						
356	356	1422	1422	2.0	1/2	1/2	Chord	4/4	5	3	1/2	1/2	1	7605						
356	356	1420	1420	2.0	0	0	Chord	4/4	6	1	1/2	1/2	1	7606						
356	356	1422	1422	2.0	1/2	1/2	Chord	4/4	6	1	1/2	1/2	1	7607						
356	356	1420	1420	2.0	0	0	Chord	4/4	7	1	1/2	1/2	1	7608						
356	356	1422	1422	2.0	1/2	1/2	Chord	4/4	7	1	1/2	1/2	1	7609						
356	356	1420	1420	2.0	0	0	Chord	4/4	8	1	1/2	1/2	1	7610						
356	356	1422	1422	2.0	1/2	1/2	Chord	4/4	8	1	1/2	1/2	1	7611						
357	357	1424	1424	3.0	0	0	Chord	4/4	1	1	3/4	1/2	3/2	7612						
357	357	1427	1427	1.0	3/4	3/4	Chord	4/4	1	1	1/4	1/4	1	7613						
357	357	1424	1424	2.0	0	0	Chord	4/4	2	1	1/2	1/2	1	7614						
357	357	1426	1426	2.0	1/2	1/2	Chord	4/4	2	1	1/2	1/2	1	7615	ornamentTremblement					
357	357	1424	1424	2.0	0	0	Chord	4/4	3	1	1/2	1/2	1	7616						
357	357	1426	1426	2.0	1/2	1/2	Chord	4/4	3	1	1/2	1/2	1	7617						
357	357	1424	1424	2.0	0	0	Chord	4/4	4	1	1/2	1/2	1	7618						
357	357	1426	1426	2.0	1/2	1/2	Chord	4/4	4	1	1/2	1/2	1	7619						
357	357	1424	1424	3.0	0	0	Chord	4/4	5	1	3/4	1/2	3/2	7620						
357	357	1427	1427	1.0	3/4	3/4	Chord	4/4	5	1	1/4	1/4	1	7621						
357	357	1424	1424	2.0	0	0	Chord	4/4	5	2	1/2	1/2	1	7622						
357	357	1426	1426	2.0	1/2	1/2	Chord	4/4	5	2	1/2	1/2	1	7623						
357	357	1424	1424	2.0	0	0	Chord	4/4	5	3	1/2	1/2	1	7624						
357	357	1426	1426	2.0	1/2	1/2	Chord	4/4	5	3	1/2	1/2	1	7625						
357	357	1424	1424	2.0	0	0	Chord	4/4	6	1	1/2	1/2	1	7626						
357	357	1426	1426	2.0	1/2	1/2	Chord	4/4	6	1	1/2	1/2	1	7627						
357	357	1424	1424	0.0	0	0	FiguredBass	4/4	7	1	0					3/4	6	5		
357	357	1424	1424	3.0	0	0	Chord	4/4	7	1	3/4	1/2	3/2	7628						
357	357	1427	1427	0.0	3/4	3/4	FiguredBass	4/4	7	1	0					1/4	5			
357	357	1427	1427	1.0	3/4	3/4	Chord	4/4	7	1	1/4	1/4	1	7629						
357	357	1428	1428	0.0	1	1	FiguredBass	4/4	7	1	0					1/4	6			
357	357	1424	1424	2.0	0	0	Chord	4/4	8	1	1/2	1/2	1	7630						
357	357	1426	1426	2.0	1/2	1/2	Chord	4/4	8	1	1/2	1/2	1	7631						
358	358	1428	1428	2.0	0	0	Chord	4/4	1	1	1/2	1/2	1	7632						
358	358	1430	1430	1.0	1/2	1/2	Chord	4/4	1	1	1/4	1/4	1	7633						
358	358	1431	1431	1.0	3/4	3/4	Chord	4/4	1	1	1/4	1/4	1	7634						
358	358	1428	1428	2.0	0	0	Chord	4/4	2	1	1/2	1/2	1	7635						
358	358	1430	1430	1.0	1/2	1/2	Chord	4/4	2	1	1/4	1/4	1	7636						
358	358	1431	1431	1.0	3/4	3/4	Chord	4/4	2	1	1/4	1/4	1	7637						
358	358	1428	1428	2.0	0	0	Chord	4/4	3	1	1/2	1/2	1	7638						
358	358	1430	1430	1.0	1/2	1/2	Chord	4/4	3	1	1/4	1/4	1	7639						
358	358	1431	1431	1.0	3/4	3/4	Chord	4/4	3	1	1/4	1/4	1	7640						
358	358	1428	1428	2.0	0	0	Chord	4/4	4	1	1/2	1/2	1	7641						
358	358	1430	1430	1.0	1/2	1/2	Chord	4/4	4	1	1/4	1/4	1	7642						
358	358	1431	1431	1.0	3/4	3/4	Chord	4/4	4	1	1/4	1/4	1	7643						
358	358	1428	1428	2.0	0	0	Chord	4/4	5	1	1/2	1/2	1	7644						
358	358	1430	1430	1.0	1/2	1/2	Chord	4/4	5	1	1/4	1/4	1	7645						
358	358	1431	1431	1.0	3/4	3/4	Chord	4/4	5	1	1/4	1/4	1	7646						
358	358	1428	1428	2.0	0	0	Chord	4/4	5	2	1/2	1/2	1	7647						
358	358	1430	1430	2.0	1/2	1/2	Chord	4/4	5	2	1/2	1/2	1	7648						
358	358	1428	1428	2.0	0	0	Chord	4/4	5	3	1/2	1/2	1	7649						
358	358	1430	1430	2.0	1/2	1/2	Chord	4/4	5	3	1/2	1/2	1	7650						
358	358	1428	1428	2.0	0	0	Chord	4/4	6	1	1/2	1/2	1	7651						
358	358	1430	1430	2.0	1/2	1/2	Chord	4/4	6	1	1/2	1/2	1	7652						
358	358	1428	1428	2.0	0	0	Chord	4/4	7	1	1/2	1/2	1	7653						
358	358	1430	1430	1.0	1/2	1/2	Chord	4/4	7	1	1/4	1/4	1	7654						
358	358	1431	1431	1.0	3/4	3/4	Chord	4/4	7	1	1/4	1/4	1	7655						
358	358	1428	1428	2.0	0	0	Chord	4/4	8	1	1/2	1/2	1	7656						
358	358	1430	1430	2.0	1/2	1/2	Chord	4/4	8	1	1/2	1/2	1	7657						
359	359	1432	1432	2.0	0	0	Chord	4/4	1	1	1/2	1/2	1	7658						
359	359	1434	1434	1.0	1/2	1/2	Chord	4/4	1	1	1/4	1/4	1	7659						
359	359	1435	1435	1.0	3/4	3/4	Chord	4/4	1	1	1/4	1/4	1	7660						
359	359	1432	1432	2.0	0	0	Chord	4/4	2	1	1/2	1/2	1	7661						
359	359	1434	1434	1.0	1/2	1/2	Chord	4/4	2	1	1/4	1/4	1	7662						
359	359	1435	1435	1.0	3/4	3/4	Chord	4/4	2	1	1/4	1/4	1	7663						
359	359	1432	1432	2.0	0	0	Chord	4/4	3	1	1/2	1/2	1	7664						
359	359	1434	1434	1.0	1/2	1/2	Chord	4/4	3	1	1/4	1/4	1	7665						
359	359	1435	1435	1.0	3/4	3/4	Chord	4/4	3	1	1/4	1/4	1	7666						
359	359	1432	1432	2.0	0	0	Chord	4/4	4	1	1/2	1/2	1	7667						
359	359	1434	1434	1.0	1/2	1/2	Chord	4/4	4	1	1/4	1/4	1	7668						
359	359	1435	1435	1.0	3/4	3/4	Chord	4/4	4	1	1/4	1/4	1	7669						
359	359	1432	1432	2.0	0	0	Chord	4/4	5	1	1/2	1/2	1	7670						
359	359	1434	1434	1.0	1/2	1/2	Chord	4/4	5	1	1/4	1/4	1	7671						
359	359	1435	1435	1.0	3/4	3/4	Chord	4/4	5	1	1/4	1/4	1	7672						
359	359	1432	1432	2.0	0	0	Chord	4/4	5	2	1/2	1/2	1	7673						
359	359	1434	1434	2.0	1/2	1/2	Chord	4/4	5	2	1/2	1/2	1	7674						
359	359	1432	1432	2.0	0	0	Chord	4/4	5	3	1/2	1/2	1	7675						
359	359	1434	1434	2.0	1/2	1/2	Chord	4/4	5	3	1/2	1/2	1	7676						
359	359	1432	1432	2.0	0	0	Chord	4/4	6	1	1/2	1/2	1	7677						
359	359	1434	1434	2.0	1/2	1/2	Chord	4/4	6	1	1/2	1/2	1	7678						
359	359	1432	1432	2.0	0	0	Chord	4/4	7	1	1/2	1/2	1	7679						
359	359	1434	1434	1.0	1/2	1/2	Chord	4/4	7	1	1/4	1/4	1	7680						
359	359	1435	1435	1.0	3/4	3/4	Chord	4/4	7	1	1/4	1/4	1	7681						
359	359	1432	1432	2.0	0	0	Chord	4/4	8	1	1/2	1/2	1	7682						
359	359	1434	1434	2.0	1/2	1/2	Chord	4/4	8	1	1/2	1/2	1	7683						
360	360	1436	1436	2.0	0	0	Chord	4/4	1	1	1/2	1/2	1	7684						
360	360	1438	1438	2.0	1/2	1/2	Chord	4/4	1	1	1/2	1/2	1	7685	ornamentTremblement					
360	360	1436	1436	2.0	0	0	Chord	4/4	2	1	1/2	1/2	1	7686						
360	360	1438	1438	2.0	1/2	1/2	Chord	4/4	2	1	1/2	1/2	1	7687	ornamentTremblement					
360	360	1436	1436	2.0	0	0	Chord	4/4	3	1	1/2	1/2	1	7688						
360	360	1438	1438	1.0	1/2	1/2	Chord	4/4	3	1	1/4	1/4	1	7689						61
360	360	1439	1439	1.0	3/4	3/4	Chord	4/4	3	1	1/4	1/4	1	7690						
360	360	1436	1436	2.0	0	0	Chord	4/4	4	1	1/2	1/2	1	7691						
360	360	1438	1438	2.0	1/2	1/2	Chord	4/4	4	1	1/2	1/2	1	7692						
360	360	1436	1436	2.0	0	0	Chord	4/4	5	1	1/2	1/2	1	7693						
360	360	1438	1438	2.0	1/2	1/2	Chord	4/4	5	1	1/2	1/2	1	7694	ornamentTremblement					
360	360	1436	1436	2.0	0	0	Chord	4/4	5	2	1/2	1/2	1	7695						
360	360	1438	1438	1.0	1/2	1/2	Chord	4/4	5	2	1/4	1/4	1	7696						
360	360	1439	1439	1.0	3/4	3/4	Chord	4/4	5	2	1/4	1/4	1	7697						
360	360	1436	1436	2.0	0	0	Chord	4/4	5	3	1/2	1/2	1	7698						
360	360	1438	1438	2.0	1/2	1/2	Chord	4/4	5	3	1/2	1/2	1	7699						
360	360	1436	1436	2.0	0	0	Chord	4/4	6	1	1/2	1/2	1	7700						
360	360	1438	1438	2.0	1/2	1/2	Chord	4/4	6	1	1/2	1/2	1	7701						
360	360	1436	1436	0.0	0	0	FiguredBass	4/4	7	1	0					1/2	6	5		
360	360	1436	1436	2.0	0	0	Chord	4/4	7	1	1/2	1/2	1	7702						
360	360	1438	1438	2.0	1/2	1/2	Chord	4/4	7	1	1/2	1/2	1	7703	ornamentTremblement					
360	360	1436	1436	2.0	0	0	Chord	4/4	8	1	1/2	1/2	1	7704						
360	360	1438	1438	2.0	1/2	1/2	Chord	4/4	8	1	1/2	1/2	1	7705						
361	361	1440	1440	4.0	0	0	Chord	4/4	1	1	1	1	1	7706						
361	361	1440	1440	4.0	0	0	Chord	4/4	2	1	1	1	1	7707						
361	361	1440	1440	4.0	0	0	Chord	4/4	3	1	1	1	1	7708						
361	361	1440	1440	4.0	0	0	Chord	4/4	4	1	1	1	1	7709						
361	361	1440	1440	4.0	0	0	Chord	4/4	5	1	1	1	1	7710						
361	361	1440	1440	4.0	0	0	Chord	4/4	5	2	1	1	1	7711						
361	361	1440	1440	4.0	0	0	Chord	4/4	5	3	1	1	1	7712						
361	361	1440	1440	4.0	0	0	Chord	4/4	6	1	1	1	1	7713						
361	361	1440	1440	4.0	0	0	Chord	4/4	7	1	1	1	1	7714						
361	361	1440	1440	4.0	0	0	Chord	4/4	8	1	1	1	1	7715						
362	362	1446	1446	2.0	1/2	1/2	Chord	4/4	1	1	1/2	1/2	1	7716						
362	362	1446	1446	2.0	1/2	1/2	Chord	4/4	2	1	1/2	1/2	1	7717						
362	362	1446	1446	2.0	1/2	1/2	Chord	4/4	3	1	1/2	1/2	1	7718						
362	362	1446	1446	2.0	1/2	1/2	Chord	4/4	4	1	1/2	1/2	1	7719						
362	362	1446	1446	2.0	1/2	1/2	Chord	4/4	5	1	1/2	1/2	1	7720						
362	362	1446	1446	2.0	1/2	1/2	Chord	4/4	5	2	1/2	1/2	1	7721						
362	362	1446	1446	2.0	1/2	1/2	Chord	4/4	5	3	1/2	1/2	1	7722						
362	362	1446	1446	2.0	1/2	1/2	Chord	4/4	6	1	1/2	1/2	1	7723						
362	362	1446	1446	0.0	1/2	1/2	FiguredBass	4/4	7	1	0					1/2	6			
362	362	1446	1446	2.0	1/2	1/2	Chord	4/4	7	1	1/2	1/2	1	7724						
362	362	1446	1446	2.0	1/2	1/2	Chord	4/4	8	1	1/2	1/2	1	7725						
363	363	1448	1448	2.0	0	0	Chord	4/4	1	1	1/2	1/2	1	7726						
363	363	1450	1450	2.0	1/2	1/2	Chord	4/4	1	1	1/2	1/2	1	7727						
363	363	1448	1448	2.0	0	0	Chord	4/4	2	1	1/2	1/2	1	7728						
363	363	1450	1450	2.0	1/2	1/2	Chord	4/4	2	1	1/2	1/2	1	7729						
363	363	1448	1448	2.0	0	0	Chord	4/4	3	1	1/2	1/2	1	7730						
363	363	1450	1450	2.0	1/2	1/2	Chord	4/4	3	1	1/2	1/2	1	7731						
363	363	1448	1448	2.0	0	0	Chord	4/4	4	1	1/2	1/2	1	7732						
363	363	1450	1450	2.0	1/2	1/2	Chord	4/4	4	1	1/2	1/2	1	7733						
363	363	1448	1448	2.0	0	0	Chord	4/4	5	1	1/2	1/2	1	7734						
363	363	1450	1450	2.0	1/2	1/2	Chord	4/4	5	1	1/2	1/2	1	7735						
363	363	1448	1448	2.0	0	0	Chord	4/4	5	2	1/2	1/2	1	7736						
363	363	1450	1450	2.0	1/2	1/2	Chord	4/4	5	2	1/2	1/2	1	7737						
363	363	1448	1448	2.0	0	0	Chord	4/4	5	3	1/2	1/2	1	7738						
363	363	1450	1450	2.0	1/2	1/2	Chord	4/4	5	3	1/2	1/2	1	7739						
363	363	1448	1448	2.0	0	0	Chord	4/4	6	1	1/2	1/2	1	7740						
363	363	1450	1450	2.0	1/2	1/2	Chord	4/4	6	1	1/2	1/2	1	7741						
363	363	1448	1448	2.0	0	0	Chord	4/4	7	1	1/2	1/2	1	7742						
363	363	1450	1450	0.0	1/2	1/2	FiguredBass	4/4	7	1	0					1/2	h7			
363	363	1450	1450	2.0	1/2	1/2	Chord	4/4	7	1	1/2	1/2	1	7743						
363	363	1448	1448	2.0	0	0	Chord	4/4	8	1	1/2	1/2	1	7744						
363	363	1450	1450	2.0	1/2	1/2	Chord	4/4	8	1	1/2	1/2	1	7745						
364	364	1452	1452	2.0	0	0	Chord	4/4	1	1	1/2	1/2	1	7746						
364	364	1454	1454	1.0	1/2	1/2	Chord	4/4	1	1	1/4	1/4	1	7747						
364	364	1455	1455	1.0	3/4	3/4	Chord	4/4	1	1	1/4	1/4	1	7748						
364	364	1452	1452	2.0	0	0	Chord	4/4	2	1	1/2	1/2	1	7749						
364	364	1454	1454	1.0	1/2	1/2	Chord	4/4	2	1	1/4	1/4	1	7750						
364	364	1455	1455	1.0	3/4	3/4	Chord	4/4	2	1	1/4	1/4	1	7751						
364	364	1452	1452	2.0	0	0	Chord	4/4	3	1	1/2	1/2	1	7752						
364	364	1454	1454	1.0	1/2	1/2	Chord	4/4	3	1	1/4	1/4	1	7753						
364	364	1455	1455	1.0	3/4	3/4	Chord	4/4	3	1	1/4	1/4	1	7754						
364	364	1452	1452	2.0	0	0	Chord	4/4	4	1	1/2	1/2	1	7755						
364	364	1454	1454	1.0	1/2	1/2	Chord	4/4	4	1	1/4	1/4	1	7756						
364	364	1455	1455	1.0	3/4	3/4	Chord	4/4	4	1	1/4	1/4	1	7757						
364	364	1452	1452	2.0	0	0	Chord	4/4	5	1	1/2	1/2	1	7758						
364	364	1454	1454	1.0	1/2	1/2	Chord	4/4	5	1	1/4	1/4	1	7759						
364	364	1455	1455	1.0	3/4	3/4	Chord	4/4	5	1	1/4	1/4	1	7760						
364	364	1452	1452	2.0	0	0	Chord	4/4	5	2	1/2	1/2	1	7761						
364	364	1454	1454	2.0	1/2	1/2	Chord	4/4	5	2	1/2	1/2	1	7762						
364	364	1452	1452	2.0	0	0	Chord	4/4	5	3	1/2	1/2	1	7763						
364	364	1454	1454	2.0	1/2	1/2	Chord	4/4	5	3	1/2	1/2	1	7764						
364	364	1452	1452	2.0	0	0	Chord	4/4	5	4	1/2	1/2	1	7765						
364	364	1452	1452	2.0	0	0	Chord	4/4	6	1	1/2	1/2	1	7766						
364	364	1454	1454	2.0	1/2	1/2	Chord	4/4	6	1	1/2	1/2	1	7767						
364	364	1452	1452	2.0	0	0	Chord	4/4	7	1	1/2	1/2	1	7768						
364	364	1454	1454	1.0	1/2	1/2	Chord	4/4	7	1	1/4	1/4	1	7769						
364	364	1455	1455	1.0	3/4	3/4	Chord	4/4	7	1	1/4	1/4	1	7770						
364	364	1452	1452	2.0	0	0	Chord	4/4	8	1	1/2	1/2	1	7771						
364	364	1454	1454	2.0	1/2	1/2	Chord	4/4	8	1	1/2	1/2	1	7772						
365	365	1456	1456	2.0	0	0	Chord	4/4	1	1	1/2	1/2	1	7773						
365	365	1458	1458	2.0	1/2	1/2	Chord	4/4	1	1	1/2	1/2	1	7774						
365	365	1456	1456	2.0	0	0	Chord	4/4	2	1	1/2	1/2	1	7775						
365	365	1458	1458	2.0	1/2	1/2	Chord	4/4	2	1	1/2	1/2	1	7776						
365	365	1456	1456	2.0	0	0	Chord	4/4	3	1	1/2	1/2	1	7777						
365	365	1458	1458	2.0	1/2	1/2	Chord	4/4	3	1	1/2	1/2	1	7778						
365	365	1456	1456	2.0	0	0	Chord	4/4	4	1	1/2	1/2	1	7779						
365	365	1458	1458	2.0	1/2	1/2	Chord	4/4	4	1	1/2	1/2	1	7780						
365	365	1456	1456	2.0	0	0	Chord	4/4	5	1	1/2	1/2	1	7781						
365	365	1458	1458	2.0	1/2	1/2	Chord	4/4	5	1	1/2	1/2	1	7782						
365	365	1456	1456	2.0	0	0	Chord	4/4	5	2	1/2	1/2	1	7783						
365	365	1458	1458	2.0	1/2	1/2	Chord	4/4	5	2	1/2	1/2	1	7784						
365	365	1456	1456	2.0	0	0	Chord	4/4	5	3	1/2	1/2	1	7785						
365	365	1458	1458	2.0	1/2	1/2	Chord	4/4	5	3	1/2	1/2	1	7786						
365	365	1456	1456	2.0	0	0	Chord	4/4	6	1	1/2	1/2	1	7787						
365	365	1458	1458	2.0	1/2	1/2	Chord	4/4	6	1	1/2	1/2	1	7788						
365	365	1456	1456	2.0	0	0	Chord	4/4	7	1	1/2	1/2	1	7789						
365	365	1458	1458	0.0	1/2	1/2	FiguredBass	4/4	7	1	0					1/2	6			
365	365	1458	1458	2.0	1/2	1/2	Chord	4/4	7	1	1/2	1/2	1	7790						
365	365	1456	1456	2.0	0	0	Chord	4/4	8	1	1/2	1/2	1	7791						
365	365	1458	1458	2.0	1/2	1/2	Chord	4/4	8	1	1/2	1/2	1	7792						
366	366	1460	1460	2.0	0	0	Chord	4/4	1	1	1/2	1/2	1	7793						
366	366	1462	1462	2.0	1/2	1/2	Chord	4/4	1	1	1/2	1/2	1	7794						
366	366	1460	1460	2.0	0	0	Chord	4/4	2	1	1/2	1/2	1	7795						
366	366	1462	1462	2.0	1/2	1/2	Chord	4/4	2	1	1/2	1/2	1	7796						
366	366	1460	1460	2.0	0	0	Chord	4/4	3	1	1/2	1/2	1	7797						
366	366	1462	1462	2.0	1/2	1/2	Chord	4/4	3	1	1/2	1/2	1	7798						
366	366	1460	1460	2.0	0	0	Chord	4/4	4	1	1/2	1/2	1	7799						
366	366	1462	1462	2.0	1/2	1/2	Chord	4/4	4	1	1/2	1/2	1	7800						
366	366	1460	1460	2.0	0	0	Chord	4/4	5	1	1/2	1/2	1	7801						
366	366	1462	1462	2.0	1/2	1/2	Chord	4/4	5	1	1/2	1/2	1	7802						
366	366	1460	1460	2.0	0	0	Chord	4/4	5	2	1/2	1/2	1	7803						
366	366	1462	1462	2.0	1/2	1/2	Chord	4/4	5	2	1/2	1/2	1	7804						
366	366	1460	1460	2.0	0	0	Chord	4/4	5	3	1/2	1/2	1	7805						
366	366	1462	1462	2.0	1/2	1/2	Chord	4/4	5	3	1/2	1/2	1	7806						
366	366	1460	1460	2.0	0	0	Chord	4/4	6	1	1/2	1/2	1	7807						
366	366	1462	1462	2.0	1/2	1/2	Chord	4/4	6	1	1/2	1/2	1	7808						
366	366	1460	1460	0.0	0	0	FiguredBass	4/4	7	1	0					1/2	7			
366	366	1460	1460	2.0	0	0	Chord	4/4	7	1	1/2	1/2	1	7809						
366	366	1462	1462	0.0	1/2	1/2	FiguredBass	4/4	7	1	0					1/2	7			
366	366	1462	1462	2.0	1/2	1/2	Chord	4/4	7	1	1/2	1/2	1	7810						
366	366	1460	1460	2.0	0	0	Chord	4/4	8	1	1/2	1/2	1	7811						
366	366	1462	1462	2.0	1/2	1/2	Chord	4/4	8	1	1/2	1/2	1	7812						
367	367	1464	1464	2.0	0	0	Chord	4/4	1	1	1/2	1/2	1	7813						
367	367	1466	1466	2.0	1/2	1/2	Chord	4/4	1	1	1/2	1/2	1	7814						
367	367	1464	1464	2.0	0	0	Chord	4/4	2	1	1/2	1/2	1	7815						
367	367	1466	1466	2.0	1/2	1/2	Chord	4/4	2	1	1/2	1/2	1	7816						
367	367	1464	1464	2.0	0	0	Chord	4/4	3	1	1/2	1/2	1	7817						
367	367	1466	1466	2.0	1/2	1/2	Chord	4/4	3	1	1/2	1/2	1	7818						
367	367	1464	1464	2.0	0	0	Chord	4/4	4	1	1/2	1/2	1	7819						
367	367	1466	1466	2.0	1/2	1/2	Chord	4/4	4	1	1/2	1/2	1	7820						
367	367	1464	1464	2.0	0	0	Chord	4/4	5	1	1/2	1/2	1	7821						
367	367	1466	1466	2.0	1/2	1/2	Chord	4/4	5	1	1/2	1/2	1	7822						
367	367	1464	1464	2.0	0	0	Chord	4/4	5	2	1/2	1/2	1	7823						
367	367	1466	1466	2.0	1/2	1/2	Chord	4/4	5	2	1/2	1/2	1	7824						
367	367	1464	1464	2.0	0	0	Chord	4/4	5	3	1/2	1/2	1	7825						
367	367	1466	1466	2.0	1/2	1/2	Chord	4/4	5	3	1/2	1/2	1	7826						
367	367	1464	1464	2.0	0	0	Chord	4/4	6	1	1/2	1/2	1	7827						
367	367	1466	1466	2.0	1/2	1/2	Chord	4/4	6	1	1/2	1/2	1	7828						
367	367	1464	1464	2.0	0	0	Chord	4/4	7	1	1/2	1/2	1	7829						
367	367	1466	1466	2.0	1/2	1/2	Chord	4/4	7	1	1/2	1/2	1	7830						
367	367	1464	1464	2.0	0	0	Chord	4/4	8	1	1/2	1/2	1	7831						
367	367	1466	1466	2.0	1/2	1/2	Chord	4/4	8	1	1/2	1/2	1	7832						
368	368	1468	1468	2.0	0	0	Chord	4/4	1	1	1/2	1/2	1	7833						
368	368	1470	1470	1.0	1/2	1/2	Chord	4/4	1	1	1/4	1/4	1	7834						
368	368	1471	1471	1.0	3/4	3/4	Chord	4/4	1	1	1/4	1/4	1	7835						
368	368	1468	1468	2.0	0	0	Chord	4/4	2	1	1/2	1/2	1	7836						
368	368	1470	1470	1.0	1/2	1/2	Chord	4/4	2	1	1/4	1/4	1	7837						
368	368	1471	1471	1.0	3/4	3/4	Chord	4/4	2	1	1/4	1/4	1	7838						
368	368	1468	1468	2.0	0	0	Chord	4/4	3	1	1/2	1/2	1	7839						
368	368	1470	1470	1.0	1/2	1/2	Chord	4/4	3	1	1/4	1/4	1	7840						
368	368	1471	1471	1.0	3/4	3/4	Chord	4/4	3	1	1/4	1/4	1	7841						
368	368	1468	1468	2.0	0	0	Chord	4/4	4	1	1/2	1/2	1	7842						
368	368	1470	1470	1.0	1/2	1/2	Chord	4/4	4	1	1/4	1/4	1	7843						
368	368	1471	1471	1.0	3/4	3/4	Chord	4/4	4	1	1/4	1/4	1	7844						
368	368	1468	1468	2.0	0	0	Chord	4/4	5	1	1/2	1/2	1	7845						
368	368	1470	1470	1.0	1/2	1/2	Chord	4/4	5	1	1/4	1/4	1	7846						
368	368	1471	1471	1.0	3/4	3/4	Chord	4/4	5	1	1/4	1/4	1	7847						
368	368	1468	1468	2.0	0	0	Chord	4/4	5	2	1/2	1/2	1	7848						
368	368	1470	1470	2.0	1/2	1/2	Chord	4/4	5	2	1/2	1/2	1	7849						
368	368	1468	1468	2.0	0	0	Chord	4/4	5	3	1/2	1/2	1	7850						
368	368	1470	1470	2.0	1/2	1/2	Chord	4/4	5	3	1/2	1/2	1	7851						
368	368	1468	1468	2.0	0	0	Chord	4/4	6	1	1/2	1/2	1	7852						
368	368	1470	1470	2.0	1/2	1/2	Chord	4/4	6	1	1/2	1/2	1	7853						
368	368	1468	1468	0.0	0	0	FiguredBass	4/4	7	1	0					1/2	6			
368	368	1468	1468	2.0	0	0	Chord	4/4	7	1	1/2	1/2	1	7854						
368	368	1470	1470	1.0	1/2	1/2	Chord	4/4	7	1	1/4	1/4	1	7855						
368	368	1471	1471	1.0	3/4	3/4	Chord	4/4	7	1	1/4	1/4	1	7856						
368	368	1468	1468	2.0	0	0	Chord	4/4	8	1	1/2	1/2	1	7857						
368	368	1470	1470	2.0	1/2	1/2	Chord	4/4	8	1	1/2	1/2	1	7858						
369	369	1472	1472	2.0	0	0	Chord	4/4	1	1	1/2	1/2	1	7859						
369	369	1474	1474	1.0	1/2	1/2	Chord	4/4	1	1	1/4	1/4	1	7860						
369	369	1475	1475	1.0	3/4	3/4	Chord	4/4	1	1	1/4	1/4	1	7861						
369	369	1472	1472	2.0	0	0	Chord	4/4	2	1	1/2	1/2	1	7862						
369	369	1474	1474	1.0	1/2	1/2	Chord	4/4	2	1	1/4	1/4	1	7863						
369	369	1475	1475	1.0	3/4	3/4	Chord	4/4	2	1	1/4	1/4	1	7864						
369	369	1472	1472	2.0	0	0	Chord	4/4	3	1	1/2	1/2	1	7865						
369	369	1474	1474	1.0	1/2	1/2	Chord	4/4	3	1	1/4	1/4	1	7866						
369	369	1475	1475	1.0	3/4	3/4	Chord	4/4	3	1	1/4	1/4	1	7867						
369	369	1472	1472	2.0	0	0	Chord	4/4	4	1	1/2	1/2	1	7868						
369	369	1474	1474	1.0	1/2	1/2	Chord	4/4	4	1	1/4	1/4	1	7869						
369	369	1475	1475	1.0	3/4	3/4	Chord	4/4	4	1	1/4	1/4	1	7870						
369	369	1472	1472	2.0	0	0	Chord	4/4	5	1	1/2	1/2	1	7871						
369	369	1474	1474	1.0	1/2	1/2	Chord	4/4	5	1	1/4	1/4	1	7872						
369	369	1475	1475	1.0	3/4	3/4	Chord	4/4	5	1	1/4	1/4	1	7873						
369	369	1472	1472	2.0	0	0	Chord	4/4	5	2	1/2	1/2	1	7874						
369	369	1474	1474	2.0	1/2	1/2	Chord	4/4	5	2	1/2	1/2	1	7875						
369	369	1472	1472	2.0	0	0	Chord	4/4	5	3	1/2	1/2	1	7876						
369	369	1474	1474	2.0	1/2	1/2	Chord	4/4	5	3	1/2	1/2	1	7877						
369	369	1472	1472	2.0	0	0	Chord	4/4	6	1	1/2	1/2	1	7878						
369	369	1474	1474	2.0	1/2	1/2	Chord	4/4	6	1	1/2	1/2	1	7879						
369	369	1472	1472	0.0	0	0	FiguredBass	4/4	7	1	0					1/2	6	5		
369	369	1472	1472	2.0	0	0	Chord	4/4	7	1	1/2	1/2	1	7880						
369	369	1474	1474	1.0	1/2	1/2	Chord	4/4	7	1	1/4	1/4	1	7881						
369	369	1475	1475	1.0	3/4	3/4	Chord	4/4	7	1	1/4	1/4	1	7882						
369	369	1472	1472	2.0	0	0	Chord	4/4	8	1	1/2	1/2	1	7883						
369	369	1474	1474	2.0	1/2	1/2	Chord	4/4	8	1	1/2	1/2	1	7884						
370	370	1476	1476	2.0	0	0	Chord	4/4	1	1	1/2	1/2	1	7885						
370	370	1478	1478	1.0	1/2	1/2	Chord	4/4	1	1	1/4	1/4	1	7886						
370	370	1479	1479	1.0	3/4	3/4	Chord	4/4	1	1	1/4	1/4	1	7887						
370	370	1476	1476	2.0	0	0	Chord	4/4	2	1	1/2	1/2	1	7888						
370	370	1478	1478	1.0	1/2	1/2	Chord	4/4	2	1	1/4	1/4	1	7889						
370	370	1479	1479	1.0	3/4	3/4	Chord	4/4	2	1	1/4	1/4	1	7890						
370	370	1476	1476	2.0	0	0	Chord	4/4	3	1	1/2	1/2	1	7891						
370	370	1478	1478	1.0	1/2	1/2	Chord	4/4	3	1	1/4	1/4	1	7892						
370	370	1479	1479	1.0	3/4	3/4	Chord	4/4	3	1	1/4	1/4	1	7893						
370	370	1476	1476	2.0	0	0	Chord	4/4	4	1	1/2	1/2	1	7894						
370	370	1478	1478	1.0	1/2	1/2	Chord	4/4	4	1	1/4	1/4	1	7895						
370	370	1479	1479	1.0	3/4	3/4	Chord	4/4	4	1	1/4	1/4	1	7896						
370	370	1476	1476	2.0	0	0	Chord	4/4	5	1	1/2	1/2	1	7897						
370	370	1478	1478	1.0	1/2	1/2	Chord	4/4	5	1	1/4	1/4	1	7898						
370	370	1479	1479	1.0	3/4	3/4	Chord	4/4	5	1	1/4	1/4	1	7899						
370	370	1476	1476	2.0	0	0	Chord	4/4	5	2	1/2	1/2	1	7900						
370	370	1478	1478	2.0	1/2	1/2	Chord	4/4	5	2	1/2	1/2	1	7901						
370	370	1476	1476	2.0	0	0	Chord	4/4	5	3	1/2	1/2	1	7902						
370	370	1478	1478	2.0	1/2	1/2	Chord	4/4	5	3	1/2	1/2	1	7903						
370	370	1476	1476	2.0	0	0	Chord	4/4	6	1	1/2	1/2	1	7904						
370	370	1478	1478	2.0	1/2	1/2	Chord	4/4	6	1	1/2	1/2	1	7905						
370	370	1476	1476	2.0	0	0	Chord	4/4	7	1	1/2	1/2	1	7906						
370	370	1478	1478	0.0	1/2	1/2	FiguredBass	4/4	7	1	0					1/4	6	h		
370	370	1478	1478	1.0	1/2	1/2	Chord	4/4	7	1	1/4	1/4	1	7907						
370	370	1479	1479	1.0	3/4	3/4	Chord	4/4	7	1	1/4	1/4	1	7908						
370	370	1476	1476	2.0	0	0	Chord	4/4	8	1	1/2	1/2	1	7909						
370	370	1478	1478	2.0	1/2	1/2	Chord	4/4	8	1	1/2	1/2	1	7910						
371	371	1480	1480	2.0	0	0	Chord	4/4	1	1	1/2	1/2	1	7911						
371	371	1482	1482	2.0	1/2	1/2	Chord	4/4	1	1	1/2	1/2	1	7912	ornamentTremblement					
371	371	1480	1480	2.0	0	0	Chord	4/4	2	1	1/2	1/2	1	7913						
371	371	1482	1482	2.0	1/2	1/2	Chord	4/4	2	1	1/2	1/2	1	7914	ornamentTremblement					
371	371	1480	1480	2.0	0	0	Chord	4/4	3	1	1/2	1/2	1	7915						
371	371	1482	1482	2.0	1/2	1/2	Chord	4/4	3	1	1/2	1/2	1	7916						
371	371	1480	1480	2.0	0	0	Chord	4/4	4	1	1/2	1/2	1	7917						
371	371	1482	1482	2.0	1/2	1/2	Chord	4/4	4	1	1/2	1/2	1	7918						
371	371	1480	1480	2.0	0	0	Chord	4/4	5	1	1/2	1/2	1	7919						
371	371	1482	1482	2.0	1/2	1/2	Chord	4/4	5	1	1/2	1/2	1	7920						
371	371	1480	1480	4.0	0	0	Chord	4/4	5	2	1	1	1	7921						
371	371	1480	1480	2.0	0	0	Chord	4/4	5	3	1/2	1/2	1	7922						
371	371	1482	1482	2.0	1/2	1/2	Chord	4/4	5	3	1/2	1/2	1	7923						
371	371	1480	1480	2.0	0	0	Chord	4/4	6	1	1/2	1/2	1	7924						
371	371	1482	1482	2.0	1/2	1/2	Chord	4/4	6	1	1/2	1/2	1	7925						
371	371	1480	1480	0.0	0	0	FiguredBass	4/4	7	1	0					1/2	6	4		
371	371	1480	1480	2.0	0	0	Chord	4/4	7	1	1/2	1/2	1	7926						
371	371	1482	1482	0.0	1/2	1/2	FiguredBass	4/4	7	1	0					1/2	5	#		
371	371	1482	1482	2.0	1/2	1/2	Chord	4/4	7	1	1/2	1/2	1	7927	ornamentTremblement					
371	371	1480	1480	2.0	0	0	Chord	4/4	8	1	1/2	1/2	1	7928						
371	371	1482	1482	2.0	1/2	1/2	Chord	4/4	8	1	1/2	1/2	1	7929						
372	372	1484	1484	2.0	0	0	Chord	4/4	1	1	1/2	1/2	1	7930						
372	372	1486	1486	2.0	1/2	1/2	Chord	4/4	1	1	1/2	1/2	1	7931						
372	372	1484	1484	2.0	0	0	Chord	4/4	2	1	1/2	1/2	1	7932						
372	372	1486	1486	2.0	1/2	1/2	Chord	4/4	2	1	1/2	1/2	1	7933						
372	372	1484	1484	2.0	0	0	Chord	4/4	3	1	1/2	1/2	1	7934						
372	372	1486	1486	2.0	1/2	1/2	Chord	4/4	3	1	1/2	1/2	1	7935						
372	372	1484	1484	2.0	0	0	Chord	4/4	4	1	1/2	1/2	1	7936						
372	372	1486	1486	2.0	1/2	1/2	Chord	4/4	4	1	1/2	1/2	1	7937						
372	372	1484	1484	2.0	0	0	Chord	4/4	5	1	1/2	1/2	1	7938						
372	372	1486	1486	2.0	1/2	1/2	Chord	4/4	5	1	1/2	1/2	1	7939						
372	372	1484	1484	2.0	0	0	Chord	4/4	5	2	1/2	1/2	1	7940						
372	372	1486	1486	2.0	1/2	1/2	Chord	4/4	5	2	1/2	1/2	1	7941						
372	372	1484	1484	2.0	0	0	Chord	4/4	5	3	1/2	1/2	1	7942						
372	372	1486	1486	2.0	1/2	1/2	Chord	4/4	5	3	1/2	1/2	1	7943						
372	372	1484	1484	2.0	0	0	Chord	4/4	5	4	1/2	1/2	1	7944						
372	372	1484	1484	2.0	0	0	Chord	4/4	6	1	1/2	1/2	1	7945						
372	372	1486	1486	2.0	1/2	1/2	Chord	4/4	6	1	1/2	1/2	1	7946						
372	372	1484	1484	2.0	0	0	Chord	4/4	6	2	1/2	1/2	1	7947						
372	372	1484	1484	2.0	0	0	Chord	4/4	7	1	1/2	1/2	1	7948						
372	372	1486	1486	2.0	1/2	1/2	Chord	4/4	7	1	1/2	1/2	1	7949						
372	372	1484	1484	2.0	0	0	Chord	4/4	8	1	1/2	1/2	1	7950						
372	372	1486	1486	2.0	1/2	1/2	Chord	4/4	8	1	1/2	1/2	1	7951						
373	373	1488	1488	2.0	0	0	Chord	4/4	1	1	1/2	1/2	1	7952						
373	373	1490	1490	2.0	1/2	1/2	Chord	4/4	1	1	1/2	1/2	1	7953						
373	373	1488	1488	2.0	0	0	Chord	4/4	2	1	1/2	1/2	1	7954						
373	373	1490	1490	2.0	1/2	1/2	Chord	4/4	2	1	1/2	1/2	1	7955						
373	373	1488	1488	2.0	0	0	Chord	4/4	3	1	1/2	1/2	1	7956						
373	373	1490	1490	2.0	1/2	1/2	Chord	4/4	3	1	1/2	1/2	1	7957						
373	373	1488	1488	2.0	0	0	Chord	4/4	4	1	1/2	1/2	1	7958						
373	373	1490	1490	2.0	1/2	1/2	Chord	4/4	4	1	1/2	1/2	1	7959						
373	373	1488	1488	2.0	0	0	Chord	4/4	5	1	1/2	1/2	1	7960						
373	373	1490	1490	2.0	1/2	1/2	Chord	4/4	5	1	1/2	1/2	1	7961						
373	373	1488	1488	2.0	0	0	Chord	4/4	5	2	1/2	1/2	1	7962						
373	373	1490	1490	2.0	1/2	1/2	Chord	4/4	5	2	1/2	1/2	1	7963						
373	373	1488	1488	2.0	0	0	Chord	4/4	5	3	1/2	1/2	1	7964						
373	373	1490	1490	2.0	1/2	1/2	Chord	4/4	5	3	1/2	1/2	1	7965						
373	373	1488	1488	2.0	0	0	Chord	4/4	6	1	1/2	1/2	1	7966						
373	373	1490	1490	2.0	1/2	1/2	Chord	4/4	6	1	1/2	1/2	1	7967						
373	373	1488	1488	0.0	0	0	FiguredBass	4/4	7	1	0					1/2	6			
373	373	1488	1488	2.0	0	0	Chord	4/4	7	1	1/2	1/2	1	7968						
373	373	1490	1490	2.0	1/2	1/2	Chord	4/4	7	1	1/2	1/2	1	7969						
373	373	1488	1488	2.0	0	0	Chord	4/4	8	1	1/2	1/2	1	7970						
373	373	1490	1490	2.0	1/2	1/2	Chord	4/4	8	1	1/2	1/2	1	7971						
374	374	1492	1492	2.0	0	0	Chord	4/4	1	1	1/2	1/2	1	7972						
374	374	1494	1494	2.0	1/2	1/2	Chord	4/4	1	1	1/2	1/2	1	7973						
374	374	1492	1492	2.0	0	0	Chord	4/4	2	1	1/2	1/2	1	7974						
374	374	1494	1494	2.0	1/2	1/2	Chord	4/4	2	1	1/2	1/2	1	7975						
374	374	1492	1492	2.0	0	0	Chord	4/4	3	1	1/2	1/2	1	7976						
374	374	1494	1494	2.0	1/2	1/2	Chord	4/4	3	1	1/2	1/2	1	7977						
374	374	1492	1492	2.0	0	0	Chord	4/4	4	1	1/2	1/2	1	7978						
374	374	1494	1494	2.0	1/2	1/2	Chord	4/4	4	1	1/2	1/2	1	7979						
374	374	1492	1492	2.0	0	0	Chord	4/4	5	1	1/2	1/2	1	7980						
374	374	1494	1494	2.0	1/2	1/2	Chord	4/4	5	1	1/2	1/2	1	7981						
374	374	1492	1492	2.0	0	0	Chord	4/4	5	2	1/2	1/2	1	7982						
374	374	1494	1494	2.0	1/2	1/2	Chord	4/4	5	2	1/2	1/2	1	7983						
374	374	1492	1492	2.0	0	0	Chord	4/4	5	3	1/2	1/2	1	7984						
374	374	1494	1494	2.0	1/2	1/2	Chord	4/4	5	3	1/2	1/2	1	7985						
374	374	1492	1492	2.0	0	0	Chord	4/4	6	1	1/2	1/2	1	7986						
374	374	1494	1494	2.0	1/2	1/2	Chord	4/4	6	1	1/2	1/2	1	7987						
374	374	1492	1492	2.0	0	0	Chord	4/4	7	1	1/2	1/2	1	7988						
374	374	1494	1494	0.0	1/2	1/2	FiguredBass	4/4	7	1	0					1/2	6			
374	374	1494	1494	2.0	1/2	1/2	Chord	4/4	7	1	1/2	1/2	1	7989						
374	374	1492	1492	2.0	0	0	Chord	4/4	8	1	1/2	1/2	1	7990						
374	374	1494	1494	2.0	1/2	1/2	Chord	4/4	8	1	1/2	1/2	1	7991						
375	375	1496	1496	2.0	0	0	Chord	4/4	1	1	1/2	1/2	1	7992						
375	375	1498	1498	1.0	1/2	1/2	Chord	4/4	1	1	1/4	1/4	1	7993						
375	375	1499	1499	1.0	3/4	3/4	Chord	4/4	1	1	1/4	1/4	1	7994						
375	375	1496	1496	2.0	0	0	Chord	4/4	2	1	1/2	1/2	1	7995						
375	375	1498	1498	1.0	1/2	1/2	Chord	4/4	2	1	1/4	1/4	1	7996						
375	375	1499	1499	1.0	3/4	3/4	Chord	4/4	2	1	1/4	1/4	1	7997						
375	375	1496	1496	2.0	0	0	Chord	4/4	3	1	1/2	1/2	1	7998						
375	375	1498	1498	1.0	1/2	1/2	Chord	4/4	3	1	1/4	1/4	1	7999						
375	375	1499	1499	1.0	3/4	3/4	Chord	4/4	3	1	1/4	1/4	1	8000						
375	375	1496	1496	2.0	0	0	Chord	4/4	4	1	1/2	1/2	1	8001						
375	375	1498	1498	1.0	1/2	1/2	Chord	4/4	4	1	1/4	1/4	1	8002						
375	375	1499	1499	1.0	3/4	3/4	Chord	4/4	4	1	1/4	1/4	1	8003						
375	375	1496	1496	2.0	0	0	Chord	4/4	5	1	1/2	1/2	1	8004						
375	375	1498	1498	1.0	1/2	1/2	Chord	4/4	5	1	1/4	1/4	1	8005						
375	375	1499	1499	1.0	3/4	3/4	Chord	4/4	5	1	1/4	1/4	1	8006						
375	375	1496	1496	2.0	0	0	Chord	4/4	5	2	1/2	1/2	1	8007						
375	375	1498	1498	1.0	1/2	1/2	Chord	4/4	5	2	1/4	1/4	1	8008						
375	375	1499	1499	1.0	3/4	3/4	Chord	4/4	5	2	1/4	1/4	1	8009						
375	375	1496	1496	2.0	0	0	Chord	4/4	5	3	1/2	1/2	1	8010						
375	375	1498	1498	2.0	1/2	1/2	Chord	4/4	5	3	1/2	1/2	1	8011						
375	375	1496	1496	2.0	0	0	Chord	4/4	6	1	1/2	1/2	1	8012						
375	375	1498	1498	2.0	1/2	1/2	Chord	4/4	6	1	1/2	1/2	1	8013						
375	375	1496	1496	2.0	0	0	Chord	4/4	7	1	1/2	1/2	1	8014						
375	375	1498	1498	0.0	1/2	1/2	FiguredBass	4/4	7	1	0					1/4	4			
375	375	1498	1498	1.0	1/2	1/2	Chord	4/4	7	1	1/4	1/4	1	8015						
375	375	1499	1499	0.0	3/4	3/4	FiguredBass	4/4	7	1	0					1/4	3			
375	375	1499	1499	1.0	3/4	3/4	Chord	4/4	7	1	1/4	1/4	1	8016						
375	375	1496	1496	2.0	0	0	Chord	4/4	8	1	1/2	1/2	1	8017						
375	375	1498	1498	2.0	1/2	1/2	Chord	4/4	8	1	1/2	1/2	1	8018						
376	376	1500	1500	2.0	0	0	Chord	4/4	1	1	1/2	1/2	1	8019						
376	376	1502	1502	1.0	1/2	1/2	Chord	4/4	1	1	1/4	1/4	1	8020						
376	376	1503	1503	1.0	3/4	3/4	Chord	4/4	1	1	1/4	1/4	1	8021						
376	376	1500	1500	2.0	0	0	Chord	4/4	2	1	1/2	1/2	1	8022						
376	376	1502	1502	1.0	1/2	1/2	Chord	4/4	2	1	1/4	1/4	1	8023						
376	376	1503	1503	1.0	3/4	3/4	Chord	4/4	2	1	1/4	1/4	1	8024						
376	376	1500	1500	2.0	0	0	Chord	4/4	3	1	1/2	1/2	1	8025						
376	376	1502	1502	1.0	1/2	1/2	Chord	4/4	3	1	1/4	1/4	1	8026						
376	376	1503	1503	1.0	3/4	3/4	Chord	4/4	3	1	1/4	1/4	1	8027						
376	376	1500	1500	2.0	0	0	Chord	4/4	4	1	1/2	1/2	1	8028						
376	376	1502	1502	1.0	1/2	1/2	Chord	4/4	4	1	1/4	1/4	1	8029						
376	376	1503	1503	1.0	3/4	3/4	Chord	4/4	4	1	1/4	1/4	1	8030						
376	376	1500	1500	2.0	0	0	Chord	4/4	5	1	1/2	1/2	1	8031						
376	376	1502	1502	1.0	1/2	1/2	Chord	4/4	5	1	1/4	1/4	1	8032						
376	376	1503	1503	1.0	3/4	3/4	Chord	4/4	5	1	1/4	1/4	1	8033						
376	376	1500	1500	2.0	0	0	Chord	4/4	5	2	1/2	1/2	1	8034						
376	376	1502	1502	2.0	1/2	1/2	Chord	4/4	5	2	1/2	1/2	1	8035						
376	376	1500	1500	2.0	0	0	Chord	4/4	5	3	1/2	1/2	1	8036						
376	376	1502	1502	2.0	1/2	1/2	Chord	4/4	5	3	1/2	1/2	1	8037						
376	376	1500	1500	2.0	0	0	Chord	4/4	6	1	1/2	1/2	1	8038						
376	376	1502	1502	2.0	1/2	1/2	Chord	4/4	6	1	1/2	1/2	1	8039						
376	376	1500	1500	2.0	0	0	Chord	4/4	7	1	1/2	1/2	1	8040						
376	376	1502	1502	1.0	1/2	1/2	Chord	4/4	7	1	1/4	1/4	1	8041						
376	376	1503	1503	1.0	3/4	3/4	Chord	4/4	7	1	1/4	1/4	1	8042						
376	376	1500	1500	2.0	0	0	Chord	4/4	8	1	1/2	1/2	1	8043						
376	376	1502	1502	2.0	1/2	1/2	Chord	4/4	8	1	1/2	1/2	1	8044						
377	377	1504	1504	2.0	0	0	Chord	4/4	1	1	1/2	1/2	1	8045						
377	377	1506	1506	2.0	1/2	1/2	Chord	4/4	1	1	1/2	1/2	1	8046						
377	377	1504	1504	2.0	0	0	Chord	4/4	2	1	1/2	1/2	1	8047						
377	377	1506	1506	2.0	1/2	1/2	Chord	4/4	2	1	1/2	1/2	1	8048						
377	377	1504	1504	2.0	0	0	Chord	4/4	3	1	1/2	1/2	1	8049						
377	377	1506	1506	2.0	1/2	1/2	Chord	4/4	3	1	1/2	1/2	1	8050						
377	377	1504	1504	2.0	0	0	Chord	4/4	4	1	1/2	1/2	1	8051						
377	377	1506	1506	2.0	1/2	1/2	Chord	4/4	4	1	1/2	1/2	1	8052						
377	377	1504	1504	2.0	0	0	Chord	4/4	5	1	1/2	1/2	1	8053						
377	377	1506	1506	2.0	1/2	1/2	Chord	4/4	5	1	1/2	1/2	1	8054						
377	377	1504	1504	2.0	0	0	Chord	4/4	5	2	1/2	1/2	1	8055						
377	377	1506	1506	2.0	1/2	1/2	Chord	4/4	5	2	1/2	1/2	1	8056						
377	377	1504	1504	2.0	0	0	Chord	4/4	5	3	1/2	1/2	1	8057						
377	377	1506	1506	2.0	1/2	1/2	Chord	4/4	5	3	1/2	1/2	1	8058						
377	377	1504	1504	2.0	0	0	Chord	4/4	6	1	1/2	1/2	1	8059						
377	377	1506	1506	2.0	1/2	1/2	Chord	4/4	6	1	1/2	1/2	1	8060						
377	377	1504	1504	0.0	0	0	FiguredBass	4/4	7	1	0					1/2	8	7		
377	377	1504	1504	2.0	0	0	Chord	4/4	7	1	1/2	1/2	1	8061						
377	377	1506	1506	0.0	1/2	1/2	FiguredBass	4/4	7	1	0					1/2	6	4		
377	377	1506	1506	2.0	1/2	1/2	Chord	4/4	7	1	1/2	1/2	1	8062						
377	377	1504	1504	2.0	0	0	Chord	4/4	8	1	1/2	1/2	1	8063						
377	377	1506	1506	2.0	1/2	1/2	Chord	4/4	8	1	1/2	1/2	1	8064						
378	378	1508	1508	4.0	0	0	Chord	4/4	1	1	1	1	1	8065						
378	378	1508	1508	2.0	0	0	Chord	4/4	2	1	1/2	1/2	1	8066						62
378	378	1510	1510	2.0	1/2	1/2	Chord	4/4	2	1	1/2	1/2	1	8067						
378	378	1508	1508	2.0	0	0	Chord	4/4	3	1	1/2	1/2	1	8068						63
378	378	1510	1510	2.0	1/2	1/2	Chord	4/4	3	1	1/2	1/2	1	8069						
378	378	1508	1508	2.0	0	0	Chord	4/4	4	1	1/2	1/2	1	8070						64
378	378	1510	1510	2.0	1/2	1/2	Chord	4/4	4	1	1/2	1/2	1	8071						
378	378	1508	1508	4.0	0	0	Chord	4/4	5	1	1	1	1	8072						
378	378	1508	1508	2.0	0	0	Chord	4/4	5	2	1/2	1/2	1	8073						
378	378	1510	1510	2.0	1/2	1/2	Chord	4/4	5	2	1/2	1/2	1	8074						
378	378	1508	1508	2.0	0	0	Chord	4/4	5	3	1/2	1/2	1	8075						
378	378	1510	1510	2.0	1/2	1/2	Chord	4/4	5	3	1/2	1/2	1	8076						
378	378	1508	1508	2.0	0	0	Chord	4/4	6	1	1/2	1/2	1	8077						
378	378	1510	1510	2.0	1/2	1/2	Chord	4/4	6	1	1/2	1/2	1	8078						
378	378	1508	1508	0.0	0	0	FiguredBass	4/4	7	1	0					1	6	5		
378	378	1508	1508	4.0	0	0	Chord	4/4	7	1	1	1	1	8079						
378	378	1508	1508	0.0	0	0	FiguredBass	4/4	8	1	0					1/2	6	5		
378	378	1508	1508	2.0	0	0	Chord	4/4	8	1	1/2	1/2	1	8080						
378	378	1510	1510	2.0	1/2	1/2	Chord	4/4	8	1	1/2	1/2	1	8081						
379	379	1512	1512	2.0	0	0	Chord	4/4	1	1	1/2	1/2	1	8082						
379	379	1514	1514	1.0	1/2	1/2	Chord	4/4	1	1	1/4	1/4	1	8083						
379	379	1515	1515	1.0	3/4	3/4	Chord	4/4	1	1	1/4	1/4	1	8084						
379	379	1512	1512	2.0	0	0	Chord	4/4	2	1	1/2	1/2	1	8085						
379	379	1514	1514	1.0	1/2	1/2	Chord	4/4	2	1	1/4	1/4	1	8086						
379	379	1515	1515	1.0	3/4	3/4	Chord	4/4	2	1	1/4	1/4	1	8087						
379	379	1512	1512	2.0	0	0	Chord	4/4	3	1	1/2	1/2	1	8088						
379	379	1514	1514	1.0	1/2	1/2	Chord	4/4	3	1	1/4	1/4	1	8089						
379	379	1515	1515	1.0	3/4	3/4	Chord	4/4	3	1	1/4	1/4	1	8090						
379	379	1512	1512	2.0	0	0	Chord	4/4	4	1	1/2	1/2	1	8091						
379	379	1514	1514	1.0	1/2	1/2	Chord	4/4	4	1	1/4	1/4	1	8092						
379	379	1515	1515	1.0	3/4	3/4	Chord	4/4	4	1	1/4	1/4	1	8093						
379	379	1512	1512	2.0	0	0	Chord	4/4	5	1	1/2	1/2	1	8094						
379	379	1514	1514	1.0	1/2	1/2	Chord	4/4	5	1	1/4	1/4	1	8095						
379	379	1515	1515	1.0	3/4	3/4	Chord	4/4	5	1	1/4	1/4	1	8096						
379	379	1512	1512	2.0	0	0	Chord	4/4	5	2	1/2	1/2	1	8097						
379	379	1514	1514	2.0	1/2	1/2	Chord	4/4	5	2	1/2	1/2	1	8098						
379	379	1512	1512	2.0	0	0	Chord	4/4	5	3	1/2	1/2	1	8099						
379	379	1514	1514	2.0	1/2	1/2	Chord	4/4	5	3	1/2	1/2	1	8100						
379	379	1512	1512	2.0	0	0	Chord	4/4	6	1	1/2	1/2	1	8101						
379	379	1514	1514	2.0	1/2	1/2	Chord	4/4	6	1	1/2	1/2	1	8102						
379	379	1512	1512	2.0	0	0	Chord	4/4	7	1	1/2	1/2	1	8103						
379	379	1514	1514	1.0	1/2	1/2	Chord	4/4	7	1	1/4	1/4	1	8104						
379	379	1515	1515	1.0	3/4	3/4	Chord	4/4	7	1	1/4	1/4	1	8105						
379	379	1512	1512	2.0	0	0	Chord	4/4	8	1	1/2	1/2	1	8106						
379	379	1514	1514	2.0	1/2	1/2	Chord	4/4	8	1	1/2	1/2	1	8107						
380	380	1516	1516	2.0	0	0	Chord	4/4	1	1	1/2	1/2	1	8108						
380	380	1518	1518	2.0	1/2	1/2	Chord	4/4	1	1	1/2	1/2	1	8109						
380	380	1516	1516	2.0	0	0	Chord	4/4	2	1	1/2	1/2	1	8110						
380	380	1518	1518	2.0	1/2	1/2	Chord	4/4	2	1	1/2	1/2	1	8111						
380	380	1516	1516	2.0	0	0	Chord	4/4	3	1	1/2	1/2	1	8112						
380	380	1518	1518	2.0	1/2	1/2	Chord	4/4	3	1	1/2	1/2	1	8113						
380	380	1516	1516	2.0	0	0	Chord	4/4	4	1	1/2	1/2	1	8114						
380	380	1518	1518	2.0	1/2	1/2	Chord	4/4	4	1	1/2	1/2	1	8115						
380	380	1516	1516	2.0	0	0	Chord	4/4	5	1	1/2	1/2	1	8116						
380	380	1518	1518	2.0	1/2	1/2	Chord	4/4	5	1	1/2	1/2	1	8117						
380	380	1516	1516	2.0	0	0	Chord	4/4	5	2	1/2	1/2	1	8118						
380	380	1518	1518	2.0	1/2	1/2	Chord	4/4	5	2	1/2	1/2	1	8119						
380	380	1516	1516	2.0	0	0	Chord	4/4	5	3	1/2	1/2	1	8120						
380	380	1518	1518	2.0	1/2	1/2	Chord	4/4	5	3	1/2	1/2	1	8121						
380	380	1516	1516	2.0	0	0	Chord	4/4	6	1	1/2	1/2	1	8122						
380	380	1518	1518	2.0	1/2	1/2	Chord	4/4	6	1	1/2	1/2	1	8123						
380	380	1516	1516	2.0	0	0	Chord	4/4	7	1	1/2	1/2	1	8124						
380	380	1518	1518	0.0	1/2	1/2	FiguredBass	4/4	7	1	0					1/2	6			
380	380	1518	1518	2.0	1/2	1/2	Chord	4/4	7	1	1/2	1/2	1	8125						
380	380	1516	1516	2.0	0	0	Chord	4/4	8	1	1/2	1/2	1	8126						
380	380	1518	1518	2.0	1/2	1/2	Chord	4/4	8	1	1/2	1/2	1	8127						
381	381	1520	1520	2.0	0	0	Chord	4/4	1	1	1/2	1/2	1	8128						
381	381	1522	1522	1.0	1/2	1/2	Chord	4/4	1	1	1/4	1/4	1	8129						
381	381	1523	1523	1.0	3/4	3/4	Chord	4/4	1	1	1/4	1/4	1	8130						
381	381	1520	1520	2.0	0	0	Chord	4/4	2	1	1/2	1/2	1	8131						
381	381	1522	1522	1.0	1/2	1/2	Chord	4/4	2	1	1/4	1/4	1	8132						
381	381	1523	1523	1.0	3/4	3/4	Chord	4/4	2	1	1/4	1/4	1	8133						
381	381	1520	1520	2.0	0	0	Chord	4/4	3	1	1/2	1/2	1	8134						
381	381	1522	1522	1.0	1/2	1/2	Chord	4/4	3	1	1/4	1/4	1	8135						
381	381	1523	1523	1.0	3/4	3/4	Chord	4/4	3	1	1/4	1/4	1	8136						
381	381	1520	1520	2.0	0	0	Chord	4/4	4	1	1/2	1/2	1	8137						
381	381	1522	1522	1.0	1/2	1/2	Chord	4/4	4	1	1/4	1/4	1	8138						
381	381	1523	1523	1.0	3/4	3/4	Chord	4/4	4	1	1/4	1/4	1	8139						
381	381	1520	1520	2.0	0	0	Chord	4/4	5	1	1/2	1/2	1	8140						
381	381	1522	1522	1.0	1/2	1/2	Chord	4/4	5	1	1/4	1/4	1	8141						
381	381	1523	1523	1.0	3/4	3/4	Chord	4/4	5	1	1/4	1/4	1	8142						
381	381	1520	1520	2.0	0	0	Chord	4/4	5	2	1/2	1/2	1	8143						
381	381	1522	1522	2.0	1/2	1/2	Chord	4/4	5	2	1/2	1/2	1	8144						
381	381	1520	1520	2.0	0	0	Chord	4/4	5	3	1/2	1/2	1	8145						
381	381	1522	1522	2.0	1/2	1/2	Chord	4/4	5	3	1/2	1/2	1	8146						
381	381	1520	1520	2.0	0	0	Chord	4/4	6	1	1/2	1/2	1	8147						
381	381	1522	1522	2.0	1/2	1/2	Chord	4/4	6	1	1/2	1/2	1	8148						
381	381	1520	1520	0.0	0	0	FiguredBass	4/4	7	1	0					1/2	7			
381	381	1520	1520	2.0	0	0	Chord	4/4	7	1	1/2	1/2	1	8149						
381	381	1522	1522	1.0	1/2	1/2	Chord	4/4	7	1	1/4	1/4	1	8150						
381	381	1523	1523	1.0	3/4	3/4	Chord	4/4	7	1	1/4	1/4	1	8151						
381	381	1520	1520	2.0	0	0	Chord	4/4	8	1	1/2	1/2	1	8152						
381	381	1522	1522	2.0	1/2	1/2	Chord	4/4	8	1	1/2	1/2	1	8153						
382	382	1524	1524	2.0	0	0	Chord	4/4	1	1	1/2	1/2	1	8154						
382	382	1526	1526	2.0	1/2	1/2	Chord	4/4	1	1	1/2	1/2	1	8155						
382	382	1524	1524	2.0	0	0	Chord	4/4	2	1	1/2	1/2	1	8156						
382	382	1526	1526	2.0	1/2	1/2	Chord	4/4	2	1	1/2	1/2	1	8157						
382	382	1524	1524	2.0	0	0	Chord	4/4	3	1	1/2	1/2	1	8158						
382	382	1526	1526	2.0	1/2	1/2	Chord	4/4	3	1	1/2	1/2	1	8159						
382	382	1524	1524	2.0	0	0	Chord	4/4	4	1	1/2	1/2	1	8160						
382	382	1526	1526	2.0	1/2	1/2	Chord	4/4	4	1	1/2	1/2	1	8161						
382	382	1524	1524	2.0	0	0	Chord	4/4	5	1	1/2	1/2	1	8162						
382	382	1526	1526	2.0	1/2	1/2	Chord	4/4	5	1	1/2	1/2	1	8163						
382	382	1524	1524	2.0	0	0	Chord	4/4	5	2	1/2	1/2	1	8164						
382	382	1526	1526	2.0	1/2	1/2	Chord	4/4	5	2	1/2	1/2	1	8165						
382	382	1524	1524	2.0	0	0	Chord	4/4	5	3	1/2	1/2	1	8166						
382	382	1526	1526	2.0	1/2	1/2	Chord	4/4	5	3	1/2	1/2	1	8167						
382	382	1524	1524	2.0	0	0	Chord	4/4	6	1	1/2	1/2	1	8168						
382	382	1526	1526	2.0	1/2	1/2	Chord	4/4	6	1	1/2	1/2	1	8169						
382	382	1524	1524	2.0	0	0	Chord	4/4	7	1	1/2	1/2	1	8170						
382	382	1526	1526	2.0	1/2	1/2	Chord	4/4	7	1	1/2	1/2	1	8171						
382	382	1524	1524	2.0	0	0	Chord	4/4	8	1	1/2	1/2	1	8172						
382	382	1526	1526	2.0	1/2	1/2	Chord	4/4	8	1	1/2	1/2	1	8173						
383	383	1528	1528	2.0	0	0	Chord	4/4	1	1	1/2	1/2	1	8174						
383	383	1530	1530	1.0	1/2	1/2	Chord	4/4	1	1	1/4	1/4	1	8175						
383	383	1531	1531	1.0	3/4	3/4	Chord	4/4	1	1	1/4	1/4	1	8176						
383	383	1528	1528	2.0	0	0	Chord	4/4	2	1	1/2	1/2	1	8177						
383	383	1530	1530	1.0	1/2	1/2	Chord	4/4	2	1	1/4	1/4	1	8178						
383	383	1531	1531	1.0	3/4	3/4	Chord	4/4	2	1	1/4	1/4	1	8179						
383	383	1528	1528	2.0	0	0	Chord	4/4	3	1	1/2	1/2	1	8180						
383	383	1530	1530	1.0	1/2	1/2	Chord	4/4	3	1	1/4	1/4	1	8181						
383	383	1531	1531	1.0	3/4	3/4	Chord	4/4	3	1	1/4	1/4	1	8182						
383	383	1528	1528	2.0	0	0	Chord	4/4	4	1	1/2	1/2	1	8183						
383	383	1530	1530	1.0	1/2	1/2	Chord	4/4	4	1	1/4	1/4	1	8184						
383	383	1531	1531	1.0	3/4	3/4	Chord	4/4	4	1	1/4	1/4	1	8185						
383	383	1528	1528	2.0	0	0	Chord	4/4	5	1	1/2	1/2	1	8186						
383	383	1530	1530	1.0	1/2	1/2	Chord	4/4	5	1	1/4	1/4	1	8187						
383	383	1531	1531	1.0	3/4	3/4	Chord	4/4	5	1	1/4	1/4	1	8188						
383	383	1528	1528	2.0	0	0	Chord	4/4	5	2	1/2	1/2	1	8189						
383	383	1530	1530	2.0	1/2	1/2	Chord	4/4	5	2	1/2	1/2	1	8190						
383	383	1528	1528	2.0	0	0	Chord	4/4	5	3	1/2	1/2	1	8191						
383	383	1530	1530	2.0	1/2	1/2	Chord	4/4	5	3	1/2	1/2	1	8192						
383	383	1528	1528	2.0	0	0	Chord	4/4	6	1	1/2	1/2	1	8193						
383	383	1530	1530	2.0	1/2	1/2	Chord	4/4	6	1	1/2	1/2	1	8194						
383	383	1528	1528	0.0	0	0	FiguredBass	4/4	7	1	0					1/2	5			
383	383	1528	1528	2.0	0	0	Chord	4/4	7	1	1/2	1/2	1	8195						
383	383	1530	1530	0.0	1/2	1/2	FiguredBass	4/4	7	1	0					1/4	4			
383	383	1530	1530	1.0	1/2	1/2	Chord	4/4	7	1	1/4	1/4	1	8196						
383	383	1531	1531	1.0	3/4	3/4	Chord	4/4	7	1	1/4	1/4	1	8197						
383	383	1528	1528	2.0	0	0	Chord	4/4	8	1	1/2	1/2	1	8198						
383	383	1530	1530	2.0	1/2	1/2	Chord	4/4	8	1	1/2	1/2	1	8199						
384	384	1532	1532	2.0	0	0	Chord	4/4	1	1	1/2	1/2	1	8200						
384	384	1534	1534	2.0	1/2	1/2	Chord	4/4	1	1	1/2	1/2	1	8201	ornamentTremblement					
384	384	1532	1532	1.0	0	0	Chord	4/4	2	1	1/4	1/4	1	8202						65
384	384	1533	1533	1.0	1/4	1/4	Chord	4/4	2	1	1/4	1/4	1	8203						
384	384	1534	1534	2.0	1/2	1/2	Chord	4/4	2	1	1/2	1/2	1	8204						
384	384	1532	1532	2.0	0	0	Chord	4/4	3	1	1/2	1/2	1	8205						
384	384	1534	1534	2.0	1/2	1/2	Chord	4/4	3	1	1/2	1/2	1	8206	ornamentTremblement					
384	384	1532	1532	2.0	0	0	Chord	4/4	4	1	1/2	1/2	1	8207						
384	384	1534	1534	2.0	1/2	1/2	Chord	4/4	4	1	1/2	1/2	1	8208						
384	384	1532	1532	2.0	0	0	Chord	4/4	5	1	1/2	1/2	1	8209						
384	384	1534	1534	2.0	1/2	1/2	Chord	4/4	5	1	1/2	1/2	1	8210	ornamentTremblement					
384	384	1532	1532	2.0	0	0	Chord	4/4	5	2	1/2	1/2	1	8211						
384	384	1534	1534	2.0	1/2	1/2	Chord	4/4	5	2	1/2	1/2	1	8212						
384	384	1532	1532	4.0	0	0	Chord	4/4	5	3	1	1	1	8213						
384	384	1532	1532	2.0	0	0	Chord	4/4	6	1	1/2	1/2	1	8214						
384	384	1534	1534	2.0	1/2	1/2	Chord	4/4	6	1	1/2	1/2	1	8215						
384	384	1532	1532	0.0	0	0	FiguredBass	4/4	7	1	0					1/2	6			
384	384	1532	1532	2.0	0	0	Chord	4/4	7	1	1/2	1/2	1	8216						
384	384	1534	1534	0.0	1/2	1/2	FiguredBass	4/4	7	1	0					1/2	#			
384	384	1534	1534	2.0	1/2	1/2	Chord	4/4	7	1	1/2	1/2	1	8217	ornamentTremblement					
384	384	1532	1532	2.0	0	0	Chord	4/4	8	1	1/2	1/2	1	8218						
384	384	1534	1534	2.0	1/2	1/2	Chord	4/4	8	1	1/2	1/2	1	8219						
385	385	1536	1536	2.0	0	0	Chord	4/4	1	1	1/2	1/2	1	8220						
385	385	1538	1538	2.0	1/2	1/2	Chord	4/4	1	1	1/2	1/2	1	8221						
385	385	1536	1536	2.0	0	0	Chord	4/4	2	1	1/2	1/2	1	8222						
385	385	1538	1538	2.0	1/2	1/2	Chord	4/4	2	1	1/2	1/2	1	8223						
385	385	1536	1536	2.0	0	0	Chord	4/4	3	1	1/2	1/2	1	8224						
385	385	1538	1538	2.0	1/2	1/2	Chord	4/4	3	1	1/2	1/2	1	8225						
385	385	1536	1536	2.0	0	0	Chord	4/4	4	1	1/2	1/2	1	8226						
385	385	1538	1538	2.0	1/2	1/2	Chord	4/4	4	1	1/2	1/2	1	8227						
385	385	1536	1536	2.0	0	0	Chord	4/4	5	1	1/2	1/2	1	8228						
385	385	1538	1538	2.0	1/2	1/2	Chord	4/4	5	1	1/2	1/2	1	8229						
385	385	1536	1536	2.0	0	0	Chord	4/4	5	2	1/2	1/2	1	8230						
385	385	1538	1538	2.0	1/2	1/2	Chord	4/4	5	2	1/2	1/2	1	8231						
385	385	1536	1536	2.0	0	0	Chord	4/4	5	3	1/2	1/2	1	8232						
385	385	1538	1538	2.0	1/2	1/2	Chord	4/4	5	3	1/2	1/2	1	8233						
385	385	1536	1536	2.0	0	0	Chord	4/4	6	1	1/2	1/2	1	8234						
385	385	1538	1538	2.0	1/2	1/2	Chord	4/4	6	1	1/2	1/2	1	8235						
385	385	1536	1536	2.0	0	0	Chord	4/4	7	1	1/2	1/2	1	8236						
385	385	1538	1538	2.0	1/2	1/2	Chord	4/4	7	1	1/2	1/2	1	8237						
385	385	1536	1536	2.0	0	0	Chord	4/4	8	1	1/2	1/2	1	8238						
385	385	1538	1538	2.0	1/2	1/2	Chord	4/4	8	1	1/2	1/2	1	8239						
386	386	1540	1540	2.0	0	0	Chord	4/4	1	1	1/2	1/2	1	8240						
386	386	1542	1542	2.0	1/2	1/2	Chord	4/4	1	1	1/2	1/2	1	8241						
386	386	1540	1540	2.0	0	0	Chord	4/4	2	1	1/2	1/2	1	8242						
386	386	1542	1542	2.0	1/2	1/2	Chord	4/4	2	1	1/2	1/2	1	8243						
386	386	1540	1540	2.0	0	0	Chord	4/4	3	1	1/2	1/2	1	8244						
386	386	1542	1542	2.0	1/2	1/2	Chord	4/4	3	1	1/2	1/2	1	8245						
386	386	1540	1540	2.0	0	0	Chord	4/4	4	1	1/2	1/2	1	8246						
386	386	1542	1542	2.0	1/2	1/2	Chord	4/4	4	1	1/2	1/2	1	8247						
386	386	1540	1540	2.0	0	0	Chord	4/4	5	1	1/2	1/2	1	8248						
386	386	1542	1542	2.0	1/2	1/2	Chord	4/4	5	1	1/2	1/2	1	8249						
386	386	1540	1540	2.0	0	0	Chord	4/4	5	2	1/2	1/2	1	8250						
386	386	1542	1542	2.0	1/2	1/2	Chord	4/4	5	2	1/2	1/2	1	8251						
386	386	1540	1540	2.0	0	0	Chord	4/4	5	3	1/2	1/2	1	8252						
386	386	1542	1542	2.0	1/2	1/2	Chord	4/4	5	3	1/2	1/2	1	8253						
386	386	1540	1540	2.0	0	0	Chord	4/4	6	1	1/2	1/2	1	8254						
386	386	1542	1542	2.0	1/2	1/2	Chord	4/4	6	1	1/2	1/2	1	8255						
386	386	1540	1540	2.0	0	0	Chord	4/4	7	1	1/2	1/2	1	8256						
386	386	1542	1542	2.0	1/2	1/2	Chord	4/4	7	1	1/2	1/2	1	8257						
386	386	1540	1540	2.0	0	0	Chord	4/4	8	1	1/2	1/2	1	8258						
386	386	1542	1542	2.0	1/2	1/2	Chord	4/4	8	1	1/2	1/2	1	8259						
387	387	1544	1544	2.0	0	0	Chord	4/4	1	1	1/2	1/2	1	8260						
387	387	1546	1546	2.0	1/2	1/2	Chord	4/4	1	1	1/2	1/2	1	8261						
387	387	1544	1544	2.0	0	0	Chord	4/4	2	1	1/2	1/2	1	8262						
387	387	1546	1546	2.0	1/2	1/2	Chord	4/4	2	1	1/2	1/2	1	8263						
387	387	1544	1544	2.0	0	0	Chord	4/4	3	1	1/2	1/2	1	8264						
387	387	1546	1546	2.0	1/2	1/2	Chord	4/4	3	1	1/2	1/2	1	8265						
387	387	1544	1544	2.0	0	0	Chord	4/4	4	1	1/2	1/2	1	8266						
387	387	1546	1546	2.0	1/2	1/2	Chord	4/4	4	1	1/2	1/2	1	8267						
387	387	1544	1544	2.0	0	0	Chord	4/4	5	1	1/2	1/2	1	8268						
387	387	1546	1546	2.0	1/2	1/2	Chord	4/4	5	1	1/2	1/2	1	8269						
387	387	1544	1544	2.0	0	0	Chord	4/4	5	2	1/2	1/2	1	8270						
387	387	1546	1546	2.0	1/2	1/2	Chord	4/4	5	2	1/2	1/2	1	8271						
387	387	1544	1544	2.0	0	0	Chord	4/4	5	3	1/2	1/2	1	8272						
387	387	1546	1546	2.0	1/2	1/2	Chord	4/4	5	3	1/2	1/2	1	8273						
387	387	1544	1544	2.0	0	0	Chord	4/4	6	1	1/2	1/2	1	8274						
387	387	1546	1546	2.0	1/2	1/2	Chord	4/4	6	1	1/2	1/2	1	8275						
387	387	1544	1544	0.0	0	0	FiguredBass	4/4	7	1	0					1/2	6			
387	387	1544	1544	2.0	0	0	Chord	4/4	7	1	1/2	1/2	1	8276						
387	387	1546	1546	0.0	1/2	1/2	FiguredBass	4/4	7	1	0					1/2	5			
387	387	1546	1546	2.0	1/2	1/2	Chord	4/4	7	1	1/2	1/2	1	8277						
387	387	1544	1544	2.0	0	0	Chord	4/4	8	1	1/2	1/2	1	8278						
387	387	1546	1546	2.0	1/2	1/2	Chord	4/4	8	1	1/2	1/2	1	8279						
388	388	1548	1548	2.0	0	0	Chord	4/4	1	1	1/2	1/2	1	8280						
388	388	1550	1550	2.0	1/2	1/2	Chord	4/4	1	1	1/2	1/2	1	8281						
388	388	1548	1548	2.0	0	0	Chord	4/4	2	1	1/2	1/2	1	8282						
388	388	1550	1550	2.0	1/2	1/2	Chord	4/4	2	1	1/2	1/2	1	8283						
388	388	1548	1548	2.0	0	0	Chord	4/4	3	1	1/2	1/2	1	8284						
388	388	1550	1550	2.0	1/2	1/2	Chord	4/4	3	1	1/2	1/2	1	8285						
388	388	1548	1548	2.0	0	0	Chord	4/4	4	1	1/2	1/2	1	8286						
388	388	1550	1550	2.0	1/2	1/2	Chord	4/4	4	1	1/2	1/2	1	8287						
388	388	1548	1548	2.0	0	0	Chord	4/4	5	1	1/2	1/2	1	8288						
388	388	1550	1550	2.0	1/2	1/2	Chord	4/4	5	1	1/2	1/2	1	8289						
388	388	1548	1548	2.0	0	0	Chord	4/4	5	2	1/2	1/2	1	8290						
388	388	1550	1550	2.0	1/2	1/2	Chord	4/4	5	2	1/2	1/2	1	8291						
388	388	1548	1548	2.0	0	0	Chord	4/4	5	3	1/2	1/2	1	8292						
388	388	1550	1550	2.0	1/2	1/2	Chord	4/4	5	3	1/2	1/2	1	8293						
388	388	1548	1548	2.0	0	0	Chord	4/4	6	1	1/2	1/2	1	8294						
388	388	1550	1550	2.0	1/2	1/2	Chord	4/4	6	1	1/2	1/2	1	8295						
388	388	1548	1548	2.0	0	0	Chord	4/4	7	1	1/2	1/2	1	8296						
388	388	1550	1550	2.0	1/2	1/2	Chord	4/4	7	1	1/2	1/2	1	8297						
388	388	1548	1548	2.0	0	0	Chord	4/4	8	1	1/2	1/2	1	8298						
388	388	1550	1550	2.0	1/2	1/2	Chord	4/4	8	1	1/2	1/2	1	8299						
389	389	1552	1552	2.0	0	0	Chord	4/4	1	1	1/2	1/2	1	8300						
389	389	1554	1554	2.0	1/2	1/2	Chord	4/4	1	1	1/2	1/2	1	8301						
389	389	1552	1552	2.0	0	0	Chord	4/4	2	1	1/2	1/2	1	8302						
389	389	1554	1554	2.0	1/2	1/2	Chord	4/4	2	1	1/2	1/2	1	8303						
389	389	1552	1552	2.0	0	0	Chord	4/4	3	1	1/2	1/2	1	8304						
389	389	1554	1554	2.0	1/2	1/2	Chord	4/4	3	1	1/2	1/2	1	8305						
389	389	1552	1552	2.0	0	0	Chord	4/4	4	1	1/2	1/2	1	8306						
389	389	1554	1554	2.0	1/2	1/2	Chord	4/4	4	1	1/2	1/2	1	8307						
389	389	1552	1552	2.0	0	0	Chord	4/4	5	1	1/2	1/2	1	8308						
389	389	1554	1554	2.0	1/2	1/2	Chord	4/4	5	1	1/2	1/2	1	8309						
389	389	1552	1552	2.0	0	0	Chord	4/4	5	2	1/2	1/2	1	8310						
389	389	1554	1554	2.0	1/2	1/2	Chord	4/4	5	2	1/2	1/2	1	8311						
389	389	1552	1552	2.0	0	0	Chord	4/4	5	3	1/2	1/2	1	8312						
389	389	1554	1554	2.0	1/2	1/2	Chord	4/4	5	3	1/2	1/2	1	8313						
389	389	1552	1552	2.0	0	0	Chord	4/4	6	1	1/2	1/2	1	8314						
389	389	1554	1554	2.0	1/2	1/2	Chord	4/4	6	1	1/2	1/2	1	8315						
389	389	1552	1552	2.0	0	0	Chord	4/4	7	1	1/2	1/2	1	8316						
389	389	1554	1554	2.0	1/2	1/2	Chord	4/4	7	1	1/2	1/2	1	8317						
389	389	1552	1552	2.0	0	0	Chord	4/4	8	1	1/2	1/2	1	8318						
389	389	1554	1554	2.0	1/2	1/2	Chord	4/4	8	1	1/2	1/2	1	8319						
390	390	1556	1556	4.0	0	0	Chord	4/4	1	1	1	1	1	8320						
390	390	1556	1556	4.0	0	0	Chord	4/4	2	1	1	1	1	8321						
390	390	1556	1556	2.0	0	0	Chord	4/4	3	1	1/2	1/2	1	8322						66
390	390	1558	1558	2.0	1/2	1/2	Chord	4/4	3	1	1/2	1/2	1	8323						
390	390	1556	1556	2.0	0	0	Chord	4/4	4	1	1/2	1/2	1	8324						67
390	390	1558	1558	2.0	1/2	1/2	Chord	4/4	4	1	1/2	1/2	1	8325						
390	390	1556	1556	4.0	0	0	Chord	4/4	5	1	1	1	1	8326						
390	390	1556	1556	2.0	0	0	Chord	4/4	5	2	1/2	1/2	1	8327						
390	390	1558	1558	2.0	1/2	1/2	Chord	4/4	5	2	1/2	1/2	1	8328						
390	390	1556	1556	2.0	0	0	Chord	4/4	5	3	1/2	1/2	1	8329						
390	390	1558	1558	2.0	1/2	1/2	Chord	4/4	5	3	1/2	1/2	1	8330						
390	390	1556	1556	2.0	0	0	Chord	4/4	6	1	1/2	1/2	1	8331						
390	390	1558	1558	2.0	1/2	1/2	Chord	4/4	6	1	1/2	1/2	1	8332						
390	390	1556	1556	0.0	0	0	FiguredBass	4/4	7	1	0					1	6			
390	390	1556	1556	4.0	0	0	Chord	4/4	7	1	1	1	1	8333						
390	390	1556	1556	2.0	0	0	Chord	4/4	8	1	1/2	1/2	1	8334						
390	390	1558	1558	2.0	1/2	1/2	Chord	4/4	8	1	1/2	1/2	1	8335						
391	391	1560	1560	2.0	0	0	Chord	4/4	1	1	1/2	1/2	1	8336						
391	391	1562	1562	2.0	1/2	1/2	Chord	4/4	1	1	1/2	1/2	1	8337						
391	391	1560	1560	2.0	0	0	Chord	4/4	2	1	1/2	1/2	1	8338						
391	391	1562	1562	2.0	1/2	1/2	Chord	4/4	2	1	1/2	1/2	1	8339						
391	391	1560	1560	2.0	0	0	Chord	4/4	3	1	1/2	1/2	1	8340						
391	391	1562	1562	2.0	1/2	1/2	Chord	4/4	3	1	1/2	1/2	1	8341						
391	391	1560	1560	2.0	0	0	Chord	4/4	4	1	1/2	1/2	1	8342						
391	391	1562	1562	2.0	1/2	1/2	Chord	4/4	4	1	1/2	1/2	1	8343						
391	391	1560	1560	2.0	0	0	Chord	4/4	5	1	1/2	1/2	1	8344						
391	391	1562	1562	2.0	1/2	1/2	Chord	4/4	5	1	1/2	1/2	1	8345						
391	391	1560	1560	2.0	0	0	Chord	4/4	5	2	1/2	1/2	1	8346						
391	391	1562	1562	2.0	1/2	1/2	Chord	4/4	5	2	1/2	1/2	1	8347						
391	391	1560	1560	2.0	0	0	Chord	4/4	5	3	1/2	1/2	1	8348						
391	391	1562	1562	2.0	1/2	1/2	Chord	4/4	5	3	1/2	1/2	1	8349						
391	391	1560	1560	2.0	0	0	Chord	4/4	6	1	1/2	1/2	1	8350						
391	391	1562	1562	2.0	1/2	1/2	Chord	4/4	6	1	1/2	1/2	1	8351						
391	391	1560	1560	0.0	0	0	FiguredBass	4/4	7	1	0					1/2	5			
391	391	1560	1560	2.0	0	0	Chord	4/4	7	1	1/2	1/2	1	8352						
391	391	1562	1562	2.0	1/2	1/2	Chord	4/4	7	1	1/2	1/2	1	8353						
391	391	1560	1560	2.0	0	0	Chord	4/4	8	1	1/2	1/2	1	8354						
391	391	1562	1562	2.0	1/2	1/2	Chord	4/4	8	1	1/2	1/2	1	8355						
392	392	1564	1564	4.0	0	0	Chord	4/4	1	1	1	1	1	8356	ornamentTremblement					
392	392	1564	1564	2.0	0	0	Chord	4/4	2	1	1/2	1/2	1	8357						68
392	392	1566	1566	2.0	1/2	1/2	Chord	4/4	2	1	1/2	1/2	1	8358	ornamentTremblement					
392	392	1564	1564	2.0	0	0	Chord	4/4	3	1	1/2	1/2	1	8359						69
392	392	1566	1566	1.0	1/2	1/2	Chord	4/4	3	1	1/4	1/4	1	8360						69
392	392	1567	1567	1.0	3/4	3/4	Chord	4/4	3	1	1/4	1/4	1	8361						
392	392	1564	1564	2.0	0	0	Chord	4/4	4	1	1/2	1/2	1	8362						
392	392	1566	1566	2.0	1/2	1/2	Chord	4/4	4	1	1/2	1/2	1	8363						
392	392	1564	1564	4.0	0	0	Chord	4/4	5	1	1	1	1	8364	ornamentTremblement					
392	392	1564	1564	2.0	0	0	Chord	4/4	5	2	1/2	1/2	1	8365						
392	392	1566	1566	1.0	1/2	1/2	Chord	4/4	5	2	1/4	1/4	1	8366						
392	392	1567	1567	1.0	3/4	3/4	Chord	4/4	5	2	1/4	1/4	1	8367						
392	392	1564	1564	2.0	0	0	Chord	4/4	5	3	1/2	1/2	1	8368						
392	392	1566	1566	2.0	1/2	1/2	Chord	4/4	5	3	1/2	1/2	1	8369						
392	392	1564	1564	2.0	0	0	Chord	4/4	6	1	1/2	1/2	1	8370						
392	392	1566	1566	2.0	1/2	1/2	Chord	4/4	6	1	1/2	1/2	1	8371						
392	392	1564	1564	0.0	0	0	FiguredBass	4/4	7	1	0					1	6	5		
392	392	1564	1564	4.0	0	0	Chord	4/4	7	1	1	1	1	8372	ornamentTremblement					
392	392	1564	1564	2.0	0	0	Chord	4/4	8	1	1/2	1/2	1	8373						
392	392	1566	1566	2.0	1/2	1/2	Chord	4/4	8	1	1/2	1/2	1	8374						
393	393	1568	1568	2.0	0	0	Chord	4/4	1	1	1/2	1/2	1	8375						
393	393	1570	1570	2.0	1/2	1/2	Chord	4/4	1	1	1/2	1/2	1	8376						70
393	393	1568	1568	2.0	0	0	Chord	4/4	2	1	1/2	1/2	1	8377						
393	393	1570	1570	2.0	1/2	1/2	Chord	4/4	2	1	1/2	1/2	1	8378						
393	393	1568	1568	2.0	0	0	Chord	4/4	3	1	1/2	1/2	1	8379						
393	393	1570	1570	2.0	1/2	1/2	Chord	4/4	3	1	1/2	1/2	1	8380						71
393	393	1568	1568	2.0	0	0	Chord	4/4	4	1	1/2	1/2	1	8381						
393	393	1570	1570	2.0	1/2	1/2	Chord	4/4	4	1	1/2	1/2	1	8382						72
393	393	1568	1568	2.0	0	0	Chord	4/4	5	1	1/2	1/2	1	8383						
393	393	1570	1570	2.0	1/2	1/2	Chord	4/4	5	1	1/2	1/2	1	8384						73
393	393	1568	1568	2.0	0	0	Chord	4/4	5	2	1/2	1/2	1	8385						
393	393	1570	1570	2.0	1/2	1/2	Chord	4/4	5	2	1/2	1/2	1	8386						
393	393	1568	1568	2.0	0	0	Chord	4/4	5	3	1/2	1/2	1	8387						
393	393	1570	1570	2.0	1/2	1/2	Chord	4/4	5	3	1/2	1/2	1	8388						
393	393	1568	1568	2.0	0	0	Chord	4/4	6	1	1/2	1/2	1	8389						
393	393	1570	1570	2.0	1/2	1/2	Chord	4/4	6	1	1/2	1/2	1	8390						
393	393	1568	1568	2.0	0	0	Chord	4/4	7	1	1/2	1/2	1	8391						
393	393	1570	1570	2.0	1/2	1/2	Chord	4/4	7	1	1/2	1/2	1	8392						
393	393	1568	1568	2.0	0	0	Chord	4/4	8	1	1/2	1/2	1	8393						
393	393	1570	1570	2.0	1/2	1/2	Chord	4/4	8	1	1/2	1/2	1	8394						
394	394	1572	1572	2.0	0	0	Chord	4/4	1	1	1/2	1/2	1	8395						70
394	394	1574	1574	2.0	1/2	1/2	Chord	4/4	1	1	1/2	1/2	1	8396						70
394	394	1572	1572	4.0	0	0	Chord	4/4	2	1	1	1	1	8397						
394	394	1572	1572	4.0	0	0	Chord	4/4	3	1	1	1	1	8398						71
394	394	1572	1572	4.0	0	0	Chord	4/4	4	1	1	1	1	8399						72
394	394	1572	1572	2.0	0	0	Chord	4/4	5	1	1/2	1/2	1	8400						73
394	394	1574	1574	2.0	1/2	1/2	Chord	4/4	5	1	1/2	1/2	1	8401						73
394	394	1572	1572	4.0	0	0	Chord	4/4	5	2	1	1	1	8402						
394	394	1572	1572	4.0	0	0	Chord	4/4	5	3	1	1	1	8403						
394	394	1572	1572	4.0	0	0	Chord	4/4	6	1	1	1	1	8404						
394	394	1572	1572	0.0	0	0	FiguredBass	4/4	7	1	0					1/2	5			
394	394	1572	1572	2.0	0	0	Chord	4/4	7	1	1/2	1/2	1	8405						
394	394	1574	1574	0.0	1/2	1/2	FiguredBass	4/4	7	1	0					1/2	6			
394	394	1574	1574	2.0	1/2	1/2	Chord	4/4	7	1	1/2	1/2	1	8406						
394	394	1572	1572	2.0	0	0	Chord	4/4	8	1	1/2	1/2	1	8407						
394	394	1574	1574	2.0	1/2	1/2	Chord	4/4	8	1	1/2	1/2	1	8408						
395	395	1576	1576	2.0	0	0	Chord	4/4	1	1	1/2	1/2	1	8409						70
395	395	1578	1578	2.0	1/2	1/2	Chord	4/4	1	1	1/2	1/2	1	8410	ornamentTremblement					
395	395	1576	1576	4.0	0	0	Chord	4/4	2	1	1	1	1	8411						
395	395	1576	1576	2.0	0	0	Chord	4/4	3	1	1/2	1/2	1	8412						71
395	395	1578	1578	2.0	1/2	1/2	Chord	4/4	3	1	1/2	1/2	1	8413	ornamentTremblement					
395	395	1576	1576	4.0	0	0	Chord	4/4	4	1	1	1	1	8414						
395	395	1576	1576	2.0	0	0	Chord	4/4	5	1	1/2	1/2	1	8415						73
395	395	1578	1578	2.0	1/2	1/2	Chord	4/4	5	1	1/2	1/2	1	8416	ornamentTremblement					
395	395	1576	1576	2.0	0	0	Chord	4/4	5	2	1/2	1/2	1	8417						
395	395	1578	1578	2.0	1/2	1/2	Chord	4/4	5	2	1/2	1/2	1	8418						
395	395	1576	1576	2.0	0	0	Chord	4/4	5	3	1/2	1/2	1	8419						
395	395	1578	1578	2.0	1/2	1/2	Chord	4/4	5	3	1/2	1/2	1	8420						
395	395	1576	1576	4.0	0	0	Chord	4/4	6	1	1	1	1	8421						
395	395	1576	1576	0.0	0	0	FiguredBass	4/4	7	1	0					1/2	6	4		
395	395	1576	1576	2.0	0	0	Chord	4/4	7	1	1/2	1/2	1	8422						
395	395	1578	1578	0.0	1/2	1/2	FiguredBass	4/4	7	1	0					1/2	5	3		
395	395	1578	1578	2.0	1/2	1/2	Chord	4/4	7	1	1/2	1/2	1	8423	ornamentTremblement					
395	395	1576	1576	4.0	0	0	Chord	4/4	8	1	1	1	1	8424						
396	396	1580	1580	4.0	0	0	Chord	4/4	1	1	1	1	1	8425						
396	396	1580	1580	4.0	0	0	Chord	4/4	2	1	1	1	1	8426						
396	396	1580	1580	4.0	0	0	Chord	4/4	3	1	1	1	1	8427						
396	396	1580	1580	4.0	0	0	Chord	4/4	4	1	1	1	1	8428						
396	396	1580	1580	4.0	0	0	Chord	4/4	5	1	1	1	1	8429						
396	396	1580	1580	4.0	0	0	Chord	4/4	5	2	1	1	1	8430						
396	396	1580	1580	4.0	0	0	Chord	4/4	5	3	1	1	1	8431						
396	396	1580	1580	4.0	0	0	Chord	4/4	5	4	1	1	1	8432						
396	396	1580	1580	4.0	0	0	Chord	4/4	6	1	1	1	1	8433						
396	396	1580	1580	4.0	0	0	Chord	4/4	7	1	1	1	1	8434						
396	396	1580	1580	4.0	0	0	Chord	4/4	8	1	1	1	1	8435						
