mc	mn	quarterbeats	quarterbeats_all_endings	duration_qb	mc_onset	mn_onset	event	timesig	staff	voice	duration	nominal_duration	scalar	chord_id	articulation	thoroughbass_duration	thoroughbass_level_1	thoroughbass_level_2	thoroughbass_level_3	slur
1	1	0	0	2.0	0	1/2	Chord	4/4	1	1	1/2	1/2	1	0						
1	1	0	0	2.0	0	1/2	Chord	4/4	2	1	1/2	1/2	1	1						
1	1	0	0	2.0	0	1/2	Chord	4/4	3	1	1/2	1/2	1	2						
1	1	0	0	2.0	0	1/2	Chord	4/4	4	1	1/2	1/2	1	3						
1	1	0	0	2.0	0	1/2	Chord	4/4	5	1	1/2	1/2	1	4						
1	1	0	0	2.0	0	1/2	Chord	4/4	5	2	1/2	1/2	1	5						
1	1	0	0	2.0	0	1/2	Chord	4/4	5	3	1/2	1/2	1	6						
1	1	0	0	2.0	0	1/2	Chord	4/4	6	1	1/2	1/2	1	7						
1	1	0	0	2.0	0	1/2	Chord	4/4	7	1	1/2	1/2	1	8						
1	1	0	0	2.0	0	1/2	Chord	4/4	8	1	1/2	1/2	1	9						
2	2	2	2	2.0	0	0	Chord	4/4	1	1	1/2	1/2	1	10						
2	2	4	4	2.0	1/2	1/2	Chord	4/4	1	1	1/2	1/2	1	11						
2	2	2	2	2.0	0	0	Chord	4/4	2	1	1/2	1/2	1	12						
2	2	4	4	2.0	1/2	1/2	Chord	4/4	2	1	1/2	1/2	1	13						
2	2	2	2	2.0	0	0	Chord	4/4	3	1	1/2	1/2	1	14						
2	2	4	4	2.0	1/2	1/2	Chord	4/4	3	1	1/2	1/2	1	15						
2	2	2	2	2.0	0	0	Chord	4/4	4	1	1/2	1/2	1	16						
2	2	4	4	2.0	1/2	1/2	Chord	4/4	4	1	1/2	1/2	1	17						
2	2	2	2	2.0	0	0	Chord	4/4	5	1	1/2	1/2	1	18						
2	2	4	4	2.0	1/2	1/2	Chord	4/4	5	1	1/2	1/2	1	19						
2	2	2	2	2.0	0	0	Chord	4/4	5	2	1/2	1/2	1	20						
2	2	4	4	2.0	1/2	1/2	Chord	4/4	5	2	1/2	1/2	1	21						
2	2	2	2	2.0	0	0	Chord	4/4	5	3	1/2	1/2	1	22						
2	2	4	4	2.0	1/2	1/2	Chord	4/4	5	3	1/2	1/2	1	23						
2	2	2	2	2.0	0	0	Chord	4/4	6	1	1/2	1/2	1	24						
2	2	4	4	2.0	1/2	1/2	Chord	4/4	6	1	1/2	1/2	1	25						
2	2	2	2	2.0	0	0	Chord	4/4	7	1	1/2	1/2	1	26						
2	2	4	4	0.0	1/2	1/2	FiguredBass	4/4	7	1	0					1/2	6			
2	2	4	4	2.0	1/2	1/2	Chord	4/4	7	1	1/2	1/2	1	27						
2	2	2	2	2.0	0	0	Chord	4/4	8	1	1/2	1/2	1	28						
2	2	4	4	2.0	1/2	1/2	Chord	4/4	8	1	1/2	1/2	1	29						
3	3	6	6	2.0	0	0	Chord	4/4	1	1	1/2	1/2	1	30						
3	3	8	8	2.0	1/2	1/2	Chord	4/4	1	1	1/2	1/2	1	31						
3	3	6	6	2.0	0	0	Chord	4/4	2	1	1/2	1/2	1	32						
3	3	8	8	2.0	1/2	1/2	Chord	4/4	2	1	1/2	1/2	1	33						
3	3	6	6	2.0	0	0	Chord	4/4	3	1	1/2	1/2	1	34						
3	3	8	8	2.0	1/2	1/2	Chord	4/4	3	1	1/2	1/2	1	35						
3	3	6	6	2.0	0	0	Chord	4/4	4	1	1/2	1/2	1	36						
3	3	8	8	2.0	1/2	1/2	Chord	4/4	4	1	1/2	1/2	1	37						
3	3	6	6	2.0	0	0	Chord	4/4	5	1	1/2	1/2	1	38						
3	3	8	8	2.0	1/2	1/2	Chord	4/4	5	1	1/2	1/2	1	39						
3	3	6	6	2.0	0	0	Chord	4/4	5	2	1/2	1/2	1	40						
3	3	8	8	2.0	1/2	1/2	Chord	4/4	5	2	1/2	1/2	1	41						
3	3	6	6	2.0	0	0	Chord	4/4	5	3	1/2	1/2	1	42						
3	3	8	8	2.0	1/2	1/2	Chord	4/4	5	3	1/2	1/2	1	43						
3	3	6	6	2.0	0	0	Chord	4/4	6	1	1/2	1/2	1	44						
3	3	8	8	2.0	1/2	1/2	Chord	4/4	6	1	1/2	1/2	1	45						
3	3	6	6	2.0	0	0	Chord	4/4	7	1	1/2	1/2	1	46						
3	3	8	8	2.0	1/2	1/2	Chord	4/4	7	1	1/2	1/2	1	47						
3	3	6	6	2.0	0	0	Chord	4/4	8	1	1/2	1/2	1	48						
3	3	8	8	2.0	1/2	1/2	Chord	4/4	8	1	1/2	1/2	1	49						
4	4	10	10	2.0	0	0	Chord	4/4	1	1	1/2	1/2	1	50						
4	4	12	12	2.0	1/2	1/2	Chord	4/4	1	1	1/2	1/2	1	51						
4	4	10	10	2.0	0	0	Chord	4/4	2	1	1/2	1/2	1	52						
4	4	12	12	2.0	1/2	1/2	Chord	4/4	2	1	1/2	1/2	1	53						
4	4	10	10	2.0	0	0	Chord	4/4	3	1	1/2	1/2	1	54						
4	4	12	12	2.0	1/2	1/2	Chord	4/4	3	1	1/2	1/2	1	55						
4	4	10	10	2.0	0	0	Chord	4/4	4	1	1/2	1/2	1	56						
4	4	12	12	2.0	1/2	1/2	Chord	4/4	4	1	1/2	1/2	1	57						
4	4	10	10	2.0	0	0	Chord	4/4	5	1	1/2	1/2	1	58						
4	4	12	12	2.0	1/2	1/2	Chord	4/4	5	1	1/2	1/2	1	59						
4	4	10	10	2.0	0	0	Chord	4/4	5	2	1/2	1/2	1	60						
4	4	12	12	2.0	1/2	1/2	Chord	4/4	5	2	1/2	1/2	1	61						
4	4	10	10	2.0	0	0	Chord	4/4	5	3	1/2	1/2	1	62						
4	4	12	12	2.0	1/2	1/2	Chord	4/4	5	3	1/2	1/2	1	63						
4	4	10	10	2.0	0	0	Chord	4/4	6	1	1/2	1/2	1	64						
4	4	12	12	2.0	1/2	1/2	Chord	4/4	6	1	1/2	1/2	1	65						
4	4	10	10	0.0	0	0	FiguredBass	4/4	7	1	0					1/2	6			
4	4	10	10	2.0	0	0	Chord	4/4	7	1	1/2	1/2	1	66						
4	4	12	12	2.0	1/2	1/2	Chord	4/4	7	1	1/2	1/2	1	67						
4	4	10	10	2.0	0	0	Chord	4/4	8	1	1/2	1/2	1	68						
4	4	12	12	2.0	1/2	1/2	Chord	4/4	8	1	1/2	1/2	1	69						
5	5	14	14	2.0	0	0	Chord	4/4	1	1	1/2	1/2	1	70						
5	5	16	16	2.0	1/2	1/2	Chord	4/4	1	1	1/2	1/2	1	71						
5	5	14	14	2.0	0	0	Chord	4/4	2	1	1/2	1/2	1	72						
5	5	16	16	2.0	1/2	1/2	Chord	4/4	2	1	1/2	1/2	1	73						
5	5	14	14	2.0	0	0	Chord	4/4	3	1	1/2	1/2	1	74						
5	5	16	16	2.0	1/2	1/2	Chord	4/4	3	1	1/2	1/2	1	75						
5	5	14	14	2.0	0	0	Chord	4/4	4	1	1/2	1/2	1	76						
5	5	16	16	2.0	1/2	1/2	Chord	4/4	4	1	1/2	1/2	1	77						
5	5	14	14	2.0	0	0	Chord	4/4	5	1	1/2	1/2	1	78						
5	5	16	16	2.0	1/2	1/2	Chord	4/4	5	1	1/2	1/2	1	79						
5	5	14	14	2.0	0	0	Chord	4/4	5	2	1/2	1/2	1	80						
5	5	16	16	2.0	1/2	1/2	Chord	4/4	5	2	1/2	1/2	1	81						
5	5	14	14	2.0	0	0	Chord	4/4	5	3	1/2	1/2	1	82						
5	5	16	16	2.0	1/2	1/2	Chord	4/4	5	3	1/2	1/2	1	83						
5	5	14	14	2.0	0	0	Chord	4/4	6	1	1/2	1/2	1	84						
5	5	16	16	2.0	1/2	1/2	Chord	4/4	6	1	1/2	1/2	1	85						
5	5	14	14	2.0	0	0	Chord	4/4	7	1	1/2	1/2	1	86						
5	5	16	16	2.0	1/2	1/2	Chord	4/4	7	1	1/2	1/2	1	87						
5	5	14	14	2.0	0	0	Chord	4/4	8	1	1/2	1/2	1	88						
5	5	16	16	2.0	1/2	1/2	Chord	4/4	8	1	1/2	1/2	1	89						
6	6	18	18	2.0	0	0	Chord	4/4	1	1	1/2	1/2	1	90						
6	6	20	20	2.0	1/2	1/2	Chord	4/4	1	1	1/2	1/2	1	91						
6	6	18	18	2.0	0	0	Chord	4/4	2	1	1/2	1/2	1	92						
6	6	20	20	2.0	1/2	1/2	Chord	4/4	2	1	1/2	1/2	1	93						
6	6	18	18	2.0	0	0	Chord	4/4	3	1	1/2	1/2	1	94						
6	6	20	20	2.0	1/2	1/2	Chord	4/4	3	1	1/2	1/2	1	95						
6	6	18	18	2.0	0	0	Chord	4/4	4	1	1/2	1/2	1	96						
6	6	20	20	2.0	1/2	1/2	Chord	4/4	4	1	1/2	1/2	1	97						
6	6	18	18	2.0	0	0	Chord	4/4	5	1	1/2	1/2	1	98						
6	6	20	20	2.0	1/2	1/2	Chord	4/4	5	1	1/2	1/2	1	99						
6	6	18	18	2.0	0	0	Chord	4/4	5	2	1/2	1/2	1	100						
6	6	20	20	2.0	1/2	1/2	Chord	4/4	5	2	1/2	1/2	1	101						
6	6	18	18	2.0	0	0	Chord	4/4	5	3	1/2	1/2	1	102						
6	6	20	20	2.0	1/2	1/2	Chord	4/4	5	3	1/2	1/2	1	103						
6	6	18	18	2.0	0	0	Chord	4/4	6	1	1/2	1/2	1	104						
6	6	20	20	2.0	1/2	1/2	Chord	4/4	6	1	1/2	1/2	1	105						
6	6	18	18	0.0	0	0	FiguredBass	4/4	7	1	0					1/2	6			
6	6	18	18	2.0	0	0	Chord	4/4	7	1	1/2	1/2	1	106						
6	6	20	20	0.0	1/2	1/2	FiguredBass	4/4	7	1	0					1/2	5b			
6	6	20	20	2.0	1/2	1/2	Chord	4/4	7	1	1/2	1/2	1	107						
6	6	18	18	2.0	0	0	Chord	4/4	8	1	1/2	1/2	1	108						
6	6	20	20	2.0	1/2	1/2	Chord	4/4	8	1	1/2	1/2	1	109						
7	7	22	22	2.0	0	0	Chord	4/4	1	1	1/2	1/2	1	110						
7	7	24	24	2.0	1/2	1/2	Chord	4/4	1	1	1/2	1/2	1	111						
7	7	22	22	2.0	0	0	Chord	4/4	2	1	1/2	1/2	1	112						
7	7	24	24	2.0	1/2	1/2	Chord	4/4	2	1	1/2	1/2	1	113						
7	7	22	22	2.0	0	0	Chord	4/4	3	1	1/2	1/2	1	114						
7	7	24	24	2.0	1/2	1/2	Chord	4/4	3	1	1/2	1/2	1	115						
7	7	22	22	2.0	0	0	Chord	4/4	4	1	1/2	1/2	1	116						
7	7	24	24	2.0	1/2	1/2	Chord	4/4	4	1	1/2	1/2	1	117						
7	7	22	22	2.0	0	0	Chord	4/4	5	1	1/2	1/2	1	118						
7	7	24	24	2.0	1/2	1/2	Chord	4/4	5	1	1/2	1/2	1	119						
7	7	22	22	2.0	0	0	Chord	4/4	5	2	1/2	1/2	1	120						
7	7	24	24	2.0	1/2	1/2	Chord	4/4	5	2	1/2	1/2	1	121						
7	7	22	22	2.0	0	0	Chord	4/4	5	3	1/2	1/2	1	122						
7	7	24	24	2.0	1/2	1/2	Chord	4/4	5	3	1/2	1/2	1	123						
7	7	22	22	2.0	0	0	Chord	4/4	6	1	1/2	1/2	1	124						
7	7	24	24	2.0	1/2	1/2	Chord	4/4	6	1	1/2	1/2	1	125						
7	7	22	22	2.0	0	0	Chord	4/4	7	1	1/2	1/2	1	126						
7	7	24	24	2.0	1/2	1/2	Chord	4/4	7	1	1/2	1/2	1	127						
7	7	22	22	2.0	0	0	Chord	4/4	8	1	1/2	1/2	1	128						
7	7	24	24	2.0	1/2	1/2	Chord	4/4	8	1	1/2	1/2	1	129						
8	8	26	26	2.0	0	0	Chord	4/4	1	1	1/2	1/2	1	130						
8	8	28	28	2.0	1/2	1/2	Chord	4/4	1	1	1/2	1/2	1	131	ornamentTremblement					
8	8	26	26	2.0	0	0	Chord	4/4	2	1	1/2	1/2	1	132						
8	8	28	28	2.0	1/2	1/2	Chord	4/4	2	1	1/2	1/2	1	133	ornamentTremblement					
8	8	26	26	2.0	0	0	Chord	4/4	3	1	1/2	1/2	1	134						
8	8	28	28	1.0	1/2	1/2	Chord	4/4	3	1	1/4	1/4	1	135						0
8	8	29	29	1.0	3/4	3/4	Chord	4/4	3	1	1/4	1/4	1	136						
8	8	26	26	2.0	0	0	Chord	4/4	4	1	1/2	1/2	1	137						
8	8	28	28	2.0	1/2	1/2	Chord	4/4	4	1	1/2	1/2	1	138						
8	8	26	26	2.0	0	0	Chord	4/4	4	2	1/2	1/2	1	139						
8	8	28	28	2.0	1/2	1/2	Chord	4/4	4	2	1/2	1/2	1	140						
8	8	26	26	2.0	0	0	Chord	4/4	5	1	1/2	1/2	1	141						
8	8	28	28	2.0	1/2	1/2	Chord	4/4	5	1	1/2	1/2	1	142						
8	8	26	26	3.0	0	0	Chord	4/4	5	2	3/4	1/2	3/2	143						
8	8	29	29	1.0	3/4	3/4	Chord	4/4	5	2	1/4	1/4	1	144						
8	8	26	26	2.0	0	0	Chord	4/4	5	3	1/2	1/2	1	145						
8	8	28	28	2.0	1/2	1/2	Chord	4/4	5	3	1/2	1/2	1	146						
8	8	26	26	2.0	0	0	Chord	4/4	6	1	1/2	1/2	1	147						
8	8	28	28	2.0	1/2	1/2	Chord	4/4	6	1	1/2	1/2	1	148						
8	8	26	26	0.0	0	0	FiguredBass	4/4	7	1	0					1/2	6	4		
8	8	26	26	2.0	0	0	Chord	4/4	7	1	1/2	1/2	1	149						
8	8	28	28	0.0	1/2	1/2	FiguredBass	4/4	7	1	0					1/2	5	#		
8	8	28	28	2.0	1/2	1/2	Chord	4/4	7	1	1/2	1/2	1	150	ornamentTremblement					
8	8	26	26	2.0	0	0	Chord	4/4	8	1	1/2	1/2	1	151						
8	8	28	28	2.0	1/2	1/2	Chord	4/4	8	1	1/2	1/2	1	152						
9	9	30	30	2.0	0	0	Chord	4/4	1	1	1/2	1/2	1	153						
9	9	32	32	2.0	1/2	1/2	Chord	4/4	1	1	1/2	1/2	1	154						
9	9	30	30	2.0	0	0	Chord	4/4	2	1	1/2	1/2	1	155						
9	9	32	32	2.0	1/2	1/2	Chord	4/4	2	1	1/2	1/2	1	156						
9	9	30	30	2.0	0	0	Chord	4/4	3	1	1/2	1/2	1	157						
9	9	32	32	2.0	1/2	1/2	Chord	4/4	3	1	1/2	1/2	1	158						
9	9	30	30	2.0	0	0	Chord	4/4	4	1	1/2	1/2	1	159						
9	9	32	32	2.0	1/2	1/2	Chord	4/4	4	1	1/2	1/2	1	160						
9	9	30	30	2.0	0	0	Chord	4/4	5	1	1/2	1/2	1	161						
9	9	32	32	2.0	1/2	1/2	Chord	4/4	5	1	1/2	1/2	1	162						
9	9	30	30	2.0	0	0	Chord	4/4	5	2	1/2	1/2	1	163						
9	9	32	32	2.0	1/2	1/2	Chord	4/4	5	2	1/2	1/2	1	164						
9	9	30	30	2.0	0	0	Chord	4/4	5	3	1/2	1/2	1	165						
9	9	32	32	2.0	1/2	1/2	Chord	4/4	5	3	1/2	1/2	1	166						
9	9	30	30	2.0	0	0	Chord	4/4	6	1	1/2	1/2	1	167						
9	9	32	32	2.0	1/2	1/2	Chord	4/4	6	1	1/2	1/2	1	168						
9	9	30	30	2.0	0	0	Chord	4/4	7	1	1/2	1/2	1	169						
9	9	32	32	0.0	1/2	1/2	FiguredBass	4/4	7	1	0					1/2	5b			
9	9	32	32	2.0	1/2	1/2	Chord	4/4	7	1	1/2	1/2	1	170						
9	9	30	30	2.0	0	0	Chord	4/4	8	1	1/2	1/2	1	171						
9	9	32	32	2.0	1/2	1/2	Chord	4/4	8	1	1/2	1/2	1	172						
10	10	34	34	2.0	0	0	Chord	4/4	1	1	1/2	1/2	1	173						
10	10	36	36	2.0	1/2	1/2	Chord	4/4	1	1	1/2	1/2	1	174						
10	10	34	34	2.0	0	0	Chord	4/4	2	1	1/2	1/2	1	175						
10	10	36	36	2.0	1/2	1/2	Chord	4/4	2	1	1/2	1/2	1	176						
10	10	34	34	2.0	0	0	Chord	4/4	3	1	1/2	1/2	1	177						
10	10	36	36	2.0	1/2	1/2	Chord	4/4	3	1	1/2	1/2	1	178						
10	10	34	34	2.0	0	0	Chord	4/4	4	1	1/2	1/2	1	179						
10	10	36	36	2.0	1/2	1/2	Chord	4/4	4	1	1/2	1/2	1	180						
10	10	34	34	2.0	0	0	Chord	4/4	5	1	1/2	1/2	1	181						
10	10	36	36	2.0	1/2	1/2	Chord	4/4	5	1	1/2	1/2	1	182						
10	10	34	34	2.0	0	0	Chord	4/4	5	2	1/2	1/2	1	183						
10	10	36	36	2.0	1/2	1/2	Chord	4/4	5	2	1/2	1/2	1	184						
10	10	34	34	2.0	0	0	Chord	4/4	5	3	1/2	1/2	1	185						
10	10	36	36	2.0	1/2	1/2	Chord	4/4	5	3	1/2	1/2	1	186						
10	10	34	34	2.0	0	0	Chord	4/4	6	1	1/2	1/2	1	187						
10	10	36	36	2.0	1/2	1/2	Chord	4/4	6	1	1/2	1/2	1	188						
10	10	34	34	2.0	0	0	Chord	4/4	7	1	1/2	1/2	1	189						
10	10	36	36	0.0	1/2	1/2	FiguredBass	4/4	7	1	0					1/2	6	5		
10	10	36	36	2.0	1/2	1/2	Chord	4/4	7	1	1/2	1/2	1	190						
10	10	34	34	2.0	0	0	Chord	4/4	8	1	1/2	1/2	1	191						
10	10	36	36	2.0	1/2	1/2	Chord	4/4	8	1	1/2	1/2	1	192						
11	11	38	38	2.0	0	0	Chord	4/4	1	1	1/2	1/2	1	193						
11	11	40	40	2.0	1/2	1/2	Chord	4/4	1	1	1/2	1/2	1	194						
11	11	38	38	2.0	0	0	Chord	4/4	2	1	1/2	1/2	1	195						
11	11	40	40	2.0	1/2	1/2	Chord	4/4	2	1	1/2	1/2	1	196						
11	11	38	38	2.0	0	0	Chord	4/4	3	1	1/2	1/2	1	197						
11	11	40	40	2.0	1/2	1/2	Chord	4/4	3	1	1/2	1/2	1	198						
11	11	38	38	2.0	0	0	Chord	4/4	4	1	1/2	1/2	1	199						
11	11	40	40	2.0	1/2	1/2	Chord	4/4	4	1	1/2	1/2	1	200						
11	11	38	38	2.0	0	0	Chord	4/4	5	1	1/2	1/2	1	201						
11	11	40	40	2.0	1/2	1/2	Chord	4/4	5	1	1/2	1/2	1	202						
11	11	38	38	2.0	0	0	Chord	4/4	5	2	1/2	1/2	1	203						
11	11	40	40	2.0	1/2	1/2	Chord	4/4	5	2	1/2	1/2	1	204						
11	11	38	38	4.0	0	0	Chord	4/4	5	3	1	1	1	205						
11	11	38	38	2.0	0	0	Chord	4/4	6	1	1/2	1/2	1	206						
11	11	40	40	2.0	1/2	1/2	Chord	4/4	6	1	1/2	1/2	1	207						
11	11	38	38	0.0	0	0	FiguredBass	4/4	7	1	0					1/2	6	5		
11	11	38	38	2.0	0	0	Chord	4/4	7	1	1/2	1/2	1	208						
11	11	40	40	2.0	1/2	1/2	Chord	4/4	7	1	1/2	1/2	1	209						
11	11	38	38	2.0	0	0	Chord	4/4	8	1	1/2	1/2	1	210						
11	11	40	40	2.0	1/2	1/2	Chord	4/4	8	1	1/2	1/2	1	211						
12	12	42	42	2.0	0	0	Chord	4/4	1	1	1/2	1/2	1	212						
12	12	44	44	2.0	1/2	1/2	Chord	4/4	1	1	1/2	1/2	1	213						
12	12	42	42	2.0	0	0	Chord	4/4	2	1	1/2	1/2	1	214						
12	12	44	44	1.0	1/2	1/2	Chord	4/4	2	1	1/4	1/4	1	215						1
12	12	45	45	1.0	3/4	3/4	Chord	4/4	2	1	1/4	1/4	1	216						
12	12	42	42	2.0	0	0	Chord	4/4	3	1	1/2	1/2	1	217						
12	12	44	44	2.0	1/2	1/2	Chord	4/4	3	1	1/2	1/2	1	218						
12	12	42	42	2.0	0	0	Chord	4/4	4	1	1/2	1/2	1	219						
12	12	44	44	2.0	1/2	1/2	Chord	4/4	4	1	1/2	1/2	1	220						
12	12	42	42	2.0	0	0	Chord	4/4	5	1	1/2	1/2	1	221						
12	12	44	44	2.0	1/2	1/2	Chord	4/4	5	1	1/2	1/2	1	222						
12	12	42	42	2.0	0	0	Chord	4/4	5	2	1/2	1/2	1	223						
12	12	44	44	1.0	1/2	1/2	Chord	4/4	5	2	1/4	1/4	1	224						
12	12	45	45	1.0	3/4	3/4	Chord	4/4	5	2	1/4	1/4	1	225						
12	12	42	42	2.0	0	0	Chord	4/4	5	3	1/2	1/2	1	226						
12	12	44	44	1.0	1/2	1/2	Chord	4/4	5	3	1/4	1/4	1	227						
12	12	45	45	1.0	3/4	3/4	Chord	4/4	5	3	1/4	1/4	1	228						
12	12	42	42	2.0	0	0	Chord	4/4	6	1	1/2	1/2	1	229						
12	12	44	44	2.0	1/2	1/2	Chord	4/4	6	1	1/2	1/2	1	230						
12	12	42	42	0.0	0	0	FiguredBass	4/4	7	1	0					1/2	6			
12	12	42	42	2.0	0	0	Chord	4/4	7	1	1/2	1/2	1	231						
12	12	44	44	0.0	1/2	1/2	FiguredBass	4/4	7	1	0					1/2	6			
12	12	44	44	2.0	1/2	1/2	Chord	4/4	7	1	1/2	1/2	1	232						
12	12	42	42	0.0	0	0	FiguredBass	4/4	8	1	0					1/2	5			
12	12	42	42	2.0	0	0	Chord	4/4	8	1	1/2	1/2	1	233						
12	12	44	44	2.0	1/2	1/2	Chord	4/4	8	1	1/2	1/2	1	234						
13	13	46	46	2.0	0	0	Chord	4/4	1	1	1/2	1/2	1	235						
13	13	48	48	2.0	1/2	1/2	Chord	4/4	1	1	1/2	1/2	1	236						
13	13	46	46	1.0	0	0	Chord	4/4	2	1	1/4	1/4	1	237						
13	13	47	47	1.0	1/4	1/4	Chord	4/4	2	1	1/4	1/4	1	238						
13	13	48	48	2.0	1/2	1/2	Chord	4/4	2	1	1/2	1/2	1	239						
13	13	46	46	2.0	0	0	Chord	4/4	3	1	1/2	1/2	1	240						
13	13	48	48	2.0	1/2	1/2	Chord	4/4	3	1	1/2	1/2	1	241						
13	13	46	46	2.0	0	0	Chord	4/4	4	1	1/2	1/2	1	242						
13	13	48	48	2.0	1/2	1/2	Chord	4/4	4	1	1/2	1/2	1	243						
13	13	46	46	2.0	0	0	Chord	4/4	5	1	1/2	1/2	1	244						
13	13	48	48	2.0	1/2	1/2	Chord	4/4	5	1	1/2	1/2	1	245						
13	13	46	46	2.0	0	0	Chord	4/4	5	2	1/2	1/2	1	246						
13	13	48	48	2.0	1/2	1/2	Chord	4/4	5	2	1/2	1/2	1	247						
13	13	46	46	1.0	0	0	Chord	4/4	5	3	1/4	1/4	1	248						
13	13	47	47	1.0	1/4	1/4	Chord	4/4	5	3	1/4	1/4	1	249						
13	13	48	48	2.0	1/2	1/2	Chord	4/4	5	3	1/2	1/2	1	250						
13	13	46	46	2.0	0	0	Chord	4/4	6	1	1/2	1/2	1	251						
13	13	48	48	2.0	1/2	1/2	Chord	4/4	6	1	1/2	1/2	1	252						
13	13	46	46	0.0	0	0	FiguredBass	4/4	7	1	0					1/2	4			
13	13	46	46	2.0	0	0	Chord	4/4	7	1	1/2	1/2	1	253						
13	13	48	48	0.0	1/2	1/2	FiguredBass	4/4	7	1	0					1/2	3			
13	13	48	48	2.0	1/2	1/2	Chord	4/4	7	1	1/2	1/2	1	254						
13	13	46	46	2.0	0	0	Chord	4/4	8	1	1/2	1/2	1	255						
13	13	48	48	2.0	1/2	1/2	Chord	4/4	8	1	1/2	1/2	1	256						
14	14	50	50	2.0	0	0	Chord	4/4	1	1	1/2	1/2	1	257						
14	14	52	52	2.0	1/2	1/2	Chord	4/4	1	1	1/2	1/2	1	258						
14	14	50	50	2.0	0	0	Chord	4/4	2	1	1/2	1/2	1	259						
14	14	52	52	1.0	1/2	1/2	Chord	4/4	2	1	1/4	1/4	1	260						2
14	14	53	53	1.0	3/4	3/4	Chord	4/4	2	1	1/4	1/4	1	261						
14	14	50	50	2.0	0	0	Chord	4/4	3	1	1/2	1/2	1	262						
14	14	52	52	2.0	1/2	1/2	Chord	4/4	3	1	1/2	1/2	1	263						
14	14	50	50	2.0	0	0	Chord	4/4	4	1	1/2	1/2	1	264						
14	14	52	52	2.0	1/2	1/2	Chord	4/4	4	1	1/2	1/2	1	265						
14	14	50	50	2.0	0	0	Chord	4/4	5	1	1/2	1/2	1	266						
14	14	52	52	2.0	1/2	1/2	Chord	4/4	5	1	1/2	1/2	1	267						
14	14	50	50	4.0	0	0	Chord	4/4	5	2	1	1	1	268						
14	14	50	50	3.0	0	0	Chord	4/4	5	3	3/4	1/2	3/2	269						
14	14	53	53	1.0	3/4	3/4	Chord	4/4	5	3	1/4	1/4	1	270						
14	14	50	50	2.0	0	0	Chord	4/4	6	1	1/2	1/2	1	271						
14	14	52	52	2.0	1/2	1/2	Chord	4/4	6	1	1/2	1/2	1	272						
14	14	50	50	2.0	0	0	Chord	4/4	7	1	1/2	1/2	1	273						
14	14	52	52	0.0	1/2	1/2	FiguredBass	4/4	7	1	0					1/2	4			
14	14	52	52	2.0	1/2	1/2	Chord	4/4	7	1	1/2	1/2	1	274						
14	14	50	50	0.0	0	0	FiguredBass	4/4	8	1	0					1/2	3			
14	14	50	50	2.0	0	0	Chord	4/4	8	1	1/2	1/2	1	275						
14	14	52	52	2.0	1/2	1/2	Chord	4/4	8	1	1/2	1/2	1	276						
15	15	54	54	2.0	0	0	Chord	4/4	1	1	1/2	1/2	1	277						
15	15	56	56	2.0	1/2	1/2	Chord	4/4	1	1	1/2	1/2	1	278						
15	15	54	54	2.0	0	0	Chord	4/4	2	1	1/2	1/2	1	279						
15	15	56	56	2.0	1/2	1/2	Chord	4/4	2	1	1/2	1/2	1	280						
15	15	54	54	1.0	0	0	Chord	4/4	3	1	1/4	1/4	1	281						3
15	15	55	55	1.0	1/4	1/4	Chord	4/4	3	1	1/4	1/4	1	282						
15	15	56	56	2.0	1/2	1/2	Chord	4/4	3	1	1/2	1/2	1	283						
15	15	54	54	2.0	0	0	Chord	4/4	4	1	1/2	1/2	1	284						
15	15	56	56	2.0	1/2	1/2	Chord	4/4	4	1	1/2	1/2	1	285						
15	15	54	54	2.0	0	0	Chord	4/4	5	1	1/2	1/2	1	286						
15	15	56	56	2.0	1/2	1/2	Chord	4/4	5	1	1/2	1/2	1	287						
15	15	54	54	2.0	0	0	Chord	4/4	5	2	1/2	1/2	1	288						
15	15	56	56	2.0	1/2	1/2	Chord	4/4	5	2	1/2	1/2	1	289						
15	15	54	54	2.0	0	0	Chord	4/4	5	3	1/2	1/2	1	290						
15	15	56	56	2.0	1/2	1/2	Chord	4/4	5	3	1/2	1/2	1	291						
15	15	54	54	2.0	0	0	Chord	4/4	5	4	1/2	1/2	1	292						
15	15	56	56	2.0	1/2	1/2	Chord	4/4	5	4	1/2	1/2	1	293						
15	15	54	54	2.0	0	0	Chord	4/4	6	1	1/2	1/2	1	294						
15	15	56	56	2.0	1/2	1/2	Chord	4/4	6	1	1/2	1/2	1	295						
15	15	54	54	0.0	0	0	FiguredBass	4/4	7	1	0					1/2	4			
15	15	54	54	2.0	0	0	Chord	4/4	7	1	1/2	1/2	1	296						
15	15	56	56	0.0	1/2	1/2	FiguredBass	4/4	7	1	0					1/2	6			
15	15	56	56	2.0	1/2	1/2	Chord	4/4	7	1	1/2	1/2	1	297						
15	15	54	54	2.0	0	0	Chord	4/4	8	1	1/2	1/2	1	298						
15	15	56	56	2.0	1/2	1/2	Chord	4/4	8	1	1/2	1/2	1	299						
16	16	58	58	2.0	0	0	Chord	4/4	1	1	1/2	1/2	1	300						
16	16	60	60	2.0	1/2	1/2	Chord	4/4	1	1	1/2	1/2	1	301	ornamentTremblement					
16	16	58	58	2.0	0	0	Chord	4/4	2	1	1/2	1/2	1	302						
16	16	60	60	2.0	1/2	1/2	Chord	4/4	2	1	1/2	1/2	1	303	ornamentTremblement					
16	16	58	58	2.0	0	0	Chord	4/4	3	1	1/2	1/2	1	304						
16	16	60	60	2.0	1/2	1/2	Chord	4/4	3	1	1/2	1/2	1	305						
16	16	58	58	2.0	0	0	Chord	4/4	4	1	1/2	1/2	1	306						
16	16	60	60	2.0	1/2	1/2	Chord	4/4	4	1	1/2	1/2	1	307						
16	16	58	58	2.0	0	0	Chord	4/4	5	1	1/2	1/2	1	308						
16	16	60	60	2.0	1/2	1/2	Chord	4/4	5	1	1/2	1/2	1	309	ornamentTremblement					
16	16	58	58	2.0	0	0	Chord	4/4	5	2	1/2	1/2	1	310						
16	16	60	60	2.0	1/2	1/2	Chord	4/4	5	2	1/2	1/2	1	311						
16	16	58	58	2.0	0	0	Chord	4/4	5	3	1/2	1/2	1	312						
16	16	60	60	2.0	1/2	1/2	Chord	4/4	5	3	1/2	1/2	1	313						
16	16	58	58	2.0	0	0	Chord	4/4	6	1	1/2	1/2	1	314						
16	16	60	60	2.0	1/2	1/2	Chord	4/4	6	1	1/2	1/2	1	315						
16	16	58	58	0.0	0	0	FiguredBass	4/4	7	1	0					1/2	7			
16	16	58	58	2.0	0	0	Chord	4/4	7	1	1/2	1/2	1	316						
16	16	60	60	0.0	1/2	1/2	FiguredBass	4/4	7	1	0					1/2	#			
16	16	60	60	2.0	1/2	1/2	Chord	4/4	7	1	1/2	1/2	1	317	ornamentTremblement					
16	16	58	58	2.0	0	0	Chord	4/4	8	1	1/2	1/2	1	318						
16	16	60	60	2.0	1/2	1/2	Chord	4/4	8	1	1/2	1/2	1	319						
17	17	62	62	2.0	0	0	Chord	4/4	1	1	1/2	1/2	1	320						
17	17	64	64	2.0	1/2	1/2	Chord	4/4	1	1	1/2	1/2	1	321						
17	17	62	62	2.0	0	0	Chord	4/4	2	1	1/2	1/2	1	322						
17	17	64	64	2.0	1/2	1/2	Chord	4/4	2	1	1/2	1/2	1	323						
17	17	62	62	2.0	0	0	Chord	4/4	3	1	1/2	1/2	1	324						
17	17	64	64	2.0	1/2	1/2	Chord	4/4	3	1	1/2	1/2	1	325						
17	17	62	62	2.0	0	0	Chord	4/4	4	1	1/2	1/2	1	326						
17	17	64	64	2.0	1/2	1/2	Chord	4/4	4	1	1/2	1/2	1	327						
17	17	62	62	2.0	0	0	Chord	4/4	5	1	1/2	1/2	1	328						
17	17	64	64	2.0	1/2	1/2	Chord	4/4	5	1	1/2	1/2	1	329						
17	17	62	62	2.0	0	0	Chord	4/4	5	2	1/2	1/2	1	330						
17	17	64	64	2.0	1/2	1/2	Chord	4/4	5	2	1/2	1/2	1	331						
17	17	62	62	2.0	0	0	Chord	4/4	5	3	1/2	1/2	1	332						
17	17	64	64	2.0	1/2	1/2	Chord	4/4	5	3	1/2	1/2	1	333						
17	17	62	62	2.0	0	0	Chord	4/4	5	4	1/2	1/2	1	334						
17	17	62	62	2.0	0	0	Chord	4/4	6	1	1/2	1/2	1	335						
17	17	64	64	2.0	1/2	1/2	Chord	4/4	6	1	1/2	1/2	1	336						
17	17	62	62	2.0	0	0	Chord	4/4	7	1	1/2	1/2	1	337						
17	17	64	64	2.0	1/2	1/2	Chord	4/4	7	1	1/2	1/2	1	338						
17	17	62	62	2.0	0	0	Chord	4/4	8	1	1/2	1/2	1	339						
17	17	64	64	2.0	1/2	1/2	Chord	4/4	8	1	1/2	1/2	1	340						
18	18	66	66	2.0	0	0	Chord	4/4	1	1	1/2	1/2	1	341						
18	18	68	68	2.0	1/2	1/2	Chord	4/4	1	1	1/2	1/2	1	342						
18	18	66	66	2.0	0	0	Chord	4/4	2	1	1/2	1/2	1	343						
18	18	68	68	2.0	1/2	1/2	Chord	4/4	2	1	1/2	1/2	1	344						
18	18	66	66	2.0	0	0	Chord	4/4	3	1	1/2	1/2	1	345						
18	18	68	68	2.0	1/2	1/2	Chord	4/4	3	1	1/2	1/2	1	346						
18	18	66	66	2.0	0	0	Chord	4/4	4	1	1/2	1/2	1	347						
18	18	68	68	2.0	1/2	1/2	Chord	4/4	4	1	1/2	1/2	1	348						
18	18	66	66	2.0	0	0	Chord	4/4	5	1	1/2	1/2	1	349						
18	18	68	68	2.0	1/2	1/2	Chord	4/4	5	1	1/2	1/2	1	350						
18	18	66	66	2.0	0	0	Chord	4/4	5	2	1/2	1/2	1	351						
18	18	68	68	2.0	1/2	1/2	Chord	4/4	5	2	1/2	1/2	1	352						
18	18	66	66	2.0	0	0	Chord	4/4	5	3	1/2	1/2	1	353						
18	18	68	68	2.0	1/2	1/2	Chord	4/4	5	3	1/2	1/2	1	354						
18	18	66	66	2.0	0	0	Chord	4/4	6	1	1/2	1/2	1	355						
18	18	68	68	2.0	1/2	1/2	Chord	4/4	6	1	1/2	1/2	1	356						
18	18	66	66	0.0	0	0	FiguredBass	4/4	7	1	0					1/2	6			
18	18	66	66	2.0	0	0	Chord	4/4	7	1	1/2	1/2	1	357						
18	18	68	68	0.0	1/2	1/2	FiguredBass	4/4	7	1	0					1/2	7	#		
18	18	68	68	2.0	1/2	1/2	Chord	4/4	7	1	1/2	1/2	1	358						
18	18	66	66	2.0	0	0	Chord	4/4	8	1	1/2	1/2	1	359						
18	18	68	68	2.0	1/2	1/2	Chord	4/4	8	1	1/2	1/2	1	360						
19	19	70	70	2.0	0	0	Chord	4/4	1	1	1/2	1/2	1	361						
19	19	72	72	2.0	1/2	1/2	Chord	4/4	1	1	1/2	1/2	1	362						
19	19	70	70	2.0	0	0	Chord	4/4	2	1	1/2	1/2	1	363						
19	19	72	72	2.0	1/2	1/2	Chord	4/4	2	1	1/2	1/2	1	364						
19	19	70	70	2.0	0	0	Chord	4/4	3	1	1/2	1/2	1	365						
19	19	72	72	2.0	1/2	1/2	Chord	4/4	3	1	1/2	1/2	1	366						
19	19	70	70	2.0	0	0	Chord	4/4	4	1	1/2	1/2	1	367						
19	19	72	72	2.0	1/2	1/2	Chord	4/4	4	1	1/2	1/2	1	368						
19	19	70	70	2.0	0	0	Chord	4/4	5	1	1/2	1/2	1	369						
19	19	72	72	2.0	1/2	1/2	Chord	4/4	5	1	1/2	1/2	1	370						
19	19	70	70	2.0	0	0	Chord	4/4	5	2	1/2	1/2	1	371						
19	19	72	72	2.0	1/2	1/2	Chord	4/4	5	2	1/2	1/2	1	372						
19	19	70	70	2.0	0	0	Chord	4/4	5	3	1/2	1/2	1	373						
19	19	72	72	2.0	1/2	1/2	Chord	4/4	5	3	1/2	1/2	1	374						
19	19	70	70	2.0	0	0	Chord	4/4	6	1	1/2	1/2	1	375						
19	19	72	72	2.0	1/2	1/2	Chord	4/4	6	1	1/2	1/2	1	376						
19	19	70	70	0.0	0	0	FiguredBass	4/4	7	1	0					1/2	7	#		
19	19	70	70	2.0	0	0	Chord	4/4	7	1	1/2	1/2	1	377						
19	19	72	72	2.0	1/2	1/2	Chord	4/4	7	1	1/2	1/2	1	378						
19	19	70	70	2.0	0	0	Chord	4/4	8	1	1/2	1/2	1	379						
19	19	72	72	2.0	1/2	1/2	Chord	4/4	8	1	1/2	1/2	1	380						
20	20	74	74	2.0	0	0	Chord	4/4	1	1	1/2	1/2	1	381						
20	20	76	76	2.0	1/2	1/2	Chord	4/4	1	1	1/2	1/2	1	382						
20	20	74	74	2.0	0	0	Chord	4/4	2	1	1/2	1/2	1	383						
20	20	76	76	1.0	1/2	1/2	Chord	4/4	2	1	1/4	1/4	1	384						4
20	20	77	77	1.0	3/4	3/4	Chord	4/4	2	1	1/4	1/4	1	385						
20	20	74	74	2.0	0	0	Chord	4/4	3	1	1/2	1/2	1	386						
20	20	76	76	2.0	1/2	1/2	Chord	4/4	3	1	1/2	1/2	1	387						
20	20	74	74	2.0	0	0	Chord	4/4	4	1	1/2	1/2	1	388						
20	20	76	76	2.0	1/2	1/2	Chord	4/4	4	1	1/2	1/2	1	389						
20	20	74	74	2.0	0	0	Chord	4/4	5	1	1/2	1/2	1	390						
20	20	76	76	2.0	1/2	1/2	Chord	4/4	5	1	1/2	1/2	1	391						
20	20	74	74	2.0	0	0	Chord	4/4	5	2	1/2	1/2	1	392						
20	20	76	76	2.0	1/2	1/2	Chord	4/4	5	2	1/2	1/2	1	393						
20	20	74	74	2.0	0	0	Chord	4/4	5	3	1/2	1/2	1	394						
20	20	76	76	1.0	1/2	1/2	Chord	4/4	5	3	1/4	1/4	1	395						
20	20	77	77	1.0	3/4	3/4	Chord	4/4	5	3	1/4	1/4	1	396						
20	20	74	74	2.0	0	0	Chord	4/4	6	1	1/2	1/2	1	397						
20	20	76	76	2.0	1/2	1/2	Chord	4/4	6	1	1/2	1/2	1	398						
20	20	74	74	0.0	0	0	FiguredBass	4/4	7	1	0					1/2	7	5		
20	20	74	74	2.0	0	0	Chord	4/4	7	1	1/2	1/2	1	399						
20	20	76	76	0.0	1/2	1/2	FiguredBass	4/4	7	1	0					1/2	8	#		
20	20	76	76	2.0	1/2	1/2	Chord	4/4	7	1	1/2	1/2	1	400						
20	20	74	74	0.0	0	0	FiguredBass	4/4	8	1	0					1/2	7			
20	20	74	74	2.0	0	0	Chord	4/4	8	1	1/2	1/2	1	401						
20	20	76	76	0.0	1/2	1/2	FiguredBass	4/4	8	1	0					1/2	7			
20	20	76	76	2.0	1/2	1/2	Chord	4/4	8	1	1/2	1/2	1	402						
21	21	78	78	2.0	0	0	Chord	4/4	1	1	1/2	1/2	1	403						
21	21	80	80	2.0	1/2	1/2	Chord	4/4	1	1	1/2	1/2	1	404						
21	21	78	78	2.0	0	0	Chord	4/4	2	1	1/2	1/2	1	405						
21	21	80	80	1.0	1/2	1/2	Chord	4/4	2	1	1/4	1/4	1	406						5
21	21	81	81	1.0	3/4	3/4	Chord	4/4	2	1	1/4	1/4	1	407						
21	21	78	78	2.0	0	0	Chord	4/4	3	1	1/2	1/2	1	408						
21	21	80	80	2.0	1/2	1/2	Chord	4/4	3	1	1/2	1/2	1	409						
21	21	78	78	2.0	0	0	Chord	4/4	4	1	1/2	1/2	1	410						
21	21	80	80	2.0	1/2	1/2	Chord	4/4	4	1	1/2	1/2	1	411						
21	21	78	78	2.0	0	0	Chord	4/4	5	1	1/2	1/2	1	412						
21	21	80	80	2.0	1/2	1/2	Chord	4/4	5	1	1/2	1/2	1	413						
21	21	78	78	2.0	0	0	Chord	4/4	5	2	1/2	1/2	1	414						
21	21	80	80	2.0	1/2	1/2	Chord	4/4	5	2	1/2	1/2	1	415						
21	21	78	78	2.0	0	0	Chord	4/4	5	3	1/2	1/2	1	416						
21	21	80	80	1.0	1/2	1/2	Chord	4/4	5	3	1/4	1/4	1	417						
21	21	81	81	1.0	3/4	3/4	Chord	4/4	5	3	1/4	1/4	1	418						
21	21	78	78	2.0	0	0	Chord	4/4	6	1	1/2	1/2	1	419						
21	21	80	80	2.0	1/2	1/2	Chord	4/4	6	1	1/2	1/2	1	420						
21	21	78	78	2.0	0	0	Chord	4/4	7	1	1/2	1/2	1	421						
21	21	80	80	0.0	1/2	1/2	FiguredBass	4/4	7	1	0					1/2	8			
21	21	80	80	2.0	1/2	1/2	Chord	4/4	7	1	1/2	1/2	1	422						
21	21	78	78	0.0	0	0	FiguredBass	4/4	8	1	0					1/2	7			
21	21	78	78	2.0	0	0	Chord	4/4	8	1	1/2	1/2	1	423						
21	21	80	80	2.0	1/2	1/2	Chord	4/4	8	1	1/2	1/2	1	424						
22	22	82	82	2.0	0	0	Chord	4/4	1	1	1/2	1/2	1	425						
22	22	84	84	2.0	1/2	1/2	Chord	4/4	1	1	1/2	1/2	1	426						
22	22	82	82	2.0	0	0	Chord	4/4	2	1	1/2	1/2	1	427						
22	22	84	84	2.0	1/2	1/2	Chord	4/4	2	1	1/2	1/2	1	428						
22	22	82	82	2.0	0	0	Chord	4/4	3	1	1/2	1/2	1	429						
22	22	84	84	2.0	1/2	1/2	Chord	4/4	3	1	1/2	1/2	1	430						
22	22	82	82	2.0	0	0	Chord	4/4	4	1	1/2	1/2	1	431						
22	22	84	84	2.0	1/2	1/2	Chord	4/4	4	1	1/2	1/2	1	432						
22	22	82	82	2.0	0	0	Chord	4/4	5	1	1/2	1/2	1	433						
22	22	84	84	2.0	1/2	1/2	Chord	4/4	5	1	1/2	1/2	1	434						
22	22	82	82	2.0	0	0	Chord	4/4	5	2	1/2	1/2	1	435						
22	22	84	84	2.0	1/2	1/2	Chord	4/4	5	2	1/2	1/2	1	436						
22	22	82	82	2.0	0	0	Chord	4/4	5	3	1/2	1/2	1	437						
22	22	84	84	2.0	1/2	1/2	Chord	4/4	5	3	1/2	1/2	1	438						
22	22	82	82	2.0	0	0	Chord	4/4	6	1	1/2	1/2	1	439						
22	22	84	84	2.0	1/2	1/2	Chord	4/4	6	1	1/2	1/2	1	440						
22	22	82	82	0.0	0	0	FiguredBass	4/4	7	1	0					1/2	4	3		
22	22	82	82	2.0	0	0	Chord	4/4	7	1	1/2	1/2	1	441						
22	22	84	84	0.0	1/2	1/2	FiguredBass	4/4	7	1	0					1/2	6			
22	22	84	84	2.0	1/2	1/2	Chord	4/4	7	1	1/2	1/2	1	442						
22	22	82	82	2.0	0	0	Chord	4/4	8	1	1/2	1/2	1	443						
22	22	84	84	2.0	1/2	1/2	Chord	4/4	8	1	1/2	1/2	1	444						
23	23	86	86	2.0	0	0	Chord	4/4	1	1	1/2	1/2	1	445						
23	23	88	88	2.0	1/2	1/2	Chord	4/4	1	1	1/2	1/2	1	446						
23	23	86	86	2.0	0	0	Chord	4/4	2	1	1/2	1/2	1	447						
23	23	88	88	2.0	1/2	1/2	Chord	4/4	2	1	1/2	1/2	1	448						
23	23	86	86	2.0	0	0	Chord	4/4	3	1	1/2	1/2	1	449						
23	23	88	88	2.0	1/2	1/2	Chord	4/4	3	1	1/2	1/2	1	450						
23	23	86	86	2.0	0	0	Chord	4/4	4	1	1/2	1/2	1	451						
23	23	88	88	2.0	1/2	1/2	Chord	4/4	4	1	1/2	1/2	1	452						
23	23	86	86	2.0	0	0	Chord	4/4	5	1	1/2	1/2	1	453						
23	23	88	88	2.0	1/2	1/2	Chord	4/4	5	1	1/2	1/2	1	454						
23	23	86	86	2.0	0	0	Chord	4/4	5	2	1/2	1/2	1	455						
23	23	88	88	2.0	1/2	1/2	Chord	4/4	5	2	1/2	1/2	1	456						
23	23	86	86	2.0	0	0	Chord	4/4	5	3	1/2	1/2	1	457						
23	23	88	88	2.0	1/2	1/2	Chord	4/4	5	3	1/2	1/2	1	458						
23	23	86	86	2.0	0	0	Chord	4/4	6	1	1/2	1/2	1	459						
23	23	88	88	2.0	1/2	1/2	Chord	4/4	6	1	1/2	1/2	1	460						
23	23	86	86	0.0	0	0	FiguredBass	4/4	7	1	0					1/2	2			
23	23	86	86	2.0	0	0	Chord	4/4	7	1	1/2	1/2	1	461						
23	23	88	88	0.0	1/2	1/2	FiguredBass	4/4	7	1	0					1/2	6			
23	23	88	88	2.0	1/2	1/2	Chord	4/4	7	1	1/2	1/2	1	462						
23	23	86	86	2.0	0	0	Chord	4/4	8	1	1/2	1/2	1	463						
23	23	88	88	2.0	1/2	1/2	Chord	4/4	8	1	1/2	1/2	1	464						
24	24	90	90	2.0	0	0	Chord	4/4	1	1	1/2	1/2	1	465						
24	24	92	92	2.0	1/2	1/2	Chord	4/4	1	1	1/2	1/2	1	466	ornamentTremblement					
24	24	90	90	2.0	0	0	Chord	4/4	2	1	1/2	1/2	1	467						
24	24	92	92	2.0	1/2	1/2	Chord	4/4	2	1	1/2	1/2	1	468	ornamentTremblement					
24	24	90	90	2.0	0	0	Chord	4/4	3	1	1/2	1/2	1	469						
24	24	92	92	1.0	1/2	1/2	Chord	4/4	3	1	1/4	1/4	1	470						6
24	24	93	93	1.0	3/4	3/4	Chord	4/4	3	1	1/4	1/4	1	471						
24	24	90	90	2.0	0	0	Chord	4/4	4	1	1/2	1/2	1	472						
24	24	92	92	2.0	1/2	1/2	Chord	4/4	4	1	1/2	1/2	1	473						
24	24	90	90	2.0	0	0	Chord	4/4	5	1	1/2	1/2	1	474						
24	24	92	92	2.0	1/2	1/2	Chord	4/4	5	1	1/2	1/2	1	475	ornamentTremblement					
24	24	90	90	2.0	0	0	Chord	4/4	5	2	1/2	1/2	1	476						
24	24	92	92	1.0	1/2	1/2	Chord	4/4	5	2	1/4	1/4	1	477						
24	24	93	93	1.0	3/4	3/4	Chord	4/4	5	2	1/4	1/4	1	478						
24	24	90	90	2.0	0	0	Chord	4/4	5	3	1/2	1/2	1	479						
24	24	92	92	2.0	1/2	1/2	Chord	4/4	5	3	1/2	1/2	1	480						
24	24	90	90	2.0	0	0	Chord	4/4	6	1	1/2	1/2	1	481						
24	24	92	92	2.0	1/2	1/2	Chord	4/4	6	1	1/2	1/2	1	482						
24	24	90	90	2.0	0	0	Chord	4/4	7	1	1/2	1/2	1	483						
24	24	92	92	0.0	1/2	1/2	FiguredBass	4/4	7	1	0					1/2	8	#		
24	24	92	92	2.0	1/2	1/2	Chord	4/4	7	1	1/2	1/2	1	484	ornamentTremblement					
24	24	90	90	0.0	0	0	FiguredBass	4/4	8	1	0					1/2	7			
24	24	90	90	2.0	0	0	Chord	4/4	8	1	1/2	1/2	1	485						
24	24	92	92	0.0	1/2	1/2	FiguredBass	4/4	8	1	0					1/2	7			
24	24	92	92	2.0	1/2	1/2	Chord	4/4	8	1	1/2	1/2	1	486						
25	25	94	94	2.0	0	0	Chord	4/4	1	1	1/2	1/2	1	487						
25	25	96	96	2.0	1/2	1/2	Chord	4/4	1	1	1/2	1/2	1	488						
25	25	94	94	2.0	0	0	Chord	4/4	2	1	1/2	1/2	1	489						
25	25	96	96	2.0	1/2	1/2	Chord	4/4	2	1	1/2	1/2	1	490						
25	25	94	94	2.0	0	0	Chord	4/4	3	1	1/2	1/2	1	491						
25	25	96	96	2.0	1/2	1/2	Chord	4/4	3	1	1/2	1/2	1	492						
25	25	94	94	2.0	0	0	Chord	4/4	4	1	1/2	1/2	1	493						
25	25	96	96	2.0	1/2	1/2	Chord	4/4	4	1	1/2	1/2	1	494						
25	25	94	94	2.0	0	0	Chord	4/4	5	1	1/2	1/2	1	495						
25	25	96	96	2.0	1/2	1/2	Chord	4/4	5	1	1/2	1/2	1	496						
25	25	94	94	2.0	0	0	Chord	4/4	5	2	1/2	1/2	1	497						
25	25	96	96	2.0	1/2	1/2	Chord	4/4	5	2	1/2	1/2	1	498						
25	25	94	94	2.0	0	0	Chord	4/4	5	3	1/2	1/2	1	499						
25	25	96	96	2.0	1/2	1/2	Chord	4/4	5	3	1/2	1/2	1	500						
25	25	94	94	2.0	0	0	Chord	4/4	6	1	1/2	1/2	1	501						
25	25	96	96	2.0	1/2	1/2	Chord	4/4	6	1	1/2	1/2	1	502						
25	25	94	94	2.0	0	0	Chord	4/4	7	1	1/2	1/2	1	503						
25	25	96	96	0.0	1/2	1/2	FiguredBass	4/4	7	1	0					1/2	6			
25	25	96	96	2.0	1/2	1/2	Chord	4/4	7	1	1/2	1/2	1	504						
25	25	94	94	2.0	0	0	Chord	4/4	8	1	1/2	1/2	1	505						
25	25	96	96	2.0	1/2	1/2	Chord	4/4	8	1	1/2	1/2	1	506						
26	26	98	98	2.0	0	0	Chord	4/4	1	1	1/2	1/2	1	507						
26	26	100	100	2.0	1/2	1/2	Chord	4/4	1	1	1/2	1/2	1	508						
26	26	98	98	2.0	0	0	Chord	4/4	2	1	1/2	1/2	1	509						
26	26	100	100	2.0	1/2	1/2	Chord	4/4	2	1	1/2	1/2	1	510						
26	26	98	98	2.0	0	0	Chord	4/4	3	1	1/2	1/2	1	511						
26	26	100	100	2.0	1/2	1/2	Chord	4/4	3	1	1/2	1/2	1	512						
26	26	98	98	2.0	0	0	Chord	4/4	4	1	1/2	1/2	1	513						
26	26	100	100	2.0	1/2	1/2	Chord	4/4	4	1	1/2	1/2	1	514						
26	26	98	98	2.0	0	0	Chord	4/4	5	1	1/2	1/2	1	515						
26	26	100	100	2.0	1/2	1/2	Chord	4/4	5	1	1/2	1/2	1	516						
26	26	98	98	2.0	0	0	Chord	4/4	5	2	1/2	1/2	1	517						
26	26	100	100	2.0	1/2	1/2	Chord	4/4	5	2	1/2	1/2	1	518						
26	26	98	98	2.0	0	0	Chord	4/4	5	3	1/2	1/2	1	519						
26	26	100	100	2.0	1/2	1/2	Chord	4/4	5	3	1/2	1/2	1	520						
26	26	98	98	2.0	0	0	Chord	4/4	6	1	1/2	1/2	1	521						
26	26	100	100	2.0	1/2	1/2	Chord	4/4	6	1	1/2	1/2	1	522						
26	26	98	98	2.0	0	0	Chord	4/4	7	1	1/2	1/2	1	523						
26	26	100	100	2.0	1/2	1/2	Chord	4/4	7	1	1/2	1/2	1	524						
26	26	98	98	2.0	0	0	Chord	4/4	8	1	1/2	1/2	1	525						
26	26	100	100	2.0	1/2	1/2	Chord	4/4	8	1	1/2	1/2	1	526						
27	27	102	102	2.0	0	0	Chord	4/4	1	1	1/2	1/2	1	527						
27	27	104	104	2.0	1/2	1/2	Chord	4/4	1	1	1/2	1/2	1	528						
27	27	102	102	1.0	0	0	Chord	4/4	2	1	1/4	1/4	1	529						7
27	27	103	103	1.0	1/4	1/4	Chord	4/4	2	1	1/4	1/4	1	530						
27	27	104	104	1.0	1/2	1/2	Chord	4/4	2	1	1/4	1/4	1	531						
27	27	105	105	1.0	3/4	3/4	Chord	4/4	2	1	1/4	1/4	1	532						
27	27	102	102	2.0	0	0	Chord	4/4	3	1	1/2	1/2	1	533						
27	27	104	104	2.0	1/2	1/2	Chord	4/4	3	1	1/2	1/2	1	534						
27	27	102	102	2.0	0	0	Chord	4/4	4	1	1/2	1/2	1	535						
27	27	104	104	2.0	1/2	1/2	Chord	4/4	4	1	1/2	1/2	1	536						
27	27	102	102	2.0	0	0	Chord	4/4	5	1	1/2	1/2	1	537						
27	27	104	104	2.0	1/2	1/2	Chord	4/4	5	1	1/2	1/2	1	538						
27	27	102	102	2.0	0	0	Chord	4/4	5	2	1/2	1/2	1	539						
27	27	104	104	2.0	1/2	1/2	Chord	4/4	5	2	1/2	1/2	1	540						
27	27	102	102	1.0	0	0	Chord	4/4	5	3	1/4	1/4	1	541						
27	27	103	103	1.0	1/4	1/4	Chord	4/4	5	3	1/4	1/4	1	542						
27	27	104	104	1.0	1/2	1/2	Chord	4/4	5	3	1/4	1/4	1	543						
27	27	105	105	1.0	3/4	3/4	Chord	4/4	5	3	1/4	1/4	1	544						
27	27	102	102	2.0	0	0	Chord	4/4	6	1	1/2	1/2	1	545						
27	27	104	104	2.0	1/2	1/2	Chord	4/4	6	1	1/2	1/2	1	546						
27	27	102	102	0.0	0	0	FiguredBass	4/4	7	1	0					1/2	8			
27	27	102	102	2.0	0	0	Chord	4/4	7	1	1/2	1/2	1	547						
27	27	104	104	0.0	1/2	1/2	FiguredBass	4/4	7	1	0					1/2	7			
27	27	104	104	2.0	1/2	1/2	Chord	4/4	7	1	1/2	1/2	1	548						
27	27	106	106	0.0	1	1	FiguredBass	4/4	7	1	0					1/2	5			
27	27	102	102	0.0	0	0	FiguredBass	4/4	8	1	0					1/2	6			
27	27	102	102	2.0	0	0	Chord	4/4	8	1	1/2	1/2	1	549						
27	27	104	104	2.0	1/2	1/2	Chord	4/4	8	1	1/2	1/2	1	550						
28	28	106	106	2.0	0	0	Chord	4/4	1	1	1/2	1/2	1	551						
28	28	108	108	2.0	1/2	1/2	Chord	4/4	1	1	1/2	1/2	1	552						
28	28	106	106	2.0	0	0	Chord	4/4	2	1	1/2	1/2	1	553						
28	28	108	108	2.0	1/2	1/2	Chord	4/4	2	1	1/2	1/2	1	554						
28	28	106	106	2.0	0	0	Chord	4/4	3	1	1/2	1/2	1	555						
28	28	108	108	2.0	1/2	1/2	Chord	4/4	3	1	1/2	1/2	1	556						
28	28	106	106	2.0	0	0	Chord	4/4	4	1	1/2	1/2	1	557						
28	28	108	108	2.0	1/2	1/2	Chord	4/4	4	1	1/2	1/2	1	558						
28	28	106	106	2.0	0	0	Chord	4/4	5	1	1/2	1/2	1	559						
28	28	108	108	2.0	1/2	1/2	Chord	4/4	5	1	1/2	1/2	1	560						
28	28	106	106	2.0	0	0	Chord	4/4	5	2	1/2	1/2	1	561						
28	28	108	108	2.0	1/2	1/2	Chord	4/4	5	2	1/2	1/2	1	562						
28	28	106	106	2.0	0	0	Chord	4/4	5	3	1/2	1/2	1	563						
28	28	108	108	2.0	1/2	1/2	Chord	4/4	5	3	1/2	1/2	1	564						
28	28	106	106	2.0	0	0	Chord	4/4	6	1	1/2	1/2	1	565						
28	28	108	108	2.0	1/2	1/2	Chord	4/4	6	1	1/2	1/2	1	566						
28	28	106	106	2.0	0	0	Chord	4/4	7	1	1/2	1/2	1	567						
28	28	108	108	0.0	1/2	1/2	FiguredBass	4/4	7	1	0					1/2	6	5		
28	28	108	108	2.0	1/2	1/2	Chord	4/4	7	1	1/2	1/2	1	568						
28	28	106	106	2.0	0	0	Chord	4/4	8	1	1/2	1/2	1	569						
28	28	108	108	2.0	1/2	1/2	Chord	4/4	8	1	1/2	1/2	1	570						
29	29	110	110	2.0	0	0	Chord	4/4	1	1	1/2	1/2	1	571						
29	29	112	112	2.0	1/2	1/2	Chord	4/4	1	1	1/2	1/2	1	572						
29	29	110	110	2.0	0	0	Chord	4/4	2	1	1/2	1/2	1	573						
29	29	112	112	2.0	1/2	1/2	Chord	4/4	2	1	1/2	1/2	1	574						
29	29	110	110	2.0	0	0	Chord	4/4	3	1	1/2	1/2	1	575						
29	29	112	112	2.0	1/2	1/2	Chord	4/4	3	1	1/2	1/2	1	576						
29	29	110	110	2.0	0	0	Chord	4/4	4	1	1/2	1/2	1	577						
29	29	112	112	2.0	1/2	1/2	Chord	4/4	4	1	1/2	1/2	1	578						
29	29	110	110	2.0	0	0	Chord	4/4	5	1	1/2	1/2	1	579						
29	29	112	112	2.0	1/2	1/2	Chord	4/4	5	1	1/2	1/2	1	580						
29	29	110	110	2.0	0	0	Chord	4/4	5	2	1/2	1/2	1	581						
29	29	112	112	2.0	1/2	1/2	Chord	4/4	5	2	1/2	1/2	1	582						
29	29	110	110	2.0	0	0	Chord	4/4	5	3	1/2	1/2	1	583						
29	29	112	112	2.0	1/2	1/2	Chord	4/4	5	3	1/2	1/2	1	584						
29	29	110	110	2.0	0	0	Chord	4/4	6	1	1/2	1/2	1	585						
29	29	112	112	2.0	1/2	1/2	Chord	4/4	6	1	1/2	1/2	1	586						
29	29	110	110	2.0	0	0	Chord	4/4	7	1	1/2	1/2	1	587						
29	29	112	112	2.0	1/2	1/2	Chord	4/4	7	1	1/2	1/2	1	588						
29	29	110	110	2.0	0	0	Chord	4/4	8	1	1/2	1/2	1	589						
29	29	112	112	2.0	1/2	1/2	Chord	4/4	8	1	1/2	1/2	1	590						
30	30	114	114	2.0	0	0	Chord	4/4	1	1	1/2	1/2	1	591						
30	30	116	116	2.0	1/2	1/2	Chord	4/4	1	1	1/2	1/2	1	592						
30	30	114	114	2.0	0	0	Chord	4/4	2	1	1/2	1/2	1	593						
30	30	116	116	2.0	1/2	1/2	Chord	4/4	2	1	1/2	1/2	1	594						
30	30	114	114	2.0	0	0	Chord	4/4	3	1	1/2	1/2	1	595						
30	30	116	116	2.0	1/2	1/2	Chord	4/4	3	1	1/2	1/2	1	596						
30	30	114	114	2.0	0	0	Chord	4/4	4	1	1/2	1/2	1	597						
30	30	116	116	2.0	1/2	1/2	Chord	4/4	4	1	1/2	1/2	1	598						
30	30	114	114	2.0	0	0	Chord	4/4	5	1	1/2	1/2	1	599						
30	30	116	116	2.0	1/2	1/2	Chord	4/4	5	1	1/2	1/2	1	600						
30	30	114	114	2.0	0	0	Chord	4/4	5	2	1/2	1/2	1	601						
30	30	116	116	2.0	1/2	1/2	Chord	4/4	5	2	1/2	1/2	1	602						
30	30	114	114	2.0	0	0	Chord	4/4	5	3	1/2	1/2	1	603						
30	30	116	116	2.0	1/2	1/2	Chord	4/4	5	3	1/2	1/2	1	604						
30	30	114	114	2.0	0	0	Chord	4/4	6	1	1/2	1/2	1	605						
30	30	116	116	2.0	1/2	1/2	Chord	4/4	6	1	1/2	1/2	1	606						
30	30	114	114	0.0	0	0	FiguredBass	4/4	7	1	0					1/2	6	5		
30	30	114	114	2.0	0	0	Chord	4/4	7	1	1/2	1/2	1	607						
30	30	116	116	2.0	1/2	1/2	Chord	4/4	7	1	1/2	1/2	1	608						
30	30	114	114	2.0	0	0	Chord	4/4	8	1	1/2	1/2	1	609						
30	30	116	116	2.0	1/2	1/2	Chord	4/4	8	1	1/2	1/2	1	610						
31	31	118	118	2.0	0	0	Chord	4/4	1	1	1/2	1/2	1	611						
31	31	120	120	2.0	1/2	1/2	Chord	4/4	1	1	1/2	1/2	1	612						
31	31	118	118	2.0	0	0	Chord	4/4	2	1	1/2	1/2	1	613						
31	31	120	120	2.0	1/2	1/2	Chord	4/4	2	1	1/2	1/2	1	614						
31	31	118	118	2.0	0	0	Chord	4/4	3	1	1/2	1/2	1	615						
31	31	120	120	2.0	1/2	1/2	Chord	4/4	3	1	1/2	1/2	1	616						
31	31	118	118	2.0	0	0	Chord	4/4	4	1	1/2	1/2	1	617						
31	31	120	120	2.0	1/2	1/2	Chord	4/4	4	1	1/2	1/2	1	618						
31	31	118	118	2.0	0	0	Chord	4/4	5	1	1/2	1/2	1	619						
31	31	120	120	2.0	1/2	1/2	Chord	4/4	5	1	1/2	1/2	1	620						
31	31	118	118	2.0	0	0	Chord	4/4	5	2	1/2	1/2	1	621						
31	31	120	120	2.0	1/2	1/2	Chord	4/4	5	2	1/2	1/2	1	622						
31	31	118	118	2.0	0	0	Chord	4/4	5	3	1/2	1/2	1	623						
31	31	120	120	2.0	1/2	1/2	Chord	4/4	5	3	1/2	1/2	1	624						
31	31	118	118	2.0	0	0	Chord	4/4	6	1	1/2	1/2	1	625						
31	31	120	120	2.0	1/2	1/2	Chord	4/4	6	1	1/2	1/2	1	626						
31	31	118	118	0.0	0	0	FiguredBass	4/4	7	1	0					1/2	2			
31	31	118	118	2.0	0	0	Chord	4/4	7	1	1/2	1/2	1	627						
31	31	120	120	0.0	1/2	1/2	FiguredBass	4/4	7	1	0					1/2	6			
31	31	120	120	2.0	1/2	1/2	Chord	4/4	7	1	1/2	1/2	1	628						
31	31	118	118	2.0	0	0	Chord	4/4	8	1	1/2	1/2	1	629						
31	31	120	120	2.0	1/2	1/2	Chord	4/4	8	1	1/2	1/2	1	630						
32	32	122	122	2.0	0	0	Chord	4/4	1	1	1/2	1/2	1	631						
32	32	124	124	2.0	1/2	1/2	Chord	4/4	1	1	1/2	1/2	1	632	ornamentTremblement					
32	32	122	122	2.0	0	0	Chord	4/4	2	1	1/2	1/2	1	633						
32	32	124	124	2.0	1/2	1/2	Chord	4/4	2	1	1/2	1/2	1	634	ornamentTremblement					
32	32	122	122	2.0	0	0	Chord	4/4	3	1	1/2	1/2	1	635						
32	32	124	124	2.0	1/2	1/2	Chord	4/4	3	1	1/2	1/2	1	636						
32	32	122	122	2.0	0	0	Chord	4/4	4	1	1/2	1/2	1	637						
32	32	124	124	2.0	1/2	1/2	Chord	4/4	4	1	1/2	1/2	1	638						
32	32	122	122	2.0	0	0	Chord	4/4	5	1	1/2	1/2	1	639						
32	32	124	124	2.0	1/2	1/2	Chord	4/4	5	1	1/2	1/2	1	640	ornamentTremblement					
32	32	122	122	2.0	0	0	Chord	4/4	5	2	1/2	1/2	1	641						
32	32	124	124	2.0	1/2	1/2	Chord	4/4	5	2	1/2	1/2	1	642						
32	32	122	122	2.0	0	0	Chord	4/4	5	3	1/2	1/2	1	643						
32	32	124	124	2.0	1/2	1/2	Chord	4/4	5	3	1/2	1/2	1	644						
32	32	122	122	2.0	0	0	Chord	4/4	6	1	1/2	1/2	1	645						
32	32	124	124	2.0	1/2	1/2	Chord	4/4	6	1	1/2	1/2	1	646						
32	32	122	122	2.0	0	0	Chord	4/4	7	1	1/2	1/2	1	647						
32	32	124	124	0.0	1/2	1/2	FiguredBass	4/4	7	1	0					1/2	#			
32	32	124	124	2.0	1/2	1/2	Chord	4/4	7	1	1/2	1/2	1	648	ornamentTremblement					
32	32	122	122	2.0	0	0	Chord	4/4	8	1	1/2	1/2	1	649						
32	32	124	124	2.0	1/2	1/2	Chord	4/4	8	1	1/2	1/2	1	650						
33	33	126	126	4.0	0	0	Chord	4/4	1	1	1	1	1	651						
33	33	126	126	4.0	0	0	Chord	4/4	2	1	1	1	1	652						
33	33	126	126	4.0	0	0	Chord	4/4	3	1	1	1	1	653						
33	33	126	126	4.0	0	0	Chord	4/4	4	1	1	1	1	654						
33	33	126	126	4.0	0	0	Chord	4/4	5	1	1	1	1	655						
33	33	126	126	4.0	0	0	Chord	4/4	5	2	1	1	1	656						
33	33	126	126	4.0	0	0	Chord	4/4	5	3	1	1	1	657						
33	33	126	126	4.0	0	0	Chord	4/4	6	1	1	1	1	658						
33	33	126	126	4.0	0	0	Chord	4/4	7	1	1	1	1	659						
33	33	126	126	4.0	0	0	Chord	4/4	8	1	1	1	1	660						
34	34	130	130	4.0	0	0	Chord	4/4	1	1	1	1	1	661						
34	34	130	130	4.0	0	0	Chord	4/4	2	1	1	1	1	662						
34	34	130	130	4.0	0	0	Chord	4/4	3	1	1	1	1	663						
34	34	130	130	4.0	0	0	Chord	4/4	4	1	1	1	1	664						
34	34	130	130	4.0	0	0	Chord	4/4	5	1	1	1	1	665						
34	34	130	130	4.0	0	0	Chord	4/4	5	2	1	1	1	666						
34	34	130	130	4.0	0	0	Chord	4/4	5	3	1	1	1	667						
34	34	130	130	4.0	0	0	Chord	4/4	6	1	1	1	1	668						
34	34	130	130	4.0	0	0	Chord	4/4	7	1	1	1	1	669						
34	34	130	130	4.0	0	0	Chord	4/4	8	1	1	1	1	670						
35	35	134	134	2.0	0	0	Chord	4/4	1	1	1/2	1/2	1	671						
35	35	136	136	2.0	1/2	1/2	Chord	4/4	1	1	1/2	1/2	1	672						
35	35	134	134	2.0	0	0	Chord	4/4	2	1	1/2	1/2	1	673						
35	35	136	136	2.0	1/2	1/2	Chord	4/4	2	1	1/2	1/2	1	674						
35	35	134	134	2.0	0	0	Chord	4/4	3	1	1/2	1/2	1	675						
35	35	136	136	2.0	1/2	1/2	Chord	4/4	3	1	1/2	1/2	1	676						
35	35	134	134	2.0	0	0	Chord	4/4	4	1	1/2	1/2	1	677						
35	35	136	136	2.0	1/2	1/2	Chord	4/4	4	1	1/2	1/2	1	678						
35	35	134	134	2.0	0	0	Chord	4/4	5	1	1/2	1/2	1	679						
35	35	136	136	2.0	1/2	1/2	Chord	4/4	5	1	1/2	1/2	1	680						
35	35	134	134	2.0	0	0	Chord	4/4	5	2	1/2	1/2	1	681						
35	35	136	136	2.0	1/2	1/2	Chord	4/4	5	2	1/2	1/2	1	682						
35	35	134	134	2.0	0	0	Chord	4/4	5	3	1/2	1/2	1	683						
35	35	136	136	2.0	1/2	1/2	Chord	4/4	5	3	1/2	1/2	1	684						
35	35	134	134	2.0	0	0	Chord	4/4	6	1	1/2	1/2	1	685						
35	35	136	136	2.0	1/2	1/2	Chord	4/4	6	1	1/2	1/2	1	686						
35	35	134	134	0.0	0	0	FiguredBass	4/4	7	1	0					1/2	6			
35	35	134	134	2.0	0	0	Chord	4/4	7	1	1/2	1/2	1	687						
35	35	136	136	2.0	1/2	1/2	Chord	4/4	7	1	1/2	1/2	1	688						
35	35	134	134	2.0	0	0	Chord	4/4	8	1	1/2	1/2	1	689						
35	35	136	136	2.0	1/2	1/2	Chord	4/4	8	1	1/2	1/2	1	690						
36	36	138	138	2.0	0	0	Chord	4/4	1	1	1/2	1/2	1	691						
36	36	140	140	2.0	1/2	1/2	Chord	4/4	1	1	1/2	1/2	1	692						
36	36	138	138	2.0	0	0	Chord	4/4	2	1	1/2	1/2	1	693						
36	36	140	140	2.0	1/2	1/2	Chord	4/4	2	1	1/2	1/2	1	694						
36	36	138	138	1.0	0	0	Chord	4/4	3	1	1/4	1/4	1	695						8
36	36	139	139	1.0	1/4	1/4	Chord	4/4	3	1	1/4	1/4	1	696						
36	36	140	140	2.0	1/2	1/2	Chord	4/4	3	1	1/2	1/2	1	697						
36	36	138	138	2.0	0	0	Chord	4/4	4	1	1/2	1/2	1	698						
36	36	140	140	2.0	1/2	1/2	Chord	4/4	4	1	1/2	1/2	1	699						
36	36	138	138	2.0	0	0	Chord	4/4	5	1	1/2	1/2	1	700						
36	36	140	140	2.0	1/2	1/2	Chord	4/4	5	1	1/2	1/2	1	701						
36	36	138	138	2.0	0	0	Chord	4/4	5	2	1/2	1/2	1	702						
36	36	140	140	2.0	1/2	1/2	Chord	4/4	5	2	1/2	1/2	1	703						
36	36	138	138	2.0	0	0	Chord	4/4	5	3	1/2	1/2	1	704						
36	36	140	140	2.0	1/2	1/2	Chord	4/4	5	3	1/2	1/2	1	705						
36	36	138	138	2.0	0	0	Chord	4/4	6	1	1/2	1/2	1	706						
36	36	140	140	2.0	1/2	1/2	Chord	4/4	6	1	1/2	1/2	1	707						
36	36	138	138	0.0	0	0	FiguredBass	4/4	7	1	0					1/2	6			
36	36	138	138	2.0	0	0	Chord	4/4	7	1	1/2	1/2	1	708						
36	36	140	140	0.0	1/2	1/2	FiguredBass	4/4	7	1	0					1/2	#			
36	36	140	140	2.0	1/2	1/2	Chord	4/4	7	1	1/2	1/2	1	709						
36	36	138	138	2.0	0	0	Chord	4/4	8	1	1/2	1/2	1	710						
36	36	140	140	2.0	1/2	1/2	Chord	4/4	8	1	1/2	1/2	1	711						
37	37	142	142	4.0	0	0	Chord	4/4	1	1	1	1	1	712						
37	37	142	142	4.0	0	0	Chord	4/4	2	1	1	1	1	713						
37	37	142	142	4.0	0	0	Chord	4/4	3	1	1	1	1	714						
37	37	142	142	4.0	0	0	Chord	4/4	4	1	1	1	1	715						
37	37	142	142	4.0	0	0	Chord	4/4	5	1	1	1	1	716						
37	37	142	142	4.0	0	0	Chord	4/4	5	2	1	1	1	717						
37	37	142	142	4.0	0	0	Chord	4/4	5	3	1	1	1	718						
37	37	142	142	4.0	0	0	Chord	4/4	6	1	1	1	1	719						
37	37	142	142	4.0	0	0	Chord	4/4	7	1	1	1	1	720						
37	37	142	142	4.0	0	0	Chord	4/4	8	1	1	1	1	721						
38	38	146	146	4.0	0	0	Chord	4/4	1	1	1	1	1	722						
38	38	146	146	4.0	0	0	Chord	4/4	2	1	1	1	1	723						
38	38	146	146	4.0	0	0	Chord	4/4	3	1	1	1	1	724						
38	38	146	146	4.0	0	0	Chord	4/4	4	1	1	1	1	725						
38	38	146	146	4.0	0	0	Chord	4/4	5	1	1	1	1	726						
38	38	146	146	4.0	0	0	Chord	4/4	5	2	1	1	1	727						
38	38	146	146	4.0	0	0	Chord	4/4	5	3	1	1	1	728						
38	38	146	146	4.0	0	0	Chord	4/4	6	1	1	1	1	729						
38	38	146	146	4.0	0	0	Chord	4/4	7	1	1	1	1	730						
38	38	146	146	4.0	0	0	Chord	4/4	8	1	1	1	1	731						
39	39	150	150	2.0	0	0	Chord	4/4	1	1	1/2	1/2	1	732						
39	39	152	152	2.0	1/2	1/2	Chord	4/4	1	1	1/2	1/2	1	733						
39	39	150	150	2.0	0	0	Chord	4/4	2	1	1/2	1/2	1	734						
39	39	152	152	2.0	1/2	1/2	Chord	4/4	2	1	1/2	1/2	1	735						
39	39	150	150	2.0	0	0	Chord	4/4	3	1	1/2	1/2	1	736						
39	39	152	152	2.0	1/2	1/2	Chord	4/4	3	1	1/2	1/2	1	737						
39	39	150	150	2.0	0	0	Chord	4/4	4	1	1/2	1/2	1	738						
39	39	152	152	1.0	1/2	1/2	Chord	4/4	4	1	1/4	1/4	1	739						9
39	39	153	153	1.0	3/4	3/4	Chord	4/4	4	1	1/4	1/4	1	740						
39	39	150	150	2.0	0	0	Chord	4/4	5	1	1/2	1/2	1	741						
39	39	152	152	2.0	1/2	1/2	Chord	4/4	5	1	1/2	1/2	1	742						
39	39	150	150	2.0	0	0	Chord	4/4	5	2	1/2	1/2	1	743						
39	39	152	152	2.0	1/2	1/2	Chord	4/4	5	2	1/2	1/2	1	744						
39	39	150	150	2.0	0	0	Chord	4/4	5	3	1/2	1/2	1	745						
39	39	152	152	2.0	1/2	1/2	Chord	4/4	5	3	1/2	1/2	1	746						
39	39	150	150	2.0	0	0	Chord	4/4	6	1	1/2	1/2	1	747						
39	39	152	152	1.0	1/2	1/2	Chord	4/4	6	1	1/4	1/4	1	748						
39	39	153	153	1.0	3/4	3/4	Chord	4/4	6	1	1/4	1/4	1	749						
39	39	150	150	2.0	0	0	Chord	4/4	7	1	1/2	1/2	1	750						
39	39	152	152	2.0	1/2	1/2	Chord	4/4	7	1	1/2	1/2	1	751						
39	39	150	150	2.0	0	0	Chord	4/4	8	1	1/2	1/2	1	752						
39	39	152	152	1.0	1/2	1/2	Chord	4/4	8	1	1/4	1/4	1	753						
39	39	153	153	1.0	3/4	3/4	Chord	4/4	8	1	1/4	1/4	1	754						
40	40	154	154	2.0	0	0	Chord	4/4	1	1	1/2	1/2	1	755						
40	40	156	156	2.0	1/2	1/2	Chord	4/4	1	1	1/2	1/2	1	756						
40	40	154	154	2.0	0	0	Chord	4/4	2	1	1/2	1/2	1	757						
40	40	156	156	2.0	1/2	1/2	Chord	4/4	2	1	1/2	1/2	1	758						
40	40	154	154	2.0	0	0	Chord	4/4	3	1	1/2	1/2	1	759						
40	40	156	156	2.0	1/2	1/2	Chord	4/4	3	1	1/2	1/2	1	760						
40	40	154	154	2.0	0	0	Chord	4/4	4	1	1/2	1/2	1	761						
40	40	156	156	2.0	1/2	1/2	Chord	4/4	4	1	1/2	1/2	1	762						
40	40	154	154	2.0	0	0	Chord	4/4	5	1	1/2	1/2	1	763						
40	40	156	156	2.0	1/2	1/2	Chord	4/4	5	1	1/2	1/2	1	764						
40	40	154	154	2.0	0	0	Chord	4/4	5	2	1/2	1/2	1	765						
40	40	156	156	2.0	1/2	1/2	Chord	4/4	5	2	1/2	1/2	1	766						
40	40	154	154	2.0	0	0	Chord	4/4	5	3	1/2	1/2	1	767						
40	40	156	156	2.0	1/2	1/2	Chord	4/4	5	3	1/2	1/2	1	768						
40	40	154	154	2.0	0	0	Chord	4/4	6	1	1/2	1/2	1	769						
40	40	156	156	2.0	1/2	1/2	Chord	4/4	6	1	1/2	1/2	1	770						
40	40	154	154	0.0	0	0	FiguredBass	4/4	7	1	0					1/2	6	5		
40	40	154	154	2.0	0	0	Chord	4/4	7	1	1/2	1/2	1	771						
40	40	156	156	0.0	1/2	1/2	FiguredBass	4/4	7	1	0					1/2	#			
40	40	156	156	2.0	1/2	1/2	Chord	4/4	7	1	1/2	1/2	1	772						
40	40	154	154	2.0	0	0	Chord	4/4	8	1	1/2	1/2	1	773						
40	40	156	156	2.0	1/2	1/2	Chord	4/4	8	1	1/2	1/2	1	774						
41	41	158	158	4.0	0	0	Chord	4/4	1	1	1	1	1	775						
41	41	158	158	4.0	0	0	Chord	4/4	2	1	1	1	1	776						
41	41	158	158	4.0	0	0	Chord	4/4	3	1	1	1	1	777						
41	41	158	158	4.0	0	0	Chord	4/4	4	1	1	1	1	778						
41	41	158	158	4.0	0	0	Chord	4/4	5	1	1	1	1	779						
41	41	158	158	4.0	0	0	Chord	4/4	5	2	1	1	1	780						
41	41	158	158	4.0	0	0	Chord	4/4	5	3	1	1	1	781						
41	41	158	158	4.0	0	0	Chord	4/4	5	4	1	1	1	782						
41	41	158	158	4.0	0	0	Chord	4/4	6	1	1	1	1	783						
41	41	158	158	4.0	0	0	Chord	4/4	7	1	1	1	1	784						
41	41	158	158	4.0	0	0	Chord	4/4	8	1	1	1	1	785						
42	42	162	162	4.0	0	0	Chord	4/4	1	1	1	1	1	786						
42	42	162	162	4.0	0	0	Chord	4/4	2	1	1	1	1	787						
42	42	162	162	4.0	0	0	Chord	4/4	3	1	1	1	1	788						
42	42	162	162	4.0	0	0	Chord	4/4	4	1	1	1	1	789						
42	42	162	162	4.0	0	0	Chord	4/4	5	1	1	1	1	790						
42	42	162	162	4.0	0	0	Chord	4/4	5	2	1	1	1	791						
42	42	162	162	4.0	0	0	Chord	4/4	5	3	1	1	1	792						
42	42	162	162	4.0	0	0	Chord	4/4	6	1	1	1	1	793						
42	42	162	162	0.0	0	0	FiguredBass	4/4	7	1	0					1	h			
42	42	162	162	4.0	0	0	Chord	4/4	7	1	1	1	1	794						
42	42	162	162	4.0	0	0	Chord	4/4	8	1	1	1	1	795						
43	43	166	166	2.0	0	0	Chord	4/4	1	1	1/2	1/2	1	796						
43	43	168	168	2.0	1/2	1/2	Chord	4/4	1	1	1/2	1/2	1	797						
43	43	166	166	2.0	0	0	Chord	4/4	2	1	1/2	1/2	1	798						
43	43	168	168	2.0	1/2	1/2	Chord	4/4	2	1	1/2	1/2	1	799						
43	43	166	166	2.0	0	0	Chord	4/4	3	1	1/2	1/2	1	800						
43	43	168	168	2.0	1/2	1/2	Chord	4/4	3	1	1/2	1/2	1	801						
43	43	166	166	2.0	0	0	Chord	4/4	4	1	1/2	1/2	1	802						
43	43	168	168	2.0	1/2	1/2	Chord	4/4	4	1	1/2	1/2	1	803						
43	43	166	166	2.0	0	0	Chord	4/4	5	1	1/2	1/2	1	804						
43	43	168	168	2.0	1/2	1/2	Chord	4/4	5	1	1/2	1/2	1	805						
43	43	166	166	2.0	0	0	Chord	4/4	5	2	1/2	1/2	1	806						
43	43	168	168	2.0	1/2	1/2	Chord	4/4	5	2	1/2	1/2	1	807						
43	43	166	166	2.0	0	0	Chord	4/4	5	3	1/2	1/2	1	808						
43	43	168	168	2.0	1/2	1/2	Chord	4/4	5	3	1/2	1/2	1	809						
43	43	166	166	2.0	0	0	Chord	4/4	6	1	1/2	1/2	1	810						
43	43	168	168	2.0	1/2	1/2	Chord	4/4	6	1	1/2	1/2	1	811						
43	43	166	166	0.0	0	0	FiguredBass	4/4	7	1	0					1/2	6	5		
43	43	166	166	2.0	0	0	Chord	4/4	7	1	1/2	1/2	1	812						
43	43	168	168	2.0	1/2	1/2	Chord	4/4	7	1	1/2	1/2	1	813						
43	43	166	166	2.0	0	0	Chord	4/4	8	1	1/2	1/2	1	814						
43	43	168	168	2.0	1/2	1/2	Chord	4/4	8	1	1/2	1/2	1	815						
44	44	170	170	2.0	0	0	Chord	4/4	1	1	1/2	1/2	1	816						
44	44	172	172	2.0	1/2	1/2	Chord	4/4	1	1	1/2	1/2	1	817						
44	44	170	170	2.0	0	0	Chord	4/4	2	1	1/2	1/2	1	818						
44	44	172	172	2.0	1/2	1/2	Chord	4/4	2	1	1/2	1/2	1	819						
44	44	170	170	2.0	0	0	Chord	4/4	3	1	1/2	1/2	1	820						
44	44	172	172	2.0	1/2	1/2	Chord	4/4	3	1	1/2	1/2	1	821						
44	44	170	170	2.0	0	0	Chord	4/4	4	1	1/2	1/2	1	822						
44	44	172	172	2.0	1/2	1/2	Chord	4/4	4	1	1/2	1/2	1	823						
44	44	170	170	2.0	0	0	Chord	4/4	5	1	1/2	1/2	1	824						
44	44	172	172	2.0	1/2	1/2	Chord	4/4	5	1	1/2	1/2	1	825						
44	44	170	170	2.0	0	0	Chord	4/4	5	2	1/2	1/2	1	826						
44	44	172	172	2.0	1/2	1/2	Chord	4/4	5	2	1/2	1/2	1	827						
44	44	170	170	2.0	0	0	Chord	4/4	5	3	1/2	1/2	1	828						
44	44	172	172	2.0	1/2	1/2	Chord	4/4	5	3	1/2	1/2	1	829						
44	44	170	170	2.0	0	0	Chord	4/4	6	1	1/2	1/2	1	830						
44	44	172	172	2.0	1/2	1/2	Chord	4/4	6	1	1/2	1/2	1	831						
44	44	170	170	0.0	0	0	FiguredBass	4/4	7	1	0					1/2	6			
44	44	170	170	2.0	0	0	Chord	4/4	7	1	1/2	1/2	1	832						
44	44	172	172	0.0	1/2	1/2	FiguredBass	4/4	7	1	0					1/2	6	5		
44	44	172	172	2.0	1/2	1/2	Chord	4/4	7	1	1/2	1/2	1	833						
44	44	170	170	2.0	0	0	Chord	4/4	8	1	1/2	1/2	1	834						
44	44	172	172	2.0	1/2	1/2	Chord	4/4	8	1	1/2	1/2	1	835						
45	45	174	174	2.0	0	0	Chord	4/4	1	1	1/2	1/2	1	836						
45	45	176	176	2.0	1/2	1/2	Chord	4/4	1	1	1/2	1/2	1	837						
45	45	174	174	1.0	0	0	Chord	4/4	2	1	1/4	1/4	1	838						10
45	45	175	175	1.0	1/4	1/4	Chord	4/4	2	1	1/4	1/4	1	839						
45	45	176	176	2.0	1/2	1/2	Chord	4/4	2	1	1/2	1/2	1	840						
45	45	174	174	2.0	0	0	Chord	4/4	3	1	1/2	1/2	1	841						
45	45	176	176	2.0	1/2	1/2	Chord	4/4	3	1	1/2	1/2	1	842						
45	45	174	174	2.0	0	0	Chord	4/4	4	1	1/2	1/2	1	843						
45	45	176	176	2.0	1/2	1/2	Chord	4/4	4	1	1/2	1/2	1	844						
45	45	174	174	2.0	0	0	Chord	4/4	5	1	1/2	1/2	1	845						
45	45	176	176	2.0	1/2	1/2	Chord	4/4	5	1	1/2	1/2	1	846						
45	45	174	174	2.0	0	0	Chord	4/4	5	2	1/2	1/2	1	847						
45	45	176	176	2.0	1/2	1/2	Chord	4/4	5	2	1/2	1/2	1	848						
45	45	174	174	1.0	0	0	Chord	4/4	5	3	1/4	1/4	1	849						
45	45	175	175	1.0	1/4	1/4	Chord	4/4	5	3	1/4	1/4	1	850						
45	45	176	176	2.0	1/2	1/2	Chord	4/4	5	3	1/2	1/2	1	851						
45	45	174	174	2.0	0	0	Chord	4/4	6	1	1/2	1/2	1	852						
45	45	176	176	2.0	1/2	1/2	Chord	4/4	6	1	1/2	1/2	1	853						
45	45	174	174	0.0	0	0	FiguredBass	4/4	7	1	0					1/2	4			
45	45	174	174	2.0	0	0	Chord	4/4	7	1	1/2	1/2	1	854						
45	45	176	176	0.0	1/2	1/2	FiguredBass	4/4	7	1	0					1/2	3			
45	45	176	176	2.0	1/2	1/2	Chord	4/4	7	1	1/2	1/2	1	855						
45	45	174	174	2.0	0	0	Chord	4/4	8	1	1/2	1/2	1	856						
45	45	176	176	2.0	1/2	1/2	Chord	4/4	8	1	1/2	1/2	1	857						
46	46	178	178	2.0	0	0	Chord	4/4	1	1	1/2	1/2	1	858						
46	46	180	180	2.0	1/2	1/2	Chord	4/4	1	1	1/2	1/2	1	859						
46	46	178	178	1.0	0	0	Chord	4/4	2	1	1/4	1/4	1	860						11
46	46	179	179	1.0	1/4	1/4	Chord	4/4	2	1	1/4	1/4	1	861						
46	46	180	180	2.0	1/2	1/2	Chord	4/4	2	1	1/2	1/2	1	862						
46	46	178	178	1.0	0	0	Chord	4/4	3	1	1/4	1/4	1	863						12
46	46	179	179	1.0	1/4	1/4	Chord	4/4	3	1	1/4	1/4	1	864						
46	46	180	180	2.0	1/2	1/2	Chord	4/4	3	1	1/2	1/2	1	865						
46	46	178	178	2.0	0	0	Chord	4/4	4	1	1/2	1/2	1	866						
46	46	180	180	2.0	1/2	1/2	Chord	4/4	4	1	1/2	1/2	1	867						
46	46	178	178	2.0	0	0	Chord	4/4	5	1	1/2	1/2	1	868						
46	46	180	180	2.0	1/2	1/2	Chord	4/4	5	1	1/2	1/2	1	869						
46	46	178	178	2.0	0	0	Chord	4/4	5	2	1/2	1/2	1	870						
46	46	180	180	2.0	1/2	1/2	Chord	4/4	5	2	1/2	1/2	1	871						
46	46	178	178	1.0	0	0	Chord	4/4	5	3	1/4	1/4	1	872						
46	46	179	179	1.0	1/4	1/4	Chord	4/4	5	3	1/4	1/4	1	873						
46	46	180	180	2.0	1/2	1/2	Chord	4/4	5	3	1/2	1/2	1	874						
46	46	178	178	2.0	0	0	Chord	4/4	6	1	1/2	1/2	1	875						
46	46	180	180	2.0	1/2	1/2	Chord	4/4	6	1	1/2	1/2	1	876						
46	46	178	178	0.0	0	0	FiguredBass	4/4	7	1	0					1/2	6			
46	46	178	178	2.0	0	0	Chord	4/4	7	1	1/2	1/2	1	877						
46	46	180	180	0.0	1/2	1/2	FiguredBass	4/4	7	1	0					1/2	4			
46	46	180	180	2.0	1/2	1/2	Chord	4/4	7	1	1/2	1/2	1	878						
46	46	182	182	0.0	1	1	FiguredBass	4/4	7	1	0					1/2	6			
46	46	178	178	2.0	0	0	Chord	4/4	8	1	1/2	1/2	1	879						
46	46	180	180	2.0	1/2	1/2	Chord	4/4	8	1	1/2	1/2	1	880						
47	47	182	182	2.0	0	0	Chord	4/4	1	1	1/2	1/2	1	881						
47	47	184	184	2.0	1/2	1/2	Chord	4/4	1	1	1/2	1/2	1	882	ornamentTremblement					
47	47	182	182	2.0	0	0	Chord	4/4	2	1	1/2	1/2	1	883						
47	47	184	184	2.0	1/2	1/2	Chord	4/4	2	1	1/2	1/2	1	884	ornamentTremblement					
47	47	182	182	2.0	0	0	Chord	4/4	3	1	1/2	1/2	1	885						
47	47	184	184	1.0	1/2	1/2	Chord	4/4	3	1	1/4	1/4	1	886						13
47	47	185	185	1.0	3/4	3/4	Chord	4/4	3	1	1/4	1/4	1	887						
47	47	182	182	2.0	0	0	Chord	4/4	4	1	1/2	1/2	1	888						
47	47	184	184	2.0	1/2	1/2	Chord	4/4	4	1	1/2	1/2	1	889						
47	47	182	182	2.0	0	0	Chord	4/4	5	1	1/2	1/2	1	890						
47	47	184	184	2.0	1/2	1/2	Chord	4/4	5	1	1/2	1/2	1	891						
47	47	182	182	2.0	0	0	Chord	4/4	5	2	1/2	1/2	1	892						
47	47	184	184	1.0	1/2	1/2	Chord	4/4	5	2	1/4	1/4	1	893						
47	47	185	185	1.0	3/4	3/4	Chord	4/4	5	2	1/4	1/4	1	894						
47	47	182	182	2.0	0	0	Chord	4/4	5	3	1/2	1/2	1	895						
47	47	184	184	2.0	1/2	1/2	Chord	4/4	5	3	1/2	1/2	1	896						
47	47	182	182	2.0	0	0	Chord	4/4	6	1	1/2	1/2	1	897						
47	47	184	184	2.0	1/2	1/2	Chord	4/4	6	1	1/2	1/2	1	898						
47	47	182	182	0.0	0	0	FiguredBass	4/4	7	1	0					1/2	7			
47	47	182	182	2.0	0	0	Chord	4/4	7	1	1/2	1/2	1	899						
47	47	184	184	0.0	1/2	1/2	FiguredBass	4/4	7	1	0					1/2	8	#		
47	47	184	184	2.0	1/2	1/2	Chord	4/4	7	1	1/2	1/2	1	900	ornamentTremblement					
47	47	182	182	0.0	0	0	FiguredBass	4/4	8	1	0					1/2	7			
47	47	182	182	2.0	0	0	Chord	4/4	8	1	1/2	1/2	1	901						
47	47	184	184	0.0	1/2	1/2	FiguredBass	4/4	8	1	0					1/2	7			
47	47	184	184	2.0	1/2	1/2	Chord	4/4	8	1	1/2	1/2	1	902						
48	48	186	186	2.0	0	0	Chord	4/4	1	1	1/2	1/2	1	903						
48	48	188	188	2.0	1/2	1/2	Chord	4/4	1	1	1/2	1/2	1	904						
48	48	186	186	2.0	0	0	Chord	4/4	2	1	1/2	1/2	1	905						
48	48	188	188	2.0	1/2	1/2	Chord	4/4	2	1	1/2	1/2	1	906						
48	48	186	186	2.0	0	0	Chord	4/4	3	1	1/2	1/2	1	907						
48	48	188	188	2.0	1/2	1/2	Chord	4/4	3	1	1/2	1/2	1	908						
48	48	186	186	2.0	0	0	Chord	4/4	4	1	1/2	1/2	1	909						
48	48	188	188	2.0	1/2	1/2	Chord	4/4	4	1	1/2	1/2	1	910						
48	48	186	186	2.0	0	0	Chord	4/4	5	1	1/2	1/2	1	911						
48	48	188	188	2.0	1/2	1/2	Chord	4/4	5	1	1/2	1/2	1	912						
48	48	186	186	2.0	0	0	Chord	4/4	5	2	1/2	1/2	1	913						
48	48	188	188	2.0	1/2	1/2	Chord	4/4	5	2	1/2	1/2	1	914						
48	48	186	186	2.0	0	0	Chord	4/4	5	3	1/2	1/2	1	915						
48	48	188	188	2.0	1/2	1/2	Chord	4/4	5	3	1/2	1/2	1	916						
48	48	186	186	2.0	0	0	Chord	4/4	6	1	1/2	1/2	1	917						
48	48	188	188	2.0	1/2	1/2	Chord	4/4	6	1	1/2	1/2	1	918						
48	48	186	186	2.0	0	0	Chord	4/4	7	1	1/2	1/2	1	919						
48	48	188	188	0.0	1/2	1/2	FiguredBass	4/4	7	1	0					1/2	6			
48	48	188	188	2.0	1/2	1/2	Chord	4/4	7	1	1/2	1/2	1	920						
48	48	186	186	2.0	0	0	Chord	4/4	8	1	1/2	1/2	1	921						
48	48	188	188	2.0	1/2	1/2	Chord	4/4	8	1	1/2	1/2	1	922						
49	49	190	190	2.0	0	0	Chord	4/4	1	1	1/2	1/2	1	923						
49	49	192	192	2.0	1/2	1/2	Chord	4/4	1	1	1/2	1/2	1	924						
49	49	190	190	2.0	0	0	Chord	4/4	2	1	1/2	1/2	1	925						
49	49	192	192	2.0	1/2	1/2	Chord	4/4	2	1	1/2	1/2	1	926						
49	49	190	190	2.0	0	0	Chord	4/4	3	1	1/2	1/2	1	927						
49	49	192	192	2.0	1/2	1/2	Chord	4/4	3	1	1/2	1/2	1	928						
49	49	190	190	2.0	0	0	Chord	4/4	4	1	1/2	1/2	1	929						
49	49	192	192	2.0	1/2	1/2	Chord	4/4	4	1	1/2	1/2	1	930						
49	49	190	190	2.0	0	0	Chord	4/4	5	1	1/2	1/2	1	931						
49	49	192	192	2.0	1/2	1/2	Chord	4/4	5	1	1/2	1/2	1	932						
49	49	190	190	2.0	0	0	Chord	4/4	5	2	1/2	1/2	1	933						
49	49	192	192	2.0	1/2	1/2	Chord	4/4	5	2	1/2	1/2	1	934						
49	49	190	190	2.0	0	0	Chord	4/4	5	3	1/2	1/2	1	935						
49	49	192	192	2.0	1/2	1/2	Chord	4/4	5	3	1/2	1/2	1	936						
49	49	190	190	2.0	0	0	Chord	4/4	6	1	1/2	1/2	1	937						
49	49	192	192	2.0	1/2	1/2	Chord	4/4	6	1	1/2	1/2	1	938						
49	49	190	190	0.0	0	0	FiguredBass	4/4	7	1	0					1/2	7			
49	49	190	190	2.0	0	0	Chord	4/4	7	1	1/2	1/2	1	939						
49	49	192	192	2.0	1/2	1/2	Chord	4/4	7	1	1/2	1/2	1	940						
49	49	190	190	2.0	0	0	Chord	4/4	8	1	1/2	1/2	1	941						
49	49	192	192	2.0	1/2	1/2	Chord	4/4	8	1	1/2	1/2	1	942						
50	50	194	194	2.0	0	0	Chord	4/4	1	1	1/2	1/2	1	943						
50	50	196	196	2.0	1/2	1/2	Chord	4/4	1	1	1/2	1/2	1	944						
50	50	194	194	2.0	0	0	Chord	4/4	2	1	1/2	1/2	1	945						
50	50	196	196	2.0	1/2	1/2	Chord	4/4	2	1	1/2	1/2	1	946						
50	50	194	194	2.0	0	0	Chord	4/4	3	1	1/2	1/2	1	947						
50	50	196	196	2.0	1/2	1/2	Chord	4/4	3	1	1/2	1/2	1	948						
50	50	194	194	2.0	0	0	Chord	4/4	4	1	1/2	1/2	1	949						
50	50	196	196	2.0	1/2	1/2	Chord	4/4	4	1	1/2	1/2	1	950						
50	50	194	194	2.0	0	0	Chord	4/4	5	1	1/2	1/2	1	951						
50	50	196	196	2.0	1/2	1/2	Chord	4/4	5	1	1/2	1/2	1	952						
50	50	194	194	2.0	0	0	Chord	4/4	5	2	1/2	1/2	1	953						
50	50	196	196	2.0	1/2	1/2	Chord	4/4	5	2	1/2	1/2	1	954						
50	50	194	194	2.0	0	0	Chord	4/4	5	3	1/2	1/2	1	955						
50	50	196	196	2.0	1/2	1/2	Chord	4/4	5	3	1/2	1/2	1	956						
50	50	194	194	2.0	0	0	Chord	4/4	6	1	1/2	1/2	1	957						
50	50	196	196	2.0	1/2	1/2	Chord	4/4	6	1	1/2	1/2	1	958						
50	50	194	194	0.0	0	0	FiguredBass	4/4	7	1	0					1/2	7	5		
50	50	194	194	2.0	0	0	Chord	4/4	7	1	1/2	1/2	1	959						
50	50	196	196	2.0	1/2	1/2	Chord	4/4	7	1	1/2	1/2	1	960						
50	50	194	194	2.0	0	0	Chord	4/4	8	1	1/2	1/2	1	961						
50	50	196	196	2.0	1/2	1/2	Chord	4/4	8	1	1/2	1/2	1	962						
51	51	198	198	2.0	0	0	Chord	4/4	1	1	1/2	1/2	1	963						
51	51	200	200	2.0	1/2	1/2	Chord	4/4	1	1	1/2	1/2	1	964						
51	51	198	198	1.0	0	0	Chord	4/4	2	1	1/4	1/4	1	965						14
51	51	199	199	1.0	1/4	1/4	Chord	4/4	2	1	1/4	1/4	1	966						
51	51	200	200	2.0	1/2	1/2	Chord	4/4	2	1	1/2	1/2	1	967						
51	51	198	198	1.0	0	0	Chord	4/4	3	1	1/4	1/4	1	968						15
51	51	199	199	1.0	1/4	1/4	Chord	4/4	3	1	1/4	1/4	1	969						
51	51	200	200	2.0	1/2	1/2	Chord	4/4	3	1	1/2	1/2	1	970						
51	51	198	198	1.0	0	0	Chord	4/4	4	1	1/4	1/4	1	971						16
51	51	199	199	1.0	1/4	1/4	Chord	4/4	4	1	1/4	1/4	1	972						
51	51	200	200	1.0	1/2	1/2	Chord	4/4	4	1	1/4	1/4	1	973						17
51	51	201	201	1.0	3/4	3/4	Chord	4/4	4	1	1/4	1/4	1	974						
51	51	198	198	2.0	0	0	Chord	4/4	5	1	1/2	1/2	1	975						
51	51	200	200	2.0	1/2	1/2	Chord	4/4	5	1	1/2	1/2	1	976						
51	51	198	198	1.0	0	0	Chord	4/4	5	2	1/4	1/4	1	977						
51	51	199	199	1.0	1/4	1/4	Chord	4/4	5	2	1/4	1/4	1	978						
51	51	200	200	2.0	1/2	1/2	Chord	4/4	5	2	1/2	1/2	1	979						
51	51	198	198	1.0	0	0	Chord	4/4	5	3	1/4	1/4	1	980						
51	51	199	199	1.0	1/4	1/4	Chord	4/4	5	3	1/4	1/4	1	981						
51	51	200	200	2.0	1/2	1/2	Chord	4/4	5	3	1/2	1/2	1	982						
51	51	198	198	1.0	0	0	Chord	4/4	6	1	1/4	1/4	1	983						
51	51	199	199	1.0	1/4	1/4	Chord	4/4	6	1	1/4	1/4	1	984						
51	51	200	200	1.0	1/2	1/2	Chord	4/4	6	1	1/4	1/4	1	985						
51	51	201	201	1.0	3/4	3/4	Chord	4/4	6	1	1/4	1/4	1	986						
51	51	198	198	0.0	0	0	FiguredBass	4/4	7	1	0					1/2	6			
51	51	198	198	2.0	0	0	Chord	4/4	7	1	1/2	1/2	1	987						
51	51	200	200	0.0	1/2	1/2	FiguredBass	4/4	7	1	0					1/2	h			
51	51	200	200	2.0	1/2	1/2	Chord	4/4	7	1	1/2	1/2	1	988						
51	51	202	202	0.0	1	1	FiguredBass	4/4	7	1	0					1/2	6	5		
51	51	198	198	1.0	0	0	Chord	4/4	8	1	1/4	1/4	1	989						
51	51	199	199	1.0	1/4	1/4	Chord	4/4	8	1	1/4	1/4	1	990						
51	51	200	200	1.0	1/2	1/2	Chord	4/4	8	1	1/4	1/4	1	991						
51	51	201	201	1.0	3/4	3/4	Chord	4/4	8	1	1/4	1/4	1	992						
52	52	202	202	2.0	0	0	Chord	4/4	1	1	1/2	1/2	1	993						
52	52	204	204	2.0	1/2	1/2	Chord	4/4	1	1	1/2	1/2	1	994						
52	52	202	202	1.0	0	0	Chord	4/4	2	1	1/4	1/4	1	995						18
52	52	203	203	1.0	1/4	1/4	Chord	4/4	2	1	1/4	1/4	1	996						
52	52	204	204	2.0	1/2	1/2	Chord	4/4	2	1	1/2	1/2	1	997						
52	52	202	202	1.0	0	0	Chord	4/4	3	1	1/4	1/4	1	998						19
52	52	203	203	1.0	1/4	1/4	Chord	4/4	3	1	1/4	1/4	1	999						
52	52	204	204	2.0	1/2	1/2	Chord	4/4	3	1	1/2	1/2	1	1000						
52	52	202	202	2.0	0	0	Chord	4/4	4	1	1/2	1/2	1	1001						
52	52	204	204	2.0	1/2	1/2	Chord	4/4	4	1	1/2	1/2	1	1002						
52	52	202	202	2.0	0	0	Chord	4/4	5	1	1/2	1/2	1	1003						
52	52	204	204	2.0	1/2	1/2	Chord	4/4	5	1	1/2	1/2	1	1004						
52	52	202	202	1.0	0	0	Chord	4/4	5	2	1/4	1/4	1	1005						
52	52	203	203	1.0	1/4	1/4	Chord	4/4	5	2	1/4	1/4	1	1006						
52	52	204	204	2.0	1/2	1/2	Chord	4/4	5	2	1/2	1/2	1	1007						
52	52	202	202	1.0	0	0	Chord	4/4	5	3	1/4	1/4	1	1008						
52	52	203	203	1.0	1/4	1/4	Chord	4/4	5	3	1/4	1/4	1	1009						
52	52	204	204	2.0	1/2	1/2	Chord	4/4	5	3	1/2	1/2	1	1010						
52	52	202	202	2.0	0	0	Chord	4/4	6	1	1/2	1/2	1	1011						
52	52	204	204	2.0	1/2	1/2	Chord	4/4	6	1	1/2	1/2	1	1012						
52	52	202	202	0.0	0	0	FiguredBass	4/4	7	1	0					1/2	9	4		
52	52	202	202	2.0	0	0	Chord	4/4	7	1	1/2	1/2	1	1013						
52	52	204	204	0.0	1/2	1/2	FiguredBass	4/4	7	1	0					1/2	8	3		
52	52	204	204	2.0	1/2	1/2	Chord	4/4	7	1	1/2	1/2	1	1014						
52	52	202	202	2.0	0	0	Chord	4/4	8	1	1/2	1/2	1	1015						
52	52	204	204	2.0	1/2	1/2	Chord	4/4	8	1	1/2	1/2	1	1016						
53	53	206	206	2.0	0	0	Chord	4/4	1	1	1/2	1/2	1	1017						
53	53	208	208	2.0	1/2	1/2	Chord	4/4	1	1	1/2	1/2	1	1018						
53	53	206	206	2.0	0	0	Chord	4/4	2	1	1/2	1/2	1	1019						
53	53	208	208	2.0	1/2	1/2	Chord	4/4	2	1	1/2	1/2	1	1020						
53	53	206	206	2.0	0	0	Chord	4/4	3	1	1/2	1/2	1	1021						
53	53	208	208	2.0	1/2	1/2	Chord	4/4	3	1	1/2	1/2	1	1022						
53	53	206	206	2.0	0	0	Chord	4/4	4	1	1/2	1/2	1	1023						
53	53	208	208	2.0	1/2	1/2	Chord	4/4	4	1	1/2	1/2	1	1024						
53	53	206	206	2.0	0	0	Chord	4/4	5	1	1/2	1/2	1	1025						
53	53	208	208	2.0	1/2	1/2	Chord	4/4	5	1	1/2	1/2	1	1026						
53	53	206	206	4.0	0	0	Chord	4/4	5	2	1	1	1	1027						
53	53	206	206	2.0	0	0	Chord	4/4	5	3	1/2	1/2	1	1028						
53	53	208	208	2.0	1/2	1/2	Chord	4/4	5	3	1/2	1/2	1	1029						
53	53	206	206	4.0	0	0	Chord	4/4	6	1	1	1	1	1030						
53	53	206	206	0.0	0	0	FiguredBass	4/4	7	1	0					1/2	6	5		
53	53	206	206	2.0	0	0	Chord	4/4	7	1	1/2	1/2	1	1031						
53	53	208	208	0.0	1/2	1/2	FiguredBass	4/4	7	1	0					1/2	4	2		
53	53	208	208	2.0	1/2	1/2	Chord	4/4	7	1	1/2	1/2	1	1032						
53	53	206	206	4.0	0	0	Chord	4/4	8	1	1	1	1	1033						
54	54	210	210	2.0	0	0	Chord	4/4	1	1	1/2	1/2	1	1034						
54	54	212	212	2.0	1/2	1/2	Chord	4/4	1	1	1/2	1/2	1	1035						
54	54	210	210	1.0	0	0	Chord	4/4	2	1	1/4	1/4	1	1036						20
54	54	211	211	1.0	1/4	1/4	Chord	4/4	2	1	1/4	1/4	1	1037						
54	54	212	212	2.0	1/2	1/2	Chord	4/4	2	1	1/2	1/2	1	1038						
54	54	210	210	1.0	0	0	Chord	4/4	3	1	1/4	1/4	1	1039						21
54	54	211	211	1.0	1/4	1/4	Chord	4/4	3	1	1/4	1/4	1	1040						
54	54	212	212	2.0	1/2	1/2	Chord	4/4	3	1	1/2	1/2	1	1041						
54	54	210	210	2.0	0	0	Chord	4/4	4	1	1/2	1/2	1	1042						
54	54	212	212	2.0	1/2	1/2	Chord	4/4	4	1	1/2	1/2	1	1043						
54	54	210	210	2.0	0	0	Chord	4/4	5	1	1/2	1/2	1	1044						
54	54	212	212	2.0	1/2	1/2	Chord	4/4	5	1	1/2	1/2	1	1045						
54	54	210	210	1.0	0	0	Chord	4/4	5	2	1/4	1/4	1	1046						
54	54	211	211	1.0	1/4	1/4	Chord	4/4	5	2	1/4	1/4	1	1047						
54	54	212	212	2.0	1/2	1/2	Chord	4/4	5	2	1/2	1/2	1	1048						
54	54	210	210	1.0	0	0	Chord	4/4	5	3	1/4	1/4	1	1049						
54	54	211	211	1.0	1/4	1/4	Chord	4/4	5	3	1/4	1/4	1	1050						
54	54	212	212	2.0	1/2	1/2	Chord	4/4	5	3	1/2	1/2	1	1051						
54	54	210	210	2.0	0	0	Chord	4/4	6	1	1/2	1/2	1	1052						
54	54	212	212	2.0	1/2	1/2	Chord	4/4	6	1	1/2	1/2	1	1053						
54	54	210	210	0.0	0	0	FiguredBass	4/4	7	1	0					1/2	6			
54	54	210	210	2.0	0	0	Chord	4/4	7	1	1/2	1/2	1	1054						
54	54	212	212	0.0	1/2	1/2	FiguredBass	4/4	7	1	0					1/2	4			
54	54	212	212	2.0	1/2	1/2	Chord	4/4	7	1	1/2	1/2	1	1055						
54	54	214	214	0.0	1	1	FiguredBass	4/4	7	1	0					1/2	6			
54	54	210	210	2.0	0	0	Chord	4/4	8	1	1/2	1/2	1	1056						
54	54	212	212	2.0	1/2	1/2	Chord	4/4	8	1	1/2	1/2	1	1057						
55	55	214	214	2.0	0	0	Chord	4/4	1	1	1/2	1/2	1	1058						
55	55	216	216	2.0	1/2	1/2	Chord	4/4	1	1	1/2	1/2	1	1059	ornamentTremblement					
55	55	214	214	2.0	0	0	Chord	4/4	2	1	1/2	1/2	1	1060						
55	55	216	216	1.0	1/2	1/2	Chord	4/4	2	1	1/4	1/4	1	1061						22
55	55	217	217	1.0	3/4	3/4	Chord	4/4	2	1	1/4	1/4	1	1062						
55	55	214	214	2.0	0	0	Chord	4/4	3	1	1/2	1/2	1	1063						
55	55	216	216	1.0	1/2	1/2	Chord	4/4	3	1	1/4	1/4	1	1064						23
55	55	217	217	1.0	3/4	3/4	Chord	4/4	3	1	1/4	1/4	1	1065						
55	55	214	214	1.0	0	0	Chord	4/4	4	1	1/4	1/4	1	1066						24
55	55	215	215	1.0	1/4	1/4	Chord	4/4	4	1	1/4	1/4	1	1067						
55	55	216	216	1.0	1/2	1/2	Chord	4/4	4	1	1/4	1/4	1	1068						25
55	55	217	217	1.0	3/4	3/4	Chord	4/4	4	1	1/4	1/4	1	1069						
55	55	214	214	2.0	0	0	Chord	4/4	5	1	1/2	1/2	1	1070						
55	55	216	216	2.0	1/2	1/2	Chord	4/4	5	1	1/2	1/2	1	1071						
55	55	214	214	2.0	0	0	Chord	4/4	5	2	1/2	1/2	1	1072						
55	55	216	216	1.0	1/2	1/2	Chord	4/4	5	2	1/4	1/4	1	1073						
55	55	217	217	1.0	3/4	3/4	Chord	4/4	5	2	1/4	1/4	1	1074						
55	55	214	214	3.0	0	0	Chord	4/4	5	3	3/4	1/2	3/2	1075						
55	55	217	217	1.0	3/4	3/4	Chord	4/4	5	3	1/4	1/4	1	1076						
55	55	214	214	1.0	0	0	Chord	4/4	6	1	1/4	1/4	1	1077						
55	55	215	215	1.0	1/4	1/4	Chord	4/4	6	1	1/4	1/4	1	1078						
55	55	216	216	1.0	1/2	1/2	Chord	4/4	6	1	1/4	1/4	1	1079						
55	55	217	217	1.0	3/4	3/4	Chord	4/4	6	1	1/4	1/4	1	1080						
55	55	214	214	0.0	0	0	FiguredBass	4/4	7	1	0					1/2	6			
55	55	214	214	2.0	0	0	Chord	4/4	7	1	1/2	1/2	1	1081						
55	55	216	216	0.0	1/2	1/2	FiguredBass	4/4	7	1	0					1/2	6	5		
55	55	216	216	2.0	1/2	1/2	Chord	4/4	7	1	1/2	1/2	1	1082	ornamentTremblement					
55	55	214	214	0.0	0	0	FiguredBass	4/4	8	1	0					1/4	#			
55	55	214	214	1.0	0	0	Chord	4/4	8	1	1/4	1/4	1	1083						
55	55	215	215	1.0	1/4	1/4	Chord	4/4	8	1	1/4	1/4	1	1084						
55	55	216	216	1.0	1/2	1/2	Chord	4/4	8	1	1/4	1/4	1	1085						
55	55	217	217	1.0	3/4	3/4	Chord	4/4	8	1	1/4	1/4	1	1086						
56	56	218	218	2.0	0	0	Chord	4/4	1	1	1/2	1/2	1	1087						
56	56	220	220	2.0	1/2	1/2	Chord	4/4	1	1	1/2	1/2	1	1088						
56	56	218	218	2.0	0	0	Chord	4/4	2	1	1/2	1/2	1	1089						
56	56	220	220	2.0	1/2	1/2	Chord	4/4	2	1	1/2	1/2	1	1090						
56	56	218	218	2.0	0	0	Chord	4/4	3	1	1/2	1/2	1	1091						
56	56	220	220	2.0	1/2	1/2	Chord	4/4	3	1	1/2	1/2	1	1092						
56	56	218	218	2.0	0	0	Chord	4/4	4	1	1/2	1/2	1	1093						
56	56	220	220	2.0	1/2	1/2	Chord	4/4	4	1	1/2	1/2	1	1094						
56	56	218	218	2.0	0	0	Chord	4/4	5	1	1/2	1/2	1	1095						
56	56	220	220	2.0	1/2	1/2	Chord	4/4	5	1	1/2	1/2	1	1096						
56	56	218	218	2.0	0	0	Chord	4/4	5	2	1/2	1/2	1	1097						
56	56	220	220	2.0	1/2	1/2	Chord	4/4	5	2	1/2	1/2	1	1098						
56	56	218	218	2.0	0	0	Chord	4/4	5	3	1/2	1/2	1	1099						
56	56	220	220	2.0	1/2	1/2	Chord	4/4	5	3	1/2	1/2	1	1100						
56	56	218	218	2.0	0	0	Chord	4/4	6	1	1/2	1/2	1	1101						
56	56	220	220	2.0	1/2	1/2	Chord	4/4	6	1	1/2	1/2	1	1102						
56	56	218	218	2.0	0	0	Chord	4/4	7	1	1/2	1/2	1	1103						
56	56	220	220	2.0	1/2	1/2	Chord	4/4	7	1	1/2	1/2	1	1104						
56	56	218	218	2.0	0	0	Chord	4/4	8	1	1/2	1/2	1	1105						
56	56	220	220	2.0	1/2	1/2	Chord	4/4	8	1	1/2	1/2	1	1106						
57	57	222	222	2.0	0	0	Chord	4/4	1	1	1/2	1/2	1	1107						
57	57	224	224	2.0	1/2	1/2	Chord	4/4	1	1	1/2	1/2	1	1108						
57	57	222	222	2.0	0	0	Chord	4/4	2	1	1/2	1/2	1	1109						
57	57	224	224	2.0	1/2	1/2	Chord	4/4	2	1	1/2	1/2	1	1110						
57	57	222	222	2.0	0	0	Chord	4/4	3	1	1/2	1/2	1	1111						
57	57	224	224	2.0	1/2	1/2	Chord	4/4	3	1	1/2	1/2	1	1112						
57	57	222	222	2.0	0	0	Chord	4/4	4	1	1/2	1/2	1	1113						
57	57	224	224	2.0	1/2	1/2	Chord	4/4	4	1	1/2	1/2	1	1114						
57	57	222	222	2.0	0	0	Chord	4/4	5	1	1/2	1/2	1	1115						
57	57	224	224	2.0	1/2	1/2	Chord	4/4	5	1	1/2	1/2	1	1116						
57	57	222	222	2.0	0	0	Chord	4/4	5	2	1/2	1/2	1	1117						
57	57	224	224	2.0	1/2	1/2	Chord	4/4	5	2	1/2	1/2	1	1118						
57	57	222	222	2.0	0	0	Chord	4/4	5	3	1/2	1/2	1	1119						
57	57	224	224	2.0	1/2	1/2	Chord	4/4	5	3	1/2	1/2	1	1120						
57	57	222	222	2.0	0	0	Chord	4/4	6	1	1/2	1/2	1	1121						
57	57	224	224	2.0	1/2	1/2	Chord	4/4	6	1	1/2	1/2	1	1122						
57	57	222	222	0.0	0	0	FiguredBass	4/4	7	1	0					1/2	2			
57	57	222	222	2.0	0	0	Chord	4/4	7	1	1/2	1/2	1	1123						
57	57	224	224	0.0	1/2	1/2	FiguredBass	4/4	7	1	0					1/2	6	5		
57	57	224	224	2.0	1/2	1/2	Chord	4/4	7	1	1/2	1/2	1	1124						
57	57	222	222	2.0	0	0	Chord	4/4	8	1	1/2	1/2	1	1125						
57	57	224	224	2.0	1/2	1/2	Chord	4/4	8	1	1/2	1/2	1	1126						
58	58	226	226	2.0	0	0	Chord	4/4	1	1	1/2	1/2	1	1127						
58	58	228	228	2.0	1/2	1/2	Chord	4/4	1	1	1/2	1/2	1	1128						
58	58	226	226	2.0	0	0	Chord	4/4	2	1	1/2	1/2	1	1129						
58	58	228	228	2.0	1/2	1/2	Chord	4/4	2	1	1/2	1/2	1	1130						
58	58	226	226	1.0	0	0	Chord	4/4	3	1	1/4	1/4	1	1131						26
58	58	227	227	1.0	1/4	1/4	Chord	4/4	3	1	1/4	1/4	1	1132						
58	58	228	228	2.0	1/2	1/2	Chord	4/4	3	1	1/2	1/2	1	1133						
58	58	226	226	2.0	0	0	Chord	4/4	4	1	1/2	1/2	1	1134						
58	58	228	228	2.0	1/2	1/2	Chord	4/4	4	1	1/2	1/2	1	1135						
58	58	226	226	2.0	0	0	Chord	4/4	5	1	1/2	1/2	1	1136						
58	58	228	228	2.0	1/2	1/2	Chord	4/4	5	1	1/2	1/2	1	1137						
58	58	226	226	2.0	0	0	Chord	4/4	5	2	1/2	1/2	1	1138						
58	58	228	228	2.0	1/2	1/2	Chord	4/4	5	2	1/2	1/2	1	1139						
58	58	226	226	2.0	0	0	Chord	4/4	5	3	1/2	1/2	1	1140						
58	58	228	228	2.0	1/2	1/2	Chord	4/4	5	3	1/2	1/2	1	1141						
58	58	226	226	2.0	0	0	Chord	4/4	6	1	1/2	1/2	1	1142						
58	58	228	228	2.0	1/2	1/2	Chord	4/4	6	1	1/2	1/2	1	1143						
58	58	226	226	0.0	0	0	FiguredBass	4/4	7	1	0					1/2	5b			
58	58	226	226	2.0	0	0	Chord	4/4	7	1	1/2	1/2	1	1144						
58	58	228	228	2.0	1/2	1/2	Chord	4/4	7	1	1/2	1/2	1	1145						
58	58	226	226	2.0	0	0	Chord	4/4	8	1	1/2	1/2	1	1146						
58	58	228	228	2.0	1/2	1/2	Chord	4/4	8	1	1/2	1/2	1	1147						
59	59	230	230	2.0	0	0	Chord	4/4	1	1	1/2	1/2	1	1148						
59	59	232	232	2.0	1/2	1/2	Chord	4/4	1	1	1/2	1/2	1	1149						
59	59	230	230	2.0	0	0	Chord	4/4	2	1	1/2	1/2	1	1150						
59	59	232	232	2.0	1/2	1/2	Chord	4/4	2	1	1/2	1/2	1	1151						
59	59	230	230	2.0	0	0	Chord	4/4	3	1	1/2	1/2	1	1152						
59	59	232	232	2.0	1/2	1/2	Chord	4/4	3	1	1/2	1/2	1	1153						
59	59	230	230	1.0	0	0	Chord	4/4	4	1	1/4	1/4	1	1154						27
59	59	231	231	1.0	1/4	1/4	Chord	4/4	4	1	1/4	1/4	1	1155						
59	59	232	232	2.0	1/2	1/2	Chord	4/4	4	1	1/2	1/2	1	1156						
59	59	230	230	2.0	0	0	Chord	4/4	5	1	1/2	1/2	1	1157						
59	59	232	232	2.0	1/2	1/2	Chord	4/4	5	1	1/2	1/2	1	1158						
59	59	230	230	2.0	0	0	Chord	4/4	5	2	1/2	1/2	1	1159						
59	59	232	232	2.0	1/2	1/2	Chord	4/4	5	2	1/2	1/2	1	1160						
59	59	230	230	2.0	0	0	Chord	4/4	5	3	1/2	1/2	1	1161						
59	59	232	232	2.0	1/2	1/2	Chord	4/4	5	3	1/2	1/2	1	1162						
59	59	230	230	1.0	0	0	Chord	4/4	6	1	1/4	1/4	1	1163						
59	59	231	231	1.0	1/4	1/4	Chord	4/4	6	1	1/4	1/4	1	1164						
59	59	232	232	2.0	1/2	1/2	Chord	4/4	6	1	1/2	1/2	1	1165						
59	59	230	230	0.0	0	0	FiguredBass	4/4	7	1	0					1/2	6			
59	59	230	230	2.0	0	0	Chord	4/4	7	1	1/2	1/2	1	1166						
59	59	232	232	0.0	1/2	1/2	FiguredBass	4/4	7	1	0					1/2	6			
59	59	232	232	2.0	1/2	1/2	Chord	4/4	7	1	1/2	1/2	1	1167						
59	59	230	230	1.0	0	0	Chord	4/4	8	1	1/4	1/4	1	1168						
59	59	231	231	1.0	1/4	1/4	Chord	4/4	8	1	1/4	1/4	1	1169						
59	59	232	232	2.0	1/2	1/2	Chord	4/4	8	1	1/2	1/2	1	1170						
60	60	234	234	2.0	0	0	Chord	4/4	1	1	1/2	1/2	1	1171						
60	60	236	236	2.0	1/2	1/2	Chord	4/4	1	1	1/2	1/2	1	1172						
60	60	234	234	2.0	0	0	Chord	4/4	2	1	1/2	1/2	1	1173						
60	60	236	236	2.0	1/2	1/2	Chord	4/4	2	1	1/2	1/2	1	1174						
60	60	234	234	2.0	0	0	Chord	4/4	3	1	1/2	1/2	1	1175						
60	60	236	236	2.0	1/2	1/2	Chord	4/4	3	1	1/2	1/2	1	1176						
60	60	234	234	2.0	0	0	Chord	4/4	4	1	1/2	1/2	1	1177						
60	60	236	236	2.0	1/2	1/2	Chord	4/4	4	1	1/2	1/2	1	1178						
60	60	234	234	2.0	0	0	Chord	4/4	5	1	1/2	1/2	1	1179						
60	60	236	236	2.0	1/2	1/2	Chord	4/4	5	1	1/2	1/2	1	1180						
60	60	234	234	2.0	0	0	Chord	4/4	5	2	1/2	1/2	1	1181						
60	60	236	236	2.0	1/2	1/2	Chord	4/4	5	2	1/2	1/2	1	1182						
60	60	234	234	2.0	0	0	Chord	4/4	5	3	1/2	1/2	1	1183						
60	60	236	236	2.0	1/2	1/2	Chord	4/4	5	3	1/2	1/2	1	1184						
60	60	234	234	2.0	0	0	Chord	4/4	6	1	1/2	1/2	1	1185						
60	60	236	236	2.0	1/2	1/2	Chord	4/4	6	1	1/2	1/2	1	1186						
60	60	234	234	0.0	0	0	FiguredBass	4/4	7	1	0					1/2	#			
60	60	234	234	2.0	0	0	Chord	4/4	7	1	1/2	1/2	1	1187						
60	60	236	236	0.0	1/2	1/2	FiguredBass	4/4	7	1	0					1/2	5b			
60	60	236	236	2.0	1/2	1/2	Chord	4/4	7	1	1/2	1/2	1	1188						
60	60	234	234	2.0	0	0	Chord	4/4	8	1	1/2	1/2	1	1189						
60	60	236	236	2.0	1/2	1/2	Chord	4/4	8	1	1/2	1/2	1	1190						
61	61	238	238	2.0	0	0	Chord	4/4	1	1	1/2	1/2	1	1191						
61	61	240	240	2.0	1/2	1/2	Chord	4/4	1	1	1/2	1/2	1	1192						
61	61	238	238	2.0	0	0	Chord	4/4	2	1	1/2	1/2	1	1193						
61	61	240	240	2.0	1/2	1/2	Chord	4/4	2	1	1/2	1/2	1	1194						
61	61	238	238	2.0	0	0	Chord	4/4	3	1	1/2	1/2	1	1195						
61	61	240	240	1.0	1/2	1/2	Chord	4/4	3	1	1/4	1/4	1	1196						28
61	61	241	241	1.0	3/4	3/4	Chord	4/4	3	1	1/4	1/4	1	1197						
61	61	238	238	2.0	0	0	Chord	4/4	4	1	1/2	1/2	1	1198						
61	61	240	240	2.0	1/2	1/2	Chord	4/4	4	1	1/2	1/2	1	1199						
61	61	238	238	2.0	0	0	Chord	4/4	5	1	1/2	1/2	1	1200						
61	61	240	240	2.0	1/2	1/2	Chord	4/4	5	1	1/2	1/2	1	1201						
61	61	238	238	3.0	0	0	Chord	4/4	5	2	3/4	1/2	3/2	1202						
61	61	241	241	1.0	3/4	3/4	Chord	4/4	5	2	1/4	1/4	1	1203						
61	61	238	238	2.0	0	0	Chord	4/4	5	3	1/2	1/2	1	1204						
61	61	240	240	2.0	1/2	1/2	Chord	4/4	5	3	1/2	1/2	1	1205						
61	61	238	238	2.0	0	0	Chord	4/4	6	1	1/2	1/2	1	1206						
61	61	240	240	2.0	1/2	1/2	Chord	4/4	6	1	1/2	1/2	1	1207						
61	61	238	238	2.0	0	0	Chord	4/4	7	1	1/2	1/2	1	1208						
61	61	240	240	0.0	1/2	1/2	FiguredBass	4/4	7	1	0					1/2	7			
61	61	240	240	2.0	1/2	1/2	Chord	4/4	7	1	1/2	1/2	1	1209						
61	61	238	238	0.0	0	0	FiguredBass	4/4	8	1	0					1/2	6			
61	61	238	238	2.0	0	0	Chord	4/4	8	1	1/2	1/2	1	1210						
61	61	240	240	2.0	1/2	1/2	Chord	4/4	8	1	1/2	1/2	1	1211						
62	62	242	242	2.0	0	0	Chord	4/4	1	1	1/2	1/2	1	1212						
62	62	244	244	2.0	1/2	1/2	Chord	4/4	1	1	1/2	1/2	1	1213						
62	62	242	242	1.0	0	0	Chord	4/4	2	1	1/4	1/4	1	1214						29
62	62	243	243	1.0	1/4	1/4	Chord	4/4	2	1	1/4	1/4	1	1215						
62	62	244	244	1.0	1/2	1/2	Chord	4/4	2	1	1/4	1/4	1	1216						30
62	62	245	245	1.0	3/4	3/4	Chord	4/4	2	1	1/4	1/4	1	1217						
62	62	242	242	2.0	0	0	Chord	4/4	3	1	1/2	1/2	1	1218						
62	62	244	244	1.0	1/2	1/2	Chord	4/4	3	1	1/4	1/4	1	1219						31
62	62	245	245	1.0	3/4	3/4	Chord	4/4	3	1	1/4	1/4	1	1220						
62	62	242	242	1.0	0	0	Chord	4/4	4	1	1/4	1/4	1	1221						32
62	62	243	243	1.0	1/4	1/4	Chord	4/4	4	1	1/4	1/4	1	1222						
62	62	244	244	1.0	1/2	1/2	Chord	4/4	4	1	1/4	1/4	1	1223						33
62	62	245	245	1.0	3/4	3/4	Chord	4/4	4	1	1/4	1/4	1	1224						
62	62	242	242	2.0	0	0	Chord	4/4	5	1	1/2	1/2	1	1225						
62	62	244	244	2.0	1/2	1/2	Chord	4/4	5	1	1/2	1/2	1	1226						
62	62	242	242	2.0	0	0	Chord	4/4	5	2	1/2	1/2	1	1227						
62	62	244	244	1.0	1/2	1/2	Chord	4/4	5	2	1/4	1/4	1	1228						
62	62	245	245	1.0	3/4	3/4	Chord	4/4	5	2	1/4	1/4	1	1229						
62	62	242	242	1.0	0	0	Chord	4/4	5	3	1/4	1/4	1	1230						
62	62	243	243	2.0	1/4	1/4	Chord	4/4	5	3	1/2	1/2	1	1231						
62	62	245	245	1.0	3/4	3/4	Chord	4/4	5	3	1/4	1/4	1	1232						
62	62	242	242	1.0	0	0	Chord	4/4	6	1	1/4	1/4	1	1233						
62	62	243	243	1.0	1/4	1/4	Chord	4/4	6	1	1/4	1/4	1	1234						
62	62	244	244	1.0	1/2	1/2	Chord	4/4	6	1	1/4	1/4	1	1235						
62	62	245	245	1.0	3/4	3/4	Chord	4/4	6	1	1/4	1/4	1	1236						
62	62	242	242	0.0	0	0	FiguredBass	4/4	7	1	0					1/2	6			
62	62	242	242	2.0	0	0	Chord	4/4	7	1	1/2	1/2	1	1237						
62	62	244	244	0.0	1/2	1/2	FiguredBass	4/4	7	1	0					1/2	6			
62	62	244	244	2.0	1/2	1/2	Chord	4/4	7	1	1/2	1/2	1	1238						
62	62	242	242	1.0	0	0	Chord	4/4	8	1	1/4	1/4	1	1239						
62	62	243	243	1.0	1/4	1/4	Chord	4/4	8	1	1/4	1/4	1	1240						
62	62	244	244	1.0	1/2	1/2	Chord	4/4	8	1	1/4	1/4	1	1241						
62	62	245	245	1.0	3/4	3/4	Chord	4/4	8	1	1/4	1/4	1	1242						
63	63	246	246	2.0	0	0	Chord	4/4	1	1	1/2	1/2	1	1243						
63	63	248	248	2.0	1/2	1/2	Chord	4/4	1	1	1/2	1/2	1	1244	ornamentTremblement					
63	63	246	246	2.0	0	0	Chord	4/4	2	1	1/2	1/2	1	1245						
63	63	248	248	2.0	1/2	1/2	Chord	4/4	2	1	1/2	1/2	1	1246						
63	63	246	246	1.0	0	0	Chord	4/4	3	1	1/4	1/4	1	1247						34
63	63	247	247	1.0	1/4	1/4	Chord	4/4	3	1	1/4	1/4	1	1248						
63	63	248	248	1.0	1/2	1/2	Chord	4/4	3	1	1/4	1/4	1	1249						35
63	63	249	249	1.0	3/4	3/4	Chord	4/4	3	1	1/4	1/4	1	1250						
63	63	246	246	2.0	0	0	Chord	4/4	4	1	1/2	1/2	1	1251						
63	63	248	248	2.0	1/2	1/2	Chord	4/4	4	1	1/2	1/2	1	1252						
63	63	246	246	2.0	0	0	Chord	4/4	5	1	1/2	1/2	1	1253						
63	63	248	248	2.0	1/2	1/2	Chord	4/4	5	1	1/2	1/2	1	1254	ornamentTremblement					
63	63	246	246	2.0	0	0	Chord	4/4	5	2	1/2	1/2	1	1255						
63	63	248	248	1.0	1/2	1/2	Chord	4/4	5	2	1/4	1/4	1	1256						
63	63	249	249	1.0	3/4	3/4	Chord	4/4	5	2	1/4	1/4	1	1257						
63	63	246	246	2.0	0	0	Chord	4/4	5	3	1/2	1/2	1	1258						
63	63	248	248	2.0	1/2	1/2	Chord	4/4	5	3	1/2	1/2	1	1259						
63	63	246	246	2.0	0	0	Chord	4/4	6	1	1/2	1/2	1	1260						
63	63	248	248	2.0	1/2	1/2	Chord	4/4	6	1	1/2	1/2	1	1261						
63	63	246	246	2.0	0	0	Chord	4/4	7	1	1/2	1/2	1	1262						
63	63	248	248	0.0	1/2	1/2	FiguredBass	4/4	7	1	0					1/2	#			
63	63	248	248	2.0	1/2	1/2	Chord	4/4	7	1	1/2	1/2	1	1263	ornamentTremblement					
63	63	246	246	2.0	0	0	Chord	4/4	8	1	1/2	1/2	1	1264						
63	63	248	248	2.0	1/2	1/2	Chord	4/4	8	1	1/2	1/2	1	1265						
64	64	250	250	2.0	0	0	Chord	4/4	1	1	1/2	1/2	1	1266						
64	64	252	252	2.0	1/2	1/2	Chord	4/4	1	1	1/2	1/2	1	1267						
64	64	250	250	2.0	0	0	Chord	4/4	2	1	1/2	1/2	1	1268						
64	64	252	252	2.0	1/2	1/2	Chord	4/4	2	1	1/2	1/2	1	1269						
64	64	250	250	2.0	0	0	Chord	4/4	3	1	1/2	1/2	1	1270						
64	64	252	252	2.0	1/2	1/2	Chord	4/4	3	1	1/2	1/2	1	1271						
64	64	250	250	2.0	0	0	Chord	4/4	4	1	1/2	1/2	1	1272						
64	64	252	252	2.0	1/2	1/2	Chord	4/4	4	1	1/2	1/2	1	1273						
64	64	250	250	2.0	0	0	Chord	4/4	5	1	1/2	1/2	1	1274						
64	64	252	252	2.0	1/2	1/2	Chord	4/4	5	1	1/2	1/2	1	1275						
64	64	250	250	2.0	0	0	Chord	4/4	5	2	1/2	1/2	1	1276						
64	64	252	252	2.0	1/2	1/2	Chord	4/4	5	2	1/2	1/2	1	1277						
64	64	250	250	2.0	0	0	Chord	4/4	5	3	1/2	1/2	1	1278						
64	64	252	252	2.0	1/2	1/2	Chord	4/4	5	3	1/2	1/2	1	1279						
64	64	250	250	2.0	0	0	Chord	4/4	6	1	1/2	1/2	1	1280						
64	64	252	252	2.0	1/2	1/2	Chord	4/4	6	1	1/2	1/2	1	1281						
64	64	250	250	2.0	0	0	Chord	4/4	7	1	1/2	1/2	1	1282						
64	64	252	252	0.0	1/2	1/2	FiguredBass	4/4	7	1	0					1/2	6	5		
64	64	252	252	2.0	1/2	1/2	Chord	4/4	7	1	1/2	1/2	1	1283						
64	64	250	250	2.0	0	0	Chord	4/4	8	1	1/2	1/2	1	1284						
64	64	252	252	2.0	1/2	1/2	Chord	4/4	8	1	1/2	1/2	1	1285						
65	65	254	254	2.0	0	0	Chord	4/4	1	1	1/2	1/2	1	1286						
65	65	256	256	2.0	1/2	1/2	Chord	4/4	1	1	1/2	1/2	1	1287						
65	65	254	254	2.0	0	0	Chord	4/4	2	1	1/2	1/2	1	1288						
65	65	256	256	2.0	1/2	1/2	Chord	4/4	2	1	1/2	1/2	1	1289						
65	65	254	254	2.0	0	0	Chord	4/4	3	1	1/2	1/2	1	1290						
65	65	256	256	2.0	1/2	1/2	Chord	4/4	3	1	1/2	1/2	1	1291						
65	65	254	254	2.0	0	0	Chord	4/4	4	1	1/2	1/2	1	1292						
65	65	256	256	2.0	1/2	1/2	Chord	4/4	4	1	1/2	1/2	1	1293						
65	65	254	254	2.0	0	0	Chord	4/4	5	1	1/2	1/2	1	1294						
65	65	256	256	2.0	1/2	1/2	Chord	4/4	5	1	1/2	1/2	1	1295						
65	65	254	254	2.0	0	0	Chord	4/4	5	2	1/2	1/2	1	1296						
65	65	256	256	2.0	1/2	1/2	Chord	4/4	5	2	1/2	1/2	1	1297						
65	65	254	254	2.0	0	0	Chord	4/4	5	3	1/2	1/2	1	1298						
65	65	256	256	2.0	1/2	1/2	Chord	4/4	5	3	1/2	1/2	1	1299						
65	65	254	254	2.0	0	0	Chord	4/4	6	1	1/2	1/2	1	1300						
65	65	256	256	2.0	1/2	1/2	Chord	4/4	6	1	1/2	1/2	1	1301						
65	65	254	254	0.0	0	0	FiguredBass	4/4	7	1	0					1/2	6	4		
65	65	254	254	2.0	0	0	Chord	4/4	7	1	1/2	1/2	1	1302						
65	65	256	256	0.0	1/2	1/2	FiguredBass	4/4	7	1	0					1/2	7	5		
65	65	256	256	2.0	1/2	1/2	Chord	4/4	7	1	1/2	1/2	1	1303						
65	65	254	254	2.0	0	0	Chord	4/4	8	1	1/2	1/2	1	1304						
65	65	256	256	2.0	1/2	1/2	Chord	4/4	8	1	1/2	1/2	1	1305						
66	66	258	258	2.0	0	0	Chord	4/4	1	1	1/2	1/2	1	1306						
66	66	260	260	2.0	1/2	1/2	Chord	4/4	1	1	1/2	1/2	1	1307						
66	66	258	258	2.0	0	0	Chord	4/4	2	1	1/2	1/2	1	1308						
66	66	260	260	2.0	1/2	1/2	Chord	4/4	2	1	1/2	1/2	1	1309						
66	66	258	258	2.0	0	0	Chord	4/4	3	1	1/2	1/2	1	1310						
66	66	260	260	2.0	1/2	1/2	Chord	4/4	3	1	1/2	1/2	1	1311						
66	66	258	258	2.0	0	0	Chord	4/4	4	1	1/2	1/2	1	1312						
66	66	260	260	2.0	1/2	1/2	Chord	4/4	4	1	1/2	1/2	1	1313						
66	66	258	258	2.0	0	0	Chord	4/4	5	1	1/2	1/2	1	1314						
66	66	260	260	2.0	1/2	1/2	Chord	4/4	5	1	1/2	1/2	1	1315						
66	66	258	258	2.0	0	0	Chord	4/4	5	2	1/2	1/2	1	1316						
66	66	260	260	2.0	1/2	1/2	Chord	4/4	5	2	1/2	1/2	1	1317						
66	66	258	258	4.0	0	0	Chord	4/4	5	3	1	1	1	1318						
66	66	258	258	2.0	0	0	Chord	4/4	6	1	1/2	1/2	1	1319						
66	66	260	260	2.0	1/2	1/2	Chord	4/4	6	1	1/2	1/2	1	1320						
66	66	258	258	0.0	0	0	FiguredBass	4/4	7	1	0					1/2	4			
66	66	258	258	2.0	0	0	Chord	4/4	7	1	1/2	1/2	1	1321						
66	66	260	260	0.0	1/2	1/2	FiguredBass	4/4	7	1	0					1/2	6			
66	66	260	260	2.0	1/2	1/2	Chord	4/4	7	1	1/2	1/2	1	1322						
66	66	258	258	2.0	0	0	Chord	4/4	8	1	1/2	1/2	1	1323						
66	66	260	260	2.0	1/2	1/2	Chord	4/4	8	1	1/2	1/2	1	1324						
67	67	262	262	2.0	0	0	Chord	4/4	1	1	1/2	1/2	1	1325						
67	67	264	264	2.0	1/2	1/2	Chord	4/4	1	1	1/2	1/2	1	1326						
67	67	262	262	2.0	0	0	Chord	4/4	2	1	1/2	1/2	1	1327						
67	67	264	264	1.0	1/2	1/2	Chord	4/4	2	1	1/4	1/4	1	1328						36
67	67	265	265	1.0	3/4	3/4	Chord	4/4	2	1	1/4	1/4	1	1329						
67	67	262	262	2.0	0	0	Chord	4/4	3	1	1/2	1/2	1	1330						
67	67	264	264	2.0	1/2	1/2	Chord	4/4	3	1	1/2	1/2	1	1331						
67	67	262	262	2.0	0	0	Chord	4/4	4	1	1/2	1/2	1	1332						
67	67	264	264	2.0	1/2	1/2	Chord	4/4	4	1	1/2	1/2	1	1333						
67	67	262	262	2.0	0	0	Chord	4/4	5	1	1/2	1/2	1	1334						
67	67	264	264	2.0	1/2	1/2	Chord	4/4	5	1	1/2	1/2	1	1335						
67	67	262	262	2.0	0	0	Chord	4/4	5	2	1/2	1/2	1	1336						
67	67	264	264	2.0	1/2	1/2	Chord	4/4	5	2	1/2	1/2	1	1337						
67	67	262	262	2.0	0	0	Chord	4/4	5	3	1/2	1/2	1	1338						
67	67	264	264	1.0	1/2	1/2	Chord	4/4	5	3	1/4	1/4	1	1339						
67	67	265	265	1.0	3/4	3/4	Chord	4/4	5	3	1/4	1/4	1	1340						
67	67	262	262	2.0	0	0	Chord	4/4	6	1	1/2	1/2	1	1341						
67	67	264	264	2.0	1/2	1/2	Chord	4/4	6	1	1/2	1/2	1	1342						
67	67	262	262	0.0	0	0	FiguredBass	4/4	7	1	0					1/2	7	5		
67	67	262	262	2.0	0	0	Chord	4/4	7	1	1/2	1/2	1	1343						
67	67	264	264	0.0	1/2	1/2	FiguredBass	4/4	7	1	0					1/2	8	#		
67	67	264	264	2.0	1/2	1/2	Chord	4/4	7	1	1/2	1/2	1	1344						
67	67	262	262	0.0	0	0	FiguredBass	4/4	8	1	0					1/2	7			
67	67	262	262	2.0	0	0	Chord	4/4	8	1	1/2	1/2	1	1345						
67	67	264	264	0.0	1/2	1/2	FiguredBass	4/4	8	1	0					1/2	7			
67	67	264	264	2.0	1/2	1/2	Chord	4/4	8	1	1/2	1/2	1	1346						
68	68	266	266	2.0	0	0	Chord	4/4	1	1	1/2	1/2	1	1347						
68	68	268	268	2.0	1/2	1/2	Chord	4/4	1	1	1/2	1/2	1	1348						
68	68	266	266	2.0	0	0	Chord	4/4	2	1	1/2	1/2	1	1349						
68	68	268	268	2.0	1/2	1/2	Chord	4/4	2	1	1/2	1/2	1	1350						
68	68	266	266	2.0	0	0	Chord	4/4	3	1	1/2	1/2	1	1351						
68	68	268	268	2.0	1/2	1/2	Chord	4/4	3	1	1/2	1/2	1	1352						
68	68	266	266	2.0	0	0	Chord	4/4	4	1	1/2	1/2	1	1353						
68	68	268	268	2.0	1/2	1/2	Chord	4/4	4	1	1/2	1/2	1	1354						
68	68	266	266	2.0	0	0	Chord	4/4	5	1	1/2	1/2	1	1355						
68	68	268	268	2.0	1/2	1/2	Chord	4/4	5	1	1/2	1/2	1	1356						
68	68	266	266	2.0	0	0	Chord	4/4	5	2	1/2	1/2	1	1357						
68	68	268	268	2.0	1/2	1/2	Chord	4/4	5	2	1/2	1/2	1	1358						
68	68	266	266	2.0	0	0	Chord	4/4	5	3	1/2	1/2	1	1359						
68	68	268	268	2.0	1/2	1/2	Chord	4/4	5	3	1/2	1/2	1	1360						
68	68	266	266	2.0	0	0	Chord	4/4	6	1	1/2	1/2	1	1361						
68	68	268	268	2.0	1/2	1/2	Chord	4/4	6	1	1/2	1/2	1	1362						
68	68	266	266	2.0	0	0	Chord	4/4	7	1	1/2	1/2	1	1363						
68	68	268	268	0.0	1/2	1/2	FiguredBass	4/4	7	1	0					1/2	#			
68	68	268	268	2.0	1/2	1/2	Chord	4/4	7	1	1/2	1/2	1	1364						
68	68	266	266	2.0	0	0	Chord	4/4	8	1	1/2	1/2	1	1365						
68	68	268	268	2.0	1/2	1/2	Chord	4/4	8	1	1/2	1/2	1	1366						
69	69	270	270	2.0	0	0	Chord	4/4	1	1	1/2	1/2	1	1367						
69	69	272	272	2.0	1/2	1/2	Chord	4/4	1	1	1/2	1/2	1	1368						
69	69	270	270	2.0	0	0	Chord	4/4	2	1	1/2	1/2	1	1369						
69	69	272	272	2.0	1/2	1/2	Chord	4/4	2	1	1/2	1/2	1	1370						
69	69	270	270	2.0	0	0	Chord	4/4	3	1	1/2	1/2	1	1371						
69	69	272	272	1.0	1/2	1/2	Chord	4/4	3	1	1/4	1/4	1	1372						37
69	69	273	273	1.0	3/4	3/4	Chord	4/4	3	1	1/4	1/4	1	1373						
69	69	270	270	2.0	0	0	Chord	4/4	4	1	1/2	1/2	1	1374						
69	69	272	272	2.0	1/2	1/2	Chord	4/4	4	1	1/2	1/2	1	1375						
69	69	270	270	2.0	0	0	Chord	4/4	5	1	1/2	1/2	1	1376						
69	69	272	272	2.0	1/2	1/2	Chord	4/4	5	1	1/2	1/2	1	1377						
69	69	270	270	3.0	0	0	Chord	4/4	5	2	3/4	1/2	3/2	1378						
69	69	273	273	1.0	3/4	3/4	Chord	4/4	5	2	1/4	1/4	1	1379						
69	69	270	270	2.0	0	0	Chord	4/4	5	3	1/2	1/2	1	1380						
69	69	272	272	2.0	1/2	1/2	Chord	4/4	5	3	1/2	1/2	1	1381						
69	69	270	270	2.0	0	0	Chord	4/4	6	1	1/2	1/2	1	1382						
69	69	272	272	2.0	1/2	1/2	Chord	4/4	6	1	1/2	1/2	1	1383						
69	69	270	270	0.0	0	0	FiguredBass	4/4	7	1	0					1/2	6			
69	69	270	270	2.0	0	0	Chord	4/4	7	1	1/2	1/2	1	1384						
69	69	272	272	0.0	1/2	1/2	FiguredBass	4/4	7	1	0					1/2	7			
69	69	272	272	2.0	1/2	1/2	Chord	4/4	7	1	1/2	1/2	1	1385						
69	69	270	270	0.0	0	0	FiguredBass	4/4	8	1	0					1/2	6h			
69	69	270	270	2.0	0	0	Chord	4/4	8	1	1/2	1/2	1	1386						
69	69	272	272	2.0	1/2	1/2	Chord	4/4	8	1	1/2	1/2	1	1387						
70	70	274	274	2.0	0	0	Chord	4/4	1	1	1/2	1/2	1	1388						
70	70	276	276	2.0	1/2	1/2	Chord	4/4	1	1	1/2	1/2	1	1389						
70	70	274	274	2.0	0	0	Chord	4/4	2	1	1/2	1/2	1	1390						
70	70	276	276	2.0	1/2	1/2	Chord	4/4	2	1	1/2	1/2	1	1391						
70	70	274	274	2.0	0	0	Chord	4/4	3	1	1/2	1/2	1	1392						
70	70	276	276	2.0	1/2	1/2	Chord	4/4	3	1	1/2	1/2	1	1393						
70	70	274	274	2.0	0	0	Chord	4/4	4	1	1/2	1/2	1	1394						
70	70	276	276	2.0	1/2	1/2	Chord	4/4	4	1	1/2	1/2	1	1395						
70	70	274	274	2.0	0	0	Chord	4/4	5	1	1/2	1/2	1	1396						
70	70	276	276	2.0	1/2	1/2	Chord	4/4	5	1	1/2	1/2	1	1397						
70	70	274	274	2.0	0	0	Chord	4/4	5	2	1/2	1/2	1	1398						
70	70	276	276	2.0	1/2	1/2	Chord	4/4	5	2	1/2	1/2	1	1399						
70	70	274	274	2.0	0	0	Chord	4/4	5	3	1/2	1/2	1	1400						
70	70	276	276	2.0	1/2	1/2	Chord	4/4	5	3	1/2	1/2	1	1401						
70	70	274	274	2.0	0	0	Chord	4/4	6	1	1/2	1/2	1	1402						
70	70	276	276	2.0	1/2	1/2	Chord	4/4	6	1	1/2	1/2	1	1403						
70	70	274	274	0.0	0	0	FiguredBass	4/4	7	1	0					1/2	2			
70	70	274	274	2.0	0	0	Chord	4/4	7	1	1/2	1/2	1	1404						
70	70	276	276	0.0	1/2	1/2	FiguredBass	4/4	7	1	0					1/2	6	4		
70	70	276	276	2.0	1/2	1/2	Chord	4/4	7	1	1/2	1/2	1	1405						
70	70	274	274	2.0	0	0	Chord	4/4	8	1	1/2	1/2	1	1406						
70	70	276	276	2.0	1/2	1/2	Chord	4/4	8	1	1/2	1/2	1	1407						
71	71	278	278	2.0	0	0	Chord	4/4	1	1	1/2	1/2	1	1408						
71	71	280	280	2.0	1/2	1/2	Chord	4/4	1	1	1/2	1/2	1	1409	ornamentTremblement					
71	71	278	278	2.0	0	0	Chord	4/4	2	1	1/2	1/2	1	1410						
71	71	280	280	2.0	1/2	1/2	Chord	4/4	2	1	1/2	1/2	1	1411	ornamentTremblement					
71	71	278	278	2.0	0	0	Chord	4/4	3	1	1/2	1/2	1	1412						
71	71	280	280	1.0	1/2	1/2	Chord	4/4	3	1	1/4	1/4	1	1413						38
71	71	281	281	1.0	3/4	3/4	Chord	4/4	3	1	1/4	1/4	1	1414						
71	71	278	278	2.0	0	0	Chord	4/4	4	1	1/2	1/2	1	1415						
71	71	280	280	2.0	1/2	1/2	Chord	4/4	4	1	1/2	1/2	1	1416						
71	71	278	278	2.0	0	0	Chord	4/4	5	1	1/2	1/2	1	1417						
71	71	280	280	2.0	1/2	1/2	Chord	4/4	5	1	1/2	1/2	1	1418	ornamentTremblement					
71	71	278	278	2.0	0	0	Chord	4/4	5	2	1/2	1/2	1	1419						
71	71	280	280	1.0	1/2	1/2	Chord	4/4	5	2	1/4	1/4	1	1420						
71	71	281	281	1.0	3/4	3/4	Chord	4/4	5	2	1/4	1/4	1	1421						
71	71	278	278	2.0	0	0	Chord	4/4	5	3	1/2	1/2	1	1422						
71	71	280	280	2.0	1/2	1/2	Chord	4/4	5	3	1/2	1/2	1	1423						
71	71	278	278	2.0	0	0	Chord	4/4	6	1	1/2	1/2	1	1424						
71	71	280	280	2.0	1/2	1/2	Chord	4/4	6	1	1/2	1/2	1	1425						
71	71	278	278	0.0	0	0	FiguredBass	4/4	7	1	0					1/2	h			
71	71	278	278	2.0	0	0	Chord	4/4	7	1	1/2	1/2	1	1426						
71	71	280	280	0.0	1/2	1/2	FiguredBass	4/4	7	1	0					1/2	#			
71	71	280	280	2.0	1/2	1/2	Chord	4/4	7	1	1/2	1/2	1	1427	ornamentTremblement					
71	71	278	278	2.0	0	0	Chord	4/4	8	1	1/2	1/2	1	1428						
71	71	280	280	2.0	1/2	1/2	Chord	4/4	8	1	1/2	1/2	1	1429						
72	72	282	282	2.0	0	0	Chord	4/4	1	1	1/2	1/2	1	1430						
72	72	284	284	2.0	1/2	1/2	Chord	4/4	1	1	1/2	1/2	1	1431						
72	72	282	282	2.0	0	0	Chord	4/4	2	1	1/2	1/2	1	1432						
72	72	284	284	2.0	1/2	1/2	Chord	4/4	2	1	1/2	1/2	1	1433						
72	72	282	282	2.0	0	0	Chord	4/4	3	1	1/2	1/2	1	1434						
72	72	284	284	2.0	1/2	1/2	Chord	4/4	3	1	1/2	1/2	1	1435						
72	72	282	282	2.0	0	0	Chord	4/4	4	1	1/2	1/2	1	1436						
72	72	284	284	2.0	1/2	1/2	Chord	4/4	4	1	1/2	1/2	1	1437						
72	72	282	282	2.0	0	0	Chord	4/4	5	1	1/2	1/2	1	1438						
72	72	284	284	2.0	1/2	1/2	Chord	4/4	5	1	1/2	1/2	1	1439						
72	72	282	282	2.0	0	0	Chord	4/4	5	2	1/2	1/2	1	1440						
72	72	284	284	2.0	1/2	1/2	Chord	4/4	5	2	1/2	1/2	1	1441						
72	72	282	282	2.0	0	0	Chord	4/4	5	3	1/2	1/2	1	1442						
72	72	284	284	2.0	1/2	1/2	Chord	4/4	5	3	1/2	1/2	1	1443						
72	72	282	282	2.0	0	0	Chord	4/4	6	1	1/2	1/2	1	1444						
72	72	284	284	2.0	1/2	1/2	Chord	4/4	6	1	1/2	1/2	1	1445						
72	72	282	282	2.0	0	0	Chord	4/4	7	1	1/2	1/2	1	1446						
72	72	284	284	0.0	1/2	1/2	FiguredBass	4/4	7	1	0					1/2	5b			
72	72	284	284	2.0	1/2	1/2	Chord	4/4	7	1	1/2	1/2	1	1447						
72	72	282	282	2.0	0	0	Chord	4/4	8	1	1/2	1/2	1	1448						
72	72	284	284	2.0	1/2	1/2	Chord	4/4	8	1	1/2	1/2	1	1449						
73	73	286	286	2.0	0	0	Chord	4/4	1	1	1/2	1/2	1	1450						
73	73	288	288	2.0	1/2	1/2	Chord	4/4	1	1	1/2	1/2	1	1451						
73	73	286	286	2.0	0	0	Chord	4/4	2	1	1/2	1/2	1	1452						
73	73	288	288	2.0	1/2	1/2	Chord	4/4	2	1	1/2	1/2	1	1453						
73	73	286	286	2.0	0	0	Chord	4/4	3	1	1/2	1/2	1	1454						
73	73	288	288	2.0	1/2	1/2	Chord	4/4	3	1	1/2	1/2	1	1455						
73	73	286	286	2.0	0	0	Chord	4/4	4	1	1/2	1/2	1	1456						
73	73	288	288	2.0	1/2	1/2	Chord	4/4	4	1	1/2	1/2	1	1457						
73	73	286	286	2.0	0	0	Chord	4/4	5	1	1/2	1/2	1	1458						
73	73	288	288	2.0	1/2	1/2	Chord	4/4	5	1	1/2	1/2	1	1459						
73	73	286	286	2.0	0	0	Chord	4/4	5	2	1/2	1/2	1	1460						
73	73	288	288	2.0	1/2	1/2	Chord	4/4	5	2	1/2	1/2	1	1461						
73	73	286	286	2.0	0	0	Chord	4/4	5	3	1/2	1/2	1	1462						
73	73	288	288	2.0	1/2	1/2	Chord	4/4	5	3	1/2	1/2	1	1463						
73	73	286	286	2.0	0	0	Chord	4/4	6	1	1/2	1/2	1	1464						
73	73	288	288	2.0	1/2	1/2	Chord	4/4	6	1	1/2	1/2	1	1465						
73	73	286	286	2.0	0	0	Chord	4/4	7	1	1/2	1/2	1	1466						
73	73	288	288	0.0	1/2	1/2	FiguredBass	4/4	7	1	0					1/2	6	5		
73	73	288	288	2.0	1/2	1/2	Chord	4/4	7	1	1/2	1/2	1	1467						
73	73	286	286	2.0	0	0	Chord	4/4	8	1	1/2	1/2	1	1468						
73	73	288	288	2.0	1/2	1/2	Chord	4/4	8	1	1/2	1/2	1	1469						
74	74	290	290	2.0	0	0	Chord	4/4	1	1	1/2	1/2	1	1470						
74	74	292	292	2.0	1/2	1/2	Chord	4/4	1	1	1/2	1/2	1	1471						
74	74	290	290	1.0	0	0	Chord	4/4	2	1	1/4	1/4	1	1472						39
74	74	291	291	1.0	1/4	1/4	Chord	4/4	2	1	1/4	1/4	1	1473						
74	74	292	292	1.0	1/2	1/2	Chord	4/4	2	1	1/4	1/4	1	1474						40
74	74	293	293	1.0	3/4	3/4	Chord	4/4	2	1	1/4	1/4	1	1475						
74	74	290	290	1.0	0	0	Chord	4/4	3	1	1/4	1/4	1	1476						41
74	74	291	291	1.0	1/4	1/4	Chord	4/4	3	1	1/4	1/4	1	1477						
74	74	292	292	1.0	1/2	1/2	Chord	4/4	3	1	1/4	1/4	1	1478						42
74	74	293	293	1.0	3/4	3/4	Chord	4/4	3	1	1/4	1/4	1	1479						
74	74	290	290	2.0	0	0	Chord	4/4	4	1	1/2	1/2	1	1480						
74	74	292	292	2.0	1/2	1/2	Chord	4/4	4	1	1/2	1/2	1	1481						
74	74	290	290	2.0	0	0	Chord	4/4	5	1	1/2	1/2	1	1482						
74	74	292	292	2.0	1/2	1/2	Chord	4/4	5	1	1/2	1/2	1	1483						
74	74	290	290	1.0	0	0	Chord	4/4	5	2	1/4	1/4	1	1484						
74	74	291	291	2.0	1/4	1/4	Chord	4/4	5	2	1/2	1/2	1	1485						
74	74	293	293	1.0	3/4	3/4	Chord	4/4	5	2	1/4	1/4	1	1486						
74	74	290	290	1.0	0	0	Chord	4/4	5	3	1/4	1/4	1	1487						
74	74	291	291	2.0	1/4	1/4	Chord	4/4	5	3	1/2	1/2	1	1488						
74	74	293	293	1.0	3/4	3/4	Chord	4/4	5	3	1/4	1/4	1	1489						
74	74	290	290	2.0	0	0	Chord	4/4	6	1	1/2	1/2	1	1490						
74	74	292	292	2.0	1/2	1/2	Chord	4/4	6	1	1/2	1/2	1	1491						
74	74	290	290	0.0	0	0	FiguredBass	4/4	7	1	0					1/2	8			
74	74	290	290	2.0	0	0	Chord	4/4	7	1	1/2	1/2	1	1492						
74	74	292	292	0.0	1/2	1/2	FiguredBass	4/4	7	1	0					1/2	h7			
74	74	292	292	2.0	1/2	1/2	Chord	4/4	7	1	1/2	1/2	1	1493						
74	74	294	294	0.0	1	1	FiguredBass	4/4	7	1	0					1/2	6	4		
74	74	290	290	0.0	0	0	FiguredBass	4/4	8	1	0					1/2	5	3		
74	74	290	290	2.0	0	0	Chord	4/4	8	1	1/2	1/2	1	1494						
74	74	292	292	2.0	1/2	1/2	Chord	4/4	8	1	1/2	1/2	1	1495						
75	75	294	294	2.0	0	0	Chord	4/4	1	1	1/2	1/2	1	1496						
75	75	296	296	2.0	1/2	1/2	Chord	4/4	1	1	1/2	1/2	1	1497						
75	75	294	294	2.0	0	0	Chord	4/4	2	1	1/2	1/2	1	1498						
75	75	296	296	1.0	1/2	1/2	Chord	4/4	2	1	1/4	1/4	1	1499						43
75	75	297	297	1.0	3/4	3/4	Chord	4/4	2	1	1/4	1/4	1	1500						
75	75	294	294	2.0	0	0	Chord	4/4	3	1	1/2	1/2	1	1501						
75	75	296	296	2.0	1/2	1/2	Chord	4/4	3	1	1/2	1/2	1	1502						
75	75	294	294	2.0	0	0	Chord	4/4	4	1	1/2	1/2	1	1503						
75	75	296	296	2.0	1/2	1/2	Chord	4/4	4	1	1/2	1/2	1	1504						
75	75	294	294	2.0	0	0	Chord	4/4	5	1	1/2	1/2	1	1505						
75	75	296	296	2.0	1/2	1/2	Chord	4/4	5	1	1/2	1/2	1	1506						
75	75	294	294	2.0	0	0	Chord	4/4	5	2	1/2	1/2	1	1507						
75	75	296	296	1.0	1/2	1/2	Chord	4/4	5	2	1/4	1/4	1	1508						
75	75	297	297	1.0	3/4	3/4	Chord	4/4	5	2	1/4	1/4	1	1509						
75	75	294	294	2.0	0	0	Chord	4/4	5	3	1/2	1/2	1	1510						
75	75	296	296	1.0	1/2	1/2	Chord	4/4	5	3	1/4	1/4	1	1511						
75	75	297	297	1.0	3/4	3/4	Chord	4/4	5	3	1/4	1/4	1	1512						
75	75	294	294	2.0	0	0	Chord	4/4	6	1	1/2	1/2	1	1513						
75	75	296	296	2.0	1/2	1/2	Chord	4/4	6	1	1/2	1/2	1	1514						
75	75	294	294	0.0	0	0	FiguredBass	4/4	7	1	0					1/2	6			
75	75	294	294	2.0	0	0	Chord	4/4	7	1	1/2	1/2	1	1515						
75	75	296	296	0.0	1/2	1/2	FiguredBass	4/4	7	1	0					1/2	6			
75	75	296	296	2.0	1/2	1/2	Chord	4/4	7	1	1/2	1/2	1	1516						
75	75	294	294	0.0	0	0	FiguredBass	4/4	8	1	0					1/2	5			
75	75	294	294	2.0	0	0	Chord	4/4	8	1	1/2	1/2	1	1517						
75	75	296	296	2.0	1/2	1/2	Chord	4/4	8	1	1/2	1/2	1	1518						
76	76	298	298	2.0	0	0	Chord	4/4	1	1	1/2	1/2	1	1519						
76	76	300	300	2.0	1/2	1/2	Chord	4/4	1	1	1/2	1/2	1	1520						
76	76	298	298	1.0	0	0	Chord	4/4	2	1	1/4	1/4	1	1521						44
76	76	299	299	1.0	1/4	1/4	Chord	4/4	2	1	1/4	1/4	1	1522						
76	76	300	300	2.0	1/2	1/2	Chord	4/4	2	1	1/2	1/2	1	1523						
76	76	298	298	2.0	0	0	Chord	4/4	3	1	1/2	1/2	1	1524						
76	76	300	300	2.0	1/2	1/2	Chord	4/4	3	1	1/2	1/2	1	1525						
76	76	298	298	2.0	0	0	Chord	4/4	4	1	1/2	1/2	1	1526						
76	76	300	300	2.0	1/2	1/2	Chord	4/4	4	1	1/2	1/2	1	1527						
76	76	298	298	2.0	0	0	Chord	4/4	5	1	1/2	1/2	1	1528						
76	76	300	300	2.0	1/2	1/2	Chord	4/4	5	1	1/2	1/2	1	1529						
76	76	298	298	2.0	0	0	Chord	4/4	5	2	1/2	1/2	1	1530						
76	76	300	300	2.0	1/2	1/2	Chord	4/4	5	2	1/2	1/2	1	1531						
76	76	298	298	1.0	0	0	Chord	4/4	5	3	1/4	1/4	1	1532						
76	76	299	299	1.0	1/4	1/4	Chord	4/4	5	3	1/4	1/4	1	1533						
76	76	300	300	2.0	1/2	1/2	Chord	4/4	5	3	1/2	1/2	1	1534						
76	76	298	298	2.0	0	0	Chord	4/4	6	1	1/2	1/2	1	1535						
76	76	300	300	2.0	1/2	1/2	Chord	4/4	6	1	1/2	1/2	1	1536						
76	76	298	298	0.0	0	0	FiguredBass	4/4	7	1	0					1/2	4			
76	76	298	298	2.0	0	0	Chord	4/4	7	1	1/2	1/2	1	1537						
76	76	300	300	0.0	1/2	1/2	FiguredBass	4/4	7	1	0					1/2	3			
76	76	300	300	2.0	1/2	1/2	Chord	4/4	7	1	1/2	1/2	1	1538						
76	76	298	298	2.0	0	0	Chord	4/4	8	1	1/2	1/2	1	1539						
76	76	300	300	2.0	1/2	1/2	Chord	4/4	8	1	1/2	1/2	1	1540						
77	77	302	302	2.0	0	0	Chord	4/4	1	1	1/2	1/2	1	1541						
77	77	304	304	2.0	1/2	1/2	Chord	4/4	1	1	1/2	1/2	1	1542						
77	77	302	302	2.0	0	0	Chord	4/4	2	1	1/2	1/2	1	1543						
77	77	304	304	2.0	1/2	1/2	Chord	4/4	2	1	1/2	1/2	1	1544						
77	77	302	302	2.0	0	0	Chord	4/4	3	1	1/2	1/2	1	1545						
77	77	304	304	2.0	1/2	1/2	Chord	4/4	3	1	1/2	1/2	1	1546						
77	77	302	302	2.0	0	0	Chord	4/4	4	1	1/2	1/2	1	1547						
77	77	304	304	2.0	1/2	1/2	Chord	4/4	4	1	1/2	1/2	1	1548						
77	77	302	302	2.0	0	0	Chord	4/4	5	1	1/2	1/2	1	1549						
77	77	304	304	2.0	1/2	1/2	Chord	4/4	5	1	1/2	1/2	1	1550						
77	77	302	302	2.0	0	0	Chord	4/4	5	2	1/2	1/2	1	1551						
77	77	304	304	2.0	1/2	1/2	Chord	4/4	5	2	1/2	1/2	1	1552						
77	77	302	302	2.0	0	0	Chord	4/4	5	3	1/2	1/2	1	1553						
77	77	304	304	2.0	1/2	1/2	Chord	4/4	5	3	1/2	1/2	1	1554						
77	77	302	302	2.0	0	0	Chord	4/4	6	1	1/2	1/2	1	1555						
77	77	304	304	2.0	1/2	1/2	Chord	4/4	6	1	1/2	1/2	1	1556						
77	77	302	302	0.0	0	0	FiguredBass	4/4	7	1	0					1/2	7	5		
77	77	302	302	2.0	0	0	Chord	4/4	7	1	1/2	1/2	1	1557						
77	77	304	304	2.0	1/2	1/2	Chord	4/4	7	1	1/2	1/2	1	1558						
77	77	302	302	2.0	0	0	Chord	4/4	8	1	1/2	1/2	1	1559						
77	77	304	304	2.0	1/2	1/2	Chord	4/4	8	1	1/2	1/2	1	1560						
78	78	306	306	2.0	0	0	Chord	4/4	1	1	1/2	1/2	1	1561						
78	78	308	308	2.0	1/2	1/2	Chord	4/4	1	1	1/2	1/2	1	1562						
78	78	306	306	2.0	0	0	Chord	4/4	2	1	1/2	1/2	1	1563						
78	78	308	308	2.0	1/2	1/2	Chord	4/4	2	1	1/2	1/2	1	1564						
78	78	306	306	2.0	0	0	Chord	4/4	3	1	1/2	1/2	1	1565						
78	78	308	308	2.0	1/2	1/2	Chord	4/4	3	1	1/2	1/2	1	1566						
78	78	306	306	2.0	0	0	Chord	4/4	4	1	1/2	1/2	1	1567						
78	78	308	308	2.0	1/2	1/2	Chord	4/4	4	1	1/2	1/2	1	1568						
78	78	306	306	2.0	0	0	Chord	4/4	5	1	1/2	1/2	1	1569						
78	78	308	308	2.0	1/2	1/2	Chord	4/4	5	1	1/2	1/2	1	1570						
78	78	306	306	2.0	0	0	Chord	4/4	5	2	1/2	1/2	1	1571						
78	78	308	308	2.0	1/2	1/2	Chord	4/4	5	2	1/2	1/2	1	1572						
78	78	306	306	2.0	0	0	Chord	4/4	5	3	1/2	1/2	1	1573						
78	78	308	308	2.0	1/2	1/2	Chord	4/4	5	3	1/2	1/2	1	1574						
78	78	306	306	2.0	0	0	Chord	4/4	6	1	1/2	1/2	1	1575						
78	78	308	308	2.0	1/2	1/2	Chord	4/4	6	1	1/2	1/2	1	1576						
78	78	306	306	0.0	0	0	FiguredBass	4/4	7	1	0					1/2	4			
78	78	306	306	2.0	0	0	Chord	4/4	7	1	1/2	1/2	1	1577						
78	78	308	308	0.0	1/2	1/2	FiguredBass	4/4	7	1	0					1/2	6			
78	78	308	308	2.0	1/2	1/2	Chord	4/4	7	1	1/2	1/2	1	1578						
78	78	306	306	2.0	0	0	Chord	4/4	8	1	1/2	1/2	1	1579						
78	78	308	308	2.0	1/2	1/2	Chord	4/4	8	1	1/2	1/2	1	1580						
79	79	310	310	2.0	0	0	Chord	4/4	1	1	1/2	1/2	1	1581						
79	79	312	312	2.0	1/2	1/2	Chord	4/4	1	1	1/2	1/2	1	1582	ornamentTremblement					
79	79	310	310	2.0	0	0	Chord	4/4	2	1	1/2	1/2	1	1583						
79	79	312	312	2.0	1/2	1/2	Chord	4/4	2	1	1/2	1/2	1	1584	ornamentTremblement					
79	79	310	310	2.0	0	0	Chord	4/4	3	1	1/2	1/2	1	1585						
79	79	312	312	1.0	1/2	1/2	Chord	4/4	3	1	1/4	1/4	1	1586						45
79	79	313	313	1.0	3/4	3/4	Chord	4/4	3	1	1/4	1/4	1	1587						
79	79	310	310	2.0	0	0	Chord	4/4	4	1	1/2	1/2	1	1588						
79	79	312	312	2.0	1/2	1/2	Chord	4/4	4	1	1/2	1/2	1	1589						
79	79	310	310	2.0	0	0	Chord	4/4	5	1	1/2	1/2	1	1590						
79	79	312	312	2.0	1/2	1/2	Chord	4/4	5	1	1/2	1/2	1	1591	ornamentTremblement					
79	79	310	310	2.0	0	0	Chord	4/4	5	2	1/2	1/2	1	1592						
79	79	312	312	1.0	1/2	1/2	Chord	4/4	5	2	1/4	1/4	1	1593						
79	79	313	313	1.0	3/4	3/4	Chord	4/4	5	2	1/4	1/4	1	1594						
79	79	310	310	2.0	0	0	Chord	4/4	5	3	1/2	1/2	1	1595						
79	79	312	312	2.0	1/2	1/2	Chord	4/4	5	3	1/2	1/2	1	1596						
79	79	310	310	2.0	0	0	Chord	4/4	6	1	1/2	1/2	1	1597						
79	79	312	312	2.0	1/2	1/2	Chord	4/4	6	1	1/2	1/2	1	1598						
79	79	310	310	0.0	0	0	FiguredBass	4/4	7	1	0					1/2	7			
79	79	310	310	2.0	0	0	Chord	4/4	7	1	1/2	1/2	1	1599						
79	79	312	312	0.0	1/2	1/2	FiguredBass	4/4	7	1	0					1/2	8	#		
79	79	312	312	2.0	1/2	1/2	Chord	4/4	7	1	1/2	1/2	1	1600	ornamentTremblement					
79	79	310	310	0.0	0	0	FiguredBass	4/4	8	1	0					1/2	7			
79	79	310	310	2.0	0	0	Chord	4/4	8	1	1/2	1/2	1	1601						
79	79	312	312	0.0	1/2	1/2	FiguredBass	4/4	8	1	0					1/2	7			
79	79	312	312	2.0	1/2	1/2	Chord	4/4	8	1	1/2	1/2	1	1602						
80	80	314	314	2.0	0	0	Chord	4/4	1	1	1/2	1/2	1	1603						
80	80	316	316	2.0	1/2	1/2	Chord	4/4	1	1	1/2	1/2	1	1604						
80	80	314	314	2.0	0	0	Chord	4/4	2	1	1/2	1/2	1	1605						
80	80	316	316	2.0	1/2	1/2	Chord	4/4	2	1	1/2	1/2	1	1606						
80	80	314	314	2.0	0	0	Chord	4/4	3	1	1/2	1/2	1	1607						
80	80	316	316	2.0	1/2	1/2	Chord	4/4	3	1	1/2	1/2	1	1608						
80	80	314	314	2.0	0	0	Chord	4/4	4	1	1/2	1/2	1	1609						
80	80	316	316	2.0	1/2	1/2	Chord	4/4	4	1	1/2	1/2	1	1610						
80	80	314	314	2.0	0	0	Chord	4/4	5	1	1/2	1/2	1	1611						
80	80	316	316	2.0	1/2	1/2	Chord	4/4	5	1	1/2	1/2	1	1612						
80	80	314	314	2.0	0	0	Chord	4/4	5	2	1/2	1/2	1	1613						
80	80	316	316	2.0	1/2	1/2	Chord	4/4	5	2	1/2	1/2	1	1614						
80	80	314	314	2.0	0	0	Chord	4/4	5	3	1/2	1/2	1	1615						
80	80	316	316	2.0	1/2	1/2	Chord	4/4	5	3	1/2	1/2	1	1616						
80	80	314	314	2.0	0	0	Chord	4/4	6	1	1/2	1/2	1	1617						
80	80	316	316	2.0	1/2	1/2	Chord	4/4	6	1	1/2	1/2	1	1618						
80	80	314	314	2.0	0	0	Chord	4/4	7	1	1/2	1/2	1	1619						
80	80	316	316	0.0	1/2	1/2	FiguredBass	4/4	7	1	0					1/2	5b			
80	80	316	316	2.0	1/2	1/2	Chord	4/4	7	1	1/2	1/2	1	1620						
80	80	314	314	2.0	0	0	Chord	4/4	8	1	1/2	1/2	1	1621						
80	80	316	316	2.0	1/2	1/2	Chord	4/4	8	1	1/2	1/2	1	1622						
81	81	318	318	2.0	0	0	Chord	4/4	1	1	1/2	1/2	1	1623						
81	81	320	320	2.0	1/2	1/2	Chord	4/4	1	1	1/2	1/2	1	1624						
81	81	318	318	2.0	0	0	Chord	4/4	2	1	1/2	1/2	1	1625						
81	81	320	320	2.0	1/2	1/2	Chord	4/4	2	1	1/2	1/2	1	1626						
81	81	318	318	2.0	0	0	Chord	4/4	3	1	1/2	1/2	1	1627						
81	81	320	320	2.0	1/2	1/2	Chord	4/4	3	1	1/2	1/2	1	1628						
81	81	318	318	2.0	0	0	Chord	4/4	4	1	1/2	1/2	1	1629						
81	81	320	320	2.0	1/2	1/2	Chord	4/4	4	1	1/2	1/2	1	1630						
81	81	318	318	2.0	0	0	Chord	4/4	5	1	1/2	1/2	1	1631						
81	81	320	320	2.0	1/2	1/2	Chord	4/4	5	1	1/2	1/2	1	1632						
81	81	318	318	2.0	0	0	Chord	4/4	5	2	1/2	1/2	1	1633						
81	81	320	320	2.0	1/2	1/2	Chord	4/4	5	2	1/2	1/2	1	1634						
81	81	318	318	2.0	0	0	Chord	4/4	5	3	1/2	1/2	1	1635						
81	81	320	320	2.0	1/2	1/2	Chord	4/4	5	3	1/2	1/2	1	1636						
81	81	318	318	2.0	0	0	Chord	4/4	6	1	1/2	1/2	1	1637						
81	81	320	320	2.0	1/2	1/2	Chord	4/4	6	1	1/2	1/2	1	1638						
81	81	318	318	2.0	0	0	Chord	4/4	7	1	1/2	1/2	1	1639						
81	81	320	320	0.0	1/2	1/2	FiguredBass	4/4	7	1	0					1/2	6	5		
81	81	320	320	2.0	1/2	1/2	Chord	4/4	7	1	1/2	1/2	1	1640						
81	81	318	318	2.0	0	0	Chord	4/4	8	1	1/2	1/2	1	1641						
81	81	320	320	2.0	1/2	1/2	Chord	4/4	8	1	1/2	1/2	1	1642						
82	82	322	322	2.0	0	0	Chord	4/4	1	1	1/2	1/2	1	1643						
82	82	324	324	2.0	1/2	1/2	Chord	4/4	1	1	1/2	1/2	1	1644						
82	82	322	322	1.0	0	0	Chord	4/4	2	1	1/4	1/4	1	1645						46
82	82	323	323	1.0	1/4	1/4	Chord	4/4	2	1	1/4	1/4	1	1646						
82	82	324	324	1.0	1/2	1/2	Chord	4/4	2	1	1/4	1/4	1	1647						47
82	82	325	325	1.0	3/4	3/4	Chord	4/4	2	1	1/4	1/4	1	1648						
82	82	322	322	1.0	0	0	Chord	4/4	3	1	1/4	1/4	1	1649						48
82	82	323	323	1.0	1/4	1/4	Chord	4/4	3	1	1/4	1/4	1	1650						
82	82	324	324	1.0	1/2	1/2	Chord	4/4	3	1	1/4	1/4	1	1651						49
82	82	325	325	1.0	3/4	3/4	Chord	4/4	3	1	1/4	1/4	1	1652						
82	82	322	322	2.0	0	0	Chord	4/4	4	1	1/2	1/2	1	1653						
82	82	324	324	2.0	1/2	1/2	Chord	4/4	4	1	1/2	1/2	1	1654						
82	82	322	322	2.0	0	0	Chord	4/4	5	1	1/2	1/2	1	1655						
82	82	324	324	2.0	1/2	1/2	Chord	4/4	5	1	1/2	1/2	1	1656						
82	82	322	322	1.0	0	0	Chord	4/4	5	2	1/4	1/4	1	1657						
82	82	323	323	2.0	1/4	1/4	Chord	4/4	5	2	1/2	1/2	1	1658						
82	82	325	325	1.0	3/4	3/4	Chord	4/4	5	2	1/4	1/4	1	1659						
82	82	322	322	1.0	0	0	Chord	4/4	5	3	1/4	1/4	1	1660						
82	82	323	323	2.0	1/4	1/4	Chord	4/4	5	3	1/2	1/2	1	1661						
82	82	325	325	1.0	3/4	3/4	Chord	4/4	5	3	1/4	1/4	1	1662						
82	82	322	322	2.0	0	0	Chord	4/4	6	1	1/2	1/2	1	1663						
82	82	324	324	2.0	1/2	1/2	Chord	4/4	6	1	1/2	1/2	1	1664						
82	82	322	322	0.0	0	0	FiguredBass	4/4	7	1	0					1/2	8			
82	82	322	322	2.0	0	0	Chord	4/4	7	1	1/2	1/2	1	1665						
82	82	324	324	0.0	1/2	1/2	FiguredBass	4/4	7	1	0					1/2	h7			
82	82	324	324	2.0	1/2	1/2	Chord	4/4	7	1	1/2	1/2	1	1666						
82	82	326	326	0.0	1	1	FiguredBass	4/4	7	1	0					1/2	6	4		
82	82	322	322	0.0	0	0	FiguredBass	4/4	8	1	0					1/2	5	3		
82	82	322	322	2.0	0	0	Chord	4/4	8	1	1/2	1/2	1	1667						
82	82	324	324	2.0	1/2	1/2	Chord	4/4	8	1	1/2	1/2	1	1668						
83	83	326	326	2.0	0	0	Chord	4/4	1	1	1/2	1/2	1	1669						
83	83	328	328	2.0	1/2	1/2	Chord	4/4	1	1	1/2	1/2	1	1670						
83	83	326	326	2.0	0	0	Chord	4/4	2	1	1/2	1/2	1	1671						
83	83	328	328	1.0	1/2	1/2	Chord	4/4	2	1	1/4	1/4	1	1672						50
83	83	329	329	1.0	3/4	3/4	Chord	4/4	2	1	1/4	1/4	1	1673						
83	83	326	326	2.0	0	0	Chord	4/4	3	1	1/2	1/2	1	1674						
83	83	328	328	2.0	1/2	1/2	Chord	4/4	3	1	1/2	1/2	1	1675						
83	83	326	326	2.0	0	0	Chord	4/4	4	1	1/2	1/2	1	1676						
83	83	328	328	2.0	1/2	1/2	Chord	4/4	4	1	1/2	1/2	1	1677						
83	83	326	326	2.0	0	0	Chord	4/4	5	1	1/2	1/2	1	1678						
83	83	328	328	2.0	1/2	1/2	Chord	4/4	5	1	1/2	1/2	1	1679						
83	83	326	326	2.0	0	0	Chord	4/4	5	2	1/2	1/2	1	1680						
83	83	328	328	1.0	1/2	1/2	Chord	4/4	5	2	1/4	1/4	1	1681						
83	83	329	329	1.0	3/4	3/4	Chord	4/4	5	2	1/4	1/4	1	1682						
83	83	326	326	2.0	0	0	Chord	4/4	5	3	1/2	1/2	1	1683						
83	83	328	328	1.0	1/2	1/2	Chord	4/4	5	3	1/4	1/4	1	1684						
83	83	329	329	1.0	3/4	3/4	Chord	4/4	5	3	1/4	1/4	1	1685						
83	83	326	326	2.0	0	0	Chord	4/4	6	1	1/2	1/2	1	1686						
83	83	328	328	2.0	1/2	1/2	Chord	4/4	6	1	1/2	1/2	1	1687						
83	83	326	326	0.0	0	0	FiguredBass	4/4	7	1	0					1/2	6			
83	83	326	326	2.0	0	0	Chord	4/4	7	1	1/2	1/2	1	1688						
83	83	328	328	0.0	1/2	1/2	FiguredBass	4/4	7	1	0					1/2	6			
83	83	328	328	2.0	1/2	1/2	Chord	4/4	7	1	1/2	1/2	1	1689						
83	83	326	326	0.0	0	0	FiguredBass	4/4	8	1	0					1/2	5			
83	83	326	326	2.0	0	0	Chord	4/4	8	1	1/2	1/2	1	1690						
83	83	328	328	2.0	1/2	1/2	Chord	4/4	8	1	1/2	1/2	1	1691						
84	84	330	330	2.0	0	0	Chord	4/4	1	1	1/2	1/2	1	1692						
84	84	332	332	2.0	1/2	1/2	Chord	4/4	1	1	1/2	1/2	1	1693						
84	84	330	330	1.0	0	0	Chord	4/4	2	1	1/4	1/4	1	1694						51
84	84	331	331	1.0	1/4	1/4	Chord	4/4	2	1	1/4	1/4	1	1695						
84	84	332	332	2.0	1/2	1/2	Chord	4/4	2	1	1/2	1/2	1	1696						
84	84	330	330	2.0	0	0	Chord	4/4	3	1	1/2	1/2	1	1697						
84	84	332	332	2.0	1/2	1/2	Chord	4/4	3	1	1/2	1/2	1	1698						
84	84	330	330	2.0	0	0	Chord	4/4	4	1	1/2	1/2	1	1699						
84	84	332	332	2.0	1/2	1/2	Chord	4/4	4	1	1/2	1/2	1	1700						
84	84	330	330	2.0	0	0	Chord	4/4	5	1	1/2	1/2	1	1701						
84	84	332	332	2.0	1/2	1/2	Chord	4/4	5	1	1/2	1/2	1	1702						
84	84	330	330	2.0	0	0	Chord	4/4	5	2	1/2	1/2	1	1703						
84	84	332	332	2.0	1/2	1/2	Chord	4/4	5	2	1/2	1/2	1	1704						
84	84	330	330	1.0	0	0	Chord	4/4	5	3	1/4	1/4	1	1705						
84	84	331	331	1.0	1/4	1/4	Chord	4/4	5	3	1/4	1/4	1	1706						
84	84	332	332	2.0	1/2	1/2	Chord	4/4	5	3	1/2	1/2	1	1707						
84	84	330	330	2.0	0	0	Chord	4/4	6	1	1/2	1/2	1	1708						
84	84	332	332	2.0	1/2	1/2	Chord	4/4	6	1	1/2	1/2	1	1709						
84	84	330	330	0.0	0	0	FiguredBass	4/4	7	1	0					1/2	4			
84	84	330	330	2.0	0	0	Chord	4/4	7	1	1/2	1/2	1	1710						
84	84	332	332	0.0	1/2	1/2	FiguredBass	4/4	7	1	0					1/2	3			
84	84	332	332	2.0	1/2	1/2	Chord	4/4	7	1	1/2	1/2	1	1711						
84	84	330	330	2.0	0	0	Chord	4/4	8	1	1/2	1/2	1	1712						
84	84	332	332	2.0	1/2	1/2	Chord	4/4	8	1	1/2	1/2	1	1713						
85	85	334	334	2.0	0	0	Chord	4/4	1	1	1/2	1/2	1	1714						
85	85	336	336	2.0	1/2	1/2	Chord	4/4	1	1	1/2	1/2	1	1715						
85	85	334	334	2.0	0	0	Chord	4/4	2	1	1/2	1/2	1	1716						
85	85	336	336	2.0	1/2	1/2	Chord	4/4	2	1	1/2	1/2	1	1717						
85	85	334	334	2.0	0	0	Chord	4/4	3	1	1/2	1/2	1	1718						
85	85	336	336	2.0	1/2	1/2	Chord	4/4	3	1	1/2	1/2	1	1719						
85	85	334	334	2.0	0	0	Chord	4/4	4	1	1/2	1/2	1	1720						
85	85	336	336	2.0	1/2	1/2	Chord	4/4	4	1	1/2	1/2	1	1721						
85	85	334	334	2.0	0	0	Chord	4/4	5	1	1/2	1/2	1	1722						
85	85	336	336	2.0	1/2	1/2	Chord	4/4	5	1	1/2	1/2	1	1723						
85	85	334	334	2.0	0	0	Chord	4/4	5	2	1/2	1/2	1	1724						
85	85	336	336	2.0	1/2	1/2	Chord	4/4	5	2	1/2	1/2	1	1725						
85	85	334	334	2.0	0	0	Chord	4/4	5	3	1/2	1/2	1	1726						
85	85	336	336	2.0	1/2	1/2	Chord	4/4	5	3	1/2	1/2	1	1727						
85	85	334	334	2.0	0	0	Chord	4/4	6	1	1/2	1/2	1	1728						
85	85	336	336	2.0	1/2	1/2	Chord	4/4	6	1	1/2	1/2	1	1729						
85	85	334	334	0.0	0	0	FiguredBass	4/4	7	1	0					1/2	7	5		
85	85	334	334	2.0	0	0	Chord	4/4	7	1	1/2	1/2	1	1730						
85	85	336	336	2.0	1/2	1/2	Chord	4/4	7	1	1/2	1/2	1	1731						
85	85	334	334	2.0	0	0	Chord	4/4	8	1	1/2	1/2	1	1732						
85	85	336	336	2.0	1/2	1/2	Chord	4/4	8	1	1/2	1/2	1	1733						
86	86	338	338	2.0	0	0	Chord	4/4	1	1	1/2	1/2	1	1734						
86	86	340	340	2.0	1/2	1/2	Chord	4/4	1	1	1/2	1/2	1	1735						
86	86	338	338	2.0	0	0	Chord	4/4	2	1	1/2	1/2	1	1736						
86	86	340	340	2.0	1/2	1/2	Chord	4/4	2	1	1/2	1/2	1	1737						
86	86	338	338	2.0	0	0	Chord	4/4	3	1	1/2	1/2	1	1738						
86	86	340	340	2.0	1/2	1/2	Chord	4/4	3	1	1/2	1/2	1	1739						
86	86	338	338	2.0	0	0	Chord	4/4	4	1	1/2	1/2	1	1740						
86	86	340	340	2.0	1/2	1/2	Chord	4/4	4	1	1/2	1/2	1	1741						
86	86	338	338	2.0	0	0	Chord	4/4	5	1	1/2	1/2	1	1742						
86	86	340	340	2.0	1/2	1/2	Chord	4/4	5	1	1/2	1/2	1	1743						
86	86	338	338	2.0	0	0	Chord	4/4	5	2	1/2	1/2	1	1744						
86	86	340	340	2.0	1/2	1/2	Chord	4/4	5	2	1/2	1/2	1	1745						
86	86	338	338	2.0	0	0	Chord	4/4	5	3	1/2	1/2	1	1746						
86	86	340	340	2.0	1/2	1/2	Chord	4/4	5	3	1/2	1/2	1	1747						
86	86	338	338	2.0	0	0	Chord	4/4	6	1	1/2	1/2	1	1748						
86	86	340	340	2.0	1/2	1/2	Chord	4/4	6	1	1/2	1/2	1	1749						
86	86	338	338	0.0	0	0	FiguredBass	4/4	7	1	0					1/2	4			
86	86	338	338	2.0	0	0	Chord	4/4	7	1	1/2	1/2	1	1750						
86	86	340	340	0.0	1/2	1/2	FiguredBass	4/4	7	1	0					1/2	6			
86	86	340	340	2.0	1/2	1/2	Chord	4/4	7	1	1/2	1/2	1	1751						
86	86	338	338	2.0	0	0	Chord	4/4	8	1	1/2	1/2	1	1752						
86	86	340	340	2.0	1/2	1/2	Chord	4/4	8	1	1/2	1/2	1	1753						
87	87	342	342	2.0	0	0	Chord	4/4	1	1	1/2	1/2	1	1754						
87	87	344	344	2.0	1/2	1/2	Chord	4/4	1	1	1/2	1/2	1	1755	ornamentTremblement					
87	87	342	342	2.0	0	0	Chord	4/4	2	1	1/2	1/2	1	1756						
87	87	344	344	2.0	1/2	1/2	Chord	4/4	2	1	1/2	1/2	1	1757	ornamentTremblement					
87	87	342	342	2.0	0	0	Chord	4/4	3	1	1/2	1/2	1	1758						
87	87	344	344	1.0	1/2	1/2	Chord	4/4	3	1	1/4	1/4	1	1759						52
87	87	345	345	1.0	3/4	3/4	Chord	4/4	3	1	1/4	1/4	1	1760						
87	87	342	342	2.0	0	0	Chord	4/4	4	1	1/2	1/2	1	1761						
87	87	344	344	2.0	1/2	1/2	Chord	4/4	4	1	1/2	1/2	1	1762						
87	87	342	342	2.0	0	0	Chord	4/4	5	1	1/2	1/2	1	1763						
87	87	344	344	2.0	1/2	1/2	Chord	4/4	5	1	1/2	1/2	1	1764	ornamentTremblement					
87	87	342	342	2.0	0	0	Chord	4/4	5	2	1/2	1/2	1	1765						
87	87	344	344	1.0	1/2	1/2	Chord	4/4	5	2	1/4	1/4	1	1766						
87	87	345	345	1.0	3/4	3/4	Chord	4/4	5	2	1/4	1/4	1	1767						
87	87	342	342	2.0	0	0	Chord	4/4	5	3	1/2	1/2	1	1768						
87	87	344	344	2.0	1/2	1/2	Chord	4/4	5	3	1/2	1/2	1	1769						
87	87	342	342	2.0	0	0	Chord	4/4	6	1	1/2	1/2	1	1770						
87	87	344	344	2.0	1/2	1/2	Chord	4/4	6	1	1/2	1/2	1	1771						
87	87	342	342	0.0	0	0	FiguredBass	4/4	7	1	0					1/2	7			
87	87	342	342	2.0	0	0	Chord	4/4	7	1	1/2	1/2	1	1772						
87	87	344	344	0.0	1/2	1/2	FiguredBass	4/4	7	1	0					1/2	8	#		
87	87	344	344	2.0	1/2	1/2	Chord	4/4	7	1	1/2	1/2	1	1773	ornamentTremblement					
87	87	342	342	0.0	0	0	FiguredBass	4/4	8	1	0					1/2	7			
87	87	342	342	2.0	0	0	Chord	4/4	8	1	1/2	1/2	1	1774						
87	87	344	344	0.0	1/2	1/2	FiguredBass	4/4	8	1	0					1/2	7			
87	87	344	344	2.0	1/2	1/2	Chord	4/4	8	1	1/2	1/2	1	1775						
88	88	346	346	2.0	0	0	Chord	4/4	1	1	1/2	1/2	1	1776						
88	88	348	348	2.0	1/2	1/2	Chord	4/4	1	1	1/2	1/2	1	1777						
88	88	346	346	2.0	0	0	Chord	4/4	2	1	1/2	1/2	1	1778						
88	88	348	348	2.0	1/2	1/2	Chord	4/4	2	1	1/2	1/2	1	1779						
88	88	346	346	2.0	0	0	Chord	4/4	3	1	1/2	1/2	1	1780						
88	88	348	348	2.0	1/2	1/2	Chord	4/4	3	1	1/2	1/2	1	1781						
88	88	346	346	2.0	0	0	Chord	4/4	4	1	1/2	1/2	1	1782						
88	88	348	348	2.0	1/2	1/2	Chord	4/4	4	1	1/2	1/2	1	1783						
88	88	346	346	2.0	0	0	Chord	4/4	5	1	1/2	1/2	1	1784						
88	88	348	348	2.0	1/2	1/2	Chord	4/4	5	1	1/2	1/2	1	1785						
88	88	346	346	2.0	0	0	Chord	4/4	5	2	1/2	1/2	1	1786						
88	88	348	348	2.0	1/2	1/2	Chord	4/4	5	2	1/2	1/2	1	1787						
88	88	346	346	2.0	0	0	Chord	4/4	5	3	1/2	1/2	1	1788						
88	88	348	348	2.0	1/2	1/2	Chord	4/4	5	3	1/2	1/2	1	1789						
88	88	346	346	2.0	0	0	Chord	4/4	6	1	1/2	1/2	1	1790						
88	88	348	348	2.0	1/2	1/2	Chord	4/4	6	1	1/2	1/2	1	1791						
88	88	346	346	2.0	0	0	Chord	4/4	7	1	1/2	1/2	1	1792						
88	88	348	348	0.0	1/2	1/2	FiguredBass	4/4	7	1	0					1/2	5b			
88	88	348	348	2.0	1/2	1/2	Chord	4/4	7	1	1/2	1/2	1	1793						
88	88	346	346	2.0	0	0	Chord	4/4	8	1	1/2	1/2	1	1794						
88	88	348	348	2.0	1/2	1/2	Chord	4/4	8	1	1/2	1/2	1	1795						
89	89	350	350	2.0	0	0	Chord	4/4	1	1	1/2	1/2	1	1796						
89	89	352	352	2.0	1/2	1/2	Chord	4/4	1	1	1/2	1/2	1	1797						
89	89	350	350	2.0	0	0	Chord	4/4	2	1	1/2	1/2	1	1798						
89	89	352	352	2.0	1/2	1/2	Chord	4/4	2	1	1/2	1/2	1	1799						
89	89	350	350	2.0	0	0	Chord	4/4	3	1	1/2	1/2	1	1800						
89	89	352	352	2.0	1/2	1/2	Chord	4/4	3	1	1/2	1/2	1	1801						
89	89	350	350	2.0	0	0	Chord	4/4	4	1	1/2	1/2	1	1802						
89	89	352	352	2.0	1/2	1/2	Chord	4/4	4	1	1/2	1/2	1	1803						
89	89	350	350	2.0	0	0	Chord	4/4	5	1	1/2	1/2	1	1804						
89	89	352	352	2.0	1/2	1/2	Chord	4/4	5	1	1/2	1/2	1	1805						
89	89	350	350	2.0	0	0	Chord	4/4	5	2	1/2	1/2	1	1806						
89	89	352	352	2.0	1/2	1/2	Chord	4/4	5	2	1/2	1/2	1	1807						
89	89	350	350	2.0	0	0	Chord	4/4	5	3	1/2	1/2	1	1808						
89	89	352	352	2.0	1/2	1/2	Chord	4/4	5	3	1/2	1/2	1	1809						
89	89	350	350	2.0	0	0	Chord	4/4	6	1	1/2	1/2	1	1810						
89	89	352	352	2.0	1/2	1/2	Chord	4/4	6	1	1/2	1/2	1	1811						
89	89	350	350	2.0	0	0	Chord	4/4	7	1	1/2	1/2	1	1812						
89	89	352	352	0.0	1/2	1/2	FiguredBass	4/4	7	1	0					1/2	6	5		
89	89	352	352	2.0	1/2	1/2	Chord	4/4	7	1	1/2	1/2	1	1813						
89	89	350	350	2.0	0	0	Chord	4/4	8	1	1/2	1/2	1	1814						
89	89	352	352	2.0	1/2	1/2	Chord	4/4	8	1	1/2	1/2	1	1815						
90	90	354	354	2.0	0	0	Chord	4/4	1	1	1/2	1/2	1	1816						
90	90	356	356	2.0	1/2	1/2	Chord	4/4	1	1	1/2	1/2	1	1817						
90	90	354	354	1.0	0	0	Chord	4/4	2	1	1/4	1/4	1	1818						53
90	90	355	355	1.0	1/4	1/4	Chord	4/4	2	1	1/4	1/4	1	1819						
90	90	356	356	1.0	1/2	1/2	Chord	4/4	2	1	1/4	1/4	1	1820						54
90	90	357	357	1.0	3/4	3/4	Chord	4/4	2	1	1/4	1/4	1	1821						
90	90	354	354	1.0	0	0	Chord	4/4	3	1	1/4	1/4	1	1822						55
90	90	355	355	1.0	1/4	1/4	Chord	4/4	3	1	1/4	1/4	1	1823						
90	90	356	356	1.0	1/2	1/2	Chord	4/4	3	1	1/4	1/4	1	1824						56
90	90	357	357	1.0	3/4	3/4	Chord	4/4	3	1	1/4	1/4	1	1825						
90	90	354	354	2.0	0	0	Chord	4/4	4	1	1/2	1/2	1	1826						
90	90	356	356	2.0	1/2	1/2	Chord	4/4	4	1	1/2	1/2	1	1827						
90	90	354	354	2.0	0	0	Chord	4/4	5	1	1/2	1/2	1	1828						
90	90	356	356	2.0	1/2	1/2	Chord	4/4	5	1	1/2	1/2	1	1829						
90	90	354	354	1.0	0	0	Chord	4/4	5	2	1/4	1/4	1	1830						
90	90	355	355	2.0	1/4	1/4	Chord	4/4	5	2	1/2	1/2	1	1831						
90	90	357	357	1.0	3/4	3/4	Chord	4/4	5	2	1/4	1/4	1	1832						
90	90	354	354	1.0	0	0	Chord	4/4	5	3	1/4	1/4	1	1833						
90	90	355	355	2.0	1/4	1/4	Chord	4/4	5	3	1/2	1/2	1	1834						
90	90	357	357	1.0	3/4	3/4	Chord	4/4	5	3	1/4	1/4	1	1835						
90	90	354	354	2.0	0	0	Chord	4/4	6	1	1/2	1/2	1	1836						
90	90	356	356	2.0	1/2	1/2	Chord	4/4	6	1	1/2	1/2	1	1837						
90	90	354	354	0.0	0	0	FiguredBass	4/4	7	1	0					1/2	8			
90	90	354	354	2.0	0	0	Chord	4/4	7	1	1/2	1/2	1	1838						
90	90	356	356	0.0	1/2	1/2	FiguredBass	4/4	7	1	0					1/2	h7			
90	90	356	356	2.0	1/2	1/2	Chord	4/4	7	1	1/2	1/2	1	1839						
90	90	358	358	0.0	1	1	FiguredBass	4/4	7	1	0					1/2	6	4		
90	90	354	354	0.0	0	0	FiguredBass	4/4	8	1	0					1/2	5	3		
90	90	354	354	2.0	0	0	Chord	4/4	8	1	1/2	1/2	1	1840						
90	90	356	356	2.0	1/2	1/2	Chord	4/4	8	1	1/2	1/2	1	1841						
91	91	358	358	2.0	0	0	Chord	4/4	1	1	1/2	1/2	1	1842						
91	91	360	360	2.0	1/2	1/2	Chord	4/4	1	1	1/2	1/2	1	1843						
91	91	358	358	2.0	0	0	Chord	4/4	2	1	1/2	1/2	1	1844						
91	91	360	360	1.0	1/2	1/2	Chord	4/4	2	1	1/4	1/4	1	1845						57
91	91	361	361	1.0	3/4	3/4	Chord	4/4	2	1	1/4	1/4	1	1846						
91	91	358	358	2.0	0	0	Chord	4/4	3	1	1/2	1/2	1	1847						
91	91	360	360	2.0	1/2	1/2	Chord	4/4	3	1	1/2	1/2	1	1848						
91	91	358	358	2.0	0	0	Chord	4/4	4	1	1/2	1/2	1	1849						
91	91	360	360	2.0	1/2	1/2	Chord	4/4	4	1	1/2	1/2	1	1850						
91	91	358	358	2.0	0	0	Chord	4/4	5	1	1/2	1/2	1	1851						
91	91	360	360	2.0	1/2	1/2	Chord	4/4	5	1	1/2	1/2	1	1852						
91	91	358	358	2.0	0	0	Chord	4/4	5	2	1/2	1/2	1	1853						
91	91	360	360	1.0	1/2	1/2	Chord	4/4	5	2	1/4	1/4	1	1854						
91	91	361	361	1.0	3/4	3/4	Chord	4/4	5	2	1/4	1/4	1	1855						
91	91	358	358	2.0	0	0	Chord	4/4	5	3	1/2	1/2	1	1856						
91	91	360	360	1.0	1/2	1/2	Chord	4/4	5	3	1/4	1/4	1	1857						
91	91	361	361	1.0	3/4	3/4	Chord	4/4	5	3	1/4	1/4	1	1858						
91	91	358	358	2.0	0	0	Chord	4/4	6	1	1/2	1/2	1	1859						
91	91	360	360	2.0	1/2	1/2	Chord	4/4	6	1	1/2	1/2	1	1860						
91	91	358	358	0.0	0	0	FiguredBass	4/4	7	1	0					1/2	6			
91	91	358	358	2.0	0	0	Chord	4/4	7	1	1/2	1/2	1	1861						
91	91	360	360	0.0	1/2	1/2	FiguredBass	4/4	7	1	0					1/2	6			
91	91	360	360	2.0	1/2	1/2	Chord	4/4	7	1	1/2	1/2	1	1862						
91	91	358	358	0.0	0	0	FiguredBass	4/4	8	1	0					1/2	5			
91	91	358	358	2.0	0	0	Chord	4/4	8	1	1/2	1/2	1	1863						
91	91	360	360	2.0	1/2	1/2	Chord	4/4	8	1	1/2	1/2	1	1864						
92	92	362	362	2.0	0	0	Chord	4/4	1	1	1/2	1/2	1	1865						
92	92	364	364	2.0	1/2	1/2	Chord	4/4	1	1	1/2	1/2	1	1866						
92	92	362	362	1.0	0	0	Chord	4/4	2	1	1/4	1/4	1	1867						58
92	92	363	363	1.0	1/4	1/4	Chord	4/4	2	1	1/4	1/4	1	1868						
92	92	364	364	2.0	1/2	1/2	Chord	4/4	2	1	1/2	1/2	1	1869						
92	92	362	362	2.0	0	0	Chord	4/4	3	1	1/2	1/2	1	1870						
92	92	364	364	2.0	1/2	1/2	Chord	4/4	3	1	1/2	1/2	1	1871						
92	92	362	362	2.0	0	0	Chord	4/4	4	1	1/2	1/2	1	1872						
92	92	364	364	2.0	1/2	1/2	Chord	4/4	4	1	1/2	1/2	1	1873						
92	92	362	362	2.0	0	0	Chord	4/4	5	1	1/2	1/2	1	1874						
92	92	364	364	2.0	1/2	1/2	Chord	4/4	5	1	1/2	1/2	1	1875						
92	92	362	362	2.0	0	0	Chord	4/4	5	2	1/2	1/2	1	1876						
92	92	364	364	2.0	1/2	1/2	Chord	4/4	5	2	1/2	1/2	1	1877						
92	92	362	362	1.0	0	0	Chord	4/4	5	3	1/4	1/4	1	1878						
92	92	363	363	1.0	1/4	1/4	Chord	4/4	5	3	1/4	1/4	1	1879						
92	92	364	364	2.0	1/2	1/2	Chord	4/4	5	3	1/2	1/2	1	1880						
92	92	362	362	2.0	0	0	Chord	4/4	6	1	1/2	1/2	1	1881						
92	92	364	364	2.0	1/2	1/2	Chord	4/4	6	1	1/2	1/2	1	1882						
92	92	362	362	0.0	0	0	FiguredBass	4/4	7	1	0					1/2	4			
92	92	362	362	2.0	0	0	Chord	4/4	7	1	1/2	1/2	1	1883						
92	92	364	364	0.0	1/2	1/2	FiguredBass	4/4	7	1	0					1/2	3			
92	92	364	364	2.0	1/2	1/2	Chord	4/4	7	1	1/2	1/2	1	1884						
92	92	362	362	2.0	0	0	Chord	4/4	8	1	1/2	1/2	1	1885						
92	92	364	364	2.0	1/2	1/2	Chord	4/4	8	1	1/2	1/2	1	1886						
93	93	366	366	2.0	0	0	Chord	4/4	1	1	1/2	1/2	1	1887						
93	93	368	368	2.0	1/2	1/2	Chord	4/4	1	1	1/2	1/2	1	1888						
93	93	366	366	2.0	0	0	Chord	4/4	2	1	1/2	1/2	1	1889						
93	93	368	368	2.0	1/2	1/2	Chord	4/4	2	1	1/2	1/2	1	1890						
93	93	366	366	2.0	0	0	Chord	4/4	3	1	1/2	1/2	1	1891						
93	93	368	368	2.0	1/2	1/2	Chord	4/4	3	1	1/2	1/2	1	1892						
93	93	366	366	2.0	0	0	Chord	4/4	4	1	1/2	1/2	1	1893						
93	93	368	368	2.0	1/2	1/2	Chord	4/4	4	1	1/2	1/2	1	1894						
93	93	366	366	2.0	0	0	Chord	4/4	5	1	1/2	1/2	1	1895						
93	93	368	368	2.0	1/2	1/2	Chord	4/4	5	1	1/2	1/2	1	1896						
93	93	366	366	2.0	0	0	Chord	4/4	5	2	1/2	1/2	1	1897						
93	93	368	368	2.0	1/2	1/2	Chord	4/4	5	2	1/2	1/2	1	1898						
93	93	366	366	2.0	0	0	Chord	4/4	5	3	1/2	1/2	1	1899						
93	93	368	368	2.0	1/2	1/2	Chord	4/4	5	3	1/2	1/2	1	1900						
93	93	366	366	2.0	0	0	Chord	4/4	6	1	1/2	1/2	1	1901						
93	93	368	368	2.0	1/2	1/2	Chord	4/4	6	1	1/2	1/2	1	1902						
93	93	366	366	0.0	0	0	FiguredBass	4/4	7	1	0					1/2	7	5		
93	93	366	366	2.0	0	0	Chord	4/4	7	1	1/2	1/2	1	1903						
93	93	368	368	2.0	1/2	1/2	Chord	4/4	7	1	1/2	1/2	1	1904						
93	93	366	366	2.0	0	0	Chord	4/4	8	1	1/2	1/2	1	1905						
93	93	368	368	2.0	1/2	1/2	Chord	4/4	8	1	1/2	1/2	1	1906						
94	94	370	370	2.0	0	0	Chord	4/4	1	1	1/2	1/2	1	1907						
94	94	372	372	2.0	1/2	1/2	Chord	4/4	1	1	1/2	1/2	1	1908						
94	94	370	370	2.0	0	0	Chord	4/4	2	1	1/2	1/2	1	1909						
94	94	372	372	2.0	1/2	1/2	Chord	4/4	2	1	1/2	1/2	1	1910						
94	94	370	370	2.0	0	0	Chord	4/4	3	1	1/2	1/2	1	1911						
94	94	372	372	2.0	1/2	1/2	Chord	4/4	3	1	1/2	1/2	1	1912						
94	94	370	370	2.0	0	0	Chord	4/4	4	1	1/2	1/2	1	1913						
94	94	372	372	2.0	1/2	1/2	Chord	4/4	4	1	1/2	1/2	1	1914						
94	94	370	370	2.0	0	0	Chord	4/4	5	1	1/2	1/2	1	1915						
94	94	372	372	2.0	1/2	1/2	Chord	4/4	5	1	1/2	1/2	1	1916						
94	94	370	370	2.0	0	0	Chord	4/4	5	2	1/2	1/2	1	1917						
94	94	372	372	2.0	1/2	1/2	Chord	4/4	5	2	1/2	1/2	1	1918						
94	94	370	370	2.0	0	0	Chord	4/4	5	3	1/2	1/2	1	1919						
94	94	372	372	2.0	1/2	1/2	Chord	4/4	5	3	1/2	1/2	1	1920						
94	94	370	370	2.0	0	0	Chord	4/4	6	1	1/2	1/2	1	1921						
94	94	372	372	2.0	1/2	1/2	Chord	4/4	6	1	1/2	1/2	1	1922						
94	94	370	370	0.0	0	0	FiguredBass	4/4	7	1	0					1/2	4			
94	94	370	370	2.0	0	0	Chord	4/4	7	1	1/2	1/2	1	1923						
94	94	372	372	0.0	1/2	1/2	FiguredBass	4/4	7	1	0					1/2	6			
94	94	372	372	2.0	1/2	1/2	Chord	4/4	7	1	1/2	1/2	1	1924						
94	94	370	370	2.0	0	0	Chord	4/4	8	1	1/2	1/2	1	1925						
94	94	372	372	2.0	1/2	1/2	Chord	4/4	8	1	1/2	1/2	1	1926						
95	95	374	374	2.0	0	0	Chord	4/4	1	1	1/2	1/2	1	1927						
95	95	376	376	2.0	1/2	1/2	Chord	4/4	1	1	1/2	1/2	1	1928	ornamentTremblement					
95	95	374	374	2.0	0	0	Chord	4/4	2	1	1/2	1/2	1	1929						
95	95	376	376	2.0	1/2	1/2	Chord	4/4	2	1	1/2	1/2	1	1930	ornamentTremblement					
95	95	374	374	2.0	0	0	Chord	4/4	3	1	1/2	1/2	1	1931						
95	95	376	376	1.0	1/2	1/2	Chord	4/4	3	1	1/4	1/4	1	1932						59
95	95	377	377	1.0	3/4	3/4	Chord	4/4	3	1	1/4	1/4	1	1933						
95	95	374	374	2.0	0	0	Chord	4/4	4	1	1/2	1/2	1	1934						
95	95	376	376	2.0	1/2	1/2	Chord	4/4	4	1	1/2	1/2	1	1935						
95	95	374	374	2.0	0	0	Chord	4/4	5	1	1/2	1/2	1	1936						
95	95	376	376	2.0	1/2	1/2	Chord	4/4	5	1	1/2	1/2	1	1937	ornamentTremblement					
95	95	374	374	2.0	0	0	Chord	4/4	5	2	1/2	1/2	1	1938						
95	95	376	376	1.0	1/2	1/2	Chord	4/4	5	2	1/4	1/4	1	1939						
95	95	377	377	1.0	3/4	3/4	Chord	4/4	5	2	1/4	1/4	1	1940						
95	95	374	374	2.0	0	0	Chord	4/4	5	3	1/2	1/2	1	1941						
95	95	376	376	2.0	1/2	1/2	Chord	4/4	5	3	1/2	1/2	1	1942						
95	95	374	374	2.0	0	0	Chord	4/4	6	1	1/2	1/2	1	1943						
95	95	376	376	2.0	1/2	1/2	Chord	4/4	6	1	1/2	1/2	1	1944						
95	95	374	374	0.0	0	0	FiguredBass	4/4	7	1	0					1/2	7			
95	95	374	374	2.0	0	0	Chord	4/4	7	1	1/2	1/2	1	1945						
95	95	376	376	0.0	1/2	1/2	FiguredBass	4/4	7	1	0					1/2	8	#		
95	95	376	376	2.0	1/2	1/2	Chord	4/4	7	1	1/2	1/2	1	1946	ornamentTremblement					
95	95	374	374	0.0	0	0	FiguredBass	4/4	8	1	0					1/2	7			
95	95	374	374	2.0	0	0	Chord	4/4	8	1	1/2	1/2	1	1947						
95	95	376	376	0.0	1/2	1/2	FiguredBass	4/4	8	1	0					1/2	7			
95	95	376	376	2.0	1/2	1/2	Chord	4/4	8	1	1/2	1/2	1	1948						
96	96	378	378	2.0	0	0	Chord	4/4	1	1	1/2	1/2	1	1949						
96	96	380	380	2.0	1/2	1/2	Chord	4/4	1	1	1/2	1/2	1	1950						
96	96	378	378	2.0	0	0	Chord	4/4	2	1	1/2	1/2	1	1951						
96	96	380	380	2.0	1/2	1/2	Chord	4/4	2	1	1/2	1/2	1	1952						
96	96	378	378	2.0	0	0	Chord	4/4	3	1	1/2	1/2	1	1953						
96	96	380	380	2.0	1/2	1/2	Chord	4/4	3	1	1/2	1/2	1	1954						
96	96	378	378	2.0	0	0	Chord	4/4	4	1	1/2	1/2	1	1955						
96	96	380	380	2.0	1/2	1/2	Chord	4/4	4	1	1/2	1/2	1	1956						
96	96	378	378	2.0	0	0	Chord	4/4	5	1	1/2	1/2	1	1957						
96	96	380	380	2.0	1/2	1/2	Chord	4/4	5	1	1/2	1/2	1	1958						
96	96	378	378	2.0	0	0	Chord	4/4	5	2	1/2	1/2	1	1959						
96	96	380	380	2.0	1/2	1/2	Chord	4/4	5	2	1/2	1/2	1	1960						
96	96	378	378	2.0	0	0	Chord	4/4	5	3	1/2	1/2	1	1961						
96	96	380	380	2.0	1/2	1/2	Chord	4/4	5	3	1/2	1/2	1	1962						
96	96	380	380	2.0	1/2	1/2	Chord	4/4	5	4	1/2	1/2	1	1963						
96	96	378	378	2.0	0	0	Chord	4/4	6	1	1/2	1/2	1	1964						
96	96	380	380	2.0	1/2	1/2	Chord	4/4	6	1	1/2	1/2	1	1965						
96	96	378	378	2.0	0	0	Chord	4/4	7	1	1/2	1/2	1	1966						
96	96	380	380	0.0	1/2	1/2	FiguredBass	4/4	7	1	0					1/2	4			
96	96	380	380	2.0	1/2	1/2	Chord	4/4	7	1	1/2	1/2	1	1967						
96	96	378	378	2.0	0	0	Chord	4/4	8	1	1/2	1/2	1	1968						
96	96	380	380	2.0	1/2	1/2	Chord	4/4	8	1	1/2	1/2	1	1969						
97	97	382	382	2.0	0	0	Chord	4/4	1	1	1/2	1/2	1	1970						
97	97	384	384	2.0	1/2	1/2	Chord	4/4	1	1	1/2	1/2	1	1971						
97	97	382	382	2.0	0	0	Chord	4/4	2	1	1/2	1/2	1	1972						
97	97	384	384	2.0	1/2	1/2	Chord	4/4	2	1	1/2	1/2	1	1973						
97	97	382	382	2.0	0	0	Chord	4/4	3	1	1/2	1/2	1	1974						
97	97	384	384	2.0	1/2	1/2	Chord	4/4	3	1	1/2	1/2	1	1975						
97	97	382	382	2.0	0	0	Chord	4/4	4	1	1/2	1/2	1	1976						
97	97	384	384	2.0	1/2	1/2	Chord	4/4	4	1	1/2	1/2	1	1977						
97	97	382	382	2.0	0	0	Chord	4/4	5	1	1/2	1/2	1	1978						
97	97	384	384	2.0	1/2	1/2	Chord	4/4	5	1	1/2	1/2	1	1979						
97	97	382	382	2.0	0	0	Chord	4/4	5	2	1/2	1/2	1	1980						
97	97	384	384	2.0	1/2	1/2	Chord	4/4	5	2	1/2	1/2	1	1981						
97	97	382	382	2.0	0	0	Chord	4/4	5	3	1/2	1/2	1	1982						
97	97	384	384	2.0	1/2	1/2	Chord	4/4	5	3	1/2	1/2	1	1983						
97	97	382	382	2.0	0	0	Chord	4/4	5	4	1/2	1/2	1	1984						
97	97	382	382	2.0	0	0	Chord	4/4	6	1	1/2	1/2	1	1985						
97	97	384	384	2.0	1/2	1/2	Chord	4/4	6	1	1/2	1/2	1	1986						
97	97	382	382	0.0	0	0	FiguredBass	4/4	7	1	0					1/2	5	2		
97	97	382	382	2.0	0	0	Chord	4/4	7	1	1/2	1/2	1	1987						
97	97	384	384	0.0	1/2	1/2	FiguredBass	4/4	7	1	0					1/2	6			
97	97	384	384	2.0	1/2	1/2	Chord	4/4	7	1	1/2	1/2	1	1988						
97	97	382	382	2.0	0	0	Chord	4/4	8	1	1/2	1/2	1	1989						
97	97	384	384	2.0	1/2	1/2	Chord	4/4	8	1	1/2	1/2	1	1990						
98	98	386	386	2.0	0	0	Chord	4/4	1	1	1/2	1/2	1	1991						
98	98	388	388	2.0	1/2	1/2	Chord	4/4	1	1	1/2	1/2	1	1992						
98	98	386	386	2.0	0	0	Chord	4/4	2	1	1/2	1/2	1	1993						
98	98	388	388	2.0	1/2	1/2	Chord	4/4	2	1	1/2	1/2	1	1994						
98	98	386	386	2.0	0	0	Chord	4/4	3	1	1/2	1/2	1	1995						
98	98	388	388	2.0	1/2	1/2	Chord	4/4	3	1	1/2	1/2	1	1996						
98	98	386	386	2.0	0	0	Chord	4/4	4	1	1/2	1/2	1	1997						
98	98	388	388	2.0	1/2	1/2	Chord	4/4	4	1	1/2	1/2	1	1998						
98	98	386	386	2.0	0	0	Chord	4/4	5	1	1/2	1/2	1	1999						
98	98	388	388	2.0	1/2	1/2	Chord	4/4	5	1	1/2	1/2	1	2000						
98	98	386	386	2.0	0	0	Chord	4/4	5	2	1/2	1/2	1	2001						
98	98	388	388	2.0	1/2	1/2	Chord	4/4	5	2	1/2	1/2	1	2002						
98	98	386	386	2.0	0	0	Chord	4/4	5	3	1/2	1/2	1	2003						
98	98	388	388	2.0	1/2	1/2	Chord	4/4	5	3	1/2	1/2	1	2004						
98	98	386	386	2.0	0	0	Chord	4/4	6	1	1/2	1/2	1	2005						
98	98	388	388	2.0	1/2	1/2	Chord	4/4	6	1	1/2	1/2	1	2006						
98	98	386	386	0.0	0	0	FiguredBass	4/4	7	1	0					1/2	2			
98	98	386	386	2.0	0	0	Chord	4/4	7	1	1/2	1/2	1	2007						
98	98	388	388	2.0	1/2	1/2	Chord	4/4	7	1	1/2	1/2	1	2008						
98	98	386	386	2.0	0	0	Chord	4/4	8	1	1/2	1/2	1	2009						
98	98	388	388	2.0	1/2	1/2	Chord	4/4	8	1	1/2	1/2	1	2010						
99	99	390	390	2.0	0	0	Chord	4/4	1	1	1/2	1/2	1	2011						
99	99	392	392	2.0	1/2	1/2	Chord	4/4	1	1	1/2	1/2	1	2012						
99	99	390	390	2.0	0	0	Chord	4/4	2	1	1/2	1/2	1	2013						
99	99	392	392	2.0	1/2	1/2	Chord	4/4	2	1	1/2	1/2	1	2014						
99	99	390	390	2.0	0	0	Chord	4/4	3	1	1/2	1/2	1	2015						
99	99	392	392	2.0	1/2	1/2	Chord	4/4	3	1	1/2	1/2	1	2016						
99	99	390	390	2.0	0	0	Chord	4/4	4	1	1/2	1/2	1	2017						
99	99	392	392	2.0	1/2	1/2	Chord	4/4	4	1	1/2	1/2	1	2018						
99	99	390	390	2.0	0	0	Chord	4/4	5	1	1/2	1/2	1	2019						
99	99	392	392	2.0	1/2	1/2	Chord	4/4	5	1	1/2	1/2	1	2020						
99	99	390	390	2.0	0	0	Chord	4/4	5	2	1/2	1/2	1	2021						
99	99	392	392	2.0	1/2	1/2	Chord	4/4	5	2	1/2	1/2	1	2022						
99	99	390	390	2.0	0	0	Chord	4/4	5	3	1/2	1/2	1	2023						
99	99	392	392	2.0	1/2	1/2	Chord	4/4	5	3	1/2	1/2	1	2024						
99	99	390	390	2.0	0	0	Chord	4/4	6	1	1/2	1/2	1	2025						
99	99	392	392	2.0	1/2	1/2	Chord	4/4	6	1	1/2	1/2	1	2026						
99	99	390	390	2.0	0	0	Chord	4/4	7	1	1/2	1/2	1	2027						
99	99	392	392	0.0	1/2	1/2	FiguredBass	4/4	7	1	0					1/2	5b			
99	99	392	392	2.0	1/2	1/2	Chord	4/4	7	1	1/2	1/2	1	2028						
99	99	390	390	2.0	0	0	Chord	4/4	8	1	1/2	1/2	1	2029						
99	99	392	392	2.0	1/2	1/2	Chord	4/4	8	1	1/2	1/2	1	2030						
100	100	394	394	2.0	0	0	Chord	4/4	1	1	1/2	1/2	1	2031						
100	100	396	396	2.0	1/2	1/2	Chord	4/4	1	1	1/2	1/2	1	2032						
100	100	394	394	2.0	0	0	Chord	4/4	2	1	1/2	1/2	1	2033						
100	100	396	396	2.0	1/2	1/2	Chord	4/4	2	1	1/2	1/2	1	2034						
100	100	394	394	2.0	0	0	Chord	4/4	3	1	1/2	1/2	1	2035						
100	100	396	396	2.0	1/2	1/2	Chord	4/4	3	1	1/2	1/2	1	2036						
100	100	394	394	2.0	0	0	Chord	4/4	4	1	1/2	1/2	1	2037						
100	100	396	396	2.0	1/2	1/2	Chord	4/4	4	1	1/2	1/2	1	2038						
100	100	394	394	2.0	0	0	Chord	4/4	5	1	1/2	1/2	1	2039						
100	100	396	396	2.0	1/2	1/2	Chord	4/4	5	1	1/2	1/2	1	2040						
100	100	394	394	2.0	0	0	Chord	4/4	5	2	1/2	1/2	1	2041						
100	100	396	396	2.0	1/2	1/2	Chord	4/4	5	2	1/2	1/2	1	2042						
100	100	394	394	2.0	0	0	Chord	4/4	5	3	1/2	1/2	1	2043						
100	100	396	396	2.0	1/2	1/2	Chord	4/4	5	3	1/2	1/2	1	2044						
100	100	394	394	2.0	0	0	Chord	4/4	6	1	1/2	1/2	1	2045						
100	100	396	396	2.0	1/2	1/2	Chord	4/4	6	1	1/2	1/2	1	2046						
100	100	394	394	2.0	0	0	Chord	4/4	7	1	1/2	1/2	1	2047						
100	100	396	396	2.0	1/2	1/2	Chord	4/4	7	1	1/2	1/2	1	2048						
100	100	394	394	2.0	0	0	Chord	4/4	8	1	1/2	1/2	1	2049						
100	100	396	396	2.0	1/2	1/2	Chord	4/4	8	1	1/2	1/2	1	2050						
101	101	398	398	2.0	0	0	Chord	4/4	1	1	1/2	1/2	1	2051						
101	101	400	400	2.0	1/2	1/2	Chord	4/4	1	1	1/2	1/2	1	2052						
101	101	398	398	2.0	0	0	Chord	4/4	2	1	1/2	1/2	1	2053						
101	101	400	400	2.0	1/2	1/2	Chord	4/4	2	1	1/2	1/2	1	2054						
101	101	398	398	2.0	0	0	Chord	4/4	3	1	1/2	1/2	1	2055						
101	101	400	400	2.0	1/2	1/2	Chord	4/4	3	1	1/2	1/2	1	2056						
101	101	398	398	2.0	0	0	Chord	4/4	4	1	1/2	1/2	1	2057						
101	101	400	400	2.0	1/2	1/2	Chord	4/4	4	1	1/2	1/2	1	2058						
101	101	398	398	2.0	0	0	Chord	4/4	5	1	1/2	1/2	1	2059						
101	101	400	400	2.0	1/2	1/2	Chord	4/4	5	1	1/2	1/2	1	2060						
101	101	398	398	2.0	0	0	Chord	4/4	5	2	1/2	1/2	1	2061						
101	101	400	400	2.0	1/2	1/2	Chord	4/4	5	2	1/2	1/2	1	2062						
101	101	398	398	2.0	0	0	Chord	4/4	5	3	1/2	1/2	1	2063						
101	101	400	400	2.0	1/2	1/2	Chord	4/4	5	3	1/2	1/2	1	2064						
101	101	398	398	2.0	0	0	Chord	4/4	6	1	1/2	1/2	1	2065						
101	101	400	400	2.0	1/2	1/2	Chord	4/4	6	1	1/2	1/2	1	2066						
101	101	398	398	0.0	0	0	FiguredBass	4/4	7	1	0					1/2	7	5		
101	101	398	398	2.0	0	0	Chord	4/4	7	1	1/2	1/2	1	2067						
101	101	400	400	2.0	1/2	1/2	Chord	4/4	7	1	1/2	1/2	1	2068						
101	101	398	398	2.0	0	0	Chord	4/4	8	1	1/2	1/2	1	2069						
101	101	400	400	2.0	1/2	1/2	Chord	4/4	8	1	1/2	1/2	1	2070						
102	102	402	402	2.0	0	0	Chord	4/4	1	1	1/2	1/2	1	2071						
102	102	404	404	2.0	1/2	1/2	Chord	4/4	1	1	1/2	1/2	1	2072						
102	102	402	402	2.0	0	0	Chord	4/4	2	1	1/2	1/2	1	2073						
102	102	404	404	2.0	1/2	1/2	Chord	4/4	2	1	1/2	1/2	1	2074						
102	102	402	402	2.0	0	0	Chord	4/4	3	1	1/2	1/2	1	2075						
102	102	404	404	2.0	1/2	1/2	Chord	4/4	3	1	1/2	1/2	1	2076						
102	102	402	402	2.0	0	0	Chord	4/4	4	1	1/2	1/2	1	2077						
102	102	404	404	2.0	1/2	1/2	Chord	4/4	4	1	1/2	1/2	1	2078						
102	102	402	402	2.0	0	0	Chord	4/4	5	1	1/2	1/2	1	2079						
102	102	404	404	2.0	1/2	1/2	Chord	4/4	5	1	1/2	1/2	1	2080						
102	102	402	402	2.0	0	0	Chord	4/4	5	2	1/2	1/2	1	2081						
102	102	404	404	2.0	1/2	1/2	Chord	4/4	5	2	1/2	1/2	1	2082						
102	102	402	402	2.0	0	0	Chord	4/4	5	3	1/2	1/2	1	2083						
102	102	404	404	2.0	1/2	1/2	Chord	4/4	5	3	1/2	1/2	1	2084						
102	102	402	402	2.0	0	0	Chord	4/4	6	1	1/2	1/2	1	2085						
102	102	404	404	2.0	1/2	1/2	Chord	4/4	6	1	1/2	1/2	1	2086						
102	102	402	402	0.0	0	0	FiguredBass	4/4	7	1	0					1/2	6			
102	102	402	402	2.0	0	0	Chord	4/4	7	1	1/2	1/2	1	2087						
102	102	404	404	2.0	1/2	1/2	Chord	4/4	7	1	1/2	1/2	1	2088						
102	102	402	402	2.0	0	0	Chord	4/4	8	1	1/2	1/2	1	2089						
102	102	404	404	2.0	1/2	1/2	Chord	4/4	8	1	1/2	1/2	1	2090						
103	103	406	406	2.0	0	0	Chord	4/4	1	1	1/2	1/2	1	2091						
103	103	408	408	2.0	1/2	1/2	Chord	4/4	1	1	1/2	1/2	1	2092						
103	103	406	406	2.0	0	0	Chord	4/4	2	1	1/2	1/2	1	2093						
103	103	408	408	2.0	1/2	1/2	Chord	4/4	2	1	1/2	1/2	1	2094						
103	103	406	406	2.0	0	0	Chord	4/4	3	1	1/2	1/2	1	2095						
103	103	408	408	2.0	1/2	1/2	Chord	4/4	3	1	1/2	1/2	1	2096						
103	103	406	406	2.0	0	0	Chord	4/4	4	1	1/2	1/2	1	2097						
103	103	408	408	2.0	1/2	1/2	Chord	4/4	4	1	1/2	1/2	1	2098						
103	103	406	406	2.0	0	0	Chord	4/4	5	1	1/2	1/2	1	2099						
103	103	408	408	2.0	1/2	1/2	Chord	4/4	5	1	1/2	1/2	1	2100						
103	103	406	406	2.0	0	0	Chord	4/4	5	2	1/2	1/2	1	2101						
103	103	408	408	2.0	1/2	1/2	Chord	4/4	5	2	1/2	1/2	1	2102						
103	103	406	406	2.0	0	0	Chord	4/4	5	3	1/2	1/2	1	2103						
103	103	408	408	2.0	1/2	1/2	Chord	4/4	5	3	1/2	1/2	1	2104						
103	103	406	406	2.0	0	0	Chord	4/4	6	1	1/2	1/2	1	2105						
103	103	408	408	2.0	1/2	1/2	Chord	4/4	6	1	1/2	1/2	1	2106						
103	103	406	406	0.0	0	0	FiguredBass	4/4	7	1	0					1/2	6			
103	103	406	406	2.0	0	0	Chord	4/4	7	1	1/2	1/2	1	2107						
103	103	408	408	2.0	1/2	1/2	Chord	4/4	7	1	1/2	1/2	1	2108						
103	103	406	406	2.0	0	0	Chord	4/4	8	1	1/2	1/2	1	2109						
103	103	408	408	2.0	1/2	1/2	Chord	4/4	8	1	1/2	1/2	1	2110						
104	104	410	410	2.0	0	0	Chord	4/4	1	1	1/2	1/2	1	2111						
104	104	412	412	2.0	1/2	1/2	Chord	4/4	1	1	1/2	1/2	1	2112						
104	104	410	410	2.0	0	0	Chord	4/4	2	1	1/2	1/2	1	2113						
104	104	412	412	2.0	1/2	1/2	Chord	4/4	2	1	1/2	1/2	1	2114						
104	104	410	410	2.0	0	0	Chord	4/4	3	1	1/2	1/2	1	2115						
104	104	412	412	2.0	1/2	1/2	Chord	4/4	3	1	1/2	1/2	1	2116						
104	104	410	410	2.0	0	0	Chord	4/4	4	1	1/2	1/2	1	2117						
104	104	412	412	2.0	1/2	1/2	Chord	4/4	4	1	1/2	1/2	1	2118						
104	104	410	410	2.0	0	0	Chord	4/4	5	1	1/2	1/2	1	2119						
104	104	412	412	2.0	1/2	1/2	Chord	4/4	5	1	1/2	1/2	1	2120						
104	104	410	410	2.0	0	0	Chord	4/4	5	2	1/2	1/2	1	2121						
104	104	412	412	2.0	1/2	1/2	Chord	4/4	5	2	1/2	1/2	1	2122						
104	104	410	410	2.0	0	0	Chord	4/4	5	3	1/2	1/2	1	2123						
104	104	412	412	2.0	1/2	1/2	Chord	4/4	5	3	1/2	1/2	1	2124						
104	104	412	412	2.0	1/2	1/2	Chord	4/4	5	4	1/2	1/2	1	2125						
104	104	410	410	2.0	0	0	Chord	4/4	6	1	1/2	1/2	1	2126						
104	104	412	412	2.0	1/2	1/2	Chord	4/4	6	1	1/2	1/2	1	2127						
104	104	410	410	2.0	0	0	Chord	4/4	7	1	1/2	1/2	1	2128						
104	104	412	412	0.0	1/2	1/2	FiguredBass	4/4	7	1	0					1/2	4			
104	104	412	412	2.0	1/2	1/2	Chord	4/4	7	1	1/2	1/2	1	2129						
104	104	410	410	2.0	0	0	Chord	4/4	8	1	1/2	1/2	1	2130						
104	104	412	412	2.0	1/2	1/2	Chord	4/4	8	1	1/2	1/2	1	2131						
105	105	414	414	2.0	0	0	Chord	4/4	1	1	1/2	1/2	1	2132						
105	105	416	416	2.0	1/2	1/2	Chord	4/4	1	1	1/2	1/2	1	2133						
105	105	414	414	2.0	0	0	Chord	4/4	2	1	1/2	1/2	1	2134						
105	105	416	416	2.0	1/2	1/2	Chord	4/4	2	1	1/2	1/2	1	2135						
105	105	414	414	2.0	0	0	Chord	4/4	3	1	1/2	1/2	1	2136						
105	105	416	416	2.0	1/2	1/2	Chord	4/4	3	1	1/2	1/2	1	2137						
105	105	414	414	2.0	0	0	Chord	4/4	4	1	1/2	1/2	1	2138						
105	105	416	416	2.0	1/2	1/2	Chord	4/4	4	1	1/2	1/2	1	2139						
105	105	414	414	2.0	0	0	Chord	4/4	5	1	1/2	1/2	1	2140						
105	105	416	416	2.0	1/2	1/2	Chord	4/4	5	1	1/2	1/2	1	2141						
105	105	414	414	2.0	0	0	Chord	4/4	5	2	1/2	1/2	1	2142						
105	105	416	416	2.0	1/2	1/2	Chord	4/4	5	2	1/2	1/2	1	2143						
105	105	414	414	2.0	0	0	Chord	4/4	5	3	1/2	1/2	1	2144						
105	105	416	416	2.0	1/2	1/2	Chord	4/4	5	3	1/2	1/2	1	2145						
105	105	414	414	2.0	0	0	Chord	4/4	5	4	1/2	1/2	1	2146						
105	105	414	414	2.0	0	0	Chord	4/4	6	1	1/2	1/2	1	2147						
105	105	416	416	2.0	1/2	1/2	Chord	4/4	6	1	1/2	1/2	1	2148						
105	105	414	414	0.0	0	0	FiguredBass	4/4	7	1	0					1/2	5	2		
105	105	414	414	2.0	0	0	Chord	4/4	7	1	1/2	1/2	1	2149						
105	105	416	416	0.0	1/2	1/2	FiguredBass	4/4	7	1	0					1/2	6			
105	105	416	416	2.0	1/2	1/2	Chord	4/4	7	1	1/2	1/2	1	2150						
105	105	414	414	2.0	0	0	Chord	4/4	8	1	1/2	1/2	1	2151						
105	105	416	416	2.0	1/2	1/2	Chord	4/4	8	1	1/2	1/2	1	2152						
106	106	418	418	2.0	0	0	Chord	4/4	1	1	1/2	1/2	1	2153						
106	106	420	420	2.0	1/2	1/2	Chord	4/4	1	1	1/2	1/2	1	2154						
106	106	418	418	2.0	0	0	Chord	4/4	2	1	1/2	1/2	1	2155						
106	106	420	420	2.0	1/2	1/2	Chord	4/4	2	1	1/2	1/2	1	2156						
106	106	418	418	2.0	0	0	Chord	4/4	3	1	1/2	1/2	1	2157						
106	106	420	420	2.0	1/2	1/2	Chord	4/4	3	1	1/2	1/2	1	2158						
106	106	418	418	2.0	0	0	Chord	4/4	4	1	1/2	1/2	1	2159						
106	106	420	420	2.0	1/2	1/2	Chord	4/4	4	1	1/2	1/2	1	2160						
106	106	418	418	2.0	0	0	Chord	4/4	5	1	1/2	1/2	1	2161						
106	106	420	420	2.0	1/2	1/2	Chord	4/4	5	1	1/2	1/2	1	2162						
106	106	418	418	2.0	0	0	Chord	4/4	5	2	1/2	1/2	1	2163						
106	106	420	420	2.0	1/2	1/2	Chord	4/4	5	2	1/2	1/2	1	2164						
106	106	418	418	2.0	0	0	Chord	4/4	5	3	1/2	1/2	1	2165						
106	106	420	420	2.0	1/2	1/2	Chord	4/4	5	3	1/2	1/2	1	2166						
106	106	418	418	2.0	0	0	Chord	4/4	6	1	1/2	1/2	1	2167						
106	106	420	420	2.0	1/2	1/2	Chord	4/4	6	1	1/2	1/2	1	2168						
106	106	418	418	0.0	0	0	FiguredBass	4/4	7	1	0					1/2	2			
106	106	418	418	2.0	0	0	Chord	4/4	7	1	1/2	1/2	1	2169						
106	106	420	420	2.0	1/2	1/2	Chord	4/4	7	1	1/2	1/2	1	2170						
106	106	418	418	2.0	0	0	Chord	4/4	8	1	1/2	1/2	1	2171						
106	106	420	420	2.0	1/2	1/2	Chord	4/4	8	1	1/2	1/2	1	2172						
107	107	422	422	2.0	0	0	Chord	4/4	1	1	1/2	1/2	1	2173						
107	107	424	424	2.0	1/2	1/2	Chord	4/4	1	1	1/2	1/2	1	2174						
107	107	422	422	2.0	0	0	Chord	4/4	2	1	1/2	1/2	1	2175						
107	107	424	424	2.0	1/2	1/2	Chord	4/4	2	1	1/2	1/2	1	2176						
107	107	422	422	2.0	0	0	Chord	4/4	3	1	1/2	1/2	1	2177						
107	107	424	424	2.0	1/2	1/2	Chord	4/4	3	1	1/2	1/2	1	2178						
107	107	422	422	2.0	0	0	Chord	4/4	4	1	1/2	1/2	1	2179						
107	107	424	424	2.0	1/2	1/2	Chord	4/4	4	1	1/2	1/2	1	2180						
107	107	422	422	2.0	0	0	Chord	4/4	5	1	1/2	1/2	1	2181						
107	107	424	424	2.0	1/2	1/2	Chord	4/4	5	1	1/2	1/2	1	2182						
107	107	422	422	2.0	0	0	Chord	4/4	5	2	1/2	1/2	1	2183						
107	107	424	424	2.0	1/2	1/2	Chord	4/4	5	2	1/2	1/2	1	2184						
107	107	422	422	2.0	0	0	Chord	4/4	5	3	1/2	1/2	1	2185						
107	107	424	424	2.0	1/2	1/2	Chord	4/4	5	3	1/2	1/2	1	2186						
107	107	422	422	2.0	0	0	Chord	4/4	6	1	1/2	1/2	1	2187						
107	107	424	424	2.0	1/2	1/2	Chord	4/4	6	1	1/2	1/2	1	2188						
107	107	422	422	2.0	0	0	Chord	4/4	7	1	1/2	1/2	1	2189						
107	107	424	424	0.0	1/2	1/2	FiguredBass	4/4	7	1	0					1/2	5b			
107	107	424	424	2.0	1/2	1/2	Chord	4/4	7	1	1/2	1/2	1	2190						
107	107	422	422	2.0	0	0	Chord	4/4	8	1	1/2	1/2	1	2191						
107	107	424	424	2.0	1/2	1/2	Chord	4/4	8	1	1/2	1/2	1	2192						
108	108	426	426	2.0	0	0	Chord	4/4	1	1	1/2	1/2	1	2193						
108	108	428	428	2.0	1/2	1/2	Chord	4/4	1	1	1/2	1/2	1	2194						
108	108	426	426	2.0	0	0	Chord	4/4	2	1	1/2	1/2	1	2195						
108	108	428	428	2.0	1/2	1/2	Chord	4/4	2	1	1/2	1/2	1	2196						
108	108	426	426	2.0	0	0	Chord	4/4	3	1	1/2	1/2	1	2197						
108	108	428	428	2.0	1/2	1/2	Chord	4/4	3	1	1/2	1/2	1	2198						
108	108	426	426	2.0	0	0	Chord	4/4	4	1	1/2	1/2	1	2199						
108	108	428	428	2.0	1/2	1/2	Chord	4/4	4	1	1/2	1/2	1	2200						
108	108	426	426	2.0	0	0	Chord	4/4	5	1	1/2	1/2	1	2201						
108	108	428	428	2.0	1/2	1/2	Chord	4/4	5	1	1/2	1/2	1	2202						
108	108	426	426	2.0	0	0	Chord	4/4	5	2	1/2	1/2	1	2203						
108	108	428	428	2.0	1/2	1/2	Chord	4/4	5	2	1/2	1/2	1	2204						
108	108	426	426	2.0	0	0	Chord	4/4	5	3	1/2	1/2	1	2205						
108	108	428	428	2.0	1/2	1/2	Chord	4/4	5	3	1/2	1/2	1	2206						
108	108	426	426	2.0	0	0	Chord	4/4	6	1	1/2	1/2	1	2207						
108	108	428	428	2.0	1/2	1/2	Chord	4/4	6	1	1/2	1/2	1	2208						
108	108	426	426	2.0	0	0	Chord	4/4	7	1	1/2	1/2	1	2209						
108	108	428	428	2.0	1/2	1/2	Chord	4/4	7	1	1/2	1/2	1	2210						
108	108	426	426	2.0	0	0	Chord	4/4	8	1	1/2	1/2	1	2211						
108	108	428	428	2.0	1/2	1/2	Chord	4/4	8	1	1/2	1/2	1	2212						
109	109	430	430	2.0	0	0	Chord	4/4	1	1	1/2	1/2	1	2213						
109	109	432	432	2.0	1/2	1/2	Chord	4/4	1	1	1/2	1/2	1	2214						
109	109	430	430	2.0	0	0	Chord	4/4	2	1	1/2	1/2	1	2215						
109	109	432	432	2.0	1/2	1/2	Chord	4/4	2	1	1/2	1/2	1	2216						
109	109	430	430	2.0	0	0	Chord	4/4	3	1	1/2	1/2	1	2217						
109	109	432	432	2.0	1/2	1/2	Chord	4/4	3	1	1/2	1/2	1	2218						
109	109	430	430	2.0	0	0	Chord	4/4	4	1	1/2	1/2	1	2219						
109	109	432	432	2.0	1/2	1/2	Chord	4/4	4	1	1/2	1/2	1	2220						
109	109	430	430	2.0	0	0	Chord	4/4	5	1	1/2	1/2	1	2221						
109	109	432	432	2.0	1/2	1/2	Chord	4/4	5	1	1/2	1/2	1	2222						
109	109	430	430	2.0	0	0	Chord	4/4	5	2	1/2	1/2	1	2223						
109	109	432	432	2.0	1/2	1/2	Chord	4/4	5	2	1/2	1/2	1	2224						
109	109	430	430	2.0	0	0	Chord	4/4	5	3	1/2	1/2	1	2225						
109	109	432	432	2.0	1/2	1/2	Chord	4/4	5	3	1/2	1/2	1	2226						
109	109	430	430	2.0	0	0	Chord	4/4	6	1	1/2	1/2	1	2227						
109	109	432	432	2.0	1/2	1/2	Chord	4/4	6	1	1/2	1/2	1	2228						
109	109	430	430	0.0	0	0	FiguredBass	4/4	7	1	0					1/2	7	5		
109	109	430	430	2.0	0	0	Chord	4/4	7	1	1/2	1/2	1	2229						
109	109	432	432	2.0	1/2	1/2	Chord	4/4	7	1	1/2	1/2	1	2230						
109	109	430	430	2.0	0	0	Chord	4/4	8	1	1/2	1/2	1	2231						
109	109	432	432	2.0	1/2	1/2	Chord	4/4	8	1	1/2	1/2	1	2232						
110	110	434	434	2.0	0	0	Chord	4/4	1	1	1/2	1/2	1	2233						
110	110	436	436	2.0	1/2	1/2	Chord	4/4	1	1	1/2	1/2	1	2234						
110	110	434	434	2.0	0	0	Chord	4/4	2	1	1/2	1/2	1	2235						
110	110	436	436	2.0	1/2	1/2	Chord	4/4	2	1	1/2	1/2	1	2236						
110	110	434	434	2.0	0	0	Chord	4/4	3	1	1/2	1/2	1	2237						
110	110	436	436	2.0	1/2	1/2	Chord	4/4	3	1	1/2	1/2	1	2238						
110	110	434	434	2.0	0	0	Chord	4/4	4	1	1/2	1/2	1	2239						
110	110	436	436	2.0	1/2	1/2	Chord	4/4	4	1	1/2	1/2	1	2240						
110	110	434	434	2.0	0	0	Chord	4/4	5	1	1/2	1/2	1	2241						
110	110	436	436	2.0	1/2	1/2	Chord	4/4	5	1	1/2	1/2	1	2242						
110	110	434	434	2.0	0	0	Chord	4/4	5	2	1/2	1/2	1	2243						
110	110	436	436	2.0	1/2	1/2	Chord	4/4	5	2	1/2	1/2	1	2244						
110	110	434	434	2.0	0	0	Chord	4/4	5	3	1/2	1/2	1	2245						
110	110	436	436	2.0	1/2	1/2	Chord	4/4	5	3	1/2	1/2	1	2246						
110	110	434	434	2.0	0	0	Chord	4/4	6	1	1/2	1/2	1	2247						
110	110	436	436	2.0	1/2	1/2	Chord	4/4	6	1	1/2	1/2	1	2248						
110	110	434	434	0.0	0	0	FiguredBass	4/4	7	1	0					1/2	6			
110	110	434	434	2.0	0	0	Chord	4/4	7	1	1/2	1/2	1	2249						
110	110	436	436	2.0	1/2	1/2	Chord	4/4	7	1	1/2	1/2	1	2250						
110	110	434	434	2.0	0	0	Chord	4/4	8	1	1/2	1/2	1	2251						
110	110	436	436	2.0	1/2	1/2	Chord	4/4	8	1	1/2	1/2	1	2252						
111	111	438	438	2.0	0	0	Chord	4/4	1	1	1/2	1/2	1	2253						
111	111	440	440	2.0	1/2	1/2	Chord	4/4	1	1	1/2	1/2	1	2254						
111	111	438	438	2.0	0	0	Chord	4/4	2	1	1/2	1/2	1	2255						
111	111	440	440	2.0	1/2	1/2	Chord	4/4	2	1	1/2	1/2	1	2256						
111	111	438	438	2.0	0	0	Chord	4/4	3	1	1/2	1/2	1	2257						
111	111	440	440	2.0	1/2	1/2	Chord	4/4	3	1	1/2	1/2	1	2258						
111	111	438	438	2.0	0	0	Chord	4/4	4	1	1/2	1/2	1	2259						
111	111	440	440	2.0	1/2	1/2	Chord	4/4	4	1	1/2	1/2	1	2260						
111	111	438	438	2.0	0	0	Chord	4/4	5	1	1/2	1/2	1	2261						
111	111	440	440	2.0	1/2	1/2	Chord	4/4	5	1	1/2	1/2	1	2262						
111	111	438	438	2.0	0	0	Chord	4/4	5	2	1/2	1/2	1	2263						
111	111	440	440	2.0	1/2	1/2	Chord	4/4	5	2	1/2	1/2	1	2264						
111	111	438	438	2.0	0	0	Chord	4/4	5	3	1/2	1/2	1	2265						
111	111	440	440	2.0	1/2	1/2	Chord	4/4	5	3	1/2	1/2	1	2266						
111	111	438	438	2.0	0	0	Chord	4/4	6	1	1/2	1/2	1	2267						
111	111	440	440	2.0	1/2	1/2	Chord	4/4	6	1	1/2	1/2	1	2268						
111	111	438	438	0.0	0	0	FiguredBass	4/4	7	1	0					1/2	6			
111	111	438	438	2.0	0	0	Chord	4/4	7	1	1/2	1/2	1	2269						
111	111	440	440	2.0	1/2	1/2	Chord	4/4	7	1	1/2	1/2	1	2270						
111	111	438	438	2.0	0	0	Chord	4/4	8	1	1/2	1/2	1	2271						
111	111	440	440	2.0	1/2	1/2	Chord	4/4	8	1	1/2	1/2	1	2272						
112	112	442	442	2.0	0	0	Chord	4/4	1	1	1/2	1/2	1	2273						
112	112	444	444	2.0	1/2	1/2	Chord	4/4	1	1	1/2	1/2	1	2274						
112	112	442	442	2.0	0	0	Chord	4/4	2	1	1/2	1/2	1	2275						
112	112	444	444	2.0	1/2	1/2	Chord	4/4	2	1	1/2	1/2	1	2276						
112	112	442	442	2.0	0	0	Chord	4/4	3	1	1/2	1/2	1	2277						
112	112	444	444	2.0	1/2	1/2	Chord	4/4	3	1	1/2	1/2	1	2278						
112	112	442	442	2.0	0	0	Chord	4/4	4	1	1/2	1/2	1	2279						
112	112	444	444	2.0	1/2	1/2	Chord	4/4	4	1	1/2	1/2	1	2280						
112	112	442	442	2.0	0	0	Chord	4/4	5	1	1/2	1/2	1	2281						
112	112	444	444	2.0	1/2	1/2	Chord	4/4	5	1	1/2	1/2	1	2282						
112	112	442	442	2.0	0	0	Chord	4/4	5	2	1/2	1/2	1	2283						
112	112	444	444	2.0	1/2	1/2	Chord	4/4	5	2	1/2	1/2	1	2284						
112	112	442	442	2.0	0	0	Chord	4/4	5	3	1/2	1/2	1	2285						
112	112	444	444	2.0	1/2	1/2	Chord	4/4	5	3	1/2	1/2	1	2286						
112	112	444	444	2.0	1/2	1/2	Chord	4/4	5	4	1/2	1/2	1	2287						
112	112	442	442	2.0	0	0	Chord	4/4	6	1	1/2	1/2	1	2288						
112	112	444	444	2.0	1/2	1/2	Chord	4/4	6	1	1/2	1/2	1	2289						
112	112	442	442	2.0	0	0	Chord	4/4	7	1	1/2	1/2	1	2290						
112	112	444	444	0.0	1/2	1/2	FiguredBass	4/4	7	1	0					1/2	4			
112	112	444	444	2.0	1/2	1/2	Chord	4/4	7	1	1/2	1/2	1	2291						
112	112	442	442	2.0	0	0	Chord	4/4	8	1	1/2	1/2	1	2292						
112	112	444	444	2.0	1/2	1/2	Chord	4/4	8	1	1/2	1/2	1	2293						
113	113	446	446	2.0	0	0	Chord	4/4	1	1	1/2	1/2	1	2294						
113	113	448	448	2.0	1/2	1/2	Chord	4/4	1	1	1/2	1/2	1	2295						
113	113	446	446	2.0	0	0	Chord	4/4	2	1	1/2	1/2	1	2296						
113	113	448	448	2.0	1/2	1/2	Chord	4/4	2	1	1/2	1/2	1	2297						
113	113	446	446	2.0	0	0	Chord	4/4	3	1	1/2	1/2	1	2298						
113	113	448	448	2.0	1/2	1/2	Chord	4/4	3	1	1/2	1/2	1	2299						
113	113	446	446	2.0	0	0	Chord	4/4	4	1	1/2	1/2	1	2300						
113	113	448	448	2.0	1/2	1/2	Chord	4/4	4	1	1/2	1/2	1	2301						
113	113	446	446	2.0	0	0	Chord	4/4	5	1	1/2	1/2	1	2302						
113	113	448	448	2.0	1/2	1/2	Chord	4/4	5	1	1/2	1/2	1	2303						
113	113	446	446	2.0	0	0	Chord	4/4	5	2	1/2	1/2	1	2304						
113	113	448	448	2.0	1/2	1/2	Chord	4/4	5	2	1/2	1/2	1	2305						
113	113	446	446	2.0	0	0	Chord	4/4	5	3	1/2	1/2	1	2306						
113	113	448	448	2.0	1/2	1/2	Chord	4/4	5	3	1/2	1/2	1	2307						
113	113	446	446	2.0	0	0	Chord	4/4	5	4	1/2	1/2	1	2308						
113	113	446	446	2.0	0	0	Chord	4/4	6	1	1/2	1/2	1	2309						
113	113	448	448	2.0	1/2	1/2	Chord	4/4	6	1	1/2	1/2	1	2310						
113	113	446	446	0.0	0	0	FiguredBass	4/4	7	1	0					1/2	5	2		
113	113	446	446	2.0	0	0	Chord	4/4	7	1	1/2	1/2	1	2311						
113	113	448	448	0.0	1/2	1/2	FiguredBass	4/4	7	1	0					1/2	6			
113	113	448	448	2.0	1/2	1/2	Chord	4/4	7	1	1/2	1/2	1	2312						
113	113	446	446	2.0	0	0	Chord	4/4	8	1	1/2	1/2	1	2313						
113	113	448	448	2.0	1/2	1/2	Chord	4/4	8	1	1/2	1/2	1	2314						
114	114	450	450	2.0	0	0	Chord	4/4	1	1	1/2	1/2	1	2315						
114	114	452	452	2.0	1/2	1/2	Chord	4/4	1	1	1/2	1/2	1	2316						
114	114	450	450	2.0	0	0	Chord	4/4	2	1	1/2	1/2	1	2317						
114	114	452	452	2.0	1/2	1/2	Chord	4/4	2	1	1/2	1/2	1	2318						
114	114	450	450	2.0	0	0	Chord	4/4	3	1	1/2	1/2	1	2319						
114	114	452	452	2.0	1/2	1/2	Chord	4/4	3	1	1/2	1/2	1	2320						
114	114	450	450	2.0	0	0	Chord	4/4	4	1	1/2	1/2	1	2321						
114	114	452	452	2.0	1/2	1/2	Chord	4/4	4	1	1/2	1/2	1	2322						
114	114	450	450	2.0	0	0	Chord	4/4	5	1	1/2	1/2	1	2323						
114	114	452	452	2.0	1/2	1/2	Chord	4/4	5	1	1/2	1/2	1	2324						
114	114	450	450	2.0	0	0	Chord	4/4	5	2	1/2	1/2	1	2325						
114	114	452	452	2.0	1/2	1/2	Chord	4/4	5	2	1/2	1/2	1	2326						
114	114	450	450	2.0	0	0	Chord	4/4	5	3	1/2	1/2	1	2327						
114	114	452	452	2.0	1/2	1/2	Chord	4/4	5	3	1/2	1/2	1	2328						
114	114	450	450	2.0	0	0	Chord	4/4	6	1	1/2	1/2	1	2329						
114	114	452	452	2.0	1/2	1/2	Chord	4/4	6	1	1/2	1/2	1	2330						
114	114	450	450	0.0	0	0	FiguredBass	4/4	7	1	0					1/2	2			
114	114	450	450	2.0	0	0	Chord	4/4	7	1	1/2	1/2	1	2331						
114	114	452	452	2.0	1/2	1/2	Chord	4/4	7	1	1/2	1/2	1	2332						
114	114	450	450	2.0	0	0	Chord	4/4	8	1	1/2	1/2	1	2333						
114	114	452	452	2.0	1/2	1/2	Chord	4/4	8	1	1/2	1/2	1	2334						
115	115	454	454	2.0	0	0	Chord	4/4	1	1	1/2	1/2	1	2335						
115	115	456	456	2.0	1/2	1/2	Chord	4/4	1	1	1/2	1/2	1	2336						
115	115	454	454	2.0	0	0	Chord	4/4	2	1	1/2	1/2	1	2337						
115	115	456	456	2.0	1/2	1/2	Chord	4/4	2	1	1/2	1/2	1	2338						
115	115	454	454	2.0	0	0	Chord	4/4	3	1	1/2	1/2	1	2339						
115	115	456	456	2.0	1/2	1/2	Chord	4/4	3	1	1/2	1/2	1	2340						
115	115	454	454	2.0	0	0	Chord	4/4	4	1	1/2	1/2	1	2341						
115	115	456	456	2.0	1/2	1/2	Chord	4/4	4	1	1/2	1/2	1	2342						
115	115	454	454	2.0	0	0	Chord	4/4	5	1	1/2	1/2	1	2343						
115	115	456	456	2.0	1/2	1/2	Chord	4/4	5	1	1/2	1/2	1	2344						
115	115	454	454	2.0	0	0	Chord	4/4	5	2	1/2	1/2	1	2345						
115	115	456	456	2.0	1/2	1/2	Chord	4/4	5	2	1/2	1/2	1	2346						
115	115	454	454	2.0	0	0	Chord	4/4	5	3	1/2	1/2	1	2347						
115	115	456	456	2.0	1/2	1/2	Chord	4/4	5	3	1/2	1/2	1	2348						
115	115	454	454	2.0	0	0	Chord	4/4	6	1	1/2	1/2	1	2349						
115	115	456	456	2.0	1/2	1/2	Chord	4/4	6	1	1/2	1/2	1	2350						
115	115	454	454	2.0	0	0	Chord	4/4	7	1	1/2	1/2	1	2351						
115	115	456	456	0.0	1/2	1/2	FiguredBass	4/4	7	1	0					1/2	5b			
115	115	456	456	2.0	1/2	1/2	Chord	4/4	7	1	1/2	1/2	1	2352						
115	115	454	454	2.0	0	0	Chord	4/4	8	1	1/2	1/2	1	2353						
115	115	456	456	2.0	1/2	1/2	Chord	4/4	8	1	1/2	1/2	1	2354						
116	116	458	458	2.0	0	0	Chord	4/4	1	1	1/2	1/2	1	2355						
116	116	460	460	2.0	1/2	1/2	Chord	4/4	1	1	1/2	1/2	1	2356						
116	116	458	458	2.0	0	0	Chord	4/4	2	1	1/2	1/2	1	2357						
116	116	460	460	2.0	1/2	1/2	Chord	4/4	2	1	1/2	1/2	1	2358						
116	116	458	458	2.0	0	0	Chord	4/4	3	1	1/2	1/2	1	2359						
116	116	460	460	2.0	1/2	1/2	Chord	4/4	3	1	1/2	1/2	1	2360						
116	116	458	458	2.0	0	0	Chord	4/4	4	1	1/2	1/2	1	2361						
116	116	460	460	2.0	1/2	1/2	Chord	4/4	4	1	1/2	1/2	1	2362						
116	116	458	458	2.0	0	0	Chord	4/4	5	1	1/2	1/2	1	2363						
116	116	460	460	2.0	1/2	1/2	Chord	4/4	5	1	1/2	1/2	1	2364						
116	116	458	458	2.0	0	0	Chord	4/4	5	2	1/2	1/2	1	2365						
116	116	460	460	2.0	1/2	1/2	Chord	4/4	5	2	1/2	1/2	1	2366						
116	116	458	458	2.0	0	0	Chord	4/4	5	3	1/2	1/2	1	2367						
116	116	460	460	2.0	1/2	1/2	Chord	4/4	5	3	1/2	1/2	1	2368						
116	116	458	458	2.0	0	0	Chord	4/4	6	1	1/2	1/2	1	2369						
116	116	460	460	2.0	1/2	1/2	Chord	4/4	6	1	1/2	1/2	1	2370						
116	116	458	458	2.0	0	0	Chord	4/4	7	1	1/2	1/2	1	2371						
116	116	460	460	2.0	1/2	1/2	Chord	4/4	7	1	1/2	1/2	1	2372						
116	116	458	458	2.0	0	0	Chord	4/4	8	1	1/2	1/2	1	2373						
116	116	460	460	2.0	1/2	1/2	Chord	4/4	8	1	1/2	1/2	1	2374						
117	117	462	462	2.0	0	0	Chord	4/4	1	1	1/2	1/2	1	2375						
117	117	464	464	2.0	1/2	1/2	Chord	4/4	1	1	1/2	1/2	1	2376						
117	117	462	462	2.0	0	0	Chord	4/4	2	1	1/2	1/2	1	2377						
117	117	464	464	2.0	1/2	1/2	Chord	4/4	2	1	1/2	1/2	1	2378						
117	117	462	462	2.0	0	0	Chord	4/4	3	1	1/2	1/2	1	2379						
117	117	464	464	2.0	1/2	1/2	Chord	4/4	3	1	1/2	1/2	1	2380						
117	117	462	462	2.0	0	0	Chord	4/4	4	1	1/2	1/2	1	2381						
117	117	464	464	2.0	1/2	1/2	Chord	4/4	4	1	1/2	1/2	1	2382						
117	117	462	462	2.0	0	0	Chord	4/4	5	1	1/2	1/2	1	2383						
117	117	464	464	2.0	1/2	1/2	Chord	4/4	5	1	1/2	1/2	1	2384						
117	117	462	462	2.0	0	0	Chord	4/4	5	2	1/2	1/2	1	2385						
117	117	464	464	2.0	1/2	1/2	Chord	4/4	5	2	1/2	1/2	1	2386						
117	117	462	462	2.0	0	0	Chord	4/4	5	3	1/2	1/2	1	2387						
117	117	464	464	2.0	1/2	1/2	Chord	4/4	5	3	1/2	1/2	1	2388						
117	117	462	462	2.0	0	0	Chord	4/4	6	1	1/2	1/2	1	2389						
117	117	464	464	2.0	1/2	1/2	Chord	4/4	6	1	1/2	1/2	1	2390						
117	117	462	462	0.0	0	0	FiguredBass	4/4	7	1	0					1/2	7	5		
117	117	462	462	2.0	0	0	Chord	4/4	7	1	1/2	1/2	1	2391						
117	117	464	464	2.0	1/2	1/2	Chord	4/4	7	1	1/2	1/2	1	2392						
117	117	462	462	2.0	0	0	Chord	4/4	8	1	1/2	1/2	1	2393						
117	117	464	464	2.0	1/2	1/2	Chord	4/4	8	1	1/2	1/2	1	2394						
118	118	466	466	2.0	0	0	Chord	4/4	1	1	1/2	1/2	1	2395						
118	118	468	468	2.0	1/2	1/2	Chord	4/4	1	1	1/2	1/2	1	2396						
118	118	466	466	2.0	0	0	Chord	4/4	2	1	1/2	1/2	1	2397						
118	118	468	468	2.0	1/2	1/2	Chord	4/4	2	1	1/2	1/2	1	2398						
118	118	466	466	2.0	0	0	Chord	4/4	3	1	1/2	1/2	1	2399						
118	118	468	468	2.0	1/2	1/2	Chord	4/4	3	1	1/2	1/2	1	2400						
118	118	466	466	2.0	0	0	Chord	4/4	4	1	1/2	1/2	1	2401						
118	118	468	468	2.0	1/2	1/2	Chord	4/4	4	1	1/2	1/2	1	2402						
118	118	466	466	2.0	0	0	Chord	4/4	5	1	1/2	1/2	1	2403						
118	118	468	468	2.0	1/2	1/2	Chord	4/4	5	1	1/2	1/2	1	2404						
118	118	466	466	2.0	0	0	Chord	4/4	5	2	1/2	1/2	1	2405						
118	118	468	468	2.0	1/2	1/2	Chord	4/4	5	2	1/2	1/2	1	2406						
118	118	466	466	2.0	0	0	Chord	4/4	5	3	1/2	1/2	1	2407						
118	118	468	468	2.0	1/2	1/2	Chord	4/4	5	3	1/2	1/2	1	2408						
118	118	466	466	2.0	0	0	Chord	4/4	6	1	1/2	1/2	1	2409						
118	118	468	468	2.0	1/2	1/2	Chord	4/4	6	1	1/2	1/2	1	2410						
118	118	466	466	0.0	0	0	FiguredBass	4/4	7	1	0					1/2	6			
118	118	466	466	2.0	0	0	Chord	4/4	7	1	1/2	1/2	1	2411						
118	118	468	468	2.0	1/2	1/2	Chord	4/4	7	1	1/2	1/2	1	2412						
118	118	466	466	2.0	0	0	Chord	4/4	8	1	1/2	1/2	1	2413						
118	118	468	468	2.0	1/2	1/2	Chord	4/4	8	1	1/2	1/2	1	2414						
119	119	470	470	2.0	0	0	Chord	4/4	1	1	1/2	1/2	1	2415						
119	119	472	472	2.0	1/2	1/2	Chord	4/4	1	1	1/2	1/2	1	2416						
119	119	470	470	2.0	0	0	Chord	4/4	2	1	1/2	1/2	1	2417						
119	119	472	472	2.0	1/2	1/2	Chord	4/4	2	1	1/2	1/2	1	2418						
119	119	470	470	2.0	0	0	Chord	4/4	3	1	1/2	1/2	1	2419						
119	119	472	472	2.0	1/2	1/2	Chord	4/4	3	1	1/2	1/2	1	2420						
119	119	470	470	2.0	0	0	Chord	4/4	4	1	1/2	1/2	1	2421						
119	119	472	472	2.0	1/2	1/2	Chord	4/4	4	1	1/2	1/2	1	2422						
119	119	470	470	2.0	0	0	Chord	4/4	5	1	1/2	1/2	1	2423						
119	119	472	472	2.0	1/2	1/2	Chord	4/4	5	1	1/2	1/2	1	2424						
119	119	470	470	2.0	0	0	Chord	4/4	5	2	1/2	1/2	1	2425						
119	119	472	472	2.0	1/2	1/2	Chord	4/4	5	2	1/2	1/2	1	2426						
119	119	470	470	2.0	0	0	Chord	4/4	5	3	1/2	1/2	1	2427						
119	119	472	472	2.0	1/2	1/2	Chord	4/4	5	3	1/2	1/2	1	2428						
119	119	470	470	2.0	0	0	Chord	4/4	6	1	1/2	1/2	1	2429						
119	119	472	472	2.0	1/2	1/2	Chord	4/4	6	1	1/2	1/2	1	2430						
119	119	470	470	0.0	0	0	FiguredBass	4/4	7	1	0					1/2	6			
119	119	470	470	2.0	0	0	Chord	4/4	7	1	1/2	1/2	1	2431						
119	119	472	472	2.0	1/2	1/2	Chord	4/4	7	1	1/2	1/2	1	2432						
119	119	470	470	2.0	0	0	Chord	4/4	8	1	1/2	1/2	1	2433						
119	119	472	472	2.0	1/2	1/2	Chord	4/4	8	1	1/2	1/2	1	2434						
120	120	474	474	2.0	0	0	Chord	4/4	1	1	1/2	1/2	1	2435						
120	120	476	476	2.0	1/2	1/2	Chord	4/4	1	1	1/2	1/2	1	2436						
120	120	474	474	2.0	0	0	Chord	4/4	2	1	1/2	1/2	1	2437						
120	120	476	476	2.0	1/2	1/2	Chord	4/4	2	1	1/2	1/2	1	2438						
120	120	474	474	2.0	0	0	Chord	4/4	3	1	1/2	1/2	1	2439						
120	120	476	476	2.0	1/2	1/2	Chord	4/4	3	1	1/2	1/2	1	2440						
120	120	474	474	2.0	0	0	Chord	4/4	4	1	1/2	1/2	1	2441						
120	120	476	476	2.0	1/2	1/2	Chord	4/4	4	1	1/2	1/2	1	2442						
120	120	474	474	2.0	0	0	Chord	4/4	5	1	1/2	1/2	1	2443						
120	120	476	476	2.0	1/2	1/2	Chord	4/4	5	1	1/2	1/2	1	2444						
120	120	474	474	2.0	0	0	Chord	4/4	5	2	1/2	1/2	1	2445						
120	120	476	476	2.0	1/2	1/2	Chord	4/4	5	2	1/2	1/2	1	2446						
120	120	474	474	2.0	0	0	Chord	4/4	5	3	1/2	1/2	1	2447						
120	120	476	476	2.0	1/2	1/2	Chord	4/4	5	3	1/2	1/2	1	2448						
120	120	476	476	2.0	1/2	1/2	Chord	4/4	5	4	1/2	1/2	1	2449						
120	120	474	474	2.0	0	0	Chord	4/4	6	1	1/2	1/2	1	2450						
120	120	476	476	2.0	1/2	1/2	Chord	4/4	6	1	1/2	1/2	1	2451						
120	120	474	474	2.0	0	0	Chord	4/4	7	1	1/2	1/2	1	2452						
120	120	476	476	0.0	1/2	1/2	FiguredBass	4/4	7	1	0					1/2	4			
120	120	476	476	2.0	1/2	1/2	Chord	4/4	7	1	1/2	1/2	1	2453						
120	120	474	474	2.0	0	0	Chord	4/4	8	1	1/2	1/2	1	2454						
120	120	476	476	2.0	1/2	1/2	Chord	4/4	8	1	1/2	1/2	1	2455						
121	121	478	478	2.0	0	0	Chord	4/4	1	1	1/2	1/2	1	2456						
121	121	480	480	2.0	1/2	1/2	Chord	4/4	1	1	1/2	1/2	1	2457						
121	121	478	478	2.0	0	0	Chord	4/4	2	1	1/2	1/2	1	2458						
121	121	480	480	2.0	1/2	1/2	Chord	4/4	2	1	1/2	1/2	1	2459						
121	121	478	478	2.0	0	0	Chord	4/4	3	1	1/2	1/2	1	2460						
121	121	480	480	2.0	1/2	1/2	Chord	4/4	3	1	1/2	1/2	1	2461						
121	121	478	478	2.0	0	0	Chord	4/4	4	1	1/2	1/2	1	2462						
121	121	480	480	2.0	1/2	1/2	Chord	4/4	4	1	1/2	1/2	1	2463						
121	121	478	478	2.0	0	0	Chord	4/4	5	1	1/2	1/2	1	2464						
121	121	480	480	2.0	1/2	1/2	Chord	4/4	5	1	1/2	1/2	1	2465						
121	121	478	478	2.0	0	0	Chord	4/4	5	2	1/2	1/2	1	2466						
121	121	480	480	2.0	1/2	1/2	Chord	4/4	5	2	1/2	1/2	1	2467						
121	121	478	478	2.0	0	0	Chord	4/4	5	3	1/2	1/2	1	2468						
121	121	480	480	2.0	1/2	1/2	Chord	4/4	5	3	1/2	1/2	1	2469						
121	121	478	478	2.0	0	0	Chord	4/4	5	4	1/2	1/2	1	2470						
121	121	478	478	2.0	0	0	Chord	4/4	6	1	1/2	1/2	1	2471						
121	121	480	480	2.0	1/2	1/2	Chord	4/4	6	1	1/2	1/2	1	2472						
121	121	478	478	0.0	0	0	FiguredBass	4/4	7	1	0					1/2	5	2		
121	121	478	478	2.0	0	0	Chord	4/4	7	1	1/2	1/2	1	2473						
121	121	480	480	0.0	1/2	1/2	FiguredBass	4/4	7	1	0					1/2	6			
121	121	480	480	2.0	1/2	1/2	Chord	4/4	7	1	1/2	1/2	1	2474						
121	121	478	478	2.0	0	0	Chord	4/4	8	1	1/2	1/2	1	2475						
121	121	480	480	2.0	1/2	1/2	Chord	4/4	8	1	1/2	1/2	1	2476						
122	122	482	482	2.0	0	0	Chord	4/4	1	1	1/2	1/2	1	2477						
122	122	484	484	2.0	1/2	1/2	Chord	4/4	1	1	1/2	1/2	1	2478						
122	122	482	482	2.0	0	0	Chord	4/4	2	1	1/2	1/2	1	2479						
122	122	484	484	2.0	1/2	1/2	Chord	4/4	2	1	1/2	1/2	1	2480						
122	122	482	482	2.0	0	0	Chord	4/4	3	1	1/2	1/2	1	2481						
122	122	484	484	2.0	1/2	1/2	Chord	4/4	3	1	1/2	1/2	1	2482						
122	122	482	482	2.0	0	0	Chord	4/4	4	1	1/2	1/2	1	2483						
122	122	484	484	2.0	1/2	1/2	Chord	4/4	4	1	1/2	1/2	1	2484						
122	122	482	482	2.0	0	0	Chord	4/4	5	1	1/2	1/2	1	2485						
122	122	484	484	2.0	1/2	1/2	Chord	4/4	5	1	1/2	1/2	1	2486						
122	122	482	482	2.0	0	0	Chord	4/4	5	2	1/2	1/2	1	2487						
122	122	484	484	2.0	1/2	1/2	Chord	4/4	5	2	1/2	1/2	1	2488						
122	122	482	482	2.0	0	0	Chord	4/4	5	3	1/2	1/2	1	2489						
122	122	484	484	2.0	1/2	1/2	Chord	4/4	5	3	1/2	1/2	1	2490						
122	122	482	482	2.0	0	0	Chord	4/4	6	1	1/2	1/2	1	2491						
122	122	484	484	2.0	1/2	1/2	Chord	4/4	6	1	1/2	1/2	1	2492						
122	122	482	482	0.0	0	0	FiguredBass	4/4	7	1	0					1/2	2			
122	122	482	482	2.0	0	0	Chord	4/4	7	1	1/2	1/2	1	2493						
122	122	484	484	2.0	1/2	1/2	Chord	4/4	7	1	1/2	1/2	1	2494						
122	122	482	482	2.0	0	0	Chord	4/4	8	1	1/2	1/2	1	2495						
122	122	484	484	2.0	1/2	1/2	Chord	4/4	8	1	1/2	1/2	1	2496						
123	123	486	486	2.0	0	0	Chord	4/4	1	1	1/2	1/2	1	2497						
123	123	488	488	2.0	1/2	1/2	Chord	4/4	1	1	1/2	1/2	1	2498						
123	123	486	486	2.0	0	0	Chord	4/4	2	1	1/2	1/2	1	2499						
123	123	488	488	2.0	1/2	1/2	Chord	4/4	2	1	1/2	1/2	1	2500						
123	123	486	486	2.0	0	0	Chord	4/4	3	1	1/2	1/2	1	2501						
123	123	488	488	2.0	1/2	1/2	Chord	4/4	3	1	1/2	1/2	1	2502						
123	123	486	486	2.0	0	0	Chord	4/4	4	1	1/2	1/2	1	2503						
123	123	488	488	2.0	1/2	1/2	Chord	4/4	4	1	1/2	1/2	1	2504						
123	123	486	486	2.0	0	0	Chord	4/4	5	1	1/2	1/2	1	2505						
123	123	488	488	2.0	1/2	1/2	Chord	4/4	5	1	1/2	1/2	1	2506						
123	123	486	486	2.0	0	0	Chord	4/4	5	2	1/2	1/2	1	2507						
123	123	488	488	2.0	1/2	1/2	Chord	4/4	5	2	1/2	1/2	1	2508						
123	123	486	486	2.0	0	0	Chord	4/4	5	3	1/2	1/2	1	2509						
123	123	488	488	2.0	1/2	1/2	Chord	4/4	5	3	1/2	1/2	1	2510						
123	123	486	486	2.0	0	0	Chord	4/4	6	1	1/2	1/2	1	2511						
123	123	488	488	2.0	1/2	1/2	Chord	4/4	6	1	1/2	1/2	1	2512						
123	123	486	486	2.0	0	0	Chord	4/4	7	1	1/2	1/2	1	2513						
123	123	488	488	0.0	1/2	1/2	FiguredBass	4/4	7	1	0					1/2	5b			
123	123	488	488	2.0	1/2	1/2	Chord	4/4	7	1	1/2	1/2	1	2514						
123	123	486	486	2.0	0	0	Chord	4/4	8	1	1/2	1/2	1	2515						
123	123	488	488	2.0	1/2	1/2	Chord	4/4	8	1	1/2	1/2	1	2516						
124	124	490	490	2.0	0	0	Chord	4/4	1	1	1/2	1/2	1	2517						
124	124	492	492	2.0	1/2	1/2	Chord	4/4	1	1	1/2	1/2	1	2518						
124	124	490	490	2.0	0	0	Chord	4/4	2	1	1/2	1/2	1	2519						
124	124	492	492	2.0	1/2	1/2	Chord	4/4	2	1	1/2	1/2	1	2520						
124	124	490	490	2.0	0	0	Chord	4/4	3	1	1/2	1/2	1	2521						
124	124	492	492	2.0	1/2	1/2	Chord	4/4	3	1	1/2	1/2	1	2522						
124	124	490	490	2.0	0	0	Chord	4/4	4	1	1/2	1/2	1	2523						
124	124	492	492	2.0	1/2	1/2	Chord	4/4	4	1	1/2	1/2	1	2524						
124	124	490	490	2.0	0	0	Chord	4/4	5	1	1/2	1/2	1	2525						
124	124	492	492	2.0	1/2	1/2	Chord	4/4	5	1	1/2	1/2	1	2526						
124	124	490	490	2.0	0	0	Chord	4/4	5	2	1/2	1/2	1	2527						
124	124	492	492	2.0	1/2	1/2	Chord	4/4	5	2	1/2	1/2	1	2528						
124	124	490	490	2.0	0	0	Chord	4/4	5	3	1/2	1/2	1	2529						
124	124	492	492	2.0	1/2	1/2	Chord	4/4	5	3	1/2	1/2	1	2530						
124	124	490	490	2.0	0	0	Chord	4/4	6	1	1/2	1/2	1	2531						
124	124	492	492	2.0	1/2	1/2	Chord	4/4	6	1	1/2	1/2	1	2532						
124	124	490	490	2.0	0	0	Chord	4/4	7	1	1/2	1/2	1	2533						
124	124	492	492	2.0	1/2	1/2	Chord	4/4	7	1	1/2	1/2	1	2534						
124	124	490	490	2.0	0	0	Chord	4/4	8	1	1/2	1/2	1	2535						
124	124	492	492	2.0	1/2	1/2	Chord	4/4	8	1	1/2	1/2	1	2536						
125	125	494	494	2.0	0	0	Chord	4/4	1	1	1/2	1/2	1	2537						
125	125	496	496	2.0	1/2	1/2	Chord	4/4	1	1	1/2	1/2	1	2538						
125	125	494	494	2.0	0	0	Chord	4/4	2	1	1/2	1/2	1	2539						
125	125	496	496	2.0	1/2	1/2	Chord	4/4	2	1	1/2	1/2	1	2540						
125	125	494	494	2.0	0	0	Chord	4/4	3	1	1/2	1/2	1	2541						
125	125	496	496	2.0	1/2	1/2	Chord	4/4	3	1	1/2	1/2	1	2542						
125	125	494	494	2.0	0	0	Chord	4/4	4	1	1/2	1/2	1	2543						
125	125	496	496	2.0	1/2	1/2	Chord	4/4	4	1	1/2	1/2	1	2544						
125	125	494	494	2.0	0	0	Chord	4/4	5	1	1/2	1/2	1	2545						
125	125	496	496	2.0	1/2	1/2	Chord	4/4	5	1	1/2	1/2	1	2546						
125	125	494	494	2.0	0	0	Chord	4/4	5	2	1/2	1/2	1	2547						
125	125	496	496	2.0	1/2	1/2	Chord	4/4	5	2	1/2	1/2	1	2548						
125	125	494	494	2.0	0	0	Chord	4/4	5	3	1/2	1/2	1	2549						
125	125	496	496	2.0	1/2	1/2	Chord	4/4	5	3	1/2	1/2	1	2550						
125	125	494	494	2.0	0	0	Chord	4/4	6	1	1/2	1/2	1	2551						
125	125	496	496	2.0	1/2	1/2	Chord	4/4	6	1	1/2	1/2	1	2552						
125	125	494	494	0.0	0	0	FiguredBass	4/4	7	1	0					1/2	7	5		
125	125	494	494	2.0	0	0	Chord	4/4	7	1	1/2	1/2	1	2553						
125	125	496	496	2.0	1/2	1/2	Chord	4/4	7	1	1/2	1/2	1	2554						
125	125	494	494	2.0	0	0	Chord	4/4	8	1	1/2	1/2	1	2555						
125	125	496	496	2.0	1/2	1/2	Chord	4/4	8	1	1/2	1/2	1	2556						
126	126	498	498	2.0	0	0	Chord	4/4	1	1	1/2	1/2	1	2557						
126	126	500	500	2.0	1/2	1/2	Chord	4/4	1	1	1/2	1/2	1	2558						
126	126	498	498	2.0	0	0	Chord	4/4	2	1	1/2	1/2	1	2559						
126	126	500	500	2.0	1/2	1/2	Chord	4/4	2	1	1/2	1/2	1	2560						
126	126	498	498	2.0	0	0	Chord	4/4	3	1	1/2	1/2	1	2561						
126	126	500	500	2.0	1/2	1/2	Chord	4/4	3	1	1/2	1/2	1	2562						
126	126	498	498	2.0	0	0	Chord	4/4	4	1	1/2	1/2	1	2563						
126	126	500	500	2.0	1/2	1/2	Chord	4/4	4	1	1/2	1/2	1	2564						
126	126	498	498	2.0	0	0	Chord	4/4	5	1	1/2	1/2	1	2565						
126	126	500	500	2.0	1/2	1/2	Chord	4/4	5	1	1/2	1/2	1	2566						
126	126	498	498	2.0	0	0	Chord	4/4	5	2	1/2	1/2	1	2567						
126	126	500	500	2.0	1/2	1/2	Chord	4/4	5	2	1/2	1/2	1	2568						
126	126	498	498	2.0	0	0	Chord	4/4	5	3	1/2	1/2	1	2569						
126	126	500	500	2.0	1/2	1/2	Chord	4/4	5	3	1/2	1/2	1	2570						
126	126	498	498	2.0	0	0	Chord	4/4	6	1	1/2	1/2	1	2571						
126	126	500	500	2.0	1/2	1/2	Chord	4/4	6	1	1/2	1/2	1	2572						
126	126	498	498	0.0	0	0	FiguredBass	4/4	7	1	0					1/2	6			
126	126	498	498	2.0	0	0	Chord	4/4	7	1	1/2	1/2	1	2573						
126	126	500	500	2.0	1/2	1/2	Chord	4/4	7	1	1/2	1/2	1	2574						
126	126	498	498	2.0	0	0	Chord	4/4	8	1	1/2	1/2	1	2575						
126	126	500	500	2.0	1/2	1/2	Chord	4/4	8	1	1/2	1/2	1	2576						
127	127	502	502	2.0	0	0	Chord	4/4	1	1	1/2	1/2	1	2577						
127	127	504	504	2.0	1/2	1/2	Chord	4/4	1	1	1/2	1/2	1	2578						
127	127	502	502	2.0	0	0	Chord	4/4	2	1	1/2	1/2	1	2579						
127	127	504	504	2.0	1/2	1/2	Chord	4/4	2	1	1/2	1/2	1	2580						
127	127	502	502	2.0	0	0	Chord	4/4	3	1	1/2	1/2	1	2581						
127	127	504	504	2.0	1/2	1/2	Chord	4/4	3	1	1/2	1/2	1	2582						
127	127	502	502	2.0	0	0	Chord	4/4	4	1	1/2	1/2	1	2583						
127	127	504	504	2.0	1/2	1/2	Chord	4/4	4	1	1/2	1/2	1	2584						
127	127	502	502	2.0	0	0	Chord	4/4	5	1	1/2	1/2	1	2585						
127	127	504	504	2.0	1/2	1/2	Chord	4/4	5	1	1/2	1/2	1	2586						
127	127	502	502	2.0	0	0	Chord	4/4	5	2	1/2	1/2	1	2587						
127	127	504	504	2.0	1/2	1/2	Chord	4/4	5	2	1/2	1/2	1	2588						
127	127	502	502	2.0	0	0	Chord	4/4	5	3	1/2	1/2	1	2589						
127	127	504	504	2.0	1/2	1/2	Chord	4/4	5	3	1/2	1/2	1	2590						
127	127	502	502	2.0	0	0	Chord	4/4	6	1	1/2	1/2	1	2591						
127	127	504	504	2.0	1/2	1/2	Chord	4/4	6	1	1/2	1/2	1	2592						
127	127	502	502	0.0	0	0	FiguredBass	4/4	7	1	0					1/2	6			
127	127	502	502	2.0	0	0	Chord	4/4	7	1	1/2	1/2	1	2593						
127	127	504	504	2.0	1/2	1/2	Chord	4/4	7	1	1/2	1/2	1	2594						
127	127	502	502	2.0	0	0	Chord	4/4	8	1	1/2	1/2	1	2595						
127	127	504	504	2.0	1/2	1/2	Chord	4/4	8	1	1/2	1/2	1	2596						
128	128	506	506	2.0	0	0	Chord	4/4	1	1	1/2	1/2	1	2597						
128	128	508	508	2.0	1/2	1/2	Chord	4/4	1	1	1/2	1/2	1	2598						
128	128	506	506	2.0	0	0	Chord	4/4	2	1	1/2	1/2	1	2599						
128	128	508	508	2.0	1/2	1/2	Chord	4/4	2	1	1/2	1/2	1	2600						
128	128	506	506	2.0	0	0	Chord	4/4	3	1	1/2	1/2	1	2601						
128	128	508	508	2.0	1/2	1/2	Chord	4/4	3	1	1/2	1/2	1	2602						
128	128	506	506	2.0	0	0	Chord	4/4	4	1	1/2	1/2	1	2603						
128	128	508	508	2.0	1/2	1/2	Chord	4/4	4	1	1/2	1/2	1	2604						
128	128	506	506	2.0	0	0	Chord	4/4	5	1	1/2	1/2	1	2605						
128	128	508	508	2.0	1/2	1/2	Chord	4/4	5	1	1/2	1/2	1	2606						
128	128	506	506	2.0	0	0	Chord	4/4	5	2	1/2	1/2	1	2607						
128	128	508	508	2.0	1/2	1/2	Chord	4/4	5	2	1/2	1/2	1	2608						
128	128	506	506	2.0	0	0	Chord	4/4	5	3	1/2	1/2	1	2609						
128	128	508	508	2.0	1/2	1/2	Chord	4/4	5	3	1/2	1/2	1	2610						
128	128	508	508	2.0	1/2	1/2	Chord	4/4	5	4	1/2	1/2	1	2611						
128	128	506	506	2.0	0	0	Chord	4/4	6	1	1/2	1/2	1	2612						
128	128	508	508	2.0	1/2	1/2	Chord	4/4	6	1	1/2	1/2	1	2613						
128	128	506	506	2.0	0	0	Chord	4/4	7	1	1/2	1/2	1	2614						
128	128	508	508	0.0	1/2	1/2	FiguredBass	4/4	7	1	0					1/2	4			
128	128	508	508	2.0	1/2	1/2	Chord	4/4	7	1	1/2	1/2	1	2615						
128	128	506	506	2.0	0	0	Chord	4/4	8	1	1/2	1/2	1	2616						
128	128	508	508	2.0	1/2	1/2	Chord	4/4	8	1	1/2	1/2	1	2617						
129	129	510	510	2.0	0	0	Chord	4/4	1	1	1/2	1/2	1	2618						
129	129	512	512	2.0	1/2	1/2	Chord	4/4	1	1	1/2	1/2	1	2619						
129	129	510	510	2.0	0	0	Chord	4/4	2	1	1/2	1/2	1	2620						
129	129	512	512	2.0	1/2	1/2	Chord	4/4	2	1	1/2	1/2	1	2621						
129	129	510	510	2.0	0	0	Chord	4/4	3	1	1/2	1/2	1	2622						
129	129	512	512	2.0	1/2	1/2	Chord	4/4	3	1	1/2	1/2	1	2623						
129	129	510	510	2.0	0	0	Chord	4/4	4	1	1/2	1/2	1	2624						
129	129	512	512	2.0	1/2	1/2	Chord	4/4	4	1	1/2	1/2	1	2625						
129	129	510	510	2.0	0	0	Chord	4/4	5	1	1/2	1/2	1	2626						
129	129	512	512	2.0	1/2	1/2	Chord	4/4	5	1	1/2	1/2	1	2627						
129	129	510	510	2.0	0	0	Chord	4/4	5	2	1/2	1/2	1	2628						
129	129	512	512	2.0	1/2	1/2	Chord	4/4	5	2	1/2	1/2	1	2629						
129	129	510	510	2.0	0	0	Chord	4/4	5	3	1/2	1/2	1	2630						
129	129	512	512	2.0	1/2	1/2	Chord	4/4	5	3	1/2	1/2	1	2631						
129	129	510	510	2.0	0	0	Chord	4/4	5	4	1/2	1/2	1	2632						
129	129	510	510	2.0	0	0	Chord	4/4	6	1	1/2	1/2	1	2633						
129	129	512	512	2.0	1/2	1/2	Chord	4/4	6	1	1/2	1/2	1	2634						
129	129	510	510	0.0	0	0	FiguredBass	4/4	7	1	0					1/2	5	2		
129	129	510	510	2.0	0	0	Chord	4/4	7	1	1/2	1/2	1	2635						
129	129	512	512	0.0	1/2	1/2	FiguredBass	4/4	7	1	0					1/2	6			
129	129	512	512	2.0	1/2	1/2	Chord	4/4	7	1	1/2	1/2	1	2636						
129	129	510	510	2.0	0	0	Chord	4/4	8	1	1/2	1/2	1	2637						
129	129	512	512	2.0	1/2	1/2	Chord	4/4	8	1	1/2	1/2	1	2638						
130	130	514	514	2.0	0	0	Chord	4/4	1	1	1/2	1/2	1	2639						
130	130	516	516	2.0	1/2	1/2	Chord	4/4	1	1	1/2	1/2	1	2640						
130	130	514	514	2.0	0	0	Chord	4/4	2	1	1/2	1/2	1	2641						
130	130	516	516	2.0	1/2	1/2	Chord	4/4	2	1	1/2	1/2	1	2642						
130	130	514	514	2.0	0	0	Chord	4/4	3	1	1/2	1/2	1	2643						
130	130	516	516	2.0	1/2	1/2	Chord	4/4	3	1	1/2	1/2	1	2644						
130	130	514	514	2.0	0	0	Chord	4/4	4	1	1/2	1/2	1	2645						
130	130	516	516	2.0	1/2	1/2	Chord	4/4	4	1	1/2	1/2	1	2646						
130	130	514	514	2.0	0	0	Chord	4/4	5	1	1/2	1/2	1	2647						
130	130	516	516	2.0	1/2	1/2	Chord	4/4	5	1	1/2	1/2	1	2648						
130	130	514	514	2.0	0	0	Chord	4/4	5	2	1/2	1/2	1	2649						
130	130	516	516	2.0	1/2	1/2	Chord	4/4	5	2	1/2	1/2	1	2650						
130	130	514	514	2.0	0	0	Chord	4/4	5	3	1/2	1/2	1	2651						
130	130	516	516	2.0	1/2	1/2	Chord	4/4	5	3	1/2	1/2	1	2652						
130	130	514	514	2.0	0	0	Chord	4/4	6	1	1/2	1/2	1	2653						
130	130	516	516	2.0	1/2	1/2	Chord	4/4	6	1	1/2	1/2	1	2654						
130	130	514	514	0.0	0	0	FiguredBass	4/4	7	1	0					1/2	2			
130	130	514	514	2.0	0	0	Chord	4/4	7	1	1/2	1/2	1	2655						
130	130	516	516	2.0	1/2	1/2	Chord	4/4	7	1	1/2	1/2	1	2656						
130	130	514	514	2.0	0	0	Chord	4/4	8	1	1/2	1/2	1	2657						
130	130	516	516	2.0	1/2	1/2	Chord	4/4	8	1	1/2	1/2	1	2658						
131	131	518	518	2.0	0	0	Chord	4/4	1	1	1/2	1/2	1	2659						
131	131	520	520	2.0	1/2	1/2	Chord	4/4	1	1	1/2	1/2	1	2660						
131	131	518	518	2.0	0	0	Chord	4/4	2	1	1/2	1/2	1	2661						
131	131	520	520	2.0	1/2	1/2	Chord	4/4	2	1	1/2	1/2	1	2662						
131	131	518	518	2.0	0	0	Chord	4/4	3	1	1/2	1/2	1	2663						
131	131	520	520	2.0	1/2	1/2	Chord	4/4	3	1	1/2	1/2	1	2664						
131	131	518	518	2.0	0	0	Chord	4/4	4	1	1/2	1/2	1	2665						
131	131	520	520	2.0	1/2	1/2	Chord	4/4	4	1	1/2	1/2	1	2666						
131	131	518	518	2.0	0	0	Chord	4/4	5	1	1/2	1/2	1	2667						
131	131	520	520	2.0	1/2	1/2	Chord	4/4	5	1	1/2	1/2	1	2668						
131	131	518	518	2.0	0	0	Chord	4/4	5	2	1/2	1/2	1	2669						
131	131	520	520	2.0	1/2	1/2	Chord	4/4	5	2	1/2	1/2	1	2670						
131	131	518	518	2.0	0	0	Chord	4/4	5	3	1/2	1/2	1	2671						
131	131	520	520	2.0	1/2	1/2	Chord	4/4	5	3	1/2	1/2	1	2672						
131	131	518	518	2.0	0	0	Chord	4/4	6	1	1/2	1/2	1	2673						
131	131	520	520	2.0	1/2	1/2	Chord	4/4	6	1	1/2	1/2	1	2674						
131	131	518	518	2.0	0	0	Chord	4/4	7	1	1/2	1/2	1	2675						
131	131	520	520	0.0	1/2	1/2	FiguredBass	4/4	7	1	0					1/2	5b			
131	131	520	520	2.0	1/2	1/2	Chord	4/4	7	1	1/2	1/2	1	2676						
131	131	518	518	2.0	0	0	Chord	4/4	8	1	1/2	1/2	1	2677						
131	131	520	520	2.0	1/2	1/2	Chord	4/4	8	1	1/2	1/2	1	2678						
132	132	522	522	2.0	0	0	Chord	4/4	1	1	1/2	1/2	1	2679						
132	132	524	524	2.0	1/2	1/2	Chord	4/4	1	1	1/2	1/2	1	2680						
132	132	522	522	2.0	0	0	Chord	4/4	2	1	1/2	1/2	1	2681						
132	132	524	524	2.0	1/2	1/2	Chord	4/4	2	1	1/2	1/2	1	2682						
132	132	522	522	2.0	0	0	Chord	4/4	3	1	1/2	1/2	1	2683						
132	132	524	524	2.0	1/2	1/2	Chord	4/4	3	1	1/2	1/2	1	2684						
132	132	522	522	2.0	0	0	Chord	4/4	4	1	1/2	1/2	1	2685						
132	132	524	524	2.0	1/2	1/2	Chord	4/4	4	1	1/2	1/2	1	2686						
132	132	522	522	2.0	0	0	Chord	4/4	5	1	1/2	1/2	1	2687						
132	132	524	524	2.0	1/2	1/2	Chord	4/4	5	1	1/2	1/2	1	2688						
132	132	522	522	2.0	0	0	Chord	4/4	5	2	1/2	1/2	1	2689						
132	132	524	524	2.0	1/2	1/2	Chord	4/4	5	2	1/2	1/2	1	2690						
132	132	522	522	2.0	0	0	Chord	4/4	5	3	1/2	1/2	1	2691						
132	132	524	524	2.0	1/2	1/2	Chord	4/4	5	3	1/2	1/2	1	2692						
132	132	522	522	2.0	0	0	Chord	4/4	6	1	1/2	1/2	1	2693						
132	132	524	524	2.0	1/2	1/2	Chord	4/4	6	1	1/2	1/2	1	2694						
132	132	522	522	2.0	0	0	Chord	4/4	7	1	1/2	1/2	1	2695						
132	132	524	524	2.0	1/2	1/2	Chord	4/4	7	1	1/2	1/2	1	2696						
132	132	522	522	2.0	0	0	Chord	4/4	8	1	1/2	1/2	1	2697						
132	132	524	524	2.0	1/2	1/2	Chord	4/4	8	1	1/2	1/2	1	2698						
133	133	526	526	2.0	0	0	Chord	4/4	1	1	1/2	1/2	1	2699						
133	133	528	528	2.0	1/2	1/2	Chord	4/4	1	1	1/2	1/2	1	2700						
133	133	526	526	2.0	0	0	Chord	4/4	2	1	1/2	1/2	1	2701						
133	133	528	528	2.0	1/2	1/2	Chord	4/4	2	1	1/2	1/2	1	2702						
133	133	526	526	2.0	0	0	Chord	4/4	3	1	1/2	1/2	1	2703						
133	133	528	528	2.0	1/2	1/2	Chord	4/4	3	1	1/2	1/2	1	2704						
133	133	526	526	2.0	0	0	Chord	4/4	4	1	1/2	1/2	1	2705						
133	133	528	528	2.0	1/2	1/2	Chord	4/4	4	1	1/2	1/2	1	2706						
133	133	526	526	2.0	0	0	Chord	4/4	5	1	1/2	1/2	1	2707						
133	133	528	528	2.0	1/2	1/2	Chord	4/4	5	1	1/2	1/2	1	2708						
133	133	526	526	2.0	0	0	Chord	4/4	5	2	1/2	1/2	1	2709						
133	133	528	528	2.0	1/2	1/2	Chord	4/4	5	2	1/2	1/2	1	2710						
133	133	526	526	2.0	0	0	Chord	4/4	5	3	1/2	1/2	1	2711						
133	133	528	528	2.0	1/2	1/2	Chord	4/4	5	3	1/2	1/2	1	2712						
133	133	526	526	2.0	0	0	Chord	4/4	6	1	1/2	1/2	1	2713						
133	133	528	528	2.0	1/2	1/2	Chord	4/4	6	1	1/2	1/2	1	2714						
133	133	526	526	0.0	0	0	FiguredBass	4/4	7	1	0					1/2	7	5		
133	133	526	526	2.0	0	0	Chord	4/4	7	1	1/2	1/2	1	2715						
133	133	528	528	2.0	1/2	1/2	Chord	4/4	7	1	1/2	1/2	1	2716						
133	133	526	526	2.0	0	0	Chord	4/4	8	1	1/2	1/2	1	2717						
133	133	528	528	2.0	1/2	1/2	Chord	4/4	8	1	1/2	1/2	1	2718						
134	134	530	530	2.0	0	0	Chord	4/4	1	1	1/2	1/2	1	2719						
134	134	532	532	2.0	1/2	1/2	Chord	4/4	1	1	1/2	1/2	1	2720						
134	134	530	530	2.0	0	0	Chord	4/4	2	1	1/2	1/2	1	2721						
134	134	532	532	2.0	1/2	1/2	Chord	4/4	2	1	1/2	1/2	1	2722						
134	134	530	530	2.0	0	0	Chord	4/4	3	1	1/2	1/2	1	2723						
134	134	532	532	2.0	1/2	1/2	Chord	4/4	3	1	1/2	1/2	1	2724						
134	134	530	530	2.0	0	0	Chord	4/4	4	1	1/2	1/2	1	2725						
134	134	532	532	2.0	1/2	1/2	Chord	4/4	4	1	1/2	1/2	1	2726						
134	134	530	530	2.0	0	0	Chord	4/4	5	1	1/2	1/2	1	2727						
134	134	532	532	2.0	1/2	1/2	Chord	4/4	5	1	1/2	1/2	1	2728						
134	134	530	530	2.0	0	0	Chord	4/4	5	2	1/2	1/2	1	2729						
134	134	532	532	2.0	1/2	1/2	Chord	4/4	5	2	1/2	1/2	1	2730						
134	134	530	530	2.0	0	0	Chord	4/4	5	3	1/2	1/2	1	2731						
134	134	532	532	2.0	1/2	1/2	Chord	4/4	5	3	1/2	1/2	1	2732						
134	134	530	530	2.0	0	0	Chord	4/4	6	1	1/2	1/2	1	2733						
134	134	532	532	2.0	1/2	1/2	Chord	4/4	6	1	1/2	1/2	1	2734						
134	134	530	530	0.0	0	0	FiguredBass	4/4	7	1	0					1/2	6			
134	134	530	530	2.0	0	0	Chord	4/4	7	1	1/2	1/2	1	2735						
134	134	532	532	2.0	1/2	1/2	Chord	4/4	7	1	1/2	1/2	1	2736						
134	134	530	530	2.0	0	0	Chord	4/4	8	1	1/2	1/2	1	2737						
134	134	532	532	2.0	1/2	1/2	Chord	4/4	8	1	1/2	1/2	1	2738						
135	135	534	534	2.0	0	0	Chord	4/4	1	1	1/2	1/2	1	2739						
135	135	536	536	2.0	1/2	1/2	Chord	4/4	1	1	1/2	1/2	1	2740						
135	135	534	534	2.0	0	0	Chord	4/4	2	1	1/2	1/2	1	2741						
135	135	536	536	2.0	1/2	1/2	Chord	4/4	2	1	1/2	1/2	1	2742						
135	135	534	534	2.0	0	0	Chord	4/4	3	1	1/2	1/2	1	2743						
135	135	536	536	2.0	1/2	1/2	Chord	4/4	3	1	1/2	1/2	1	2744						
135	135	534	534	2.0	0	0	Chord	4/4	4	1	1/2	1/2	1	2745						
135	135	536	536	2.0	1/2	1/2	Chord	4/4	4	1	1/2	1/2	1	2746						
135	135	534	534	2.0	0	0	Chord	4/4	5	1	1/2	1/2	1	2747						
135	135	536	536	2.0	1/2	1/2	Chord	4/4	5	1	1/2	1/2	1	2748						
135	135	534	534	2.0	0	0	Chord	4/4	5	2	1/2	1/2	1	2749						
135	135	536	536	2.0	1/2	1/2	Chord	4/4	5	2	1/2	1/2	1	2750						
135	135	534	534	2.0	0	0	Chord	4/4	5	3	1/2	1/2	1	2751						
135	135	536	536	2.0	1/2	1/2	Chord	4/4	5	3	1/2	1/2	1	2752						
135	135	534	534	2.0	0	0	Chord	4/4	6	1	1/2	1/2	1	2753						
135	135	536	536	2.0	1/2	1/2	Chord	4/4	6	1	1/2	1/2	1	2754						
135	135	534	534	0.0	0	0	FiguredBass	4/4	7	1	0					1/2	6			
135	135	534	534	2.0	0	0	Chord	4/4	7	1	1/2	1/2	1	2755						
135	135	536	536	2.0	1/2	1/2	Chord	4/4	7	1	1/2	1/2	1	2756						
135	135	534	534	2.0	0	0	Chord	4/4	8	1	1/2	1/2	1	2757						
135	135	536	536	2.0	1/2	1/2	Chord	4/4	8	1	1/2	1/2	1	2758						
136	136	538	538	2.0	0	0	Chord	4/4	1	1	1/2	1/2	1	2759						
136	136	540	540	2.0	1/2	1/2	Chord	4/4	1	1	1/2	1/2	1	2760						
136	136	538	538	2.0	0	0	Chord	4/4	2	1	1/2	1/2	1	2761						
136	136	540	540	2.0	1/2	1/2	Chord	4/4	2	1	1/2	1/2	1	2762						
136	136	538	538	2.0	0	0	Chord	4/4	3	1	1/2	1/2	1	2763						
136	136	540	540	2.0	1/2	1/2	Chord	4/4	3	1	1/2	1/2	1	2764						
136	136	538	538	2.0	0	0	Chord	4/4	4	1	1/2	1/2	1	2765						
136	136	540	540	2.0	1/2	1/2	Chord	4/4	4	1	1/2	1/2	1	2766						
136	136	538	538	2.0	0	0	Chord	4/4	5	1	1/2	1/2	1	2767						
136	136	540	540	2.0	1/2	1/2	Chord	4/4	5	1	1/2	1/2	1	2768						
136	136	538	538	2.0	0	0	Chord	4/4	5	2	1/2	1/2	1	2769						
136	136	540	540	2.0	1/2	1/2	Chord	4/4	5	2	1/2	1/2	1	2770						
136	136	538	538	2.0	0	0	Chord	4/4	5	3	1/2	1/2	1	2771						
136	136	540	540	2.0	1/2	1/2	Chord	4/4	5	3	1/2	1/2	1	2772						
136	136	540	540	2.0	1/2	1/2	Chord	4/4	5	4	1/2	1/2	1	2773						
136	136	538	538	2.0	0	0	Chord	4/4	6	1	1/2	1/2	1	2774						
136	136	540	540	2.0	1/2	1/2	Chord	4/4	6	1	1/2	1/2	1	2775						
136	136	538	538	2.0	0	0	Chord	4/4	7	1	1/2	1/2	1	2776						
136	136	540	540	0.0	1/2	1/2	FiguredBass	4/4	7	1	0					1/2	4			
136	136	540	540	2.0	1/2	1/2	Chord	4/4	7	1	1/2	1/2	1	2777						
136	136	538	538	2.0	0	0	Chord	4/4	8	1	1/2	1/2	1	2778						
136	136	540	540	2.0	1/2	1/2	Chord	4/4	8	1	1/2	1/2	1	2779						
137	137	542	542	2.0	0	0	Chord	4/4	1	1	1/2	1/2	1	2780						
137	137	544	544	2.0	1/2	1/2	Chord	4/4	1	1	1/2	1/2	1	2781						
137	137	542	542	2.0	0	0	Chord	4/4	2	1	1/2	1/2	1	2782						
137	137	544	544	2.0	1/2	1/2	Chord	4/4	2	1	1/2	1/2	1	2783						
137	137	542	542	2.0	0	0	Chord	4/4	3	1	1/2	1/2	1	2784						
137	137	544	544	2.0	1/2	1/2	Chord	4/4	3	1	1/2	1/2	1	2785						
137	137	542	542	2.0	0	0	Chord	4/4	4	1	1/2	1/2	1	2786						
137	137	544	544	2.0	1/2	1/2	Chord	4/4	4	1	1/2	1/2	1	2787						
137	137	542	542	2.0	0	0	Chord	4/4	5	1	1/2	1/2	1	2788						
137	137	544	544	2.0	1/2	1/2	Chord	4/4	5	1	1/2	1/2	1	2789						
137	137	542	542	2.0	0	0	Chord	4/4	5	2	1/2	1/2	1	2790						
137	137	544	544	2.0	1/2	1/2	Chord	4/4	5	2	1/2	1/2	1	2791						
137	137	542	542	2.0	0	0	Chord	4/4	5	3	1/2	1/2	1	2792						
137	137	544	544	2.0	1/2	1/2	Chord	4/4	5	3	1/2	1/2	1	2793						
137	137	542	542	2.0	0	0	Chord	4/4	5	4	1/2	1/2	1	2794						
137	137	542	542	2.0	0	0	Chord	4/4	6	1	1/2	1/2	1	2795						
137	137	544	544	2.0	1/2	1/2	Chord	4/4	6	1	1/2	1/2	1	2796						
137	137	542	542	0.0	0	0	FiguredBass	4/4	7	1	0					1/2	5	2		
137	137	542	542	2.0	0	0	Chord	4/4	7	1	1/2	1/2	1	2797						
137	137	544	544	0.0	1/2	1/2	FiguredBass	4/4	7	1	0					1/2	6			
137	137	544	544	2.0	1/2	1/2	Chord	4/4	7	1	1/2	1/2	1	2798						
137	137	542	542	2.0	0	0	Chord	4/4	8	1	1/2	1/2	1	2799						
137	137	544	544	2.0	1/2	1/2	Chord	4/4	8	1	1/2	1/2	1	2800						
138	138	546	546	2.0	0	0	Chord	4/4	1	1	1/2	1/2	1	2801						
138	138	548	548	2.0	1/2	1/2	Chord	4/4	1	1	1/2	1/2	1	2802						
138	138	546	546	2.0	0	0	Chord	4/4	2	1	1/2	1/2	1	2803						
138	138	548	548	2.0	1/2	1/2	Chord	4/4	2	1	1/2	1/2	1	2804						
138	138	546	546	2.0	0	0	Chord	4/4	3	1	1/2	1/2	1	2805						
138	138	548	548	2.0	1/2	1/2	Chord	4/4	3	1	1/2	1/2	1	2806						
138	138	546	546	2.0	0	0	Chord	4/4	4	1	1/2	1/2	1	2807						
138	138	548	548	2.0	1/2	1/2	Chord	4/4	4	1	1/2	1/2	1	2808						
138	138	546	546	2.0	0	0	Chord	4/4	5	1	1/2	1/2	1	2809						
138	138	548	548	2.0	1/2	1/2	Chord	4/4	5	1	1/2	1/2	1	2810						
138	138	546	546	2.0	0	0	Chord	4/4	5	2	1/2	1/2	1	2811						
138	138	548	548	2.0	1/2	1/2	Chord	4/4	5	2	1/2	1/2	1	2812						
138	138	546	546	2.0	0	0	Chord	4/4	5	3	1/2	1/2	1	2813						
138	138	548	548	2.0	1/2	1/2	Chord	4/4	5	3	1/2	1/2	1	2814						
138	138	546	546	2.0	0	0	Chord	4/4	6	1	1/2	1/2	1	2815						
138	138	548	548	2.0	1/2	1/2	Chord	4/4	6	1	1/2	1/2	1	2816						
138	138	546	546	2.0	0	0	Chord	4/4	7	1	1/2	1/2	1	2817						
138	138	548	548	2.0	1/2	1/2	Chord	4/4	7	1	1/2	1/2	1	2818						
138	138	546	546	2.0	0	0	Chord	4/4	8	1	1/2	1/2	1	2819						
138	138	548	548	2.0	1/2	1/2	Chord	4/4	8	1	1/2	1/2	1	2820						
139	139	550	550	2.0	0	0	Chord	4/4	1	1	1/2	1/2	1	2821						
139	139	552	552	2.0	1/2	1/2	Chord	4/4	1	1	1/2	1/2	1	2822						
139	139	550	550	2.0	0	0	Chord	4/4	2	1	1/2	1/2	1	2823						
139	139	552	552	2.0	1/2	1/2	Chord	4/4	2	1	1/2	1/2	1	2824						
139	139	550	550	2.0	0	0	Chord	4/4	3	1	1/2	1/2	1	2825						
139	139	552	552	2.0	1/2	1/2	Chord	4/4	3	1	1/2	1/2	1	2826						
139	139	550	550	2.0	0	0	Chord	4/4	4	1	1/2	1/2	1	2827						
139	139	552	552	2.0	1/2	1/2	Chord	4/4	4	1	1/2	1/2	1	2828						
139	139	550	550	2.0	0	0	Chord	4/4	5	1	1/2	1/2	1	2829						
139	139	552	552	2.0	1/2	1/2	Chord	4/4	5	1	1/2	1/2	1	2830						
139	139	550	550	2.0	0	0	Chord	4/4	5	2	1/2	1/2	1	2831						
139	139	552	552	2.0	1/2	1/2	Chord	4/4	5	2	1/2	1/2	1	2832						
139	139	550	550	2.0	0	0	Chord	4/4	5	3	1/2	1/2	1	2833						
139	139	552	552	2.0	1/2	1/2	Chord	4/4	5	3	1/2	1/2	1	2834						
139	139	550	550	2.0	0	0	Chord	4/4	6	1	1/2	1/2	1	2835						
139	139	552	552	2.0	1/2	1/2	Chord	4/4	6	1	1/2	1/2	1	2836						
139	139	550	550	2.0	0	0	Chord	4/4	7	1	1/2	1/2	1	2837						
139	139	552	552	0.0	1/2	1/2	FiguredBass	4/4	7	1	0					1/2	5b			
139	139	552	552	2.0	1/2	1/2	Chord	4/4	7	1	1/2	1/2	1	2838						
139	139	550	550	2.0	0	0	Chord	4/4	8	1	1/2	1/2	1	2839						
139	139	552	552	2.0	1/2	1/2	Chord	4/4	8	1	1/2	1/2	1	2840						
140	140	554	554	2.0	0	0	Chord	4/4	1	1	1/2	1/2	1	2841						
140	140	556	556	2.0	1/2	1/2	Chord	4/4	1	1	1/2	1/2	1	2842						
140	140	554	554	2.0	0	0	Chord	4/4	2	1	1/2	1/2	1	2843						
140	140	556	556	2.0	1/2	1/2	Chord	4/4	2	1	1/2	1/2	1	2844						
140	140	554	554	2.0	0	0	Chord	4/4	3	1	1/2	1/2	1	2845						
140	140	556	556	2.0	1/2	1/2	Chord	4/4	3	1	1/2	1/2	1	2846						
140	140	554	554	2.0	0	0	Chord	4/4	4	1	1/2	1/2	1	2847						
140	140	556	556	2.0	1/2	1/2	Chord	4/4	4	1	1/2	1/2	1	2848						
140	140	554	554	2.0	0	0	Chord	4/4	5	1	1/2	1/2	1	2849						
140	140	556	556	2.0	1/2	1/2	Chord	4/4	5	1	1/2	1/2	1	2850						
140	140	554	554	2.0	0	0	Chord	4/4	5	2	1/2	1/2	1	2851						
140	140	556	556	2.0	1/2	1/2	Chord	4/4	5	2	1/2	1/2	1	2852						
140	140	554	554	2.0	0	0	Chord	4/4	5	3	1/2	1/2	1	2853						
140	140	556	556	2.0	1/2	1/2	Chord	4/4	5	3	1/2	1/2	1	2854						
140	140	554	554	2.0	0	0	Chord	4/4	6	1	1/2	1/2	1	2855						
140	140	556	556	2.0	1/2	1/2	Chord	4/4	6	1	1/2	1/2	1	2856						
140	140	554	554	2.0	0	0	Chord	4/4	7	1	1/2	1/2	1	2857						
140	140	556	556	2.0	1/2	1/2	Chord	4/4	7	1	1/2	1/2	1	2858						
140	140	554	554	2.0	0	0	Chord	4/4	8	1	1/2	1/2	1	2859						
140	140	556	556	2.0	1/2	1/2	Chord	4/4	8	1	1/2	1/2	1	2860						
141	141	558	558	2.0	0	0	Chord	4/4	1	1	1/2	1/2	1	2861						
141	141	560	560	2.0	1/2	1/2	Chord	4/4	1	1	1/2	1/2	1	2862						
141	141	558	558	2.0	0	0	Chord	4/4	2	1	1/2	1/2	1	2863						
141	141	560	560	2.0	1/2	1/2	Chord	4/4	2	1	1/2	1/2	1	2864						
141	141	558	558	2.0	0	0	Chord	4/4	3	1	1/2	1/2	1	2865						
141	141	560	560	2.0	1/2	1/2	Chord	4/4	3	1	1/2	1/2	1	2866						
141	141	558	558	2.0	0	0	Chord	4/4	4	1	1/2	1/2	1	2867						
141	141	560	560	2.0	1/2	1/2	Chord	4/4	4	1	1/2	1/2	1	2868						
141	141	558	558	2.0	0	0	Chord	4/4	5	1	1/2	1/2	1	2869						
141	141	560	560	2.0	1/2	1/2	Chord	4/4	5	1	1/2	1/2	1	2870						
141	141	558	558	2.0	0	0	Chord	4/4	5	2	1/2	1/2	1	2871						
141	141	560	560	2.0	1/2	1/2	Chord	4/4	5	2	1/2	1/2	1	2872						
141	141	558	558	2.0	0	0	Chord	4/4	5	3	1/2	1/2	1	2873						
141	141	560	560	2.0	1/2	1/2	Chord	4/4	5	3	1/2	1/2	1	2874						
141	141	558	558	2.0	0	0	Chord	4/4	6	1	1/2	1/2	1	2875						
141	141	560	560	2.0	1/2	1/2	Chord	4/4	6	1	1/2	1/2	1	2876						
141	141	558	558	0.0	0	0	FiguredBass	4/4	7	1	0					1/2	7	5		
141	141	558	558	2.0	0	0	Chord	4/4	7	1	1/2	1/2	1	2877						
141	141	560	560	2.0	1/2	1/2	Chord	4/4	7	1	1/2	1/2	1	2878						
141	141	558	558	2.0	0	0	Chord	4/4	8	1	1/2	1/2	1	2879						
141	141	560	560	2.0	1/2	1/2	Chord	4/4	8	1	1/2	1/2	1	2880						
142	142	562	562	2.0	0	0	Chord	4/4	1	1	1/2	1/2	1	2881						
142	142	564	564	2.0	1/2	1/2	Chord	4/4	1	1	1/2	1/2	1	2882						
142	142	562	562	2.0	0	0	Chord	4/4	2	1	1/2	1/2	1	2883						
142	142	564	564	2.0	1/2	1/2	Chord	4/4	2	1	1/2	1/2	1	2884						
142	142	562	562	2.0	0	0	Chord	4/4	3	1	1/2	1/2	1	2885						
142	142	564	564	2.0	1/2	1/2	Chord	4/4	3	1	1/2	1/2	1	2886						
142	142	562	562	2.0	0	0	Chord	4/4	4	1	1/2	1/2	1	2887						
142	142	564	564	2.0	1/2	1/2	Chord	4/4	4	1	1/2	1/2	1	2888						
142	142	562	562	2.0	0	0	Chord	4/4	5	1	1/2	1/2	1	2889						
142	142	564	564	2.0	1/2	1/2	Chord	4/4	5	1	1/2	1/2	1	2890						
142	142	562	562	2.0	0	0	Chord	4/4	5	2	1/2	1/2	1	2891						
142	142	564	564	2.0	1/2	1/2	Chord	4/4	5	2	1/2	1/2	1	2892						
142	142	562	562	2.0	0	0	Chord	4/4	5	3	1/2	1/2	1	2893						
142	142	564	564	2.0	1/2	1/2	Chord	4/4	5	3	1/2	1/2	1	2894						
142	142	562	562	2.0	0	0	Chord	4/4	6	1	1/2	1/2	1	2895						
142	142	564	564	2.0	1/2	1/2	Chord	4/4	6	1	1/2	1/2	1	2896						
142	142	562	562	0.0	0	0	FiguredBass	4/4	7	1	0					1/2	6			
142	142	562	562	2.0	0	0	Chord	4/4	7	1	1/2	1/2	1	2897						
142	142	564	564	2.0	1/2	1/2	Chord	4/4	7	1	1/2	1/2	1	2898						
142	142	562	562	2.0	0	0	Chord	4/4	8	1	1/2	1/2	1	2899						
142	142	564	564	2.0	1/2	1/2	Chord	4/4	8	1	1/2	1/2	1	2900						
143	143	566	566	2.0	0	0	Chord	4/4	1	1	1/2	1/2	1	2901						
143	143	568	568	2.0	1/2	1/2	Chord	4/4	1	1	1/2	1/2	1	2902						
143	143	566	566	2.0	0	0	Chord	4/4	2	1	1/2	1/2	1	2903						
143	143	568	568	2.0	1/2	1/2	Chord	4/4	2	1	1/2	1/2	1	2904						
143	143	566	566	2.0	0	0	Chord	4/4	3	1	1/2	1/2	1	2905						
143	143	568	568	2.0	1/2	1/2	Chord	4/4	3	1	1/2	1/2	1	2906						
143	143	566	566	2.0	0	0	Chord	4/4	4	1	1/2	1/2	1	2907						
143	143	568	568	2.0	1/2	1/2	Chord	4/4	4	1	1/2	1/2	1	2908						
143	143	566	566	2.0	0	0	Chord	4/4	5	1	1/2	1/2	1	2909						
143	143	568	568	2.0	1/2	1/2	Chord	4/4	5	1	1/2	1/2	1	2910						
143	143	566	566	2.0	0	0	Chord	4/4	5	2	1/2	1/2	1	2911						
143	143	568	568	2.0	1/2	1/2	Chord	4/4	5	2	1/2	1/2	1	2912						
143	143	566	566	2.0	0	0	Chord	4/4	5	3	1/2	1/2	1	2913						
143	143	568	568	2.0	1/2	1/2	Chord	4/4	5	3	1/2	1/2	1	2914						
143	143	566	566	2.0	0	0	Chord	4/4	6	1	1/2	1/2	1	2915						
143	143	568	568	2.0	1/2	1/2	Chord	4/4	6	1	1/2	1/2	1	2916						
143	143	566	566	0.0	0	0	FiguredBass	4/4	7	1	0					1/2	6			
143	143	566	566	2.0	0	0	Chord	4/4	7	1	1/2	1/2	1	2917						
143	143	568	568	2.0	1/2	1/2	Chord	4/4	7	1	1/2	1/2	1	2918						
143	143	566	566	2.0	0	0	Chord	4/4	8	1	1/2	1/2	1	2919						
143	143	568	568	2.0	1/2	1/2	Chord	4/4	8	1	1/2	1/2	1	2920						
144	144	570	570	2.0	0	0	Chord	4/4	1	1	1/2	1/2	1	2921						
144	144	572	572	2.0	1/2	1/2	Chord	4/4	1	1	1/2	1/2	1	2922						
144	144	570	570	2.0	0	0	Chord	4/4	2	1	1/2	1/2	1	2923						
144	144	572	572	2.0	1/2	1/2	Chord	4/4	2	1	1/2	1/2	1	2924						
144	144	570	570	2.0	0	0	Chord	4/4	3	1	1/2	1/2	1	2925						
144	144	572	572	2.0	1/2	1/2	Chord	4/4	3	1	1/2	1/2	1	2926						
144	144	570	570	2.0	0	0	Chord	4/4	4	1	1/2	1/2	1	2927						
144	144	572	572	2.0	1/2	1/2	Chord	4/4	4	1	1/2	1/2	1	2928						
144	144	572	572	2.0	1/2	1/2	Chord	4/4	4	2	1/2	1/2	1	2929						
144	144	570	570	2.0	0	0	Chord	4/4	5	1	1/2	1/2	1	2930						
144	144	572	572	2.0	1/2	1/2	Chord	4/4	5	1	1/2	1/2	1	2931						
144	144	570	570	2.0	0	0	Chord	4/4	5	2	1/2	1/2	1	2932						
144	144	572	572	2.0	1/2	1/2	Chord	4/4	5	2	1/2	1/2	1	2933						
144	144	570	570	2.0	0	0	Chord	4/4	5	3	1/2	1/2	1	2934						
144	144	572	572	2.0	1/2	1/2	Chord	4/4	5	3	1/2	1/2	1	2935						
144	144	570	570	2.0	0	0	Chord	4/4	6	1	1/2	1/2	1	2936						
144	144	572	572	2.0	1/2	1/2	Chord	4/4	6	1	1/2	1/2	1	2937						
144	144	570	570	2.0	0	0	Chord	4/4	7	1	1/2	1/2	1	2938						
144	144	572	572	2.0	1/2	1/2	Chord	4/4	7	1	1/2	1/2	1	2939						
144	144	570	570	2.0	0	0	Chord	4/4	8	1	1/2	1/2	1	2940						
144	144	572	572	2.0	1/2	1/2	Chord	4/4	8	1	1/2	1/2	1	2941						
145	145	574	574	2.0	0	0	Chord	4/4	1	1	1/2	1/2	1	2942						
145	145	576	576	2.0	1/2	1/2	Chord	4/4	1	1	1/2	1/2	1	2943						
145	145	574	574	2.0	0	0	Chord	4/4	2	1	1/2	1/2	1	2944						
145	145	576	576	1.0	1/2	1/2	Chord	4/4	2	1	1/4	1/4	1	2945						60
145	145	577	577	1.0	3/4	3/4	Chord	4/4	2	1	1/4	1/4	1	2946						
145	145	574	574	2.0	0	0	Chord	4/4	3	1	1/2	1/2	1	2947						
145	145	576	576	1.0	1/2	1/2	Chord	4/4	3	1	1/4	1/4	1	2948						61
145	145	577	577	1.0	3/4	3/4	Chord	4/4	3	1	1/4	1/4	1	2949						
145	145	574	574	1.0	0	0	Chord	4/4	4	1	1/4	1/4	1	2950						
145	145	575	575	1.0	1/4	1/4	Chord	4/4	4	1	1/4	1/4	1	2951						
145	145	576	576	1.0	1/2	1/2	Chord	4/4	4	1	1/4	1/4	1	2952						
145	145	577	577	1.0	3/4	3/4	Chord	4/4	4	1	1/4	1/4	1	2953						
145	145	574	574	2.0	0	0	Chord	4/4	4	2	1/2	1/2	1	2954						
145	145	576	576	1.0	1/2	1/2	Chord	4/4	4	2	1/4	1/4	1	2955						
145	145	577	577	1.0	3/4	3/4	Chord	4/4	4	2	1/4	1/4	1	2956						
145	145	574	574	2.0	0	0	Chord	4/4	5	1	1/2	1/2	1	2957						
145	145	576	576	2.0	1/2	1/2	Chord	4/4	5	1	1/2	1/2	1	2958						
145	145	574	574	2.0	0	0	Chord	4/4	5	2	1/2	1/2	1	2959						
145	145	576	576	1.0	1/2	1/2	Chord	4/4	5	2	1/4	1/4	1	2960						
145	145	577	577	1.0	3/4	3/4	Chord	4/4	5	2	1/4	1/4	1	2961						
145	145	574	574	2.0	0	0	Chord	4/4	5	3	1/2	1/2	1	2962						
145	145	576	576	1.0	1/2	1/2	Chord	4/4	5	3	1/4	1/4	1	2963						
145	145	577	577	1.0	3/4	3/4	Chord	4/4	5	3	1/4	1/4	1	2964						
145	145	574	574	2.0	0	0	Chord	4/4	6	1	1/2	1/2	1	2965						
145	145	576	576	1.0	1/2	1/2	Chord	4/4	6	1	1/4	1/4	1	2966						
145	145	577	577	1.0	3/4	3/4	Chord	4/4	6	1	1/4	1/4	1	2967						
145	145	574	574	2.0	0	0	Chord	4/4	7	1	1/2	1/2	1	2968						
145	145	576	576	0.0	1/2	1/2	FiguredBass	4/4	7	1	0					1/2	6			
145	145	576	576	2.0	1/2	1/2	Chord	4/4	7	1	1/2	1/2	1	2969						
145	145	574	574	0.0	0	0	FiguredBass	4/4	8	1	0					1/2	5			
145	145	574	574	2.0	0	0	Chord	4/4	8	1	1/2	1/2	1	2970						
145	145	576	576	1.0	1/2	1/2	Chord	4/4	8	1	1/4	1/4	1	2971						
145	145	577	577	1.0	3/4	3/4	Chord	4/4	8	1	1/4	1/4	1	2972						
146	146	578	578	2.0	0	0	Chord	4/4	1	1	1/2	1/2	1	2973						
146	146	580	580	2.0	1/2	1/2	Chord	4/4	1	1	1/2	1/2	1	2974						
146	146	578	578	2.0	0	0	Chord	4/4	2	1	1/2	1/2	1	2975						
146	146	580	580	1.0	1/2	1/2	Chord	4/4	2	1	1/4	1/4	1	2976						62
146	146	581	581	1.0	3/4	3/4	Chord	4/4	2	1	1/4	1/4	1	2977						
146	146	578	578	2.0	0	0	Chord	4/4	3	1	1/2	1/2	1	2978						
146	146	580	580	1.0	1/2	1/2	Chord	4/4	3	1	1/4	1/4	1	2979						63
146	146	581	581	1.0	3/4	3/4	Chord	4/4	3	1	1/4	1/4	1	2980						
146	146	578	578	3.0	0	0	Chord	4/4	4	1	3/4	1/2	3/2	2981						
146	146	581	581	1.0	3/4	3/4	Chord	4/4	4	1	1/4	1/4	1	2982						
146	146	578	578	3.0	0	0	Chord	4/4	4	2	3/4	1/2	3/2	2983						
146	146	578	578	2.0	0	0	Chord	4/4	5	1	1/2	1/2	1	2984						
146	146	580	580	2.0	1/2	1/2	Chord	4/4	5	1	1/2	1/2	1	2985						
146	146	578	578	2.0	0	0	Chord	4/4	5	2	1/2	1/2	1	2986						
146	146	580	580	1.0	1/2	1/2	Chord	4/4	5	2	1/4	1/4	1	2987						
146	146	581	581	1.0	3/4	3/4	Chord	4/4	5	2	1/4	1/4	1	2988						
146	146	578	578	2.0	0	0	Chord	4/4	5	3	1/2	1/2	1	2989						
146	146	580	580	1.0	1/2	1/2	Chord	4/4	5	3	1/4	1/4	1	2990						
146	146	581	581	1.0	3/4	3/4	Chord	4/4	5	3	1/4	1/4	1	2991						
146	146	578	578	3.0	0	0	Chord	4/4	6	1	3/4	1/2	3/2	2992						
146	146	581	581	1.0	3/4	3/4	Chord	4/4	6	1	1/4	1/4	1	2993						
146	146	578	578	2.0	0	0	Chord	4/4	7	1	1/2	1/2	1	2994						
146	146	580	580	0.0	1/2	1/2	FiguredBass	4/4	7	1	0					1/2	4			
146	146	580	580	2.0	1/2	1/2	Chord	4/4	7	1	1/2	1/2	1	2995						
146	146	578	578	0.0	0	0	FiguredBass	4/4	8	1	0					3/4	6			
146	146	578	578	3.0	0	0	Chord	4/4	8	1	3/4	1/2	3/2	2996						
146	146	581	581	1.0	3/4	3/4	Chord	4/4	8	1	1/4	1/4	1	2997						
147	147	582	582	2.0	0	0	Chord	4/4	1	1	1/2	1/2	1	2998						
147	147	584	584	2.0	1/2	1/2	Chord	4/4	1	1	1/2	1/2	1	2999	ornamentTremblement					
147	147	582	582	2.0	0	0	Chord	4/4	2	1	1/2	1/2	1	3000						
147	147	584	584	2.0	1/2	1/2	Chord	4/4	2	1	1/2	1/2	1	3001						
147	147	582	582	1.0	0	0	Chord	4/4	3	1	1/4	1/4	1	3002						64
147	147	583	583	1.0	1/4	1/4	Chord	4/4	3	1	1/4	1/4	1	3003						
147	147	584	584	2.0	1/2	1/2	Chord	4/4	3	1	1/2	1/2	1	3004	ornamentTremblement					
147	147	582	582	1.0	0	0	Chord	4/4	4	1	1/4	1/4	1	3005						
147	147	583	583	1.0	1/4	1/4	Chord	4/4	4	1	1/4	1/4	1	3006						
147	147	584	584	2.0	1/2	1/2	Chord	4/4	4	1	1/2	1/2	1	3007						
147	147	582	582	2.0	0	0	Chord	4/4	5	1	1/2	1/2	1	3008						
147	147	584	584	2.0	1/2	1/2	Chord	4/4	5	1	1/2	1/2	1	3009	ornamentTremblement					
147	147	582	582	1.0	0	0	Chord	4/4	5	2	1/4	1/4	1	3010						
147	147	583	583	3.0	1/4	1/4	Chord	4/4	5	2	3/4	1/2	3/2	3011						
147	147	582	582	2.0	0	0	Chord	4/4	5	3	1/2	1/2	1	3012						
147	147	584	584	2.0	1/2	1/2	Chord	4/4	5	3	1/2	1/2	1	3013						
147	147	582	582	1.0	0	0	Chord	4/4	6	1	1/4	1/4	1	3014						
147	147	583	583	1.0	1/4	1/4	Chord	4/4	6	1	1/4	1/4	1	3015						
147	147	584	584	2.0	1/2	1/2	Chord	4/4	6	1	1/2	1/2	1	3016						
147	147	582	582	0.0	0	0	FiguredBass	4/4	7	1	0					1/2	2			
147	147	582	582	2.0	0	0	Chord	4/4	7	1	1/2	1/2	1	3017						
147	147	584	584	0.0	1/2	1/2	FiguredBass	4/4	7	1	0					1/2	#			
147	147	584	584	2.0	1/2	1/2	Chord	4/4	7	1	1/2	1/2	1	3018	ornamentTremblement					
147	147	582	582	1.0	0	0	Chord	4/4	8	1	1/4	1/4	1	3019						
147	147	583	583	1.0	1/4	1/4	Chord	4/4	8	1	1/4	1/4	1	3020						
147	147	584	584	2.0	1/2	1/2	Chord	4/4	8	1	1/2	1/2	1	3021						
148	148	586	586	2.0	0	0	Chord	4/4	1	1	1/2	1/2	1	3022						
148	148	588	588	2.0	1/2	1/2	Chord	4/4	1	1	1/2	1/2	1	3023						
148	148	586	586	2.0	0	0	Chord	4/4	2	1	1/2	1/2	1	3024						
148	148	588	588	2.0	1/2	1/2	Chord	4/4	2	1	1/2	1/2	1	3025						
148	148	586	586	2.0	0	0	Chord	4/4	3	1	1/2	1/2	1	3026						
148	148	588	588	2.0	1/2	1/2	Chord	4/4	3	1	1/2	1/2	1	3027						
148	148	586	586	2.0	0	0	Chord	4/4	4	1	1/2	1/2	1	3028						
148	148	588	588	2.0	1/2	1/2	Chord	4/4	4	1	1/2	1/2	1	3029						
148	148	586	586	2.0	0	0	Chord	4/4	5	1	1/2	1/2	1	3030						
148	148	588	588	2.0	1/2	1/2	Chord	4/4	5	1	1/2	1/2	1	3031						
148	148	586	586	2.0	0	0	Chord	4/4	5	2	1/2	1/2	1	3032						
148	148	588	588	2.0	1/2	1/2	Chord	4/4	5	2	1/2	1/2	1	3033						
148	148	586	586	2.0	0	0	Chord	4/4	5	3	1/2	1/2	1	3034						
148	148	588	588	2.0	1/2	1/2	Chord	4/4	5	3	1/2	1/2	1	3035						
148	148	586	586	2.0	0	0	Chord	4/4	6	1	1/2	1/2	1	3036						
148	148	588	588	2.0	1/2	1/2	Chord	4/4	6	1	1/2	1/2	1	3037						
148	148	586	586	2.0	0	0	Chord	4/4	7	1	1/2	1/2	1	3038						
148	148	588	588	0.0	1/2	1/2	FiguredBass	4/4	7	1	0					1/2	2			
148	148	588	588	2.0	1/2	1/2	Chord	4/4	7	1	1/2	1/2	1	3039						
148	148	586	586	2.0	0	0	Chord	4/4	8	1	1/2	1/2	1	3040						
148	148	588	588	2.0	1/2	1/2	Chord	4/4	8	1	1/2	1/2	1	3041						
149	149	590	590	2.0	0	0	Chord	4/4	1	1	1/2	1/2	1	3042						
149	149	592	592	2.0	1/2	1/2	Chord	4/4	1	1	1/2	1/2	1	3043						
149	149	590	590	2.0	0	0	Chord	4/4	2	1	1/2	1/2	1	3044						
149	149	592	592	2.0	1/2	1/2	Chord	4/4	2	1	1/2	1/2	1	3045						
149	149	590	590	2.0	0	0	Chord	4/4	3	1	1/2	1/2	1	3046						
149	149	592	592	2.0	1/2	1/2	Chord	4/4	3	1	1/2	1/2	1	3047						
149	149	590	590	2.0	0	0	Chord	4/4	4	1	1/2	1/2	1	3048						
149	149	592	592	2.0	1/2	1/2	Chord	4/4	4	1	1/2	1/2	1	3049						
149	149	590	590	2.0	0	0	Chord	4/4	5	1	1/2	1/2	1	3050						
149	149	592	592	2.0	1/2	1/2	Chord	4/4	5	1	1/2	1/2	1	3051						
149	149	590	590	2.0	0	0	Chord	4/4	5	2	1/2	1/2	1	3052						
149	149	592	592	2.0	1/2	1/2	Chord	4/4	5	2	1/2	1/2	1	3053						
149	149	590	590	2.0	0	0	Chord	4/4	5	3	1/2	1/2	1	3054						
149	149	592	592	2.0	1/2	1/2	Chord	4/4	5	3	1/2	1/2	1	3055						
149	149	590	590	2.0	0	0	Chord	4/4	6	1	1/2	1/2	1	3056						
149	149	592	592	2.0	1/2	1/2	Chord	4/4	6	1	1/2	1/2	1	3057						
149	149	590	590	0.0	0	0	FiguredBass	4/4	7	1	0					1/2	6			
149	149	590	590	2.0	0	0	Chord	4/4	7	1	1/2	1/2	1	3058						
149	149	592	592	0.0	1/2	1/2	FiguredBass	4/4	7	1	0					1/2	6b	4	2	
149	149	592	592	2.0	1/2	1/2	Chord	4/4	7	1	1/2	1/2	1	3059						
149	149	590	590	2.0	0	0	Chord	4/4	8	1	1/2	1/2	1	3060						
149	149	592	592	2.0	1/2	1/2	Chord	4/4	8	1	1/2	1/2	1	3061						
150	150	594	594	2.0	0	0	Chord	4/4	1	1	1/2	1/2	1	3062						
150	150	596	596	2.0	1/2	1/2	Chord	4/4	1	1	1/2	1/2	1	3063						
150	150	594	594	2.0	0	0	Chord	4/4	2	1	1/2	1/2	1	3064						
150	150	596	596	2.0	1/2	1/2	Chord	4/4	2	1	1/2	1/2	1	3065						
150	150	594	594	2.0	0	0	Chord	4/4	3	1	1/2	1/2	1	3066						
150	150	596	596	2.0	1/2	1/2	Chord	4/4	3	1	1/2	1/2	1	3067						
150	150	594	594	2.0	0	0	Chord	4/4	4	1	1/2	1/2	1	3068						
150	150	596	596	2.0	1/2	1/2	Chord	4/4	4	1	1/2	1/2	1	3069						
150	150	594	594	2.0	0	0	Chord	4/4	5	1	1/2	1/2	1	3070						
150	150	596	596	2.0	1/2	1/2	Chord	4/4	5	1	1/2	1/2	1	3071						
150	150	594	594	2.0	0	0	Chord	4/4	5	2	1/2	1/2	1	3072						
150	150	596	596	2.0	1/2	1/2	Chord	4/4	5	2	1/2	1/2	1	3073						
150	150	594	594	2.0	0	0	Chord	4/4	5	3	1/2	1/2	1	3074						
150	150	596	596	2.0	1/2	1/2	Chord	4/4	5	3	1/2	1/2	1	3075						
150	150	594	594	2.0	0	0	Chord	4/4	6	1	1/2	1/2	1	3076						
150	150	596	596	2.0	1/2	1/2	Chord	4/4	6	1	1/2	1/2	1	3077						
150	150	594	594	0.0	0	0	FiguredBass	4/4	7	1	0					1/2	6			
150	150	594	594	2.0	0	0	Chord	4/4	7	1	1/2	1/2	1	3078						
150	150	596	596	2.0	1/2	1/2	Chord	4/4	7	1	1/2	1/2	1	3079						
150	150	594	594	2.0	0	0	Chord	4/4	8	1	1/2	1/2	1	3080						
150	150	596	596	2.0	1/2	1/2	Chord	4/4	8	1	1/2	1/2	1	3081						
151	151	598	598	2.0	0	0	Chord	4/4	1	1	1/2	1/2	1	3082						
151	151	600	600	2.0	1/2	1/2	Chord	4/4	1	1	1/2	1/2	1	3083	ornamentTremblement					
151	151	598	598	2.0	0	0	Chord	4/4	2	1	1/2	1/2	1	3084						
151	151	600	600	2.0	1/2	1/2	Chord	4/4	2	1	1/2	1/2	1	3085	ornamentTremblement					
151	151	598	598	2.0	0	0	Chord	4/4	3	1	1/2	1/2	1	3086						
151	151	600	600	2.0	1/2	1/2	Chord	4/4	3	1	1/2	1/2	1	3087						
151	151	598	598	2.0	0	0	Chord	4/4	4	1	1/2	1/2	1	3088						
151	151	600	600	2.0	1/2	1/2	Chord	4/4	4	1	1/2	1/2	1	3089						
151	151	598	598	2.0	0	0	Chord	4/4	5	1	1/2	1/2	1	3090						
151	151	600	600	2.0	1/2	1/2	Chord	4/4	5	1	1/2	1/2	1	3091						
151	151	598	598	2.0	0	0	Chord	4/4	5	2	1/2	1/2	1	3092						
151	151	600	600	2.0	1/2	1/2	Chord	4/4	5	2	1/2	1/2	1	3093						
151	151	598	598	2.0	0	0	Chord	4/4	5	3	1/2	1/2	1	3094						
151	151	600	600	2.0	1/2	1/2	Chord	4/4	5	3	1/2	1/2	1	3095						
151	151	598	598	2.0	0	0	Chord	4/4	6	1	1/2	1/2	1	3096						
151	151	600	600	2.0	1/2	1/2	Chord	4/4	6	1	1/2	1/2	1	3097						
151	151	598	598	0.0	0	0	FiguredBass	4/4	7	1	0					1/2	b			
151	151	598	598	2.0	0	0	Chord	4/4	7	1	1/2	1/2	1	3098						
151	151	600	600	0.0	1/2	1/2	FiguredBass	4/4	7	1	0					1/2	7	5		
151	151	600	600	2.0	1/2	1/2	Chord	4/4	7	1	1/2	1/2	1	3099	ornamentTremblement					
151	151	598	598	2.0	0	0	Chord	4/4	8	1	1/2	1/2	1	3100						
151	151	600	600	2.0	1/2	1/2	Chord	4/4	8	1	1/2	1/2	1	3101						
152	152	602	602	2.0	0	0	Chord	4/4	1	1	1/2	1/2	1	3102						
152	152	604	604	2.0	1/2	1/2	Chord	4/4	1	1	1/2	1/2	1	3103						
152	152	602	602	2.0	0	0	Chord	4/4	2	1	1/2	1/2	1	3104						
152	152	604	604	2.0	1/2	1/2	Chord	4/4	2	1	1/2	1/2	1	3105						
152	152	602	602	2.0	0	0	Chord	4/4	3	1	1/2	1/2	1	3106						
152	152	604	604	2.0	1/2	1/2	Chord	4/4	3	1	1/2	1/2	1	3107						
152	152	602	602	2.0	0	0	Chord	4/4	4	1	1/2	1/2	1	3108						
152	152	604	604	1.0	1/2	1/2	Chord	4/4	4	1	1/4	1/4	1	3109						
152	152	605	605	1.0	3/4	3/4	Chord	4/4	4	1	1/4	1/4	1	3110						
152	152	604	604	1.0	1/2	1/2	Chord	4/4	4	2	1/4	1/4	1	3111						
152	152	605	605	1.0	3/4	3/4	Chord	4/4	4	2	1/4	1/4	1	3112						
152	152	602	602	2.0	0	0	Chord	4/4	5	1	1/2	1/2	1	3113						
152	152	604	604	2.0	1/2	1/2	Chord	4/4	5	1	1/2	1/2	1	3114						
152	152	602	602	2.0	0	0	Chord	4/4	5	2	1/2	1/2	1	3115						
152	152	604	604	2.0	1/2	1/2	Chord	4/4	5	2	1/2	1/2	1	3116						
152	152	602	602	2.0	0	0	Chord	4/4	5	3	1/2	1/2	1	3117						
152	152	604	604	2.0	1/2	1/2	Chord	4/4	5	3	1/2	1/2	1	3118						
152	152	602	602	2.0	0	0	Chord	4/4	6	1	1/2	1/2	1	3119						
152	152	604	604	1.0	1/2	1/2	Chord	4/4	6	1	1/4	1/4	1	3120						
152	152	605	605	1.0	3/4	3/4	Chord	4/4	6	1	1/4	1/4	1	3121						
152	152	602	602	0.0	0	0	FiguredBass	4/4	7	1	0					1/2	#			
152	152	602	602	2.0	0	0	Chord	4/4	7	1	1/2	1/2	1	3122						
152	152	604	604	0.0	1/2	1/2	FiguredBass	4/4	7	1	0					1/2	h			
152	152	604	604	2.0	1/2	1/2	Chord	4/4	7	1	1/2	1/2	1	3123						
152	152	602	602	2.0	0	0	Chord	4/4	8	1	1/2	1/2	1	3124						
152	152	604	604	1.0	1/2	1/2	Chord	4/4	8	1	1/4	1/4	1	3125						
152	152	605	605	1.0	3/4	3/4	Chord	4/4	8	1	1/4	1/4	1	3126						
153	153	606	606	2.0	0	0	Chord	4/4	1	1	1/2	1/2	1	3127						
153	153	608	608	2.0	1/2	1/2	Chord	4/4	1	1	1/2	1/2	1	3128						
153	153	606	606	2.0	0	0	Chord	4/4	2	1	1/2	1/2	1	3129						
153	153	608	608	1.0	1/2	1/2	Chord	4/4	2	1	1/4	1/4	1	3130						65
153	153	609	609	1.0	3/4	3/4	Chord	4/4	2	1	1/4	1/4	1	3131						
153	153	606	606	2.0	0	0	Chord	4/4	3	1	1/2	1/2	1	3132						
153	153	608	608	1.0	1/2	1/2	Chord	4/4	3	1	1/4	1/4	1	3133						66
153	153	609	609	1.0	3/4	3/4	Chord	4/4	3	1	1/4	1/4	1	3134						
153	153	606	606	1.0	0	0	Chord	4/4	4	1	1/4	1/4	1	3135						
153	153	607	607	1.0	1/4	1/4	Chord	4/4	4	1	1/4	1/4	1	3136						
153	153	608	608	1.0	1/2	1/2	Chord	4/4	4	1	1/4	1/4	1	3137						
153	153	609	609	1.0	3/4	3/4	Chord	4/4	4	1	1/4	1/4	1	3138						
153	153	606	606	1.0	0	0	Chord	4/4	4	2	1/4	1/4	1	3139						
153	153	607	607	1.0	1/4	1/4	Chord	4/4	4	2	1/4	1/4	1	3140						
153	153	608	608	1.0	1/2	1/2	Chord	4/4	4	2	1/4	1/4	1	3141						
153	153	609	609	1.0	3/4	3/4	Chord	4/4	4	2	1/4	1/4	1	3142						
153	153	606	606	2.0	0	0	Chord	4/4	5	1	1/2	1/2	1	3143						
153	153	608	608	2.0	1/2	1/2	Chord	4/4	5	1	1/2	1/2	1	3144						
153	153	606	606	2.0	0	0	Chord	4/4	5	2	1/2	1/2	1	3145						
153	153	608	608	1.0	1/2	1/2	Chord	4/4	5	2	1/4	1/4	1	3146						
153	153	609	609	1.0	3/4	3/4	Chord	4/4	5	2	1/4	1/4	1	3147						
153	153	606	606	2.0	0	0	Chord	4/4	5	3	1/2	1/2	1	3148						
153	153	608	608	1.0	1/2	1/2	Chord	4/4	5	3	1/4	1/4	1	3149						
153	153	609	609	1.0	3/4	3/4	Chord	4/4	5	3	1/4	1/4	1	3150						
153	153	606	606	1.0	0	0	Chord	4/4	6	1	1/4	1/4	1	3151						
153	153	607	607	1.0	1/4	1/4	Chord	4/4	6	1	1/4	1/4	1	3152						
153	153	608	608	1.0	1/2	1/2	Chord	4/4	6	1	1/4	1/4	1	3153						
153	153	609	609	1.0	3/4	3/4	Chord	4/4	6	1	1/4	1/4	1	3154						
153	153	606	606	0.0	0	0	FiguredBass	4/4	7	1	0					1/2	6			
153	153	606	606	2.0	0	0	Chord	4/4	7	1	1/2	1/2	1	3155						
153	153	608	608	2.0	1/2	1/2	Chord	4/4	7	1	1/2	1/2	1	3156						
153	153	606	606	0.0	0	0	FiguredBass	4/4	8	1	0					1/4	7			
153	153	606	606	1.0	0	0	Chord	4/4	8	1	1/4	1/4	1	3157						
153	153	607	607	1.0	1/4	1/4	Chord	4/4	8	1	1/4	1/4	1	3158						
153	153	608	608	1.0	1/2	1/2	Chord	4/4	8	1	1/4	1/4	1	3159						
153	153	609	609	1.0	3/4	3/4	Chord	4/4	8	1	1/4	1/4	1	3160						
154	154	610	610	2.0	0	0	Chord	4/4	1	1	1/2	1/2	1	3161						
154	154	612	612	2.0	1/2	1/2	Chord	4/4	1	1	1/2	1/2	1	3162						
154	154	610	610	2.0	0	0	Chord	4/4	2	1	1/2	1/2	1	3163						
154	154	612	612	2.0	1/2	1/2	Chord	4/4	2	1	1/2	1/2	1	3164						
154	154	610	610	2.0	0	0	Chord	4/4	3	1	1/2	1/2	1	3165						
154	154	612	612	2.0	1/2	1/2	Chord	4/4	3	1	1/2	1/2	1	3166						
154	154	610	610	2.0	0	0	Chord	4/4	4	1	1/2	1/2	1	3167						
154	154	612	612	2.0	1/2	1/2	Chord	4/4	4	1	1/2	1/2	1	3168						
154	154	610	610	2.0	0	0	Chord	4/4	4	2	1/2	1/2	1	3169						
154	154	612	612	2.0	1/2	1/2	Chord	4/4	4	2	1/2	1/2	1	3170						
154	154	610	610	2.0	0	0	Chord	4/4	5	1	1/2	1/2	1	3171						
154	154	612	612	2.0	1/2	1/2	Chord	4/4	5	1	1/2	1/2	1	3172						
154	154	610	610	2.0	0	0	Chord	4/4	5	2	1/2	1/2	1	3173						
154	154	612	612	2.0	1/2	1/2	Chord	4/4	5	2	1/2	1/2	1	3174						
154	154	610	610	2.0	0	0	Chord	4/4	5	3	1/2	1/2	1	3175						
154	154	612	612	2.0	1/2	1/2	Chord	4/4	5	3	1/2	1/2	1	3176						
154	154	610	610	2.0	0	0	Chord	4/4	6	1	1/2	1/2	1	3177						
154	154	612	612	2.0	1/2	1/2	Chord	4/4	6	1	1/2	1/2	1	3178						
154	154	610	610	2.0	0	0	Chord	4/4	7	1	1/2	1/2	1	3179						
154	154	612	612	2.0	1/2	1/2	Chord	4/4	7	1	1/2	1/2	1	3180						
154	154	610	610	2.0	0	0	Chord	4/4	8	1	1/2	1/2	1	3181						
154	154	612	612	2.0	1/2	1/2	Chord	4/4	8	1	1/2	1/2	1	3182						
155	155	614	614	2.0	0	0	Chord	4/4	1	1	1/2	1/2	1	3183						
155	155	616	616	2.0	1/2	1/2	Chord	4/4	1	1	1/2	1/2	1	3184	ornamentTremblement					
155	155	614	614	2.0	0	0	Chord	4/4	2	1	1/2	1/2	1	3185						
155	155	616	616	2.0	1/2	1/2	Chord	4/4	2	1	1/2	1/2	1	3186	ornamentTremblement					
155	155	614	614	2.0	0	0	Chord	4/4	3	1	1/2	1/2	1	3187						
155	155	616	616	2.0	1/2	1/2	Chord	4/4	3	1	1/2	1/2	1	3188						
155	155	614	614	2.0	0	0	Chord	4/4	4	1	1/2	1/2	1	3189						
155	155	616	616	2.0	1/2	1/2	Chord	4/4	4	1	1/2	1/2	1	3190						
155	155	614	614	2.0	0	0	Chord	4/4	4	2	1/2	1/2	1	3191						
155	155	616	616	2.0	1/2	1/2	Chord	4/4	4	2	1/2	1/2	1	3192						
155	155	614	614	2.0	0	0	Chord	4/4	5	1	1/2	1/2	1	3193						
155	155	616	616	2.0	1/2	1/2	Chord	4/4	5	1	1/2	1/2	1	3194	ornamentTremblement					
155	155	614	614	2.0	0	0	Chord	4/4	5	2	1/2	1/2	1	3195						
155	155	616	616	1.0	1/2	1/2	Chord	4/4	5	2	1/4	1/4	1	3196						
155	155	617	617	1.0	3/4	3/4	Chord	4/4	5	2	1/4	1/4	1	3197						
155	155	614	614	2.0	0	0	Chord	4/4	5	3	1/2	1/2	1	3198						
155	155	616	616	2.0	1/2	1/2	Chord	4/4	5	3	1/2	1/2	1	3199						
155	155	614	614	2.0	0	0	Chord	4/4	6	1	1/2	1/2	1	3200						
155	155	616	616	2.0	1/2	1/2	Chord	4/4	6	1	1/2	1/2	1	3201						
155	155	614	614	2.0	0	0	Chord	4/4	7	1	1/2	1/2	1	3202						
155	155	616	616	2.0	1/2	1/2	Chord	4/4	7	1	1/2	1/2	1	3203	ornamentTremblement					
155	155	614	614	2.0	0	0	Chord	4/4	8	1	1/2	1/2	1	3204						
155	155	616	616	2.0	1/2	1/2	Chord	4/4	8	1	1/2	1/2	1	3205						
156	156	618	618	2.0	0	0	Chord	4/4	1	1	1/2	1/2	1	3206						
156	156	620	620	2.0	1/2	1/2	Chord	4/4	1	1	1/2	1/2	1	3207						
156	156	618	618	2.0	0	0	Chord	4/4	2	1	1/2	1/2	1	3208						
156	156	620	620	2.0	1/2	1/2	Chord	4/4	2	1	1/2	1/2	1	3209						
156	156	618	618	2.0	0	0	Chord	4/4	3	1	1/2	1/2	1	3210						
156	156	620	620	2.0	1/2	1/2	Chord	4/4	3	1	1/2	1/2	1	3211						
156	156	618	618	2.0	0	0	Chord	4/4	4	1	1/2	1/2	1	3212						
156	156	620	620	2.0	1/2	1/2	Chord	4/4	4	1	1/2	1/2	1	3213						
156	156	618	618	2.0	0	0	Chord	4/4	4	2	1/2	1/2	1	3214						
156	156	618	618	2.0	0	0	Chord	4/4	5	1	1/2	1/2	1	3215						
156	156	620	620	2.0	1/2	1/2	Chord	4/4	5	1	1/2	1/2	1	3216						
156	156	618	618	2.0	0	0	Chord	4/4	5	2	1/2	1/2	1	3217						
156	156	620	620	2.0	1/2	1/2	Chord	4/4	5	2	1/2	1/2	1	3218						
156	156	618	618	2.0	0	0	Chord	4/4	5	3	1/2	1/2	1	3219						
156	156	620	620	2.0	1/2	1/2	Chord	4/4	5	3	1/2	1/2	1	3220						
156	156	618	618	2.0	0	0	Chord	4/4	6	1	1/2	1/2	1	3221						
156	156	620	620	2.0	1/2	1/2	Chord	4/4	6	1	1/2	1/2	1	3222						
156	156	618	618	2.0	0	0	Chord	4/4	7	1	1/2	1/2	1	3223						
156	156	620	620	0.0	1/2	1/2	FiguredBass	4/4	7	1	0					1/2	6			
156	156	620	620	2.0	1/2	1/2	Chord	4/4	7	1	1/2	1/2	1	3224						
156	156	618	618	2.0	0	0	Chord	4/4	8	1	1/2	1/2	1	3225						
156	156	620	620	2.0	1/2	1/2	Chord	4/4	8	1	1/2	1/2	1	3226						
157	157	622	622	2.0	0	0	Chord	4/4	1	1	1/2	1/2	1	3227						
157	157	624	624	2.0	1/2	1/2	Chord	4/4	1	1	1/2	1/2	1	3228						
157	157	622	622	2.0	0	0	Chord	4/4	2	1	1/2	1/2	1	3229						
157	157	624	624	2.0	1/2	1/2	Chord	4/4	2	1	1/2	1/2	1	3230						
157	157	622	622	2.0	0	0	Chord	4/4	3	1	1/2	1/2	1	3231						
157	157	624	624	2.0	1/2	1/2	Chord	4/4	3	1	1/2	1/2	1	3232						
157	157	622	622	2.0	0	0	Chord	4/4	4	1	1/2	1/2	1	3233						
157	157	624	624	2.0	1/2	1/2	Chord	4/4	4	1	1/2	1/2	1	3234						
157	157	622	622	2.0	0	0	Chord	4/4	5	1	1/2	1/2	1	3235						
157	157	624	624	2.0	1/2	1/2	Chord	4/4	5	1	1/2	1/2	1	3236						
157	157	622	622	2.0	0	0	Chord	4/4	5	2	1/2	1/2	1	3237						
157	157	624	624	2.0	1/2	1/2	Chord	4/4	5	2	1/2	1/2	1	3238						
157	157	622	622	2.0	0	0	Chord	4/4	5	3	1/2	1/2	1	3239						
157	157	624	624	2.0	1/2	1/2	Chord	4/4	5	3	1/2	1/2	1	3240						
157	157	622	622	2.0	0	0	Chord	4/4	6	1	1/2	1/2	1	3241						
157	157	624	624	2.0	1/2	1/2	Chord	4/4	6	1	1/2	1/2	1	3242						
157	157	622	622	2.0	0	0	Chord	4/4	7	1	1/2	1/2	1	3243						
157	157	624	624	2.0	1/2	1/2	Chord	4/4	7	1	1/2	1/2	1	3244						
157	157	622	622	2.0	0	0	Chord	4/4	8	1	1/2	1/2	1	3245						
157	157	624	624	2.0	1/2	1/2	Chord	4/4	8	1	1/2	1/2	1	3246						
158	158	626	626	2.0	0	0	Chord	4/4	1	1	1/2	1/2	1	3247						
158	158	628	628	2.0	1/2	1/2	Chord	4/4	1	1	1/2	1/2	1	3248						
158	158	626	626	2.0	0	0	Chord	4/4	2	1	1/2	1/2	1	3249						
158	158	628	628	2.0	1/2	1/2	Chord	4/4	2	1	1/2	1/2	1	3250						
158	158	626	626	2.0	0	0	Chord	4/4	3	1	1/2	1/2	1	3251						
158	158	628	628	2.0	1/2	1/2	Chord	4/4	3	1	1/2	1/2	1	3252						
158	158	626	626	2.0	0	0	Chord	4/4	4	1	1/2	1/2	1	3253						
158	158	628	628	2.0	1/2	1/2	Chord	4/4	4	1	1/2	1/2	1	3254						
158	158	626	626	2.0	0	0	Chord	4/4	4	2	1/2	1/2	1	3255						
158	158	626	626	2.0	0	0	Chord	4/4	5	1	1/2	1/2	1	3256						
158	158	628	628	2.0	1/2	1/2	Chord	4/4	5	1	1/2	1/2	1	3257						
158	158	626	626	2.0	0	0	Chord	4/4	5	2	1/2	1/2	1	3258						
158	158	628	628	2.0	1/2	1/2	Chord	4/4	5	2	1/2	1/2	1	3259						
158	158	626	626	2.0	0	0	Chord	4/4	5	3	1/2	1/2	1	3260						
158	158	628	628	2.0	1/2	1/2	Chord	4/4	5	3	1/2	1/2	1	3261						
158	158	626	626	2.0	0	0	Chord	4/4	6	1	1/2	1/2	1	3262						
158	158	628	628	2.0	1/2	1/2	Chord	4/4	6	1	1/2	1/2	1	3263						
158	158	626	626	2.0	0	0	Chord	4/4	7	1	1/2	1/2	1	3264						
158	158	628	628	2.0	1/2	1/2	Chord	4/4	7	1	1/2	1/2	1	3265						
158	158	626	626	2.0	0	0	Chord	4/4	8	1	1/2	1/2	1	3266						
158	158	628	628	2.0	1/2	1/2	Chord	4/4	8	1	1/2	1/2	1	3267						
159	159	630	630	2.0	0	0	Chord	4/4	1	1	1/2	1/2	1	3268						
159	159	632	632	2.0	1/2	1/2	Chord	4/4	1	1	1/2	1/2	1	3269	ornamentTremblement					
159	159	630	630	2.0	0	0	Chord	4/4	2	1	1/2	1/2	1	3270						
159	159	632	632	2.0	1/2	1/2	Chord	4/4	2	1	1/2	1/2	1	3271	ornamentTremblement					
159	159	630	630	2.0	0	0	Chord	4/4	3	1	1/2	1/2	1	3272						
159	159	632	632	2.0	1/2	1/2	Chord	4/4	3	1	1/2	1/2	1	3273						
159	159	630	630	2.0	0	0	Chord	4/4	4	1	1/2	1/2	1	3274						
159	159	632	632	2.0	1/2	1/2	Chord	4/4	4	1	1/2	1/2	1	3275						
159	159	630	630	2.0	0	0	Chord	4/4	5	1	1/2	1/2	1	3276						
159	159	632	632	2.0	1/2	1/2	Chord	4/4	5	1	1/2	1/2	1	3277						
159	159	630	630	2.0	0	0	Chord	4/4	5	2	1/2	1/2	1	3278						
159	159	632	632	2.0	1/2	1/2	Chord	4/4	5	2	1/2	1/2	1	3279						
159	159	630	630	2.0	0	0	Chord	4/4	5	3	1/2	1/2	1	3280						
159	159	632	632	2.0	1/2	1/2	Chord	4/4	5	3	1/2	1/2	1	3281						
159	159	630	630	2.0	0	0	Chord	4/4	6	1	1/2	1/2	1	3282						
159	159	632	632	2.0	1/2	1/2	Chord	4/4	6	1	1/2	1/2	1	3283						
159	159	630	630	0.0	0	0	FiguredBass	4/4	7	1	0					1/2	b			
159	159	630	630	2.0	0	0	Chord	4/4	7	1	1/2	1/2	1	3284						
159	159	632	632	0.0	1/2	1/2	FiguredBass	4/4	7	1	0					1/2	7	5		
159	159	632	632	2.0	1/2	1/2	Chord	4/4	7	1	1/2	1/2	1	3285	ornamentTremblement					
159	159	630	630	2.0	0	0	Chord	4/4	8	1	1/2	1/2	1	3286						
159	159	632	632	2.0	1/2	1/2	Chord	4/4	8	1	1/2	1/2	1	3287						
160	160	634	634	2.0	0	0	Chord	4/4	1	1	1/2	1/2	1	3288						
160	160	636	636	2.0	1/2	1/2	Chord	4/4	1	1	1/2	1/2	1	3289						
160	160	634	634	2.0	0	0	Chord	4/4	2	1	1/2	1/2	1	3290						
160	160	636	636	2.0	1/2	1/2	Chord	4/4	2	1	1/2	1/2	1	3291						
160	160	634	634	2.0	0	0	Chord	4/4	3	1	1/2	1/2	1	3292						
160	160	636	636	2.0	1/2	1/2	Chord	4/4	3	1	1/2	1/2	1	3293						
160	160	634	634	2.0	0	0	Chord	4/4	4	1	1/2	1/2	1	3294						
160	160	636	636	2.0	1/2	1/2	Chord	4/4	4	1	1/2	1/2	1	3295						
160	160	634	634	2.0	0	0	Chord	4/4	5	1	1/2	1/2	1	3296						
160	160	636	636	2.0	1/2	1/2	Chord	4/4	5	1	1/2	1/2	1	3297						
160	160	634	634	2.0	0	0	Chord	4/4	5	2	1/2	1/2	1	3298						
160	160	636	636	2.0	1/2	1/2	Chord	4/4	5	2	1/2	1/2	1	3299						
160	160	634	634	2.0	0	0	Chord	4/4	5	3	1/2	1/2	1	3300						
160	160	636	636	2.0	1/2	1/2	Chord	4/4	5	3	1/2	1/2	1	3301						
160	160	634	634	2.0	0	0	Chord	4/4	6	1	1/2	1/2	1	3302						
160	160	636	636	2.0	1/2	1/2	Chord	4/4	6	1	1/2	1/2	1	3303						
160	160	634	634	0.0	0	0	FiguredBass	4/4	7	1	0					1/2	#			
160	160	634	634	2.0	0	0	Chord	4/4	7	1	1/2	1/2	1	3304						
160	160	636	636	2.0	1/2	1/2	Chord	4/4	7	1	1/2	1/2	1	3305						
160	160	634	634	2.0	0	0	Chord	4/4	8	1	1/2	1/2	1	3306						
160	160	636	636	2.0	1/2	1/2	Chord	4/4	8	1	1/2	1/2	1	3307						
161	161	638	638	2.0	0	0	Chord	4/4	1	1	1/2	1/2	1	3308						
161	161	640	640	2.0	1/2	1/2	Chord	4/4	1	1	1/2	1/2	1	3309						
161	161	638	638	2.0	0	0	Chord	4/4	2	1	1/2	1/2	1	3310						
161	161	640	640	2.0	1/2	1/2	Chord	4/4	2	1	1/2	1/2	1	3311						
161	161	638	638	2.0	0	0	Chord	4/4	3	1	1/2	1/2	1	3312						
161	161	640	640	2.0	1/2	1/2	Chord	4/4	3	1	1/2	1/2	1	3313						
161	161	638	638	2.0	0	0	Chord	4/4	4	1	1/2	1/2	1	3314						
161	161	640	640	2.0	1/2	1/2	Chord	4/4	4	1	1/2	1/2	1	3315						
161	161	638	638	2.0	0	0	Chord	4/4	5	1	1/2	1/2	1	3316						
161	161	640	640	2.0	1/2	1/2	Chord	4/4	5	1	1/2	1/2	1	3317						
161	161	638	638	2.0	0	0	Chord	4/4	5	2	1/2	1/2	1	3318						
161	161	640	640	2.0	1/2	1/2	Chord	4/4	5	2	1/2	1/2	1	3319						
161	161	638	638	2.0	0	0	Chord	4/4	5	3	1/2	1/2	1	3320						
161	161	640	640	2.0	1/2	1/2	Chord	4/4	5	3	1/2	1/2	1	3321						
161	161	638	638	2.0	0	0	Chord	4/4	6	1	1/2	1/2	1	3322						
161	161	640	640	2.0	1/2	1/2	Chord	4/4	6	1	1/2	1/2	1	3323						
161	161	638	638	0.0	0	0	FiguredBass	4/4	7	1	0					1/2	6			
161	161	638	638	2.0	0	0	Chord	4/4	7	1	1/2	1/2	1	3324						
161	161	640	640	0.0	1/2	1/2	FiguredBass	4/4	7	1	0					1/2	7			
161	161	640	640	2.0	1/2	1/2	Chord	4/4	7	1	1/2	1/2	1	3325						
161	161	638	638	2.0	0	0	Chord	4/4	8	1	1/2	1/2	1	3326						
161	161	640	640	2.0	1/2	1/2	Chord	4/4	8	1	1/2	1/2	1	3327						
162	162	642	642	2.0	0	0	Chord	4/4	1	1	1/2	1/2	1	3328						
162	162	644	644	2.0	1/2	1/2	Chord	4/4	1	1	1/2	1/2	1	3329						
162	162	642	642	2.0	0	0	Chord	4/4	2	1	1/2	1/2	1	3330						
162	162	644	644	2.0	1/2	1/2	Chord	4/4	2	1	1/2	1/2	1	3331						
162	162	642	642	2.0	0	0	Chord	4/4	3	1	1/2	1/2	1	3332						
162	162	644	644	2.0	1/2	1/2	Chord	4/4	3	1	1/2	1/2	1	3333						
162	162	642	642	2.0	0	0	Chord	4/4	4	1	1/2	1/2	1	3334						
162	162	644	644	2.0	1/2	1/2	Chord	4/4	4	1	1/2	1/2	1	3335						
162	162	642	642	2.0	0	0	Chord	4/4	5	1	1/2	1/2	1	3336						
162	162	644	644	2.0	1/2	1/2	Chord	4/4	5	1	1/2	1/2	1	3337						
162	162	642	642	2.0	0	0	Chord	4/4	5	2	1/2	1/2	1	3338						
162	162	644	644	2.0	1/2	1/2	Chord	4/4	5	2	1/2	1/2	1	3339						
162	162	642	642	2.0	0	0	Chord	4/4	5	3	1/2	1/2	1	3340						
162	162	644	644	2.0	1/2	1/2	Chord	4/4	5	3	1/2	1/2	1	3341						
162	162	642	642	2.0	0	0	Chord	4/4	6	1	1/2	1/2	1	3342						
162	162	644	644	2.0	1/2	1/2	Chord	4/4	6	1	1/2	1/2	1	3343						
162	162	642	642	2.0	0	0	Chord	4/4	7	1	1/2	1/2	1	3344						
162	162	644	644	0.0	1/2	1/2	FiguredBass	4/4	7	1	0					1/2	6			
162	162	644	644	2.0	1/2	1/2	Chord	4/4	7	1	1/2	1/2	1	3345						
162	162	642	642	2.0	0	0	Chord	4/4	8	1	1/2	1/2	1	3346						
162	162	644	644	2.0	1/2	1/2	Chord	4/4	8	1	1/2	1/2	1	3347						
163	163	646	646	2.0	0	0	Chord	4/4	1	1	1/2	1/2	1	3348						
163	163	648	648	2.0	1/2	1/2	Chord	4/4	1	1	1/2	1/2	1	3349	ornamentTremblement					
163	163	646	646	2.0	0	0	Chord	4/4	2	1	1/2	1/2	1	3350						
163	163	648	648	2.0	1/2	1/2	Chord	4/4	2	1	1/2	1/2	1	3351	ornamentTremblement					
163	163	646	646	2.0	0	0	Chord	4/4	3	1	1/2	1/2	1	3352						
163	163	648	648	2.0	1/2	1/2	Chord	4/4	3	1	1/2	1/2	1	3353						
163	163	646	646	2.0	0	0	Chord	4/4	4	1	1/2	1/2	1	3354						
163	163	648	648	2.0	1/2	1/2	Chord	4/4	4	1	1/2	1/2	1	3355						
163	163	646	646	2.0	0	0	Chord	4/4	5	1	1/2	1/2	1	3356						
163	163	648	648	2.0	1/2	1/2	Chord	4/4	5	1	1/2	1/2	1	3357	ornamentTremblement					
163	163	646	646	2.0	0	0	Chord	4/4	5	2	1/2	1/2	1	3358						
163	163	648	648	2.0	1/2	1/2	Chord	4/4	5	2	1/2	1/2	1	3359						
163	163	646	646	2.0	0	0	Chord	4/4	5	3	1/2	1/2	1	3360						
163	163	648	648	2.0	1/2	1/2	Chord	4/4	5	3	1/2	1/2	1	3361						
163	163	646	646	2.0	0	0	Chord	4/4	6	1	1/2	1/2	1	3362						
163	163	648	648	2.0	1/2	1/2	Chord	4/4	6	1	1/2	1/2	1	3363						
163	163	646	646	2.0	0	0	Chord	4/4	7	1	1/2	1/2	1	3364						
163	163	648	648	2.0	1/2	1/2	Chord	4/4	7	1	1/2	1/2	1	3365	ornamentTremblement					
163	163	646	646	2.0	0	0	Chord	4/4	8	1	1/2	1/2	1	3366						
163	163	648	648	2.0	1/2	1/2	Chord	4/4	8	1	1/2	1/2	1	3367						
164	164	650	650	2.0	0	0	Chord	4/4	1	1	1/2	1/2	1	3368						
164	164	652	652	2.0	1/2	1/2	Chord	4/4	1	1	1/2	1/2	1	3369						
164	164	650	650	2.0	0	0	Chord	4/4	2	1	1/2	1/2	1	3370						
164	164	652	652	2.0	1/2	1/2	Chord	4/4	2	1	1/2	1/2	1	3371						
164	164	650	650	2.0	0	0	Chord	4/4	3	1	1/2	1/2	1	3372						
164	164	652	652	2.0	1/2	1/2	Chord	4/4	3	1	1/2	1/2	1	3373						
164	164	650	650	2.0	0	0	Chord	4/4	4	1	1/2	1/2	1	3374						
164	164	652	652	2.0	1/2	1/2	Chord	4/4	4	1	1/2	1/2	1	3375						
164	164	650	650	2.0	0	0	Chord	4/4	5	1	1/2	1/2	1	3376						
164	164	652	652	2.0	1/2	1/2	Chord	4/4	5	1	1/2	1/2	1	3377						
164	164	650	650	2.0	0	0	Chord	4/4	5	2	1/2	1/2	1	3378						
164	164	652	652	2.0	1/2	1/2	Chord	4/4	5	2	1/2	1/2	1	3379						
164	164	650	650	2.0	0	0	Chord	4/4	5	3	1/2	1/2	1	3380						
164	164	652	652	2.0	1/2	1/2	Chord	4/4	5	3	1/2	1/2	1	3381						
164	164	650	650	2.0	0	0	Chord	4/4	6	1	1/2	1/2	1	3382						
164	164	652	652	2.0	1/2	1/2	Chord	4/4	6	1	1/2	1/2	1	3383						
164	164	650	650	2.0	0	0	Chord	4/4	7	1	1/2	1/2	1	3384						
164	164	652	652	0.0	1/2	1/2	FiguredBass	4/4	7	1	0					1/2	#			
164	164	652	652	2.0	1/2	1/2	Chord	4/4	7	1	1/2	1/2	1	3385						
164	164	650	650	2.0	0	0	Chord	4/4	8	1	1/2	1/2	1	3386						
164	164	652	652	2.0	1/2	1/2	Chord	4/4	8	1	1/2	1/2	1	3387						
165	165	654	654	2.0	0	0	Chord	4/4	1	1	1/2	1/2	1	3388						
165	165	656	656	2.0	1/2	1/2	Chord	4/4	1	1	1/2	1/2	1	3389						
165	165	654	654	2.0	0	0	Chord	4/4	2	1	1/2	1/2	1	3390						
165	165	656	656	2.0	1/2	1/2	Chord	4/4	2	1	1/2	1/2	1	3391						
165	165	654	654	2.0	0	0	Chord	4/4	3	1	1/2	1/2	1	3392						
165	165	656	656	2.0	1/2	1/2	Chord	4/4	3	1	1/2	1/2	1	3393						
165	165	654	654	2.0	0	0	Chord	4/4	4	1	1/2	1/2	1	3394						
165	165	656	656	2.0	1/2	1/2	Chord	4/4	4	1	1/2	1/2	1	3395						
165	165	654	654	2.0	0	0	Chord	4/4	5	1	1/2	1/2	1	3396						
165	165	656	656	2.0	1/2	1/2	Chord	4/4	5	1	1/2	1/2	1	3397						
165	165	654	654	2.0	0	0	Chord	4/4	5	2	1/2	1/2	1	3398						
165	165	656	656	2.0	1/2	1/2	Chord	4/4	5	2	1/2	1/2	1	3399						
165	165	654	654	2.0	0	0	Chord	4/4	5	3	1/2	1/2	1	3400						
165	165	656	656	2.0	1/2	1/2	Chord	4/4	5	3	1/2	1/2	1	3401						
165	165	654	654	2.0	0	0	Chord	4/4	6	1	1/2	1/2	1	3402						
165	165	656	656	2.0	1/2	1/2	Chord	4/4	6	1	1/2	1/2	1	3403						
165	165	654	654	2.0	0	0	Chord	4/4	7	1	1/2	1/2	1	3404						
165	165	656	656	2.0	1/2	1/2	Chord	4/4	7	1	1/2	1/2	1	3405						
165	165	654	654	2.0	0	0	Chord	4/4	8	1	1/2	1/2	1	3406						
165	165	656	656	2.0	1/2	1/2	Chord	4/4	8	1	1/2	1/2	1	3407						
166	166	658	658	2.0	0	0	Chord	4/4	1	1	1/2	1/2	1	3408						
166	166	660	660	2.0	1/2	1/2	Chord	4/4	1	1	1/2	1/2	1	3409						
166	166	658	658	2.0	0	0	Chord	4/4	2	1	1/2	1/2	1	3410						
166	166	660	660	2.0	1/2	1/2	Chord	4/4	2	1	1/2	1/2	1	3411						
166	166	658	658	2.0	0	0	Chord	4/4	3	1	1/2	1/2	1	3412						
166	166	660	660	2.0	1/2	1/2	Chord	4/4	3	1	1/2	1/2	1	3413						
166	166	658	658	2.0	0	0	Chord	4/4	4	1	1/2	1/2	1	3414						
166	166	660	660	2.0	1/2	1/2	Chord	4/4	4	1	1/2	1/2	1	3415						
166	166	658	658	2.0	0	0	Chord	4/4	5	1	1/2	1/2	1	3416						
166	166	660	660	2.0	1/2	1/2	Chord	4/4	5	1	1/2	1/2	1	3417						
166	166	658	658	2.0	0	0	Chord	4/4	5	2	1/2	1/2	1	3418						
166	166	660	660	2.0	1/2	1/2	Chord	4/4	5	2	1/2	1/2	1	3419						
166	166	658	658	2.0	0	0	Chord	4/4	5	3	1/2	1/2	1	3420						
166	166	660	660	2.0	1/2	1/2	Chord	4/4	5	3	1/2	1/2	1	3421						
166	166	658	658	2.0	0	0	Chord	4/4	6	1	1/2	1/2	1	3422						
166	166	660	660	2.0	1/2	1/2	Chord	4/4	6	1	1/2	1/2	1	3423						
166	166	658	658	0.0	0	0	FiguredBass	4/4	7	1	0					1/2	6			
166	166	658	658	2.0	0	0	Chord	4/4	7	1	1/2	1/2	1	3424						
166	166	660	660	2.0	1/2	1/2	Chord	4/4	7	1	1/2	1/2	1	3425						
166	166	658	658	2.0	0	0	Chord	4/4	8	1	1/2	1/2	1	3426						
166	166	660	660	2.0	1/2	1/2	Chord	4/4	8	1	1/2	1/2	1	3427						
167	167	662	662	2.0	0	0	Chord	4/4	1	1	1/2	1/2	1	3428						
167	167	664	664	2.0	1/2	1/2	Chord	4/4	1	1	1/2	1/2	1	3429	ornamentTremblement					
167	167	662	662	3.0	0	0	Chord	4/4	2	1	3/4	1/2	3/2	3430						
167	167	665	665	0.5	3/4	3/4	Chord	4/4	2	1	1/8	1/8	1	3431						
167	167	1331/2	1331/2	0.5	7/8	7/8	Chord	4/4	2	1	1/8	1/8	1	3432						
167	167	662	662	1.0	0	0	Chord	4/4	3	1	1/4	1/4	1	3433						67
167	167	663	663	1.0	1/4	1/4	Chord	4/4	3	1	1/4	1/4	1	3434						
167	167	664	664	2.0	1/2	1/2	Chord	4/4	3	1	1/2	1/2	1	3435						
167	167	662	662	1.0	0	0	Chord	4/4	4	1	1/4	1/4	1	3436						
167	167	663	663	1.0	1/4	1/4	Chord	4/4	4	1	1/4	1/4	1	3437						
167	167	664	664	2.0	1/2	1/2	Chord	4/4	4	1	1/2	1/2	1	3438						
167	167	662	662	2.0	0	0	Chord	4/4	5	1	1/2	1/2	1	3439						
167	167	664	664	2.0	1/2	1/2	Chord	4/4	5	1	1/2	1/2	1	3440	ornamentTremblement					
167	167	662	662	1.0	0	0	Chord	4/4	5	2	1/4	1/4	1	3441						
167	167	663	663	1.0	1/4	1/4	Chord	4/4	5	2	1/4	1/4	1	3442						
167	167	664	664	2.0	1/2	1/2	Chord	4/4	5	2	1/2	1/2	1	3443						
167	167	662	662	3.0	0	0	Chord	4/4	5	3	3/4	1/2	3/2	3444						
167	167	665	665	0.5	3/4	3/4	Chord	4/4	5	3	1/8	1/8	1	3445						
167	167	1331/2	1331/2	0.5	7/8	7/8	Chord	4/4	5	3	1/8	1/8	1	3446						
167	167	662	662	1.0	0	0	Chord	4/4	6	1	1/4	1/4	1	3447						
167	167	663	663	1.0	1/4	1/4	Chord	4/4	6	1	1/4	1/4	1	3448						
167	167	664	664	2.0	1/2	1/2	Chord	4/4	6	1	1/2	1/2	1	3449						
167	167	662	662	0.0	0	0	FiguredBass	4/4	7	1	0					1/2	6b	4	2	
167	167	662	662	2.0	0	0	Chord	4/4	7	1	1/2	1/2	1	3450						
167	167	664	664	0.0	1/2	1/2	FiguredBass	4/4	7	1	0					1/2	6	5		
167	167	664	664	2.0	1/2	1/2	Chord	4/4	7	1	1/2	1/2	1	3451	ornamentTremblement					
167	167	666	666	0.0	1	1	FiguredBass	4/4	7	1	0					1/2	9			
167	167	662	662	0.0	0	0	FiguredBass	4/4	8	1	0					1/4	8			
167	167	662	662	1.0	0	0	Chord	4/4	8	1	1/4	1/4	1	3452						
167	167	663	663	1.0	1/4	1/4	Chord	4/4	8	1	1/4	1/4	1	3453						
167	167	664	664	2.0	1/2	1/2	Chord	4/4	8	1	1/2	1/2	1	3454						
168	168	666	666	2.0	0	0	Chord	4/4	1	1	1/2	1/2	1	3455						
168	168	668	668	2.0	1/2	1/2	Chord	4/4	1	1	1/2	1/2	1	3456						
168	168	666	666	2.0	0	0	Chord	4/4	2	1	1/2	1/2	1	3457						
168	168	668	668	2.0	1/2	1/2	Chord	4/4	2	1	1/2	1/2	1	3458						
168	168	666	666	1.0	0	0	Chord	4/4	3	1	1/4	1/4	1	3459						68
168	168	667	667	1.0	1/4	1/4	Chord	4/4	3	1	1/4	1/4	1	3460						
168	168	668	668	2.0	1/2	1/2	Chord	4/4	3	1	1/2	1/2	1	3461						
168	168	666	666	2.0	0	0	Chord	4/4	4	1	1/2	1/2	1	3462						
168	168	668	668	2.0	1/2	1/2	Chord	4/4	4	1	1/2	1/2	1	3463						
168	168	666	666	2.0	0	0	Chord	4/4	5	1	1/2	1/2	1	3464						
168	168	668	668	2.0	1/2	1/2	Chord	4/4	5	1	1/2	1/2	1	3465						
168	168	666	666	1.0	0	0	Chord	4/4	5	2	1/4	1/4	1	3466						
168	168	667	667	1.0	1/4	1/4	Chord	4/4	5	2	1/4	1/4	1	3467						
168	168	668	668	2.0	1/2	1/2	Chord	4/4	5	2	1/2	1/2	1	3468						
168	168	666	666	2.0	0	0	Chord	4/4	5	3	1/2	1/2	1	3469						
168	168	668	668	2.0	1/2	1/2	Chord	4/4	5	3	1/2	1/2	1	3470						
168	168	666	666	2.0	0	0	Chord	4/4	6	1	1/2	1/2	1	3471						
168	168	668	668	2.0	1/2	1/2	Chord	4/4	6	1	1/2	1/2	1	3472						
168	168	666	666	0.0	0	0	FiguredBass	4/4	7	1	0					1/2	4			
168	168	666	666	2.0	0	0	Chord	4/4	7	1	1/2	1/2	1	3473						
168	168	668	668	0.0	1/2	1/2	FiguredBass	4/4	7	1	0					1/2	#			
168	168	668	668	2.0	1/2	1/2	Chord	4/4	7	1	1/2	1/2	1	3474						
168	168	670	670	0.0	1	1	FiguredBass	4/4	7	1	0					1/2	h			
168	168	666	666	2.0	0	0	Chord	4/4	8	1	1/2	1/2	1	3475						
168	168	668	668	2.0	1/2	1/2	Chord	4/4	8	1	1/2	1/2	1	3476						
169	169	670	670	2.0	0	0	Chord	4/4	1	1	1/2	1/2	1	3477						
169	169	672	672	2.0	1/2	1/2	Chord	4/4	1	1	1/2	1/2	1	3478						
169	169	670	670	2.0	0	0	Chord	4/4	2	1	1/2	1/2	1	3479						
169	169	672	672	2.0	1/2	1/2	Chord	4/4	2	1	1/2	1/2	1	3480						
169	169	670	670	2.0	0	0	Chord	4/4	3	1	1/2	1/2	1	3481						
169	169	672	672	2.0	1/2	1/2	Chord	4/4	3	1	1/2	1/2	1	3482						
169	169	670	670	2.0	0	0	Chord	4/4	4	1	1/2	1/2	1	3483						
169	169	672	672	2.0	1/2	1/2	Chord	4/4	4	1	1/2	1/2	1	3484						
169	169	670	670	2.0	0	0	Chord	4/4	5	1	1/2	1/2	1	3485						
169	169	672	672	2.0	1/2	1/2	Chord	4/4	5	1	1/2	1/2	1	3486						
169	169	670	670	2.0	0	0	Chord	4/4	5	2	1/2	1/2	1	3487						
169	169	672	672	2.0	1/2	1/2	Chord	4/4	5	2	1/2	1/2	1	3488						
169	169	670	670	2.0	0	0	Chord	4/4	5	3	1/2	1/2	1	3489						
169	169	672	672	2.0	1/2	1/2	Chord	4/4	5	3	1/2	1/2	1	3490						
169	169	670	670	2.0	0	0	Chord	4/4	6	1	1/2	1/2	1	3491						
169	169	672	672	2.0	1/2	1/2	Chord	4/4	6	1	1/2	1/2	1	3492						
169	169	670	670	2.0	0	0	Chord	4/4	7	1	1/2	1/2	1	3493						
169	169	672	672	0.0	1/2	1/2	FiguredBass	4/4	7	1	0					1/2	6			
169	169	672	672	2.0	1/2	1/2	Chord	4/4	7	1	1/2	1/2	1	3494						
169	169	670	670	2.0	0	0	Chord	4/4	8	1	1/2	1/2	1	3495						
169	169	672	672	2.0	1/2	1/2	Chord	4/4	8	1	1/2	1/2	1	3496						
170	170	674	674	2.0	0	0	Chord	4/4	1	1	1/2	1/2	1	3497						
170	170	676	676	2.0	1/2	1/2	Chord	4/4	1	1	1/2	1/2	1	3498						
170	170	674	674	2.0	0	0	Chord	4/4	2	1	1/2	1/2	1	3499						
170	170	676	676	2.0	1/2	1/2	Chord	4/4	2	1	1/2	1/2	1	3500						
170	170	674	674	2.0	0	0	Chord	4/4	3	1	1/2	1/2	1	3501						
170	170	676	676	2.0	1/2	1/2	Chord	4/4	3	1	1/2	1/2	1	3502						
170	170	674	674	2.0	0	0	Chord	4/4	4	1	1/2	1/2	1	3503						
170	170	676	676	2.0	1/2	1/2	Chord	4/4	4	1	1/2	1/2	1	3504						
170	170	674	674	2.0	0	0	Chord	4/4	5	1	1/2	1/2	1	3505						
170	170	676	676	2.0	1/2	1/2	Chord	4/4	5	1	1/2	1/2	1	3506						
170	170	674	674	2.0	0	0	Chord	4/4	5	2	1/2	1/2	1	3507						
170	170	676	676	2.0	1/2	1/2	Chord	4/4	5	2	1/2	1/2	1	3508						
170	170	674	674	2.0	0	0	Chord	4/4	5	3	1/2	1/2	1	3509						
170	170	676	676	2.0	1/2	1/2	Chord	4/4	5	3	1/2	1/2	1	3510						
170	170	674	674	2.0	0	0	Chord	4/4	6	1	1/2	1/2	1	3511						
170	170	676	676	2.0	1/2	1/2	Chord	4/4	6	1	1/2	1/2	1	3512						
170	170	674	674	2.0	0	0	Chord	4/4	7	1	1/2	1/2	1	3513						
170	170	676	676	0.0	1/2	1/2	FiguredBass	4/4	7	1	0					1/2	6			
170	170	676	676	2.0	1/2	1/2	Chord	4/4	7	1	1/2	1/2	1	3514						
170	170	674	674	2.0	0	0	Chord	4/4	8	1	1/2	1/2	1	3515						
170	170	676	676	2.0	1/2	1/2	Chord	4/4	8	1	1/2	1/2	1	3516						
171	171	678	678	2.0	0	0	Chord	4/4	1	1	1/2	1/2	1	3517						
171	171	680	680	2.0	1/2	1/2	Chord	4/4	1	1	1/2	1/2	1	3518						
171	171	678	678	2.0	0	0	Chord	4/4	2	1	1/2	1/2	1	3519						
171	171	680	680	2.0	1/2	1/2	Chord	4/4	2	1	1/2	1/2	1	3520						
171	171	678	678	2.0	0	0	Chord	4/4	3	1	1/2	1/2	1	3521						
171	171	680	680	2.0	1/2	1/2	Chord	4/4	3	1	1/2	1/2	1	3522						
171	171	678	678	2.0	0	0	Chord	4/4	4	1	1/2	1/2	1	3523						
171	171	680	680	2.0	1/2	1/2	Chord	4/4	4	1	1/2	1/2	1	3524						
171	171	678	678	2.0	0	0	Chord	4/4	5	1	1/2	1/2	1	3525						
171	171	680	680	2.0	1/2	1/2	Chord	4/4	5	1	1/2	1/2	1	3526						
171	171	678	678	2.0	0	0	Chord	4/4	5	2	1/2	1/2	1	3527						
171	171	680	680	2.0	1/2	1/2	Chord	4/4	5	2	1/2	1/2	1	3528						
171	171	678	678	2.0	0	0	Chord	4/4	5	3	1/2	1/2	1	3529						
171	171	680	680	2.0	1/2	1/2	Chord	4/4	5	3	1/2	1/2	1	3530						
171	171	678	678	2.0	0	0	Chord	4/4	6	1	1/2	1/2	1	3531						
171	171	680	680	2.0	1/2	1/2	Chord	4/4	6	1	1/2	1/2	1	3532						
171	171	678	678	2.0	0	0	Chord	4/4	7	1	1/2	1/2	1	3533						
171	171	680	680	2.0	1/2	1/2	Chord	4/4	7	1	1/2	1/2	1	3534						
171	171	678	678	2.0	0	0	Chord	4/4	8	1	1/2	1/2	1	3535						
171	171	680	680	2.0	1/2	1/2	Chord	4/4	8	1	1/2	1/2	1	3536						
172	172	682	682	2.0	0	0	Chord	4/4	1	1	1/2	1/2	1	3537						
172	172	684	684	2.0	1/2	1/2	Chord	4/4	1	1	1/2	1/2	1	3538						
172	172	682	682	2.0	0	0	Chord	4/4	2	1	1/2	1/2	1	3539						
172	172	684	684	2.0	1/2	1/2	Chord	4/4	2	1	1/2	1/2	1	3540						
172	172	682	682	2.0	0	0	Chord	4/4	3	1	1/2	1/2	1	3541						
172	172	684	684	2.0	1/2	1/2	Chord	4/4	3	1	1/2	1/2	1	3542						
172	172	682	682	2.0	0	0	Chord	4/4	4	1	1/2	1/2	1	3543						
172	172	684	684	2.0	1/2	1/2	Chord	4/4	4	1	1/2	1/2	1	3544						
172	172	682	682	2.0	0	0	Chord	4/4	5	1	1/2	1/2	1	3545						
172	172	684	684	2.0	1/2	1/2	Chord	4/4	5	1	1/2	1/2	1	3546						
172	172	682	682	2.0	0	0	Chord	4/4	5	2	1/2	1/2	1	3547						
172	172	684	684	2.0	1/2	1/2	Chord	4/4	5	2	1/2	1/2	1	3548						
172	172	682	682	2.0	0	0	Chord	4/4	5	3	1/2	1/2	1	3549						
172	172	684	684	2.0	1/2	1/2	Chord	4/4	5	3	1/2	1/2	1	3550						
172	172	682	682	2.0	0	0	Chord	4/4	6	1	1/2	1/2	1	3551						
172	172	684	684	2.0	1/2	1/2	Chord	4/4	6	1	1/2	1/2	1	3552						
172	172	682	682	0.0	0	0	FiguredBass	4/4	7	1	0					1/2	#			
172	172	682	682	2.0	0	0	Chord	4/4	7	1	1/2	1/2	1	3553						
172	172	684	684	0.0	1/2	1/2	FiguredBass	4/4	7	1	0					1/2	6			
172	172	684	684	2.0	1/2	1/2	Chord	4/4	7	1	1/2	1/2	1	3554						
172	172	682	682	2.0	0	0	Chord	4/4	8	1	1/2	1/2	1	3555						
172	172	684	684	2.0	1/2	1/2	Chord	4/4	8	1	1/2	1/2	1	3556						
173	173	686	686	2.0	0	0	Chord	4/4	1	1	1/2	1/2	1	3557						
173	173	688	688	2.0	1/2	1/2	Chord	4/4	1	1	1/2	1/2	1	3558						
173	173	686	686	2.0	0	0	Chord	4/4	2	1	1/2	1/2	1	3559						
173	173	688	688	2.0	1/2	1/2	Chord	4/4	2	1	1/2	1/2	1	3560						
173	173	686	686	2.0	0	0	Chord	4/4	3	1	1/2	1/2	1	3561						
173	173	688	688	2.0	1/2	1/2	Chord	4/4	3	1	1/2	1/2	1	3562						
173	173	686	686	2.0	0	0	Chord	4/4	4	1	1/2	1/2	1	3563						
173	173	688	688	2.0	1/2	1/2	Chord	4/4	4	1	1/2	1/2	1	3564						
173	173	686	686	2.0	0	0	Chord	4/4	5	1	1/2	1/2	1	3565						
173	173	688	688	2.0	1/2	1/2	Chord	4/4	5	1	1/2	1/2	1	3566						
173	173	686	686	2.0	0	0	Chord	4/4	5	2	1/2	1/2	1	3567						
173	173	688	688	2.0	1/2	1/2	Chord	4/4	5	2	1/2	1/2	1	3568						
173	173	686	686	2.0	0	0	Chord	4/4	5	3	1/2	1/2	1	3569						
173	173	688	688	2.0	1/2	1/2	Chord	4/4	5	3	1/2	1/2	1	3570						
173	173	686	686	2.0	0	0	Chord	4/4	6	1	1/2	1/2	1	3571						
173	173	688	688	2.0	1/2	1/2	Chord	4/4	6	1	1/2	1/2	1	3572						
173	173	686	686	0.0	0	0	FiguredBass	4/4	7	1	0					1/2	7	5		
173	173	686	686	2.0	0	0	Chord	4/4	7	1	1/2	1/2	1	3573						
173	173	688	688	2.0	1/2	1/2	Chord	4/4	7	1	1/2	1/2	1	3574						
173	173	686	686	2.0	0	0	Chord	4/4	8	1	1/2	1/2	1	3575						
173	173	688	688	2.0	1/2	1/2	Chord	4/4	8	1	1/2	1/2	1	3576						
174	174	690	690	2.0	0	0	Chord	4/4	1	1	1/2	1/2	1	3577						
174	174	692	692	2.0	1/2	1/2	Chord	4/4	1	1	1/2	1/2	1	3578						
174	174	690	690	2.0	0	0	Chord	4/4	2	1	1/2	1/2	1	3579						
174	174	692	692	1.0	1/2	1/2	Chord	4/4	2	1	1/4	1/4	1	3580						69
174	174	693	693	1.0	3/4	3/4	Chord	4/4	2	1	1/4	1/4	1	3581						
174	174	690	690	2.0	0	0	Chord	4/4	3	1	1/2	1/2	1	3582						
174	174	692	692	2.0	1/2	1/2	Chord	4/4	3	1	1/2	1/2	1	3583						
174	174	690	690	2.0	0	0	Chord	4/4	4	1	1/2	1/2	1	3584						
174	174	692	692	1.0	1/2	1/2	Chord	4/4	4	1	1/4	1/4	1	3585						70
174	174	693	693	1.0	3/4	3/4	Chord	4/4	4	1	1/4	1/4	1	3586						
174	174	690	690	2.0	0	0	Chord	4/4	5	1	1/2	1/2	1	3587						
174	174	692	692	2.0	1/2	1/2	Chord	4/4	5	1	1/2	1/2	1	3588						
174	174	690	690	2.0	0	0	Chord	4/4	5	2	1/2	1/2	1	3589						
174	174	692	692	2.0	1/2	1/2	Chord	4/4	5	2	1/2	1/2	1	3590						
174	174	690	690	2.0	0	0	Chord	4/4	5	3	1/2	1/2	1	3591						
174	174	692	692	1.0	1/2	1/2	Chord	4/4	5	3	1/4	1/4	1	3592						
174	174	693	693	1.0	3/4	3/4	Chord	4/4	5	3	1/4	1/4	1	3593						
174	174	690	690	2.0	0	0	Chord	4/4	6	1	1/2	1/2	1	3594						
174	174	692	692	1.0	1/2	1/2	Chord	4/4	6	1	1/4	1/4	1	3595						
174	174	693	693	1.0	3/4	3/4	Chord	4/4	6	1	1/4	1/4	1	3596						
174	174	690	690	2.0	0	0	Chord	4/4	7	1	1/2	1/2	1	3597						
174	174	692	692	0.0	1/2	1/2	FiguredBass	4/4	7	1	0					1/2	6			
174	174	692	692	2.0	1/2	1/2	Chord	4/4	7	1	1/2	1/2	1	3598						
174	174	690	690	2.0	0	0	Chord	4/4	8	1	1/2	1/2	1	3599						
174	174	692	692	1.0	1/2	1/2	Chord	4/4	8	1	1/4	1/4	1	3600						
174	174	693	693	1.0	3/4	3/4	Chord	4/4	8	1	1/4	1/4	1	3601						
175	175	694	694	2.0	0	0	Chord	4/4	1	1	1/2	1/2	1	3602						
175	175	696	696	2.0	1/2	1/2	Chord	4/4	1	1	1/2	1/2	1	3603						
175	175	694	694	2.0	0	0	Chord	4/4	2	1	1/2	1/2	1	3604						
175	175	696	696	2.0	1/2	1/2	Chord	4/4	2	1	1/2	1/2	1	3605						
175	175	694	694	2.0	0	0	Chord	4/4	3	1	1/2	1/2	1	3606						
175	175	696	696	2.0	1/2	1/2	Chord	4/4	3	1	1/2	1/2	1	3607						
175	175	694	694	2.0	0	0	Chord	4/4	4	1	1/2	1/2	1	3608						
175	175	696	696	2.0	1/2	1/2	Chord	4/4	4	1	1/2	1/2	1	3609						
175	175	694	694	2.0	0	0	Chord	4/4	5	1	1/2	1/2	1	3610						
175	175	696	696	2.0	1/2	1/2	Chord	4/4	5	1	1/2	1/2	1	3611						
175	175	694	694	2.0	0	0	Chord	4/4	5	2	1/2	1/2	1	3612						
175	175	696	696	2.0	1/2	1/2	Chord	4/4	5	2	1/2	1/2	1	3613						
175	175	694	694	2.0	0	0	Chord	4/4	5	3	1/2	1/2	1	3614						
175	175	696	696	2.0	1/2	1/2	Chord	4/4	5	3	1/2	1/2	1	3615						
175	175	694	694	2.0	0	0	Chord	4/4	6	1	1/2	1/2	1	3616						
175	175	696	696	2.0	1/2	1/2	Chord	4/4	6	1	1/2	1/2	1	3617						
175	175	694	694	0.0	0	0	FiguredBass	4/4	7	1	0					1/2	6			
175	175	694	694	2.0	0	0	Chord	4/4	7	1	1/2	1/2	1	3618						
175	175	696	696	2.0	1/2	1/2	Chord	4/4	7	1	1/2	1/2	1	3619						
175	175	694	694	2.0	0	0	Chord	4/4	8	1	1/2	1/2	1	3620						
175	175	696	696	2.0	1/2	1/2	Chord	4/4	8	1	1/2	1/2	1	3621						
176	176	698	698	2.0	0	0	Chord	4/4	1	1	1/2	1/2	1	3622						
176	176	700	700	2.0	1/2	1/2	Chord	4/4	1	1	1/2	1/2	1	3623						
176	176	698	698	2.0	0	0	Chord	4/4	2	1	1/2	1/2	1	3624						
176	176	700	700	2.0	1/2	1/2	Chord	4/4	2	1	1/2	1/2	1	3625						
176	176	698	698	2.0	0	0	Chord	4/4	3	1	1/2	1/2	1	3626						
176	176	700	700	2.0	1/2	1/2	Chord	4/4	3	1	1/2	1/2	1	3627						
176	176	698	698	2.0	0	0	Chord	4/4	4	1	1/2	1/2	1	3628						
176	176	700	700	2.0	1/2	1/2	Chord	4/4	4	1	1/2	1/2	1	3629						
176	176	698	698	2.0	0	0	Chord	4/4	5	1	1/2	1/2	1	3630						
176	176	700	700	2.0	1/2	1/2	Chord	4/4	5	1	1/2	1/2	1	3631						
176	176	698	698	2.0	0	0	Chord	4/4	5	2	1/2	1/2	1	3632						
176	176	700	700	2.0	1/2	1/2	Chord	4/4	5	2	1/2	1/2	1	3633						
176	176	698	698	2.0	0	0	Chord	4/4	5	3	1/2	1/2	1	3634						
176	176	700	700	2.0	1/2	1/2	Chord	4/4	5	3	1/2	1/2	1	3635						
176	176	698	698	2.0	0	0	Chord	4/4	6	1	1/2	1/2	1	3636						
176	176	700	700	2.0	1/2	1/2	Chord	4/4	6	1	1/2	1/2	1	3637						
176	176	698	698	2.0	0	0	Chord	4/4	7	1	1/2	1/2	1	3638						
176	176	700	700	2.0	1/2	1/2	Chord	4/4	7	1	1/2	1/2	1	3639						
176	176	698	698	2.0	0	0	Chord	4/4	8	1	1/2	1/2	1	3640						
176	176	700	700	2.0	1/2	1/2	Chord	4/4	8	1	1/2	1/2	1	3641						
177	177	702	702	2.0	0	0	Chord	4/4	1	1	1/2	1/2	1	3642						
177	177	704	704	2.0	1/2	1/2	Chord	4/4	1	1	1/2	1/2	1	3643						
177	177	702	702	2.0	0	0	Chord	4/4	2	1	1/2	1/2	1	3644						
177	177	704	704	2.0	1/2	1/2	Chord	4/4	2	1	1/2	1/2	1	3645						
177	177	702	702	2.0	0	0	Chord	4/4	3	1	1/2	1/2	1	3646						
177	177	704	704	2.0	1/2	1/2	Chord	4/4	3	1	1/2	1/2	1	3647						
177	177	702	702	2.0	0	0	Chord	4/4	4	1	1/2	1/2	1	3648						
177	177	704	704	2.0	1/2	1/2	Chord	4/4	4	1	1/2	1/2	1	3649						
177	177	702	702	2.0	0	0	Chord	4/4	5	1	1/2	1/2	1	3650						
177	177	704	704	2.0	1/2	1/2	Chord	4/4	5	1	1/2	1/2	1	3651						
177	177	702	702	2.0	0	0	Chord	4/4	5	2	1/2	1/2	1	3652						
177	177	704	704	2.0	1/2	1/2	Chord	4/4	5	2	1/2	1/2	1	3653						
177	177	702	702	2.0	0	0	Chord	4/4	5	3	1/2	1/2	1	3654						
177	177	704	704	2.0	1/2	1/2	Chord	4/4	5	3	1/2	1/2	1	3655						
177	177	702	702	2.0	0	0	Chord	4/4	6	1	1/2	1/2	1	3656						
177	177	704	704	2.0	1/2	1/2	Chord	4/4	6	1	1/2	1/2	1	3657						
177	177	702	702	0.0	0	0	FiguredBass	4/4	7	1	0					1/2	5			
177	177	702	702	2.0	0	0	Chord	4/4	7	1	1/2	1/2	1	3658						
177	177	704	704	0.0	1/2	1/2	FiguredBass	4/4	7	1	0					1/2	7	#		
177	177	704	704	2.0	1/2	1/2	Chord	4/4	7	1	1/2	1/2	1	3659						
177	177	702	702	2.0	0	0	Chord	4/4	8	1	1/2	1/2	1	3660						
177	177	704	704	2.0	1/2	1/2	Chord	4/4	8	1	1/2	1/2	1	3661						
178	178	706	706	2.0	0	0	Chord	4/4	1	1	1/2	1/2	1	3662						
178	178	708	708	2.0	1/2	1/2	Chord	4/4	1	1	1/2	1/2	1	3663						
178	178	706	706	2.0	0	0	Chord	4/4	2	1	1/2	1/2	1	3664						
178	178	708	708	2.0	1/2	1/2	Chord	4/4	2	1	1/2	1/2	1	3665						
178	178	706	706	2.0	0	0	Chord	4/4	3	1	1/2	1/2	1	3666						
178	178	708	708	2.0	1/2	1/2	Chord	4/4	3	1	1/2	1/2	1	3667						
178	178	706	706	2.0	0	0	Chord	4/4	4	1	1/2	1/2	1	3668						
178	178	708	708	2.0	1/2	1/2	Chord	4/4	4	1	1/2	1/2	1	3669						
178	178	706	706	2.0	0	0	Chord	4/4	5	1	1/2	1/2	1	3670						
178	178	708	708	2.0	1/2	1/2	Chord	4/4	5	1	1/2	1/2	1	3671						
178	178	706	706	2.0	0	0	Chord	4/4	5	2	1/2	1/2	1	3672						
178	178	708	708	2.0	1/2	1/2	Chord	4/4	5	2	1/2	1/2	1	3673						
178	178	706	706	2.0	0	0	Chord	4/4	5	3	1/2	1/2	1	3674						
178	178	708	708	2.0	1/2	1/2	Chord	4/4	5	3	1/2	1/2	1	3675						
178	178	706	706	2.0	0	0	Chord	4/4	6	1	1/2	1/2	1	3676						
178	178	708	708	2.0	1/2	1/2	Chord	4/4	6	1	1/2	1/2	1	3677						
178	178	706	706	2.0	0	0	Chord	4/4	7	1	1/2	1/2	1	3678						
178	178	708	708	2.0	1/2	1/2	Chord	4/4	7	1	1/2	1/2	1	3679						
178	178	706	706	2.0	0	0	Chord	4/4	8	1	1/2	1/2	1	3680						
178	178	708	708	2.0	1/2	1/2	Chord	4/4	8	1	1/2	1/2	1	3681						
179	179	710	710	2.0	0	0	Chord	4/4	1	1	1/2	1/2	1	3682						
179	179	712	712	2.0	1/2	1/2	Chord	4/4	1	1	1/2	1/2	1	3683						
179	179	710	710	2.0	0	0	Chord	4/4	2	1	1/2	1/2	1	3684						
179	179	712	712	1.0	1/2	1/2	Chord	4/4	2	1	1/4	1/4	1	3685						71
179	179	713	713	1.0	3/4	3/4	Chord	4/4	2	1	1/4	1/4	1	3686						
179	179	710	710	2.0	0	0	Chord	4/4	3	1	1/2	1/2	1	3687						
179	179	712	712	2.0	1/2	1/2	Chord	4/4	3	1	1/2	1/2	1	3688						
179	179	710	710	2.0	0	0	Chord	4/4	4	1	1/2	1/2	1	3689						
179	179	712	712	2.0	1/2	1/2	Chord	4/4	4	1	1/2	1/2	1	3690						
179	179	710	710	2.0	0	0	Chord	4/4	5	1	1/2	1/2	1	3691						
179	179	712	712	2.0	1/2	1/2	Chord	4/4	5	1	1/2	1/2	1	3692						
179	179	710	710	2.0	0	0	Chord	4/4	5	2	1/2	1/2	1	3693						
179	179	712	712	2.0	1/2	1/2	Chord	4/4	5	2	1/2	1/2	1	3694						
179	179	710	710	2.0	0	0	Chord	4/4	5	3	1/2	1/2	1	3695						
179	179	712	712	1.0	1/2	1/2	Chord	4/4	5	3	1/4	1/4	1	3696						
179	179	713	713	1.0	3/4	3/4	Chord	4/4	5	3	1/4	1/4	1	3697						
179	179	710	710	2.0	0	0	Chord	4/4	6	1	1/2	1/2	1	3698						
179	179	712	712	2.0	1/2	1/2	Chord	4/4	6	1	1/2	1/2	1	3699						
179	179	710	710	2.0	0	0	Chord	4/4	7	1	1/2	1/2	1	3700						
179	179	712	712	0.0	1/2	1/2	FiguredBass	4/4	7	1	0					1/2	6			
179	179	712	712	2.0	1/2	1/2	Chord	4/4	7	1	1/2	1/2	1	3701						
179	179	710	710	0.0	0	0	FiguredBass	4/4	8	1	0					1/2	5			
179	179	710	710	2.0	0	0	Chord	4/4	8	1	1/2	1/2	1	3702						
179	179	712	712	2.0	1/2	1/2	Chord	4/4	8	1	1/2	1/2	1	3703						
180	180	714	714	2.0	0	0	Chord	4/4	1	1	1/2	1/2	1	3704						
180	180	716	716	2.0	1/2	1/2	Chord	4/4	1	1	1/2	1/2	1	3705						
180	180	714	714	1.0	0	0	Chord	4/4	2	1	1/4	1/4	1	3706						72
180	180	715	715	1.0	1/4	1/4	Chord	4/4	2	1	1/4	1/4	1	3707						
180	180	716	716	2.0	1/2	1/2	Chord	4/4	2	1	1/2	1/2	1	3708						
180	180	714	714	2.0	0	0	Chord	4/4	3	1	1/2	1/2	1	3709						
180	180	716	716	2.0	1/2	1/2	Chord	4/4	3	1	1/2	1/2	1	3710						
180	180	714	714	2.0	0	0	Chord	4/4	4	1	1/2	1/2	1	3711						
180	180	716	716	2.0	1/2	1/2	Chord	4/4	4	1	1/2	1/2	1	3712						
180	180	714	714	2.0	0	0	Chord	4/4	5	1	1/2	1/2	1	3713						
180	180	716	716	2.0	1/2	1/2	Chord	4/4	5	1	1/2	1/2	1	3714						
180	180	714	714	2.0	0	0	Chord	4/4	5	2	1/2	1/2	1	3715						
180	180	716	716	2.0	1/2	1/2	Chord	4/4	5	2	1/2	1/2	1	3716						
180	180	714	714	1.0	0	0	Chord	4/4	5	3	1/4	1/4	1	3717						
180	180	715	715	1.0	1/4	1/4	Chord	4/4	5	3	1/4	1/4	1	3718						
180	180	716	716	2.0	1/2	1/2	Chord	4/4	5	3	1/2	1/2	1	3719						
180	180	714	714	2.0	0	0	Chord	4/4	6	1	1/2	1/2	1	3720						
180	180	716	716	2.0	1/2	1/2	Chord	4/4	6	1	1/2	1/2	1	3721						
180	180	714	714	0.0	0	0	FiguredBass	4/4	7	1	0					1/2	4			
180	180	714	714	2.0	0	0	Chord	4/4	7	1	1/2	1/2	1	3722						
180	180	716	716	0.0	1/2	1/2	FiguredBass	4/4	7	1	0					1/2	3			
180	180	716	716	2.0	1/2	1/2	Chord	4/4	7	1	1/2	1/2	1	3723						
180	180	718	718	0.0	1	1	FiguredBass	4/4	7	1	0					1/2	6			
180	180	714	714	2.0	0	0	Chord	4/4	8	1	1/2	1/2	1	3724						
180	180	716	716	2.0	1/2	1/2	Chord	4/4	8	1	1/2	1/2	1	3725						
181	181	718	718	2.0	0	0	Chord	4/4	1	1	1/2	1/2	1	3726						
181	181	720	720	2.0	1/2	1/2	Chord	4/4	1	1	1/2	1/2	1	3727						
181	181	718	718	2.0	0	0	Chord	4/4	2	1	1/2	1/2	1	3728						
181	181	720	720	2.0	1/2	1/2	Chord	4/4	2	1	1/2	1/2	1	3729						
181	181	718	718	2.0	0	0	Chord	4/4	3	1	1/2	1/2	1	3730						
181	181	720	720	1.0	1/2	1/2	Chord	4/4	3	1	1/4	1/4	1	3731						
181	181	721	721	1.0	3/4	3/4	Chord	4/4	3	1	1/4	1/4	1	3732						
181	181	718	718	2.0	0	0	Chord	4/4	4	1	1/2	1/2	1	3733						
181	181	720	720	2.0	1/2	1/2	Chord	4/4	4	1	1/2	1/2	1	3734						
181	181	718	718	2.0	0	0	Chord	4/4	5	1	1/2	1/2	1	3735						
181	181	720	720	2.0	1/2	1/2	Chord	4/4	5	1	1/2	1/2	1	3736						
181	181	718	718	2.0	0	0	Chord	4/4	5	2	1/2	1/2	1	3737						
181	181	720	720	1.0	1/2	1/2	Chord	4/4	5	2	1/4	1/4	1	3738						
181	181	721	721	1.0	3/4	3/4	Chord	4/4	5	2	1/4	1/4	1	3739						
181	181	718	718	2.0	0	0	Chord	4/4	5	3	1/2	1/2	1	3740						
181	181	720	720	2.0	1/2	1/2	Chord	4/4	5	3	1/2	1/2	1	3741						
181	181	718	718	2.0	0	0	Chord	4/4	6	1	1/2	1/2	1	3742						
181	181	720	720	2.0	1/2	1/2	Chord	4/4	6	1	1/2	1/2	1	3743						
181	181	718	718	0.0	0	0	FiguredBass	4/4	7	1	0					1/2	6	5		
181	181	718	718	2.0	0	0	Chord	4/4	7	1	1/2	1/2	1	3744						
181	181	720	720	0.0	1/2	1/2	FiguredBass	4/4	7	1	0					1/2	6			
181	181	720	720	2.0	1/2	1/2	Chord	4/4	7	1	1/2	1/2	1	3745						
181	181	718	718	0.0	0	0	FiguredBass	4/4	8	1	0					1/2	5b			
181	181	718	718	2.0	0	0	Chord	4/4	8	1	1/2	1/2	1	3746						
181	181	720	720	2.0	1/2	1/2	Chord	4/4	8	1	1/2	1/2	1	3747						
182	182	722	722	2.0	0	0	Chord	4/4	1	1	1/2	1/2	1	3748						
182	182	724	724	2.0	1/2	1/2	Chord	4/4	1	1	1/2	1/2	1	3749						
182	182	722	722	1.0	0	0	Chord	4/4	2	1	1/4	1/4	1	3750						73
182	182	723	723	1.0	1/4	1/4	Chord	4/4	2	1	1/4	1/4	1	3751						
182	182	724	724	1.0	1/2	1/2	Chord	4/4	2	1	1/4	1/4	1	3752						74
182	182	725	725	1.0	3/4	3/4	Chord	4/4	2	1	1/4	1/4	1	3753						
182	182	722	722	2.0	0	0	Chord	4/4	3	1	1/2	1/2	1	3754						
182	182	724	724	2.0	1/2	1/2	Chord	4/4	3	1	1/2	1/2	1	3755						
182	182	722	722	2.0	0	0	Chord	4/4	4	1	1/2	1/2	1	3756						
182	182	724	724	1.0	1/2	1/2	Chord	4/4	4	1	1/4	1/4	1	3757						75
182	182	725	725	1.0	3/4	3/4	Chord	4/4	4	1	1/4	1/4	1	3758						
182	182	722	722	2.0	0	0	Chord	4/4	5	1	1/2	1/2	1	3759						
182	182	724	724	2.0	1/2	1/2	Chord	4/4	5	1	1/2	1/2	1	3760						
182	182	722	722	2.0	0	0	Chord	4/4	5	2	1/2	1/2	1	3761						
182	182	724	724	2.0	1/2	1/2	Chord	4/4	5	2	1/2	1/2	1	3762						
182	182	722	722	1.0	0	0	Chord	4/4	5	3	1/4	1/4	1	3763						
182	182	723	723	1.0	1/4	1/4	Chord	4/4	5	3	1/4	1/4	1	3764						
182	182	724	724	1.0	1/2	1/2	Chord	4/4	5	3	1/4	1/4	1	3765						
182	182	725	725	1.0	3/4	3/4	Chord	4/4	5	3	1/4	1/4	1	3766						
182	182	722	722	2.0	0	0	Chord	4/4	6	1	1/2	1/2	1	3767						
182	182	724	724	1.0	1/2	1/2	Chord	4/4	6	1	1/4	1/4	1	3768						
182	182	725	725	1.0	3/4	3/4	Chord	4/4	6	1	1/4	1/4	1	3769						
182	182	722	722	0.0	0	0	FiguredBass	4/4	7	1	0					1/2	5			
182	182	722	722	2.0	0	0	Chord	4/4	7	1	1/2	1/2	1	3770						
182	182	724	724	0.0	1/2	1/2	FiguredBass	4/4	7	1	0					1/2	6			
182	182	724	724	2.0	1/2	1/2	Chord	4/4	7	1	1/2	1/2	1	3771						
182	182	726	726	0.0	1	1	FiguredBass	4/4	7	1	0					1/2	6			
182	182	722	722	2.0	0	0	Chord	4/4	8	1	1/2	1/2	1	3772						
182	182	724	724	1.0	1/2	1/2	Chord	4/4	8	1	1/4	1/4	1	3773						
182	182	725	725	1.0	3/4	3/4	Chord	4/4	8	1	1/4	1/4	1	3774						
183	183	726	726	2.0	0	0	Chord	4/4	1	1	1/2	1/2	1	3775						
183	183	728	728	2.0	1/2	1/2	Chord	4/4	1	1	1/2	1/2	1	3776						
183	183	726	726	2.0	0	0	Chord	4/4	2	1	1/2	1/2	1	3777						
183	183	728	728	1.0	1/2	1/2	Chord	4/4	2	1	1/4	1/4	1	3778						76
183	183	729	729	1.0	3/4	3/4	Chord	4/4	2	1	1/4	1/4	1	3779						
183	183	726	726	1.0	0	0	Chord	4/4	3	1	1/4	1/4	1	3780						77
183	183	727	727	1.0	1/4	1/4	Chord	4/4	3	1	1/4	1/4	1	3781						
183	183	728	728	1.0	1/2	1/2	Chord	4/4	3	1	1/4	1/4	1	3782						78
183	183	729	729	1.0	3/4	3/4	Chord	4/4	3	1	1/4	1/4	1	3783						
183	183	726	726	1.0	0	0	Chord	4/4	4	1	1/4	1/4	1	3784						79
183	183	727	727	1.0	1/4	1/4	Chord	4/4	4	1	1/4	1/4	1	3785						
183	183	728	728	1.0	1/2	1/2	Chord	4/4	4	1	1/4	1/4	1	3786						80
183	183	729	729	1.0	3/4	3/4	Chord	4/4	4	1	1/4	1/4	1	3787						
183	183	726	726	2.0	0	0	Chord	4/4	5	1	1/2	1/2	1	3788						
183	183	728	728	2.0	1/2	1/2	Chord	4/4	5	1	1/2	1/2	1	3789						
183	183	726	726	1.0	0	0	Chord	4/4	5	2	1/4	1/4	1	3790						
183	183	727	727	1.0	1/4	1/4	Chord	4/4	5	2	1/4	1/4	1	3791						
183	183	728	728	1.0	1/2	1/2	Chord	4/4	5	2	1/4	1/4	1	3792						
183	183	729	729	1.0	3/4	3/4	Chord	4/4	5	2	1/4	1/4	1	3793						
183	183	726	726	2.0	0	0	Chord	4/4	5	3	1/2	1/2	1	3794						
183	183	728	728	1.0	1/2	1/2	Chord	4/4	5	3	1/4	1/4	1	3795						
183	183	729	729	1.0	3/4	3/4	Chord	4/4	5	3	1/4	1/4	1	3796						
183	183	726	726	1.0	0	0	Chord	4/4	6	1	1/4	1/4	1	3797						
183	183	727	727	1.0	1/4	1/4	Chord	4/4	6	1	1/4	1/4	1	3798						
183	183	728	728	1.0	1/2	1/2	Chord	4/4	6	1	1/4	1/4	1	3799						
183	183	729	729	1.0	3/4	3/4	Chord	4/4	6	1	1/4	1/4	1	3800						
183	183	726	726	0.0	0	0	FiguredBass	4/4	7	1	0					1/2	6			
183	183	726	726	2.0	0	0	Chord	4/4	7	1	1/2	1/2	1	3801						
183	183	728	728	0.0	1/2	1/2	FiguredBass	4/4	7	1	0					1/2	7			
183	183	728	728	2.0	1/2	1/2	Chord	4/4	7	1	1/2	1/2	1	3802						
183	183	726	726	0.0	0	0	FiguredBass	4/4	8	1	0					1/4	6			
183	183	726	726	1.0	0	0	Chord	4/4	8	1	1/4	1/4	1	3803						
183	183	727	727	1.0	1/4	1/4	Chord	4/4	8	1	1/4	1/4	1	3804						
183	183	728	728	1.0	1/2	1/2	Chord	4/4	8	1	1/4	1/4	1	3805						
183	183	729	729	1.0	3/4	3/4	Chord	4/4	8	1	1/4	1/4	1	3806						
184	184	730	730	2.0	0	0	Chord	4/4	1	1	1/2	1/2	1	3807						
184	184	732	732	2.0	1/2	1/2	Chord	4/4	1	1	1/2	1/2	1	3808						
184	184	730	730	2.0	0	0	Chord	4/4	2	1	1/2	1/2	1	3809						
184	184	732	732	2.0	1/2	1/2	Chord	4/4	2	1	1/2	1/2	1	3810						
184	184	730	730	2.0	0	0	Chord	4/4	3	1	1/2	1/2	1	3811						
184	184	732	732	2.0	1/2	1/2	Chord	4/4	3	1	1/2	1/2	1	3812						
184	184	730	730	2.0	0	0	Chord	4/4	4	1	1/2	1/2	1	3813						
184	184	732	732	2.0	1/2	1/2	Chord	4/4	4	1	1/2	1/2	1	3814						
184	184	730	730	2.0	0	0	Chord	4/4	5	1	1/2	1/2	1	3815						
184	184	732	732	2.0	1/2	1/2	Chord	4/4	5	1	1/2	1/2	1	3816						
184	184	730	730	2.0	0	0	Chord	4/4	5	2	1/2	1/2	1	3817						
184	184	732	732	2.0	1/2	1/2	Chord	4/4	5	2	1/2	1/2	1	3818						
184	184	730	730	2.0	0	0	Chord	4/4	5	3	1/2	1/2	1	3819						
184	184	732	732	2.0	1/2	1/2	Chord	4/4	5	3	1/2	1/2	1	3820						
184	184	730	730	2.0	0	0	Chord	4/4	6	1	1/2	1/2	1	3821						
184	184	732	732	2.0	1/2	1/2	Chord	4/4	6	1	1/2	1/2	1	3822						
184	184	730	730	2.0	0	0	Chord	4/4	7	1	1/2	1/2	1	3823						
184	184	732	732	2.0	1/2	1/2	Chord	4/4	7	1	1/2	1/2	1	3824						
184	184	730	730	2.0	0	0	Chord	4/4	8	1	1/2	1/2	1	3825						
184	184	732	732	2.0	1/2	1/2	Chord	4/4	8	1	1/2	1/2	1	3826						
185	185	734	734	2.0	0	0	Chord	4/4	1	1	1/2	1/2	1	3827						
185	185	736	736	2.0	1/2	1/2	Chord	4/4	1	1	1/2	1/2	1	3828						
185	185	734	734	2.0	0	0	Chord	4/4	2	1	1/2	1/2	1	3829						
185	185	736	736	2.0	1/2	1/2	Chord	4/4	2	1	1/2	1/2	1	3830						
185	185	734	734	2.0	0	0	Chord	4/4	3	1	1/2	1/2	1	3831						
185	185	736	736	2.0	1/2	1/2	Chord	4/4	3	1	1/2	1/2	1	3832						
185	185	734	734	2.0	0	0	Chord	4/4	4	1	1/2	1/2	1	3833						
185	185	736	736	2.0	1/2	1/2	Chord	4/4	4	1	1/2	1/2	1	3834						
185	185	734	734	2.0	0	0	Chord	4/4	5	1	1/2	1/2	1	3835						
185	185	736	736	2.0	1/2	1/2	Chord	4/4	5	1	1/2	1/2	1	3836						
185	185	734	734	2.0	0	0	Chord	4/4	5	2	1/2	1/2	1	3837						
185	185	736	736	2.0	1/2	1/2	Chord	4/4	5	2	1/2	1/2	1	3838						
185	185	734	734	2.0	0	0	Chord	4/4	5	3	1/2	1/2	1	3839						
185	185	736	736	2.0	1/2	1/2	Chord	4/4	5	3	1/2	1/2	1	3840						
185	185	734	734	2.0	0	0	Chord	4/4	6	1	1/2	1/2	1	3841						
185	185	736	736	2.0	1/2	1/2	Chord	4/4	6	1	1/2	1/2	1	3842						
185	185	734	734	0.0	0	0	FiguredBass	4/4	7	1	0					1/2	5			
185	185	734	734	2.0	0	0	Chord	4/4	7	1	1/2	1/2	1	3843						
185	185	736	736	0.0	1/2	1/2	FiguredBass	4/4	7	1	0					1/2	7	#		
185	185	736	736	2.0	1/2	1/2	Chord	4/4	7	1	1/2	1/2	1	3844						
185	185	734	734	2.0	0	0	Chord	4/4	8	1	1/2	1/2	1	3845						
185	185	736	736	2.0	1/2	1/2	Chord	4/4	8	1	1/2	1/2	1	3846						
186	186	738	738	2.0	0	0	Chord	4/4	1	1	1/2	1/2	1	3847						
186	186	740	740	2.0	1/2	1/2	Chord	4/4	1	1	1/2	1/2	1	3848						
186	186	738	738	2.0	0	0	Chord	4/4	2	1	1/2	1/2	1	3849						
186	186	740	740	2.0	1/2	1/2	Chord	4/4	2	1	1/2	1/2	1	3850						
186	186	738	738	2.0	0	0	Chord	4/4	3	1	1/2	1/2	1	3851						
186	186	740	740	2.0	1/2	1/2	Chord	4/4	3	1	1/2	1/2	1	3852						
186	186	738	738	2.0	0	0	Chord	4/4	4	1	1/2	1/2	1	3853						
186	186	740	740	2.0	1/2	1/2	Chord	4/4	4	1	1/2	1/2	1	3854						
186	186	738	738	2.0	0	0	Chord	4/4	5	1	1/2	1/2	1	3855						
186	186	740	740	2.0	1/2	1/2	Chord	4/4	5	1	1/2	1/2	1	3856						
186	186	738	738	2.0	0	0	Chord	4/4	5	2	1/2	1/2	1	3857						
186	186	740	740	2.0	1/2	1/2	Chord	4/4	5	2	1/2	1/2	1	3858						
186	186	738	738	2.0	0	0	Chord	4/4	5	3	1/2	1/2	1	3859						
186	186	740	740	2.0	1/2	1/2	Chord	4/4	5	3	1/2	1/2	1	3860						
186	186	738	738	2.0	0	0	Chord	4/4	6	1	1/2	1/2	1	3861						
186	186	740	740	2.0	1/2	1/2	Chord	4/4	6	1	1/2	1/2	1	3862						
186	186	738	738	2.0	0	0	Chord	4/4	7	1	1/2	1/2	1	3863						
186	186	740	740	2.0	1/2	1/2	Chord	4/4	7	1	1/2	1/2	1	3864						
186	186	738	738	2.0	0	0	Chord	4/4	8	1	1/2	1/2	1	3865						
186	186	740	740	2.0	1/2	1/2	Chord	4/4	8	1	1/2	1/2	1	3866						
187	187	742	742	2.0	0	0	Chord	4/4	1	1	1/2	1/2	1	3867						
187	187	744	744	2.0	1/2	1/2	Chord	4/4	1	1	1/2	1/2	1	3868						
187	187	742	742	2.0	0	0	Chord	4/4	2	1	1/2	1/2	1	3869						
187	187	744	744	1.0	1/2	1/2	Chord	4/4	2	1	1/4	1/4	1	3870						81
187	187	745	745	1.0	3/4	3/4	Chord	4/4	2	1	1/4	1/4	1	3871						
187	187	742	742	2.0	0	0	Chord	4/4	3	1	1/2	1/2	1	3872						
187	187	744	744	2.0	1/2	1/2	Chord	4/4	3	1	1/2	1/2	1	3873						
187	187	742	742	2.0	0	0	Chord	4/4	4	1	1/2	1/2	1	3874						
187	187	744	744	2.0	1/2	1/2	Chord	4/4	4	1	1/2	1/2	1	3875						
187	187	742	742	2.0	0	0	Chord	4/4	5	1	1/2	1/2	1	3876						
187	187	744	744	2.0	1/2	1/2	Chord	4/4	5	1	1/2	1/2	1	3877						
187	187	742	742	2.0	0	0	Chord	4/4	5	2	1/2	1/2	1	3878						
187	187	744	744	2.0	1/2	1/2	Chord	4/4	5	2	1/2	1/2	1	3879						
187	187	742	742	2.0	0	0	Chord	4/4	5	3	1/2	1/2	1	3880						
187	187	744	744	1.0	1/2	1/2	Chord	4/4	5	3	1/4	1/4	1	3881						
187	187	745	745	1.0	3/4	3/4	Chord	4/4	5	3	1/4	1/4	1	3882						
187	187	742	742	2.0	0	0	Chord	4/4	6	1	1/2	1/2	1	3883						
187	187	744	744	2.0	1/2	1/2	Chord	4/4	6	1	1/2	1/2	1	3884						
187	187	742	742	2.0	0	0	Chord	4/4	7	1	1/2	1/2	1	3885						
187	187	744	744	0.0	1/2	1/2	FiguredBass	4/4	7	1	0					1/2	6			
187	187	744	744	2.0	1/2	1/2	Chord	4/4	7	1	1/2	1/2	1	3886						
187	187	742	742	0.0	0	0	FiguredBass	4/4	8	1	0					1/2	5			
187	187	742	742	2.0	0	0	Chord	4/4	8	1	1/2	1/2	1	3887						
187	187	744	744	2.0	1/2	1/2	Chord	4/4	8	1	1/2	1/2	1	3888						
188	188	746	746	2.0	0	0	Chord	4/4	1	1	1/2	1/2	1	3889						
188	188	748	748	2.0	1/2	1/2	Chord	4/4	1	1	1/2	1/2	1	3890						
188	188	746	746	1.0	0	0	Chord	4/4	2	1	1/4	1/4	1	3891						82
188	188	747	747	1.0	1/4	1/4	Chord	4/4	2	1	1/4	1/4	1	3892						
188	188	748	748	2.0	1/2	1/2	Chord	4/4	2	1	1/2	1/2	1	3893						
188	188	746	746	2.0	0	0	Chord	4/4	3	1	1/2	1/2	1	3894						
188	188	748	748	2.0	1/2	1/2	Chord	4/4	3	1	1/2	1/2	1	3895						
188	188	746	746	2.0	0	0	Chord	4/4	4	1	1/2	1/2	1	3896						
188	188	748	748	2.0	1/2	1/2	Chord	4/4	4	1	1/2	1/2	1	3897						
188	188	746	746	2.0	0	0	Chord	4/4	5	1	1/2	1/2	1	3898						
188	188	748	748	2.0	1/2	1/2	Chord	4/4	5	1	1/2	1/2	1	3899						
188	188	746	746	2.0	0	0	Chord	4/4	5	2	1/2	1/2	1	3900						
188	188	748	748	2.0	1/2	1/2	Chord	4/4	5	2	1/2	1/2	1	3901						
188	188	746	746	1.0	0	0	Chord	4/4	5	3	1/4	1/4	1	3902						
188	188	747	747	1.0	1/4	1/4	Chord	4/4	5	3	1/4	1/4	1	3903						
188	188	748	748	2.0	1/2	1/2	Chord	4/4	5	3	1/2	1/2	1	3904						
188	188	746	746	2.0	0	0	Chord	4/4	6	1	1/2	1/2	1	3905						
188	188	748	748	2.0	1/2	1/2	Chord	4/4	6	1	1/2	1/2	1	3906						
188	188	746	746	0.0	0	0	FiguredBass	4/4	7	1	0					1/2	4			
188	188	746	746	2.0	0	0	Chord	4/4	7	1	1/2	1/2	1	3907						
188	188	748	748	0.0	1/2	1/2	FiguredBass	4/4	7	1	0					1/2	3			
188	188	748	748	2.0	1/2	1/2	Chord	4/4	7	1	1/2	1/2	1	3908						
188	188	750	750	0.0	1	1	FiguredBass	4/4	7	1	0					1/2	6			
188	188	746	746	2.0	0	0	Chord	4/4	8	1	1/2	1/2	1	3909						
188	188	748	748	2.0	1/2	1/2	Chord	4/4	8	1	1/2	1/2	1	3910						
189	189	750	750	2.0	0	0	Chord	4/4	1	1	1/2	1/2	1	3911						
189	189	752	752	2.0	1/2	1/2	Chord	4/4	1	1	1/2	1/2	1	3912						
189	189	750	750	2.0	0	0	Chord	4/4	2	1	1/2	1/2	1	3913						
189	189	752	752	2.0	1/2	1/2	Chord	4/4	2	1	1/2	1/2	1	3914						
189	189	750	750	2.0	0	0	Chord	4/4	3	1	1/2	1/2	1	3915						
189	189	752	752	1.0	1/2	1/2	Chord	4/4	3	1	1/4	1/4	1	3916						
189	189	753	753	1.0	3/4	3/4	Chord	4/4	3	1	1/4	1/4	1	3917						
189	189	750	750	2.0	0	0	Chord	4/4	4	1	1/2	1/2	1	3918						
189	189	752	752	2.0	1/2	1/2	Chord	4/4	4	1	1/2	1/2	1	3919						
189	189	750	750	2.0	0	0	Chord	4/4	5	1	1/2	1/2	1	3920						
189	189	752	752	2.0	1/2	1/2	Chord	4/4	5	1	1/2	1/2	1	3921						
189	189	750	750	2.0	0	0	Chord	4/4	5	2	1/2	1/2	1	3922						
189	189	752	752	1.0	1/2	1/2	Chord	4/4	5	2	1/4	1/4	1	3923						
189	189	753	753	1.0	3/4	3/4	Chord	4/4	5	2	1/4	1/4	1	3924						
189	189	750	750	2.0	0	0	Chord	4/4	5	3	1/2	1/2	1	3925						
189	189	752	752	2.0	1/2	1/2	Chord	4/4	5	3	1/2	1/2	1	3926						
189	189	750	750	2.0	0	0	Chord	4/4	6	1	1/2	1/2	1	3927						
189	189	752	752	2.0	1/2	1/2	Chord	4/4	6	1	1/2	1/2	1	3928						
189	189	750	750	0.0	0	0	FiguredBass	4/4	7	1	0					1/2	6	5		
189	189	750	750	2.0	0	0	Chord	4/4	7	1	1/2	1/2	1	3929						
189	189	752	752	0.0	1/2	1/2	FiguredBass	4/4	7	1	0					1/2	6			
189	189	752	752	2.0	1/2	1/2	Chord	4/4	7	1	1/2	1/2	1	3930						
189	189	750	750	0.0	0	0	FiguredBass	4/4	8	1	0					1/2	5b			
189	189	750	750	2.0	0	0	Chord	4/4	8	1	1/2	1/2	1	3931						
189	189	752	752	2.0	1/2	1/2	Chord	4/4	8	1	1/2	1/2	1	3932						
190	190	754	754	2.0	0	0	Chord	4/4	1	1	1/2	1/2	1	3933						
190	190	756	756	2.0	1/2	1/2	Chord	4/4	1	1	1/2	1/2	1	3934						
190	190	754	754	1.0	0	0	Chord	4/4	2	1	1/4	1/4	1	3935						83
190	190	755	755	1.0	1/4	1/4	Chord	4/4	2	1	1/4	1/4	1	3936						
190	190	756	756	1.0	1/2	1/2	Chord	4/4	2	1	1/4	1/4	1	3937						84
190	190	757	757	1.0	3/4	3/4	Chord	4/4	2	1	1/4	1/4	1	3938						
190	190	754	754	2.0	0	0	Chord	4/4	3	1	1/2	1/2	1	3939						
190	190	756	756	2.0	1/2	1/2	Chord	4/4	3	1	1/2	1/2	1	3940						
190	190	754	754	2.0	0	0	Chord	4/4	4	1	1/2	1/2	1	3941						
190	190	756	756	1.0	1/2	1/2	Chord	4/4	4	1	1/4	1/4	1	3942						85
190	190	757	757	1.0	3/4	3/4	Chord	4/4	4	1	1/4	1/4	1	3943						
190	190	754	754	2.0	0	0	Chord	4/4	5	1	1/2	1/2	1	3944						
190	190	756	756	2.0	1/2	1/2	Chord	4/4	5	1	1/2	1/2	1	3945						
190	190	754	754	2.0	0	0	Chord	4/4	5	2	1/2	1/2	1	3946						
190	190	756	756	2.0	1/2	1/2	Chord	4/4	5	2	1/2	1/2	1	3947						
190	190	754	754	1.0	0	0	Chord	4/4	5	3	1/4	1/4	1	3948						
190	190	755	755	1.0	1/4	1/4	Chord	4/4	5	3	1/4	1/4	1	3949						
190	190	756	756	1.0	1/2	1/2	Chord	4/4	5	3	1/4	1/4	1	3950						
190	190	757	757	1.0	3/4	3/4	Chord	4/4	5	3	1/4	1/4	1	3951						
190	190	754	754	2.0	0	0	Chord	4/4	6	1	1/2	1/2	1	3952						
190	190	756	756	1.0	1/2	1/2	Chord	4/4	6	1	1/4	1/4	1	3953						
190	190	757	757	1.0	3/4	3/4	Chord	4/4	6	1	1/4	1/4	1	3954						
190	190	754	754	0.0	0	0	FiguredBass	4/4	7	1	0					1/2	5			
190	190	754	754	2.0	0	0	Chord	4/4	7	1	1/2	1/2	1	3955						
190	190	756	756	0.0	1/2	1/2	FiguredBass	4/4	7	1	0					1/2	6			
190	190	756	756	2.0	1/2	1/2	Chord	4/4	7	1	1/2	1/2	1	3956						
190	190	758	758	0.0	1	1	FiguredBass	4/4	7	1	0					1/2	6			
190	190	754	754	2.0	0	0	Chord	4/4	8	1	1/2	1/2	1	3957						
190	190	756	756	1.0	1/2	1/2	Chord	4/4	8	1	1/4	1/4	1	3958						
190	190	757	757	1.0	3/4	3/4	Chord	4/4	8	1	1/4	1/4	1	3959						
191	191	758	758	2.0	0	0	Chord	4/4	1	1	1/2	1/2	1	3960						
191	191	760	760	2.0	1/2	1/2	Chord	4/4	1	1	1/2	1/2	1	3961						
191	191	758	758	2.0	0	0	Chord	4/4	2	1	1/2	1/2	1	3962						
191	191	760	760	1.0	1/2	1/2	Chord	4/4	2	1	1/4	1/4	1	3963						86
191	191	761	761	1.0	3/4	3/4	Chord	4/4	2	1	1/4	1/4	1	3964						
191	191	758	758	1.0	0	0	Chord	4/4	3	1	1/4	1/4	1	3965						87
191	191	759	759	1.0	1/4	1/4	Chord	4/4	3	1	1/4	1/4	1	3966						
191	191	760	760	1.0	1/2	1/2	Chord	4/4	3	1	1/4	1/4	1	3967						88
191	191	761	761	1.0	3/4	3/4	Chord	4/4	3	1	1/4	1/4	1	3968						
191	191	758	758	1.0	0	0	Chord	4/4	4	1	1/4	1/4	1	3969						89
191	191	759	759	1.0	1/4	1/4	Chord	4/4	4	1	1/4	1/4	1	3970						
191	191	760	760	1.0	1/2	1/2	Chord	4/4	4	1	1/4	1/4	1	3971						90
191	191	761	761	1.0	3/4	3/4	Chord	4/4	4	1	1/4	1/4	1	3972						
191	191	758	758	2.0	0	0	Chord	4/4	5	1	1/2	1/2	1	3973						
191	191	760	760	2.0	1/2	1/2	Chord	4/4	5	1	1/2	1/2	1	3974						
191	191	758	758	1.0	0	0	Chord	4/4	5	2	1/4	1/4	1	3975						
191	191	759	759	1.0	1/4	1/4	Chord	4/4	5	2	1/4	1/4	1	3976						
191	191	760	760	1.0	1/2	1/2	Chord	4/4	5	2	1/4	1/4	1	3977						
191	191	761	761	1.0	3/4	3/4	Chord	4/4	5	2	1/4	1/4	1	3978						
191	191	758	758	2.0	0	0	Chord	4/4	5	3	1/2	1/2	1	3979						
191	191	760	760	1.0	1/2	1/2	Chord	4/4	5	3	1/4	1/4	1	3980						
191	191	761	761	1.0	3/4	3/4	Chord	4/4	5	3	1/4	1/4	1	3981						
191	191	758	758	1.0	0	0	Chord	4/4	6	1	1/4	1/4	1	3982						
191	191	759	759	1.0	1/4	1/4	Chord	4/4	6	1	1/4	1/4	1	3983						
191	191	760	760	1.0	1/2	1/2	Chord	4/4	6	1	1/4	1/4	1	3984						
191	191	761	761	1.0	3/4	3/4	Chord	4/4	6	1	1/4	1/4	1	3985						
191	191	758	758	0.0	0	0	FiguredBass	4/4	7	1	0					1/2	6			
191	191	758	758	2.0	0	0	Chord	4/4	7	1	1/2	1/2	1	3986						
191	191	760	760	0.0	1/2	1/2	FiguredBass	4/4	7	1	0					1/2	7			
191	191	760	760	2.0	1/2	1/2	Chord	4/4	7	1	1/2	1/2	1	3987						
191	191	758	758	0.0	0	0	FiguredBass	4/4	8	1	0					1/4	6			
191	191	758	758	1.0	0	0	Chord	4/4	8	1	1/4	1/4	1	3988						
191	191	759	759	1.0	1/4	1/4	Chord	4/4	8	1	1/4	1/4	1	3989						
191	191	760	760	1.0	1/2	1/2	Chord	4/4	8	1	1/4	1/4	1	3990						
191	191	761	761	1.0	3/4	3/4	Chord	4/4	8	1	1/4	1/4	1	3991						
192	192	762	762	2.0	0	0	Chord	4/4	1	1	1/2	1/2	1	3992						
192	192	764	764	2.0	1/2	1/2	Chord	4/4	1	1	1/2	1/2	1	3993						
192	192	762	762	2.0	0	0	Chord	4/4	2	1	1/2	1/2	1	3994						
192	192	764	764	2.0	1/2	1/2	Chord	4/4	2	1	1/2	1/2	1	3995						
192	192	762	762	2.0	0	0	Chord	4/4	3	1	1/2	1/2	1	3996						
192	192	764	764	2.0	1/2	1/2	Chord	4/4	3	1	1/2	1/2	1	3997						
192	192	762	762	2.0	0	0	Chord	4/4	4	1	1/2	1/2	1	3998						
192	192	764	764	2.0	1/2	1/2	Chord	4/4	4	1	1/2	1/2	1	3999						
192	192	762	762	2.0	0	0	Chord	4/4	5	1	1/2	1/2	1	4000						
192	192	764	764	2.0	1/2	1/2	Chord	4/4	5	1	1/2	1/2	1	4001						
192	192	762	762	2.0	0	0	Chord	4/4	5	2	1/2	1/2	1	4002						
192	192	764	764	2.0	1/2	1/2	Chord	4/4	5	2	1/2	1/2	1	4003						
192	192	762	762	2.0	0	0	Chord	4/4	5	3	1/2	1/2	1	4004						
192	192	764	764	2.0	1/2	1/2	Chord	4/4	5	3	1/2	1/2	1	4005						
192	192	762	762	2.0	0	0	Chord	4/4	6	1	1/2	1/2	1	4006						
192	192	764	764	2.0	1/2	1/2	Chord	4/4	6	1	1/2	1/2	1	4007						
192	192	762	762	2.0	0	0	Chord	4/4	7	1	1/2	1/2	1	4008						
192	192	764	764	2.0	1/2	1/2	Chord	4/4	7	1	1/2	1/2	1	4009						
192	192	762	762	2.0	0	0	Chord	4/4	8	1	1/2	1/2	1	4010						
192	192	764	764	2.0	1/2	1/2	Chord	4/4	8	1	1/2	1/2	1	4011						
193	193	766	766	2.0	0	0	Chord	4/4	1	1	1/2	1/2	1	4012						
193	193	768	768	2.0	1/2	1/2	Chord	4/4	1	1	1/2	1/2	1	4013						
193	193	766	766	2.0	0	0	Chord	4/4	2	1	1/2	1/2	1	4014						
193	193	768	768	2.0	1/2	1/2	Chord	4/4	2	1	1/2	1/2	1	4015						
193	193	766	766	2.0	0	0	Chord	4/4	3	1	1/2	1/2	1	4016						
193	193	768	768	2.0	1/2	1/2	Chord	4/4	3	1	1/2	1/2	1	4017						
193	193	766	766	2.0	0	0	Chord	4/4	4	1	1/2	1/2	1	4018						
193	193	768	768	2.0	1/2	1/2	Chord	4/4	4	1	1/2	1/2	1	4019						
193	193	766	766	2.0	0	0	Chord	4/4	5	1	1/2	1/2	1	4020						
193	193	768	768	2.0	1/2	1/2	Chord	4/4	5	1	1/2	1/2	1	4021						
193	193	766	766	2.0	0	0	Chord	4/4	5	2	1/2	1/2	1	4022						
193	193	768	768	2.0	1/2	1/2	Chord	4/4	5	2	1/2	1/2	1	4023						
193	193	766	766	2.0	0	0	Chord	4/4	5	3	1/2	1/2	1	4024						
193	193	768	768	2.0	1/2	1/2	Chord	4/4	5	3	1/2	1/2	1	4025						
193	193	766	766	2.0	0	0	Chord	4/4	6	1	1/2	1/2	1	4026						
193	193	768	768	2.0	1/2	1/2	Chord	4/4	6	1	1/2	1/2	1	4027						
193	193	766	766	0.0	0	0	FiguredBass	4/4	7	1	0					1/2	5			
193	193	766	766	2.0	0	0	Chord	4/4	7	1	1/2	1/2	1	4028						
193	193	768	768	0.0	1/2	1/2	FiguredBass	4/4	7	1	0					1/2	7	#		
193	193	768	768	2.0	1/2	1/2	Chord	4/4	7	1	1/2	1/2	1	4029						
193	193	766	766	2.0	0	0	Chord	4/4	8	1	1/2	1/2	1	4030						
193	193	768	768	2.0	1/2	1/2	Chord	4/4	8	1	1/2	1/2	1	4031						
194	194	770	770	2.0	0	0	Chord	4/4	1	1	1/2	1/2	1	4032						
194	194	772	772	2.0	1/2	1/2	Chord	4/4	1	1	1/2	1/2	1	4033						
194	194	770	770	2.0	0	0	Chord	4/4	2	1	1/2	1/2	1	4034						
194	194	772	772	2.0	1/2	1/2	Chord	4/4	2	1	1/2	1/2	1	4035						
194	194	770	770	2.0	0	0	Chord	4/4	3	1	1/2	1/2	1	4036						
194	194	772	772	2.0	1/2	1/2	Chord	4/4	3	1	1/2	1/2	1	4037						
194	194	770	770	2.0	0	0	Chord	4/4	4	1	1/2	1/2	1	4038						
194	194	772	772	2.0	1/2	1/2	Chord	4/4	4	1	1/2	1/2	1	4039						
194	194	770	770	2.0	0	0	Chord	4/4	5	1	1/2	1/2	1	4040						
194	194	772	772	2.0	1/2	1/2	Chord	4/4	5	1	1/2	1/2	1	4041						
194	194	770	770	2.0	0	0	Chord	4/4	5	2	1/2	1/2	1	4042						
194	194	772	772	2.0	1/2	1/2	Chord	4/4	5	2	1/2	1/2	1	4043						
194	194	770	770	2.0	0	0	Chord	4/4	5	3	1/2	1/2	1	4044						
194	194	772	772	2.0	1/2	1/2	Chord	4/4	5	3	1/2	1/2	1	4045						
194	194	770	770	2.0	0	0	Chord	4/4	6	1	1/2	1/2	1	4046						
194	194	772	772	2.0	1/2	1/2	Chord	4/4	6	1	1/2	1/2	1	4047						
194	194	770	770	2.0	0	0	Chord	4/4	7	1	1/2	1/2	1	4048						
194	194	772	772	2.0	1/2	1/2	Chord	4/4	7	1	1/2	1/2	1	4049						
194	194	770	770	2.0	0	0	Chord	4/4	8	1	1/2	1/2	1	4050						
194	194	772	772	2.0	1/2	1/2	Chord	4/4	8	1	1/2	1/2	1	4051						
195	195	774	774	2.0	0	0	Chord	4/4	1	1	1/2	1/2	1	4052						
195	195	776	776	2.0	1/2	1/2	Chord	4/4	1	1	1/2	1/2	1	4053						
195	195	774	774	2.0	0	0	Chord	4/4	2	1	1/2	1/2	1	4054						
195	195	776	776	1.0	1/2	1/2	Chord	4/4	2	1	1/4	1/4	1	4055						91
195	195	777	777	1.0	3/4	3/4	Chord	4/4	2	1	1/4	1/4	1	4056						
195	195	774	774	2.0	0	0	Chord	4/4	3	1	1/2	1/2	1	4057						
195	195	776	776	2.0	1/2	1/2	Chord	4/4	3	1	1/2	1/2	1	4058						
195	195	774	774	2.0	0	0	Chord	4/4	4	1	1/2	1/2	1	4059						
195	195	776	776	2.0	1/2	1/2	Chord	4/4	4	1	1/2	1/2	1	4060						
195	195	774	774	2.0	0	0	Chord	4/4	5	1	1/2	1/2	1	4061						
195	195	776	776	2.0	1/2	1/2	Chord	4/4	5	1	1/2	1/2	1	4062						
195	195	774	774	2.0	0	0	Chord	4/4	5	2	1/2	1/2	1	4063						
195	195	776	776	2.0	1/2	1/2	Chord	4/4	5	2	1/2	1/2	1	4064						
195	195	774	774	2.0	0	0	Chord	4/4	5	3	1/2	1/2	1	4065						
195	195	776	776	1.0	1/2	1/2	Chord	4/4	5	3	1/4	1/4	1	4066						
195	195	777	777	1.0	3/4	3/4	Chord	4/4	5	3	1/4	1/4	1	4067						
195	195	774	774	2.0	0	0	Chord	4/4	6	1	1/2	1/2	1	4068						
195	195	776	776	2.0	1/2	1/2	Chord	4/4	6	1	1/2	1/2	1	4069						
195	195	774	774	2.0	0	0	Chord	4/4	7	1	1/2	1/2	1	4070						
195	195	776	776	0.0	1/2	1/2	FiguredBass	4/4	7	1	0					1/2	6			
195	195	776	776	2.0	1/2	1/2	Chord	4/4	7	1	1/2	1/2	1	4071						
195	195	774	774	0.0	0	0	FiguredBass	4/4	8	1	0					1/2	5			
195	195	774	774	2.0	0	0	Chord	4/4	8	1	1/2	1/2	1	4072						
195	195	776	776	2.0	1/2	1/2	Chord	4/4	8	1	1/2	1/2	1	4073						
196	196	778	778	2.0	0	0	Chord	4/4	1	1	1/2	1/2	1	4074						
196	196	780	780	2.0	1/2	1/2	Chord	4/4	1	1	1/2	1/2	1	4075						
196	196	778	778	1.0	0	0	Chord	4/4	2	1	1/4	1/4	1	4076						92
196	196	779	779	1.0	1/4	1/4	Chord	4/4	2	1	1/4	1/4	1	4077						
196	196	780	780	2.0	1/2	1/2	Chord	4/4	2	1	1/2	1/2	1	4078						
196	196	778	778	2.0	0	0	Chord	4/4	3	1	1/2	1/2	1	4079						
196	196	780	780	2.0	1/2	1/2	Chord	4/4	3	1	1/2	1/2	1	4080						
196	196	778	778	2.0	0	0	Chord	4/4	4	1	1/2	1/2	1	4081						
196	196	780	780	2.0	1/2	1/2	Chord	4/4	4	1	1/2	1/2	1	4082						
196	196	778	778	2.0	0	0	Chord	4/4	5	1	1/2	1/2	1	4083						
196	196	780	780	2.0	1/2	1/2	Chord	4/4	5	1	1/2	1/2	1	4084						
196	196	778	778	2.0	0	0	Chord	4/4	5	2	1/2	1/2	1	4085						
196	196	780	780	2.0	1/2	1/2	Chord	4/4	5	2	1/2	1/2	1	4086						
196	196	778	778	1.0	0	0	Chord	4/4	5	3	1/4	1/4	1	4087						
196	196	779	779	1.0	1/4	1/4	Chord	4/4	5	3	1/4	1/4	1	4088						
196	196	780	780	2.0	1/2	1/2	Chord	4/4	5	3	1/2	1/2	1	4089						
196	196	778	778	2.0	0	0	Chord	4/4	6	1	1/2	1/2	1	4090						
196	196	780	780	2.0	1/2	1/2	Chord	4/4	6	1	1/2	1/2	1	4091						
196	196	778	778	0.0	0	0	FiguredBass	4/4	7	1	0					1/2	4			
196	196	778	778	2.0	0	0	Chord	4/4	7	1	1/2	1/2	1	4092						
196	196	780	780	0.0	1/2	1/2	FiguredBass	4/4	7	1	0					1/2	3			
196	196	780	780	2.0	1/2	1/2	Chord	4/4	7	1	1/2	1/2	1	4093						
196	196	782	782	0.0	1	1	FiguredBass	4/4	7	1	0					1/2	6			
196	196	778	778	2.0	0	0	Chord	4/4	8	1	1/2	1/2	1	4094						
196	196	780	780	2.0	1/2	1/2	Chord	4/4	8	1	1/2	1/2	1	4095						
197	197	782	782	2.0	0	0	Chord	4/4	1	1	1/2	1/2	1	4096						
197	197	784	784	2.0	1/2	1/2	Chord	4/4	1	1	1/2	1/2	1	4097						
197	197	782	782	2.0	0	0	Chord	4/4	2	1	1/2	1/2	1	4098						
197	197	784	784	2.0	1/2	1/2	Chord	4/4	2	1	1/2	1/2	1	4099						
197	197	782	782	2.0	0	0	Chord	4/4	3	1	1/2	1/2	1	4100						
197	197	784	784	1.0	1/2	1/2	Chord	4/4	3	1	1/4	1/4	1	4101						
197	197	785	785	1.0	3/4	3/4	Chord	4/4	3	1	1/4	1/4	1	4102						
197	197	782	782	2.0	0	0	Chord	4/4	4	1	1/2	1/2	1	4103						
197	197	784	784	2.0	1/2	1/2	Chord	4/4	4	1	1/2	1/2	1	4104						
197	197	782	782	2.0	0	0	Chord	4/4	5	1	1/2	1/2	1	4105						
197	197	784	784	2.0	1/2	1/2	Chord	4/4	5	1	1/2	1/2	1	4106						
197	197	782	782	2.0	0	0	Chord	4/4	5	2	1/2	1/2	1	4107						
197	197	784	784	1.0	1/2	1/2	Chord	4/4	5	2	1/4	1/4	1	4108						
197	197	785	785	1.0	3/4	3/4	Chord	4/4	5	2	1/4	1/4	1	4109						
197	197	782	782	2.0	0	0	Chord	4/4	5	3	1/2	1/2	1	4110						
197	197	784	784	2.0	1/2	1/2	Chord	4/4	5	3	1/2	1/2	1	4111						
197	197	782	782	2.0	0	0	Chord	4/4	6	1	1/2	1/2	1	4112						
197	197	784	784	2.0	1/2	1/2	Chord	4/4	6	1	1/2	1/2	1	4113						
197	197	782	782	0.0	0	0	FiguredBass	4/4	7	1	0					1/2	6	5		
197	197	782	782	2.0	0	0	Chord	4/4	7	1	1/2	1/2	1	4114						
197	197	784	784	0.0	1/2	1/2	FiguredBass	4/4	7	1	0					1/2	6			
197	197	784	784	2.0	1/2	1/2	Chord	4/4	7	1	1/2	1/2	1	4115						
197	197	782	782	0.0	0	0	FiguredBass	4/4	8	1	0					1/2	5b			
197	197	782	782	2.0	0	0	Chord	4/4	8	1	1/2	1/2	1	4116						
197	197	784	784	2.0	1/2	1/2	Chord	4/4	8	1	1/2	1/2	1	4117						
198	198	786	786	2.0	0	0	Chord	4/4	1	1	1/2	1/2	1	4118						
198	198	788	788	2.0	1/2	1/2	Chord	4/4	1	1	1/2	1/2	1	4119						
198	198	786	786	1.0	0	0	Chord	4/4	2	1	1/4	1/4	1	4120						93
198	198	787	787	1.0	1/4	1/4	Chord	4/4	2	1	1/4	1/4	1	4121						
198	198	788	788	1.0	1/2	1/2	Chord	4/4	2	1	1/4	1/4	1	4122						94
198	198	789	789	1.0	3/4	3/4	Chord	4/4	2	1	1/4	1/4	1	4123						
198	198	786	786	2.0	0	0	Chord	4/4	3	1	1/2	1/2	1	4124						
198	198	788	788	2.0	1/2	1/2	Chord	4/4	3	1	1/2	1/2	1	4125						
198	198	786	786	2.0	0	0	Chord	4/4	4	1	1/2	1/2	1	4126						
198	198	788	788	1.0	1/2	1/2	Chord	4/4	4	1	1/4	1/4	1	4127						95
198	198	789	789	1.0	3/4	3/4	Chord	4/4	4	1	1/4	1/4	1	4128						
198	198	786	786	2.0	0	0	Chord	4/4	5	1	1/2	1/2	1	4129						
198	198	788	788	2.0	1/2	1/2	Chord	4/4	5	1	1/2	1/2	1	4130						
198	198	786	786	2.0	0	0	Chord	4/4	5	2	1/2	1/2	1	4131						
198	198	788	788	2.0	1/2	1/2	Chord	4/4	5	2	1/2	1/2	1	4132						
198	198	786	786	1.0	0	0	Chord	4/4	5	3	1/4	1/4	1	4133						
198	198	787	787	1.0	1/4	1/4	Chord	4/4	5	3	1/4	1/4	1	4134						
198	198	788	788	1.0	1/2	1/2	Chord	4/4	5	3	1/4	1/4	1	4135						
198	198	789	789	1.0	3/4	3/4	Chord	4/4	5	3	1/4	1/4	1	4136						
198	198	786	786	2.0	0	0	Chord	4/4	6	1	1/2	1/2	1	4137						
198	198	788	788	1.0	1/2	1/2	Chord	4/4	6	1	1/4	1/4	1	4138						
198	198	789	789	1.0	3/4	3/4	Chord	4/4	6	1	1/4	1/4	1	4139						
198	198	786	786	0.0	0	0	FiguredBass	4/4	7	1	0					1/2	5			
198	198	786	786	2.0	0	0	Chord	4/4	7	1	1/2	1/2	1	4140						
198	198	788	788	0.0	1/2	1/2	FiguredBass	4/4	7	1	0					1/2	6			
198	198	788	788	2.0	1/2	1/2	Chord	4/4	7	1	1/2	1/2	1	4141						
198	198	790	790	0.0	1	1	FiguredBass	4/4	7	1	0					1/2	6			
198	198	786	786	2.0	0	0	Chord	4/4	8	1	1/2	1/2	1	4142						
198	198	788	788	1.0	1/2	1/2	Chord	4/4	8	1	1/4	1/4	1	4143						
198	198	789	789	1.0	3/4	3/4	Chord	4/4	8	1	1/4	1/4	1	4144						
199	199	790	790	2.0	0	0	Chord	4/4	1	1	1/2	1/2	1	4145						
199	199	792	792	2.0	1/2	1/2	Chord	4/4	1	1	1/2	1/2	1	4146						
199	199	790	790	2.0	0	0	Chord	4/4	2	1	1/2	1/2	1	4147						
199	199	792	792	1.0	1/2	1/2	Chord	4/4	2	1	1/4	1/4	1	4148						96
199	199	793	793	1.0	3/4	3/4	Chord	4/4	2	1	1/4	1/4	1	4149						
199	199	790	790	1.0	0	0	Chord	4/4	3	1	1/4	1/4	1	4150						97
199	199	791	791	1.0	1/4	1/4	Chord	4/4	3	1	1/4	1/4	1	4151						
199	199	792	792	1.0	1/2	1/2	Chord	4/4	3	1	1/4	1/4	1	4152						98
199	199	793	793	1.0	3/4	3/4	Chord	4/4	3	1	1/4	1/4	1	4153						
199	199	790	790	1.0	0	0	Chord	4/4	4	1	1/4	1/4	1	4154						99
199	199	791	791	1.0	1/4	1/4	Chord	4/4	4	1	1/4	1/4	1	4155						
199	199	792	792	1.0	1/2	1/2	Chord	4/4	4	1	1/4	1/4	1	4156						100
199	199	793	793	1.0	3/4	3/4	Chord	4/4	4	1	1/4	1/4	1	4157						
199	199	790	790	2.0	0	0	Chord	4/4	5	1	1/2	1/2	1	4158						
199	199	792	792	2.0	1/2	1/2	Chord	4/4	5	1	1/2	1/2	1	4159						
199	199	790	790	1.0	0	0	Chord	4/4	5	2	1/4	1/4	1	4160						
199	199	791	791	1.0	1/4	1/4	Chord	4/4	5	2	1/4	1/4	1	4161						
199	199	792	792	1.0	1/2	1/2	Chord	4/4	5	2	1/4	1/4	1	4162						
199	199	793	793	1.0	3/4	3/4	Chord	4/4	5	2	1/4	1/4	1	4163						
199	199	790	790	2.0	0	0	Chord	4/4	5	3	1/2	1/2	1	4164						
199	199	792	792	1.0	1/2	1/2	Chord	4/4	5	3	1/4	1/4	1	4165						
199	199	793	793	1.0	3/4	3/4	Chord	4/4	5	3	1/4	1/4	1	4166						
199	199	790	790	1.0	0	0	Chord	4/4	6	1	1/4	1/4	1	4167						
199	199	791	791	1.0	1/4	1/4	Chord	4/4	6	1	1/4	1/4	1	4168						
199	199	792	792	1.0	1/2	1/2	Chord	4/4	6	1	1/4	1/4	1	4169						
199	199	793	793	1.0	3/4	3/4	Chord	4/4	6	1	1/4	1/4	1	4170						
199	199	790	790	0.0	0	0	FiguredBass	4/4	7	1	0					1/2	6			
199	199	790	790	2.0	0	0	Chord	4/4	7	1	1/2	1/2	1	4171						
199	199	792	792	0.0	1/2	1/2	FiguredBass	4/4	7	1	0					1/2	7			
199	199	792	792	2.0	1/2	1/2	Chord	4/4	7	1	1/2	1/2	1	4172						
199	199	790	790	0.0	0	0	FiguredBass	4/4	8	1	0					1/4	6			
199	199	790	790	1.0	0	0	Chord	4/4	8	1	1/4	1/4	1	4173						
199	199	791	791	1.0	1/4	1/4	Chord	4/4	8	1	1/4	1/4	1	4174						
199	199	792	792	1.0	1/2	1/2	Chord	4/4	8	1	1/4	1/4	1	4175						
199	199	793	793	1.0	3/4	3/4	Chord	4/4	8	1	1/4	1/4	1	4176						
200	200	794	794	2.0	0	0	Chord	4/4	1	1	1/2	1/2	1	4177						
200	200	796	796	2.0	1/2	1/2	Chord	4/4	1	1	1/2	1/2	1	4178						
200	200	794	794	2.0	0	0	Chord	4/4	2	1	1/2	1/2	1	4179						
200	200	796	796	2.0	1/2	1/2	Chord	4/4	2	1	1/2	1/2	1	4180						
200	200	794	794	2.0	0	0	Chord	4/4	3	1	1/2	1/2	1	4181						
200	200	796	796	2.0	1/2	1/2	Chord	4/4	3	1	1/2	1/2	1	4182						
200	200	794	794	2.0	0	0	Chord	4/4	4	1	1/2	1/2	1	4183						
200	200	796	796	2.0	1/2	1/2	Chord	4/4	4	1	1/2	1/2	1	4184						
200	200	796	796	2.0	1/2	1/2	Chord	4/4	4	2	1/2	1/2	1	4185						
200	200	794	794	2.0	0	0	Chord	4/4	5	1	1/2	1/2	1	4186						
200	200	796	796	2.0	1/2	1/2	Chord	4/4	5	1	1/2	1/2	1	4187						
200	200	794	794	2.0	0	0	Chord	4/4	5	2	1/2	1/2	1	4188						
200	200	796	796	2.0	1/2	1/2	Chord	4/4	5	2	1/2	1/2	1	4189						
200	200	794	794	2.0	0	0	Chord	4/4	5	3	1/2	1/2	1	4190						
200	200	796	796	2.0	1/2	1/2	Chord	4/4	5	3	1/2	1/2	1	4191						
200	200	794	794	2.0	0	0	Chord	4/4	6	1	1/2	1/2	1	4192						
200	200	796	796	2.0	1/2	1/2	Chord	4/4	6	1	1/2	1/2	1	4193						
200	200	794	794	2.0	0	0	Chord	4/4	7	1	1/2	1/2	1	4194						
200	200	796	796	2.0	1/2	1/2	Chord	4/4	7	1	1/2	1/2	1	4195						
200	200	794	794	2.0	0	0	Chord	4/4	8	1	1/2	1/2	1	4196						
200	200	796	796	2.0	1/2	1/2	Chord	4/4	8	1	1/2	1/2	1	4197						
201	201	798	798	2.0	0	0	Chord	4/4	1	1	1/2	1/2	1	4198						
201	201	800	800	2.0	1/2	1/2	Chord	4/4	1	1	1/2	1/2	1	4199						
201	201	798	798	2.0	0	0	Chord	4/4	2	1	1/2	1/2	1	4200						
201	201	800	800	2.0	1/2	1/2	Chord	4/4	2	1	1/2	1/2	1	4201						
201	201	798	798	2.0	0	0	Chord	4/4	3	1	1/2	1/2	1	4202						
201	201	800	800	1.0	1/2	1/2	Chord	4/4	3	1	1/4	1/4	1	4203						101
201	201	801	801	1.0	3/4	3/4	Chord	4/4	3	1	1/4	1/4	1	4204						
201	201	798	798	2.0	0	0	Chord	4/4	4	1	1/2	1/2	1	4205						
201	201	800	800	2.0	1/2	1/2	Chord	4/4	4	1	1/2	1/2	1	4206						
201	201	798	798	2.0	0	0	Chord	4/4	4	2	1/2	1/2	1	4207						
201	201	800	800	2.0	1/2	1/2	Chord	4/4	4	2	1/2	1/2	1	4208						
201	201	798	798	2.0	0	0	Chord	4/4	5	1	1/2	1/2	1	4209						
201	201	800	800	2.0	1/2	1/2	Chord	4/4	5	1	1/2	1/2	1	4210						
201	201	798	798	2.0	0	0	Chord	4/4	5	2	1/2	1/2	1	4211						
201	201	800	800	1.0	1/2	1/2	Chord	4/4	5	2	1/4	1/4	1	4212						
201	201	801	801	1.0	3/4	3/4	Chord	4/4	5	2	1/4	1/4	1	4213						
201	201	798	798	2.0	0	0	Chord	4/4	5	3	1/2	1/2	1	4214						
201	201	800	800	2.0	1/2	1/2	Chord	4/4	5	3	1/2	1/2	1	4215						
201	201	798	798	2.0	0	0	Chord	4/4	6	1	1/2	1/2	1	4216						
201	201	800	800	2.0	1/2	1/2	Chord	4/4	6	1	1/2	1/2	1	4217						
201	201	798	798	2.0	0	0	Chord	4/4	7	1	1/2	1/2	1	4218						
201	201	800	800	0.0	1/2	1/2	FiguredBass	4/4	7	1	0					1/2	5			
201	201	800	800	2.0	1/2	1/2	Chord	4/4	7	1	1/2	1/2	1	4219						
201	201	798	798	0.0	0	0	FiguredBass	4/4	8	1	0					1/2	6			
201	201	798	798	2.0	0	0	Chord	4/4	8	1	1/2	1/2	1	4220						
201	201	800	800	2.0	1/2	1/2	Chord	4/4	8	1	1/2	1/2	1	4221						
202	202	802	802	2.0	0	0	Chord	4/4	1	1	1/2	1/2	1	4222						
202	202	804	804	2.0	1/2	1/2	Chord	4/4	1	1	1/2	1/2	1	4223						
202	202	802	802	1.0	0	0	Chord	4/4	2	1	1/4	1/4	1	4224						102
202	202	803	803	1.0	1/4	1/4	Chord	4/4	2	1	1/4	1/4	1	4225						
202	202	804	804	1.0	1/2	1/2	Chord	4/4	2	1	1/4	1/4	1	4226						103
202	202	805	805	1.0	3/4	3/4	Chord	4/4	2	1	1/4	1/4	1	4227						
202	202	802	802	2.0	0	0	Chord	4/4	3	1	1/2	1/2	1	4228						
202	202	804	804	1.0	1/2	1/2	Chord	4/4	3	1	1/4	1/4	1	4229						104
202	202	805	805	1.0	3/4	3/4	Chord	4/4	3	1	1/4	1/4	1	4230						
202	202	802	802	2.0	0	0	Chord	4/4	4	1	1/2	1/2	1	4231						
202	202	804	804	2.0	1/2	1/2	Chord	4/4	4	1	1/2	1/2	1	4232						
202	202	802	802	2.0	0	0	Chord	4/4	4	2	1/2	1/2	1	4233						
202	202	804	804	2.0	1/2	1/2	Chord	4/4	4	2	1/2	1/2	1	4234						
202	202	802	802	2.0	0	0	Chord	4/4	5	1	1/2	1/2	1	4235						
202	202	804	804	2.0	1/2	1/2	Chord	4/4	5	1	1/2	1/2	1	4236						
202	202	802	802	2.0	0	0	Chord	4/4	5	2	1/2	1/2	1	4237						
202	202	804	804	1.0	1/2	1/2	Chord	4/4	5	2	1/4	1/4	1	4238						
202	202	805	805	1.0	3/4	3/4	Chord	4/4	5	2	1/4	1/4	1	4239						
202	202	802	802	1.0	0	0	Chord	4/4	5	3	1/4	1/4	1	4240						
202	202	803	803	2.0	1/4	1/4	Chord	4/4	5	3	1/2	1/2	1	4241						
202	202	805	805	1.0	3/4	3/4	Chord	4/4	5	3	1/4	1/4	1	4242						
202	202	802	802	2.0	0	0	Chord	4/4	6	1	1/2	1/2	1	4243						
202	202	804	804	2.0	1/2	1/2	Chord	4/4	6	1	1/2	1/2	1	4244						
202	202	802	802	0.0	0	0	FiguredBass	4/4	7	1	0					1/2	7			
202	202	802	802	2.0	0	0	Chord	4/4	7	1	1/2	1/2	1	4245						
202	202	804	804	0.0	1/2	1/2	FiguredBass	4/4	7	1	0					1/2	6			
202	202	804	804	2.0	1/2	1/2	Chord	4/4	7	1	1/2	1/2	1	4246						
202	202	806	806	0.0	1	1	FiguredBass	4/4	7	1	0					1/2	5			
202	202	802	802	0.0	0	0	FiguredBass	4/4	8	1	0					1/2	6			
202	202	802	802	2.0	0	0	Chord	4/4	8	1	1/2	1/2	1	4247						
202	202	804	804	2.0	1/2	1/2	Chord	4/4	8	1	1/2	1/2	1	4248						
203	203	806	806	2.0	0	0	Chord	4/4	1	1	1/2	1/2	1	4249						
203	203	808	808	2.0	1/2	1/2	Chord	4/4	1	1	1/2	1/2	1	4250	ornamentTremblement					
203	203	806	806	2.0	0	0	Chord	4/4	2	1	1/2	1/2	1	4251						
203	203	808	808	2.0	1/2	1/2	Chord	4/4	2	1	1/2	1/2	1	4252	ornamentTremblement					
203	203	806	806	2.0	0	0	Chord	4/4	3	1	1/2	1/2	1	4253						
203	203	808	808	2.0	1/2	1/2	Chord	4/4	3	1	1/2	1/2	1	4254						
203	203	806	806	1.0	0	0	Chord	4/4	4	1	1/4	1/4	1	4255						
203	203	807	807	1.0	1/4	1/4	Chord	4/4	4	1	1/4	1/4	1	4256						
203	203	808	808	2.0	1/2	1/2	Chord	4/4	4	1	1/2	1/2	1	4257						
203	203	806	806	2.0	0	0	Chord	4/4	4	2	1/2	1/2	1	4258						
203	203	808	808	2.0	1/2	1/2	Chord	4/4	4	2	1/2	1/2	1	4259						
203	203	806	806	2.0	0	0	Chord	4/4	5	1	1/2	1/2	1	4260						
203	203	808	808	2.0	1/2	1/2	Chord	4/4	5	1	1/2	1/2	1	4261						
203	203	806	806	2.0	0	0	Chord	4/4	5	2	1/2	1/2	1	4262						
203	203	808	808	2.0	1/2	1/2	Chord	4/4	5	2	1/2	1/2	1	4263						
203	203	806	806	2.0	0	0	Chord	4/4	5	3	1/2	1/2	1	4264						
203	203	808	808	2.0	1/2	1/2	Chord	4/4	5	3	1/2	1/2	1	4265						
203	203	806	806	2.0	0	0	Chord	4/4	6	1	1/2	1/2	1	4266						
203	203	808	808	2.0	1/2	1/2	Chord	4/4	6	1	1/2	1/2	1	4267						
203	203	806	806	0.0	0	0	FiguredBass	4/4	7	1	0					1/2	6	b		
203	203	806	806	2.0	0	0	Chord	4/4	7	1	1/2	1/2	1	4268						
203	203	808	808	0.0	1/2	1/2	FiguredBass	4/4	7	1	0					1/2	7	5		
203	203	808	808	2.0	1/2	1/2	Chord	4/4	7	1	1/2	1/2	1	4269	ornamentTremblement					
203	203	806	806	2.0	0	0	Chord	4/4	8	1	1/2	1/2	1	4270						
203	203	808	808	2.0	1/2	1/2	Chord	4/4	8	1	1/2	1/2	1	4271						
204	204	810	810	2.0	0	0	Chord	4/4	1	1	1/2	1/2	1	4272						
204	204	812	812	2.0	1/2	1/2	Chord	4/4	1	1	1/2	1/2	1	4273						
204	204	810	810	2.0	0	0	Chord	4/4	2	1	1/2	1/2	1	4274						
204	204	812	812	2.0	1/2	1/2	Chord	4/4	2	1	1/2	1/2	1	4275						
204	204	810	810	2.0	0	0	Chord	4/4	3	1	1/2	1/2	1	4276						
204	204	812	812	2.0	1/2	1/2	Chord	4/4	3	1	1/2	1/2	1	4277						
204	204	810	810	2.0	0	0	Chord	4/4	4	1	1/2	1/2	1	4278						
204	204	812	812	2.0	1/2	1/2	Chord	4/4	4	1	1/2	1/2	1	4279						
204	204	810	810	2.0	0	0	Chord	4/4	4	2	1/2	1/2	1	4280						
204	204	810	810	2.0	0	0	Chord	4/4	5	1	1/2	1/2	1	4281						
204	204	812	812	2.0	1/2	1/2	Chord	4/4	5	1	1/2	1/2	1	4282						
204	204	810	810	2.0	0	0	Chord	4/4	5	2	1/2	1/2	1	4283						
204	204	812	812	2.0	1/2	1/2	Chord	4/4	5	2	1/2	1/2	1	4284						
204	204	810	810	2.0	0	0	Chord	4/4	5	3	1/2	1/2	1	4285						
204	204	812	812	2.0	1/2	1/2	Chord	4/4	5	3	1/2	1/2	1	4286						
204	204	810	810	2.0	0	0	Chord	4/4	6	1	1/2	1/2	1	4287						
204	204	812	812	2.0	1/2	1/2	Chord	4/4	6	1	1/2	1/2	1	4288						
204	204	810	810	0.0	0	0	FiguredBass	4/4	7	1	0					1/2	#			
204	204	810	810	2.0	0	0	Chord	4/4	7	1	1/2	1/2	1	4289						
204	204	812	812	0.0	1/2	1/2	FiguredBass	4/4	7	1	0					1/2	#			
204	204	812	812	2.0	1/2	1/2	Chord	4/4	7	1	1/2	1/2	1	4290						
204	204	810	810	2.0	0	0	Chord	4/4	8	1	1/2	1/2	1	4291						
204	204	812	812	2.0	1/2	1/2	Chord	4/4	8	1	1/2	1/2	1	4292						
205	205	814	814	2.0	0	0	Chord	4/4	1	1	1/2	1/2	1	4293						
205	205	816	816	2.0	1/2	1/2	Chord	4/4	1	1	1/2	1/2	1	4294						
205	205	814	814	2.0	0	0	Chord	4/4	2	1	1/2	1/2	1	4295						
205	205	816	816	2.0	1/2	1/2	Chord	4/4	2	1	1/2	1/2	1	4296						
205	205	814	814	2.0	0	0	Chord	4/4	3	1	1/2	1/2	1	4297						
205	205	816	816	2.0	1/2	1/2	Chord	4/4	3	1	1/2	1/2	1	4298						
205	205	814	814	2.0	0	0	Chord	4/4	4	1	1/2	1/2	1	4299						
205	205	816	816	2.0	1/2	1/2	Chord	4/4	4	1	1/2	1/2	1	4300						
205	205	814	814	2.0	0	0	Chord	4/4	5	1	1/2	1/2	1	4301						
205	205	816	816	2.0	1/2	1/2	Chord	4/4	5	1	1/2	1/2	1	4302						
205	205	814	814	2.0	0	0	Chord	4/4	5	2	1/2	1/2	1	4303						
205	205	816	816	2.0	1/2	1/2	Chord	4/4	5	2	1/2	1/2	1	4304						
205	205	814	814	2.0	0	0	Chord	4/4	5	3	1/2	1/2	1	4305						
205	205	816	816	2.0	1/2	1/2	Chord	4/4	5	3	1/2	1/2	1	4306						
205	205	814	814	2.0	0	0	Chord	4/4	6	1	1/2	1/2	1	4307						
205	205	816	816	2.0	1/2	1/2	Chord	4/4	6	1	1/2	1/2	1	4308						
205	205	814	814	2.0	0	0	Chord	4/4	7	1	1/2	1/2	1	4309						
205	205	816	816	2.0	1/2	1/2	Chord	4/4	7	1	1/2	1/2	1	4310						
205	205	814	814	2.0	0	0	Chord	4/4	8	1	1/2	1/2	1	4311						
205	205	816	816	2.0	1/2	1/2	Chord	4/4	8	1	1/2	1/2	1	4312						
206	206	818	818	2.0	0	0	Chord	4/4	1	1	1/2	1/2	1	4313						
206	206	820	820	2.0	1/2	1/2	Chord	4/4	1	1	1/2	1/2	1	4314						
206	206	818	818	2.0	0	0	Chord	4/4	2	1	1/2	1/2	1	4315						
206	206	820	820	2.0	1/2	1/2	Chord	4/4	2	1	1/2	1/2	1	4316						
206	206	818	818	2.0	0	0	Chord	4/4	3	1	1/2	1/2	1	4317						
206	206	820	820	2.0	1/2	1/2	Chord	4/4	3	1	1/2	1/2	1	4318						
206	206	818	818	2.0	0	0	Chord	4/4	4	1	1/2	1/2	1	4319						
206	206	820	820	2.0	1/2	1/2	Chord	4/4	4	1	1/2	1/2	1	4320						
206	206	818	818	2.0	0	0	Chord	4/4	4	2	1/2	1/2	1	4321						
206	206	818	818	2.0	0	0	Chord	4/4	5	1	1/2	1/2	1	4322						
206	206	820	820	2.0	1/2	1/2	Chord	4/4	5	1	1/2	1/2	1	4323						
206	206	818	818	2.0	0	0	Chord	4/4	5	2	1/2	1/2	1	4324						
206	206	820	820	2.0	1/2	1/2	Chord	4/4	5	2	1/2	1/2	1	4325						
206	206	818	818	2.0	0	0	Chord	4/4	5	3	1/2	1/2	1	4326						
206	206	820	820	2.0	1/2	1/2	Chord	4/4	5	3	1/2	1/2	1	4327						
206	206	818	818	2.0	0	0	Chord	4/4	6	1	1/2	1/2	1	4328						
206	206	820	820	2.0	1/2	1/2	Chord	4/4	6	1	1/2	1/2	1	4329						
206	206	818	818	0.0	0	0	FiguredBass	4/4	7	1	0					1/2	b7			
206	206	818	818	2.0	0	0	Chord	4/4	7	1	1/2	1/2	1	4330						
206	206	820	820	2.0	1/2	1/2	Chord	4/4	7	1	1/2	1/2	1	4331						
206	206	818	818	2.0	0	0	Chord	4/4	8	1	1/2	1/2	1	4332						
206	206	820	820	2.0	1/2	1/2	Chord	4/4	8	1	1/2	1/2	1	4333						
207	207	822	822	2.0	0	0	Chord	4/4	1	1	1/2	1/2	1	4334						
207	207	824	824	2.0	1/2	1/2	Chord	4/4	1	1	1/2	1/2	1	4335	ornamentTremblement					
207	207	822	822	1.0	0	0	Chord	4/4	2	1	1/4	1/4	1	4336						105
207	207	823	823	1.0	1/4	1/4	Chord	4/4	2	1	1/4	1/4	1	4337						
207	207	824	824	2.0	1/2	1/2	Chord	4/4	2	1	1/2	1/2	1	4338	ornamentTremblement					
207	207	822	822	1.0	0	0	Chord	4/4	3	1	1/4	1/4	1	4339						106
207	207	823	823	2.0	1/4	1/4	Chord	4/4	3	1	1/2	1/2	1	4340						
207	207	825	825	1.0	3/4	3/4	Chord	4/4	3	1	1/4	1/4	1	4341						
207	207	822	822	1.0	0	0	Chord	4/4	4	1	1/4	1/4	1	4342						107
207	207	823	823	2.0	1/4	1/4	Chord	4/4	4	1	1/2	1/2	1	4343						
207	207	825	825	1.0	3/4	3/4	Chord	4/4	4	1	1/4	1/4	1	4344						
207	207	822	822	2.0	0	0	Chord	4/4	5	1	1/2	1/2	1	4345						
207	207	824	824	2.0	1/2	1/2	Chord	4/4	5	1	1/2	1/2	1	4346						
207	207	822	822	1.0	0	0	Chord	4/4	5	2	1/4	1/4	1	4347						
207	207	823	823	2.0	1/4	1/4	Chord	4/4	5	2	1/2	1/2	1	4348						
207	207	825	825	1.0	3/4	3/4	Chord	4/4	5	2	1/4	1/4	1	4349						
207	207	822	822	1.0	0	0	Chord	4/4	5	3	1/4	1/4	1	4350						
207	207	823	823	1.0	1/4	1/4	Chord	4/4	5	3	1/4	1/4	1	4351						
207	207	824	824	2.0	1/2	1/2	Chord	4/4	5	3	1/2	1/2	1	4352						
207	207	822	822	1.0	0	0	Chord	4/4	6	1	1/4	1/4	1	4353						
207	207	823	823	2.0	1/4	1/4	Chord	4/4	6	1	1/2	1/2	1	4354						
207	207	825	825	1.0	3/4	3/4	Chord	4/4	6	1	1/4	1/4	1	4355						
207	207	822	822	0.0	0	0	FiguredBass	4/4	7	1	0					1/2	6			
207	207	822	822	2.0	0	0	Chord	4/4	7	1	1/2	1/2	1	4356						
207	207	824	824	0.0	1/2	1/2	FiguredBass	4/4	7	1	0					1/2	7	#		
207	207	824	824	2.0	1/2	1/2	Chord	4/4	7	1	1/2	1/2	1	4357	ornamentTremblement					
207	207	826	826	0.0	1	1	FiguredBass	4/4	7	1	0					1/2	6	4		
207	207	822	822	0.0	0	0	FiguredBass	4/4	8	1	0					1/4	7	5		
207	207	822	822	1.0	0	0	Chord	4/4	8	1	1/4	1/4	1	4358						
207	207	823	823	2.0	1/4	1/4	Chord	4/4	8	1	1/2	1/2	1	4359						
207	207	825	825	1.0	3/4	3/4	Chord	4/4	8	1	1/4	1/4	1	4360						
208	208	826	826	2.0	0	0	Chord	4/4	1	1	1/2	1/2	1	4361						
208	208	828	828	2.0	1/2	1/2	Chord	4/4	1	1	1/2	1/2	1	4362						108
208	208	826	826	2.0	0	0	Chord	4/4	2	1	1/2	1/2	1	4363						
208	208	828	828	2.0	1/2	1/2	Chord	4/4	2	1	1/2	1/2	1	4364						
208	208	826	826	2.0	0	0	Chord	4/4	3	1	1/2	1/2	1	4365						
208	208	828	828	2.0	1/2	1/2	Chord	4/4	3	1	1/2	1/2	1	4366						
208	208	826	826	2.0	0	0	Chord	4/4	4	1	1/2	1/2	1	4367						
208	208	828	828	2.0	1/2	1/2	Chord	4/4	4	1	1/2	1/2	1	4368						
208	208	826	826	2.0	0	0	Chord	4/4	5	1	1/2	1/2	1	4369						
208	208	828	828	2.0	1/2	1/2	Chord	4/4	5	1	1/2	1/2	1	4370						
208	208	826	826	2.0	0	0	Chord	4/4	5	2	1/2	1/2	1	4371						
208	208	828	828	2.0	1/2	1/2	Chord	4/4	5	2	1/2	1/2	1	4372						
208	208	826	826	2.0	0	0	Chord	4/4	5	3	1/2	1/2	1	4373						
208	208	828	828	2.0	1/2	1/2	Chord	4/4	5	3	1/2	1/2	1	4374						
208	208	826	826	2.0	0	0	Chord	4/4	6	1	1/2	1/2	1	4375						
208	208	828	828	2.0	1/2	1/2	Chord	4/4	6	1	1/2	1/2	1	4376						
208	208	826	826	0.0	0	0	FiguredBass	4/4	7	1	0					1/2	#			
208	208	826	826	2.0	0	0	Chord	4/4	7	1	1/2	1/2	1	4377						
208	208	828	828	0.0	1/2	1/2	FiguredBass	4/4	7	1	0					1/2	6			
208	208	828	828	2.0	1/2	1/2	Chord	4/4	7	1	1/2	1/2	1	4378						
208	208	826	826	2.0	0	0	Chord	4/4	8	1	1/2	1/2	1	4379						
208	208	828	828	2.0	1/2	1/2	Chord	4/4	8	1	1/2	1/2	1	4380						
209	209	830	830	2.0	0	0	Chord	4/4	1	1	1/2	1/2	1	4381						108
209	209	832	832	2.0	1/2	1/2	Chord	4/4	1	1	1/2	1/2	1	4382						108
209	209	830	830	4.0	0	0	Chord	4/4	2	1	1	1	1	4383						
209	209	830	830	2.0	0	0	Chord	4/4	3	1	1/2	1/2	1	4384						
209	209	832	832	2.0	1/2	1/2	Chord	4/4	3	1	1/2	1/2	1	4385						
209	209	830	830	2.0	0	0	Chord	4/4	4	1	1/2	1/2	1	4386						
209	209	832	832	2.0	1/2	1/2	Chord	4/4	4	1	1/2	1/2	1	4387						
209	209	832	832	2.0	1/2	1/2	Chord	4/4	4	2	1/2	1/2	1	4388						
209	209	830	830	2.0	0	0	Chord	4/4	5	1	1/2	1/2	1	4389						
209	209	832	832	2.0	1/2	1/2	Chord	4/4	5	1	1/2	1/2	1	4390						
209	209	830	830	2.0	0	0	Chord	4/4	5	2	1/2	1/2	1	4391						
209	209	832	832	2.0	1/2	1/2	Chord	4/4	5	2	1/2	1/2	1	4392						
209	209	830	830	2.0	0	0	Chord	4/4	5	3	1/2	1/2	1	4393						
209	209	832	832	2.0	1/2	1/2	Chord	4/4	5	3	1/2	1/2	1	4394						
209	209	830	830	2.0	0	0	Chord	4/4	6	1	1/2	1/2	1	4395						
209	209	832	832	2.0	1/2	1/2	Chord	4/4	6	1	1/2	1/2	1	4396						
209	209	830	830	2.0	0	0	Chord	4/4	7	1	1/2	1/2	1	4397						
209	209	832	832	2.0	1/2	1/2	Chord	4/4	7	1	1/2	1/2	1	4398						
209	209	830	830	2.0	0	0	Chord	4/4	8	1	1/2	1/2	1	4399						
209	209	832	832	2.0	1/2	1/2	Chord	4/4	8	1	1/2	1/2	1	4400						
210	210	834	834	4.0	0	0	Chord	4/4	1	1	1	1	1	4401	ornamentTremblement					
210	210	834	834	2.0	0	0	Chord	4/4	2	1	1/2	1/2	1	4402						
210	210	836	836	1.0	1/2	1/2	Chord	4/4	2	1	1/4	1/4	1	4403						
210	210	837	837	1.0	3/4	3/4	Chord	4/4	2	1	1/4	1/4	1	4404						
210	210	834	834	2.0	0	0	Chord	4/4	3	1	1/2	1/2	1	4405						
210	210	836	836	1.0	1/2	1/2	Chord	4/4	3	1	1/4	1/4	1	4406						
210	210	837	837	1.0	3/4	3/4	Chord	4/4	3	1	1/4	1/4	1	4407						
210	210	834	834	2.0	0	0	Chord	4/4	4	1	1/2	1/2	1	4408						
210	210	836	836	2.0	1/2	1/2	Chord	4/4	4	1	1/2	1/2	1	4409						
210	210	834	834	2.0	0	0	Chord	4/4	4	2	1/2	1/2	1	4410						
210	210	836	836	2.0	1/2	1/2	Chord	4/4	4	2	1/2	1/2	1	4411						
210	210	834	834	4.0	0	0	Chord	4/4	5	1	1	1	1	4412						
210	210	834	834	2.0	0	0	Chord	4/4	5	2	1/2	1/2	1	4413						
210	210	836	836	1.0	1/2	1/2	Chord	4/4	5	2	1/4	1/4	1	4414						
210	210	837	837	1.0	3/4	3/4	Chord	4/4	5	2	1/4	1/4	1	4415						
210	210	834	834	2.0	0	0	Chord	4/4	5	3	1/2	1/2	1	4416						
210	210	836	836	1.0	1/2	1/2	Chord	4/4	5	3	1/4	1/4	1	4417						
210	210	837	837	1.0	3/4	3/4	Chord	4/4	5	3	1/4	1/4	1	4418						
210	210	834	834	2.0	0	0	Chord	4/4	6	1	1/2	1/2	1	4419						
210	210	836	836	2.0	1/2	1/2	Chord	4/4	6	1	1/2	1/2	1	4420						
210	210	834	834	0.0	0	0	FiguredBass	4/4	7	1	0					1	6	5		
210	210	834	834	4.0	0	0	Chord	4/4	7	1	1	1	1	4421	ornamentTremblement					
210	210	834	834	2.0	0	0	Chord	4/4	8	1	1/2	1/2	1	4422						
210	210	836	836	2.0	1/2	1/2	Chord	4/4	8	1	1/2	1/2	1	4423						
211	211	838	838	4.0	0	0	Chord	4/4	1	1	1	1	1	4424						
211	211	838	838	1.0	0	0	Chord	4/4	2	1	1/4	1/4	1	4425						
211	211	839	839	0.5	1/4	1/4	Chord	4/4	2	1	1/8	1/8	1	4426						
211	211	1679/2	1679/2	0.5	3/8	3/8	Chord	4/4	2	1	1/8	1/8	1	4427						
211	211	840	840	2.0	1/2	1/2	Chord	4/4	2	1	1/2	1/2	1	4428	ornamentTremblement					
211	211	838	838	1.0	0	0	Chord	4/4	3	1	1/4	1/4	1	4429						
211	211	839	839	0.5	1/4	1/4	Chord	4/4	3	1	1/8	1/8	1	4430						
211	211	1679/2	1679/2	0.5	3/8	3/8	Chord	4/4	3	1	1/8	1/8	1	4431						
211	211	840	840	2.0	1/2	1/2	Chord	4/4	3	1	1/2	1/2	1	4432	ornamentTremblement					
211	211	838	838	1.0	0	0	Chord	4/4	4	1	1/4	1/4	1	4433						
211	211	839	839	1.0	1/4	1/4	Chord	4/4	4	1	1/4	1/4	1	4434						
211	211	840	840	1.0	1/2	1/2	Chord	4/4	4	1	1/4	1/4	1	4435						
211	211	841	841	1.0	3/4	3/4	Chord	4/4	4	1	1/4	1/4	1	4436						
211	211	838	838	1.0	0	0	Chord	4/4	4	2	1/4	1/4	1	4437						
211	211	839	839	1.0	1/4	1/4	Chord	4/4	4	2	1/4	1/4	1	4438						
211	211	840	840	1.0	1/2	1/2	Chord	4/4	4	2	1/4	1/4	1	4439						
211	211	841	841	1.0	3/4	3/4	Chord	4/4	4	2	1/4	1/4	1	4440						
211	211	838	838	4.0	0	0	Chord	4/4	5	1	1	1	1	4441						
211	211	838	838	1.0	0	0	Chord	4/4	5	2	1/4	1/4	1	4442						
211	211	839	839	0.5	1/4	1/4	Chord	4/4	5	2	1/8	1/8	1	4443						
211	211	1679/2	1679/2	0.5	3/8	3/8	Chord	4/4	5	2	1/8	1/8	1	4444						
211	211	840	840	2.0	1/2	1/2	Chord	4/4	5	2	1/2	1/2	1	4445						
211	211	838	838	1.0	0	0	Chord	4/4	5	3	1/4	1/4	1	4446						
211	211	839	839	0.5	1/4	1/4	Chord	4/4	5	3	1/8	1/8	1	4447						
211	211	1679/2	1679/2	0.5	3/8	3/8	Chord	4/4	5	3	1/8	1/8	1	4448						
211	211	840	840	2.0	1/2	1/2	Chord	4/4	5	3	1/2	1/2	1	4449						
211	211	838	838	1.0	0	0	Chord	4/4	6	1	1/4	1/4	1	4450						
211	211	839	839	1.0	1/4	1/4	Chord	4/4	6	1	1/4	1/4	1	4451						
211	211	840	840	1.0	1/2	1/2	Chord	4/4	6	1	1/4	1/4	1	4452						
211	211	841	841	1.0	3/4	3/4	Chord	4/4	6	1	1/4	1/4	1	4453						
211	211	838	838	0.0	0	0	FiguredBass	4/4	7	1	0					1	6	5		
211	211	838	838	4.0	0	0	Chord	4/4	7	1	1	1	1	4454						
211	211	838	838	0.0	0	0	FiguredBass	4/4	8	1	0					1/4	7	#		
211	211	838	838	1.0	0	0	Chord	4/4	8	1	1/4	1/4	1	4455						
211	211	839	839	0.0	1/4	1/4	FiguredBass	4/4	8	1	0					1/4	6			
211	211	839	839	1.0	1/4	1/4	Chord	4/4	8	1	1/4	1/4	1	4456						
211	211	840	840	1.0	1/2	1/2	Chord	4/4	8	1	1/4	1/4	1	4457						
211	211	841	841	1.0	3/4	3/4	Chord	4/4	8	1	1/4	1/4	1	4458						
212	212	842	842	4.0	0	0	Chord	4/4	1	1	1	1	1	4459						
212	212	842	842	4.0	0	0	Chord	4/4	2	1	1	1	1	4460						
212	212	842	842	4.0	0	0	Chord	4/4	3	1	1	1	1	4461						
212	212	842	842	4.0	0	0	Chord	4/4	4	1	1	1	1	4462						
212	212	842	842	4.0	0	0	Chord	4/4	4	2	1	1	1	4463						
212	212	842	842	4.0	0	0	Chord	4/4	5	1	1	1	1	4464						
212	212	842	842	4.0	0	0	Chord	4/4	5	2	1	1	1	4465						
212	212	842	842	4.0	0	0	Chord	4/4	5	3	1	1	1	4466						
212	212	842	842	4.0	0	0	Chord	4/4	6	1	1	1	1	4467						
212	212	842	842	0.0	0	0	FiguredBass	4/4	7	1	0					1	#			
212	212	842	842	4.0	0	0	Chord	4/4	7	1	1	1	1	4468						
212	212	842	842	4.0	0	0	Chord	4/4	8	1	1	1	1	4469						
