mc	mn	quarterbeats	quarterbeats_all_endings	duration_qb	mc_onset	mn_onset	timesig	staff	voice	duration	nominal_duration	scalar	tied	tpc	midi	name	octave	chord_id
1	1	0	0	2.0	0	0	4/4	4	1	1/2	1/2	1		1	55	G3	3	6
1	1	0	0	2.0	0	0	4/4	6	1	1/2	1/2	1		1	55	G3	3	14
1	1	0	0	2.0	0	0	4/4	8	1	1/2	1/2	1		1	55	G3	3	18
1	1	0	0	2.0	0	0	4/4	3	1	1/2	1/2	1		5	59	B3	3	4
1	1	0	0	2.0	0	0	4/4	5	2	1/2	1/2	1		5	59	B3	3	10
1	1	0	0	2.0	0	0	4/4	2	1	1/2	1/2	1		2	62	D4	4	2
1	1	0	0	2.0	0	0	4/4	5	3	1/2	1/2	1		2	62	D4	4	12
1	1	0	0	2.0	0	0	4/4	1	1	1/2	1/2	1		1	67	G4	4	0
1	1	0	0	2.0	0	0	4/4	5	1	1/2	1/2	1		1	67	G4	4	8
1	1	0	0	2.0	0	0	4/4	7	1	1/2	1/2	1		1	67	G4	4	16
1	1	2	2	2.0	1/2	1/2	4/4	4	1	1/2	1/2	1		6	54	F#3	3	7
1	1	2	2	2.0	1/2	1/2	4/4	6	1	1/2	1/2	1		6	54	F#3	3	15
1	1	2	2	2.0	1/2	1/2	4/4	8	1	1/2	1/2	1		6	54	F#3	3	19
1	1	2	2	2.0	1/2	1/2	4/4	5	2	1/2	1/2	1		3	57	A3	3	11
1	1	2	2	2.0	1/2	1/2	4/4	2	1	1/2	1/2	1		2	62	D4	4	3
1	1	2	2	2.0	1/2	1/2	4/4	3	1	1/2	1/2	1		2	62	D4	4	5
1	1	2	2	2.0	1/2	1/2	4/4	5	3	1/2	1/2	1		2	62	D4	4	13
1	1	2	2	2.0	1/2	1/2	4/4	1	1	1/2	1/2	1		3	69	A4	4	1
1	1	2	2	2.0	1/2	1/2	4/4	5	1	1/2	1/2	1		3	69	A4	4	9
1	1	2	2	2.0	1/2	1/2	4/4	7	1	1/2	1/2	1		3	69	A4	4	17
2	2	4	4	2.0	0	0	4/4	4	1	1/2	1/2	1		1	55	G3	3	26
2	2	4	4	2.0	0	0	4/4	6	1	1/2	1/2	1		1	55	G3	3	34
2	2	4	4	2.0	0	0	4/4	8	1	1/2	1/2	1		1	55	G3	3	38
2	2	4	4	2.0	0	0	4/4	3	1	1/2	1/2	1		2	62	D4	4	24
2	2	4	4	2.0	0	0	4/4	5	2	1/2	1/2	1		2	62	D4	4	30
2	2	4	4	2.0	0	0	4/4	2	1	1/2	1/2	1		1	67	G4	4	22
2	2	4	4	2.0	0	0	4/4	5	3	1/2	1/2	1		1	67	G4	4	32
2	2	4	4	2.0	0	0	4/4	1	1	1/2	1/2	1		5	71	B4	4	20
2	2	4	4	2.0	0	0	4/4	5	1	1/2	1/2	1		5	71	B4	4	28
2	2	4	4	2.0	0	0	4/4	7	1	1/2	1/2	1		5	71	B4	4	36
2	2	6	6	2.0	1/2	1/2	4/4	4	1	1/2	1/2	1		4	52	E3	3	27
2	2	6	6	2.0	1/2	1/2	4/4	6	1	1/2	1/2	1		4	52	E3	3	35
2	2	6	6	2.0	1/2	1/2	4/4	8	1	1/2	1/2	1		4	52	E3	3	39
2	2	6	6	2.0	1/2	1/2	4/4	5	2	1/2	1/2	1	1	1	55	G3	3	31
2	2	6	6	2.0	1/2	1/2	4/4	3	1	1/2	1/2	1		4	64	E4	4	25
2	2	6	6	2.0	1/2	1/2	4/4	2	1	1/2	1/2	1	1	1	67	G4	4	23
2	2	6	6	2.0	1/2	1/2	4/4	5	3	1/2	1/2	1		1	67	G4	4	33
2	2	6	6	2.0	1/2	1/2	4/4	1	1	1/2	1/2	1		5	71	B4	4	21
2	2	6	6	2.0	1/2	1/2	4/4	5	1	1/2	1/2	1		5	71	B4	4	29
2	2	6	6	2.0	1/2	1/2	4/4	7	1	1/2	1/2	1		5	71	B4	4	37
3	3	8	8	2.0	0	0	4/4	4	1	1/2	1/2	1		0	48	C3	3	46
3	3	8	8	2.0	0	0	4/4	6	1	1/2	1/2	1		0	48	C3	3	54
3	3	8	8	2.0	0	0	4/4	8	1	1/2	1/2	1		0	48	C3	3	58
3	3	8	8	2.0	0	0	4/4	5	2	1/2	1/2	1	-1	1	55	G3	3	50
3	3	8	8	2.0	0	0	4/4	3	1	1/2	1/2	1		4	64	E4	4	44
3	3	8	8	2.0	0	0	4/4	5	3	1/2	1/2	1		4	64	E4	4	52
3	3	8	8	2.0	0	0	4/4	2	1	1/2	1/2	1	-1	1	67	G4	4	42
3	3	8	8	3.0	0	0	4/4	1	1	3/4	1/2	3/2		3	69	A4	4	40
3	3	8	8	3.0	0	0	4/4	5	1	3/4	1/2	3/2		3	69	A4	4	48
3	3	8	8	3.0	0	0	4/4	7	1	3/4	1/2	3/2		3	69	A4	4	56
3	3	10	10	2.0	1/2	1/2	4/4	4	1	1/2	1/2	1		2	50	D3	3	47
3	3	10	10	2.0	1/2	1/2	4/4	6	1	1/2	1/2	1		2	50	D3	3	55
3	3	10	10	2.0	1/2	1/2	4/4	8	1	1/2	1/2	1		2	50	D3	3	59
3	3	10	10	2.0	1/2	1/2	4/4	5	2	1/2	1/2	1		6	54	F#3	3	51
3	3	10	10	2.0	1/2	1/2	4/4	3	1	1/2	1/2	1		2	62	D4	4	45
3	3	10	10	2.0	1/2	1/2	4/4	5	3	1/2	1/2	1		2	62	D4	4	53
3	3	10	10	2.0	1/2	1/2	4/4	2	1	1/2	1/2	1		6	66	F#4	4	43
3	3	11	11	1.0	3/4	3/4	4/4	1	1	1/4	1/4	1		5	71	B4	4	41
3	3	11	11	1.0	3/4	3/4	4/4	5	1	1/4	1/4	1		5	71	B4	4	49
3	3	11	11	1.0	3/4	3/4	4/4	7	1	1/4	1/4	1		5	71	B4	4	57
4	4	12	12	2.0	0	0	4/4	4	1	1/2	1/2	1		1	43	G2	2	66
4	4	12	12	2.0	0	0	4/4	6	1	1/2	1/2	1		1	43	G2	2	74
4	4	12	12	2.0	0	0	4/4	8	1	1/2	1/2	1		1	43	G2	2	78
4	4	12	12	2.0	0	0	4/4	5	2	1/2	1/2	1		1	55	G3	3	70
4	4	12	12	2.0	0	0	4/4	3	1	1/2	1/2	1		2	62	D4	4	64
4	4	12	12	2.0	0	0	4/4	5	3	1/2	1/2	1		2	62	D4	4	72
4	4	12	12	2.0	0	0	4/4	2	1	1/2	1/2	1		1	67	G4	4	62
4	4	12	12	2.0	0	0	4/4	1	1	1/2	1/2	1		5	71	B4	4	60
4	4	12	12	2.0	0	0	4/4	5	1	1/2	1/2	1		5	71	B4	4	68
4	4	12	12	2.0	0	0	4/4	7	1	1/2	1/2	1		5	71	B4	4	76
4	4	14	14	2.0	1/2	1/2	4/4	4	1	1/2	1/2	1		1	43	G2	2	67
4	4	14	14	2.0	1/2	1/2	4/4	6	1	1/2	1/2	1		1	43	G2	2	75
4	4	14	14	2.0	1/2	1/2	4/4	8	1	1/2	1/2	1		1	43	G2	2	79
4	4	14	14	2.0	1/2	1/2	4/4	5	2	1/2	1/2	1		1	55	G3	3	71
4	4	14	14	2.0	1/2	1/2	4/4	3	1	1/2	1/2	1		2	62	D4	4	65
4	4	14	14	2.0	1/2	1/2	4/4	5	3	1/2	1/2	1		2	62	D4	4	73
4	4	14	14	2.0	1/2	1/2	4/4	2	1	1/2	1/2	1		1	67	G4	4	63
4	4	14	14	2.0	1/2	1/2	4/4	1	1	1/2	1/2	1		5	71	B4	4	61
4	4	14	14	2.0	1/2	1/2	4/4	5	1	1/2	1/2	1		5	71	B4	4	69
4	4	14	14	2.0	1/2	1/2	4/4	7	1	1/2	1/2	1		5	71	B4	4	77
5	5	16	16	2.0	0	0	4/4	4	1	1/2	1/2	1		5	47	B2	2	89
5	5	16	16	2.0	0	0	4/4	6	1	1/2	1/2	1		5	47	B2	2	99
5	5	16	16	2.0	0	0	4/4	8	1	1/2	1/2	1		5	47	B2	2	104
5	5	16	16	2.0	0	0	4/4	5	2	1/2	1/2	1		1	55	G3	3	95
5	5	16	16	2.0	0	0	4/4	3	1	1/2	1/2	1		2	62	D4	4	86
5	5	16	16	2.0	0	0	4/4	5	3	1/2	1/2	1		2	62	D4	4	97
5	5	16	16	2.0	0	0	4/4	2	1	1/2	1/2	1		1	67	G4	4	83
5	5	16	16	2.0	0	0	4/4	1	1	1/2	1/2	1		5	71	B4	4	80
5	5	16	16	2.0	0	0	4/4	5	1	1/2	1/2	1		5	71	B4	4	92
5	5	16	16	2.0	0	0	4/4	7	1	1/2	1/2	1		5	71	B4	4	101
5	5	18	18	1.0	1/2	1/2	4/4	4	1	1/4	1/4	1		0	48	C3	3	90
5	5	18	18	2.0	1/2	1/2	4/4	6	1	1/2	1/2	1		0	48	C3	3	100
5	5	18	18	2.0	1/2	1/2	4/4	8	1	1/2	1/2	1		0	48	C3	3	105
5	5	18	18	1.0	1/2	1/2	4/4	3	1	1/4	1/4	1		0	60	C4	4	87
5	5	18	18	2.0	1/2	1/2	4/4	5	2	1/2	1/2	1		0	60	C4	4	96
5	5	18	18	1.0	1/2	1/2	4/4	2	1	1/4	1/4	1		4	64	E4	4	84
5	5	18	18	2.0	1/2	1/2	4/4	5	3	1/2	1/2	1		4	64	E4	4	98
5	5	18	18	1.0	1/2	1/2	4/4	1	1	1/4	1/4	1		3	69	A4	4	81
5	5	18	18	1.0	1/2	1/2	4/4	5	1	1/4	1/4	1		3	69	A4	4	93
5	5	18	18	1.0	1/2	1/2	4/4	7	1	1/4	1/4	1		3	69	A4	4	102
5	5	19	19	1.0	3/4	3/4	4/4	4	1	1/4	1/4	1		0	48	C3	3	91
5	5	19	19	1.0	3/4	3/4	4/4	3	1	1/4	1/4	1		0	60	C4	4	88
5	5	19	19	1.0	3/4	3/4	4/4	2	1	1/4	1/4	1		4	64	E4	4	85
5	5	19	19	1.0	3/4	3/4	4/4	1	1	1/4	1/4	1		3	69	A4	4	82
5	5	19	19	1.0	3/4	3/4	4/4	5	1	1/4	1/4	1		3	69	A4	4	94
5	5	19	19	1.0	3/4	3/4	4/4	7	1	1/4	1/4	1		3	69	A4	4	103
6	6	20	20	2.0	0	0	4/4	4	1	1/2	1/2	1		2	50	D3	3	112
6	6	20	20	2.0	0	0	4/4	6	1	1/2	1/2	1		2	50	D3	3	119
6	6	20	20	2.0	0	0	4/4	8	1	1/2	1/2	1		2	50	D3	3	123
6	6	20	20	2.0	0	0	4/4	3	1	1/2	1/2	1		5	59	B3	3	110
6	6	20	20	4.0	0	0	4/4	5	2	1	1	1		5	59	B3	3	116
6	6	20	20	2.0	0	0	4/4	2	1	1/2	1/2	1		-1	65	F4	4	108
6	6	20	20	2.0	0	0	4/4	5	3	1/2	1/2	1		-1	65	F4	4	117
6	6	20	20	2.0	0	0	4/4	1	1	1/2	1/2	1		3	69	A4	4	106
6	6	20	20	2.0	0	0	4/4	5	1	1/2	1/2	1		3	69	A4	4	114
6	6	20	20	2.0	0	0	4/4	7	1	1/2	1/2	1		3	69	A4	4	121
6	6	22	22	2.0	1/2	1/2	4/4	4	1	1/2	1/2	1		4	52	E3	3	113
6	6	22	22	2.0	1/2	1/2	4/4	6	1	1/2	1/2	1		4	52	E3	3	120
6	6	22	22	2.0	1/2	1/2	4/4	8	1	1/2	1/2	1		4	52	E3	3	124
6	6	22	22	2.0	1/2	1/2	4/4	3	1	1/2	1/2	1		5	59	B3	3	111
6	6	22	22	2.0	1/2	1/2	4/4	2	1	1/2	1/2	1		4	64	E4	4	109
6	6	22	22	2.0	1/2	1/2	4/4	5	3	1/2	1/2	1		4	64	E4	4	118
6	6	22	22	2.0	1/2	1/2	4/4	1	1	1/2	1/2	1		8	68	G#4	4	107
6	6	22	22	2.0	1/2	1/2	4/4	5	1	1/2	1/2	1		8	68	G#4	4	115
6	6	22	22	2.0	1/2	1/2	4/4	7	1	1/2	1/2	1		8	68	G#4	4	122
7	7	24	24	4.0	0	0	4/4	4	1	1	1	1		3	45	A2	2	128
7	7	24	24	4.0	0	0	4/4	6	1	1	1	1		3	45	A2	2	133
7	7	24	24	4.0	0	0	4/4	8	1	1	1	1		3	45	A2	2	135
7	7	24	24	4.0	0	0	4/4	5	2	1	1	1		3	57	A3	3	130
7	7	24	24	4.0	0	0	4/4	3	1	1	1	1		0	60	C4	4	127
7	7	24	24	4.0	0	0	4/4	5	4	1	1	1		0	60	C4	4	132
7	7	24	24	4.0	0	0	4/4	2	1	1	1	1		4	64	E4	4	126
7	7	24	24	4.0	0	0	4/4	5	3	1	1	1		4	64	E4	4	131
7	7	24	24	4.0	0	0	4/4	1	1	1	1	1		3	69	A4	4	125
7	7	24	24	4.0	0	0	4/4	5	1	1	1	1		3	69	A4	4	129
7	7	24	24	4.0	0	0	4/4	7	1	1	1	1		3	69	A4	4	134
8	8	28	28	4.0	0	0	4/4	4	1	1	1	1		2	50	D3	3	139
8	8	28	28	4.0	0	0	4/4	6	1	1	1	1		2	50	D3	3	143
8	8	28	28	4.0	0	0	4/4	8	1	1	1	1		2	50	D3	3	145
8	8	28	28	4.0	0	0	4/4	3	1	1	1	1		2	62	D4	4	138
8	8	28	28	4.0	0	0	4/4	5	2	1	1	1		2	62	D4	4	141
8	8	28	28	4.0	0	0	4/4	2	1	1	1	1		6	66	F#4	4	137
8	8	28	28	4.0	0	0	4/4	5	3	1	1	1		6	66	F#4	4	142
8	8	28	28	4.0	0	0	4/4	1	1	1	1	1		3	69	A4	4	136
8	8	28	28	4.0	0	0	4/4	5	1	1	1	1		3	69	A4	4	140
8	8	28	28	4.0	0	0	4/4	7	1	1	1	1		3	69	A4	4	144
9	9	32	32	2.0	0	0	4/4	4	1	1/2	1/2	1		1	55	G3	3	152
9	9	32	32	2.0	0	0	4/4	6	1	1/2	1/2	1		1	55	G3	3	160
9	9	32	32	2.0	0	0	4/4	8	1	1/2	1/2	1		1	55	G3	3	164
9	9	32	32	2.0	0	0	4/4	3	1	1/2	1/2	1		2	62	D4	4	150
9	9	32	32	2.0	0	0	4/4	5	2	1/2	1/2	1		2	62	D4	4	156
9	9	32	32	2.0	0	0	4/4	2	1	1/2	1/2	1		1	67	G4	4	148
9	9	32	32	2.0	0	0	4/4	5	3	1/2	1/2	1		1	67	G4	4	158
9	9	32	32	2.0	0	0	4/4	1	1	1/2	1/2	1		5	71	B4	4	146
9	9	32	32	2.0	0	0	4/4	5	1	1/2	1/2	1		5	71	B4	4	154
9	9	32	32	2.0	0	0	4/4	7	1	1/2	1/2	1		5	71	B4	4	162
9	9	34	34	2.0	1/2	1/2	4/4	4	1	1/2	1/2	1		5	47	B2	2	153
9	9	34	34	2.0	1/2	1/2	4/4	6	1	1/2	1/2	1		5	47	B2	2	161
9	9	34	34	2.0	1/2	1/2	4/4	8	1	1/2	1/2	1		5	47	B2	2	165
9	9	34	34	2.0	1/2	1/2	4/4	3	1	1/2	1/2	1		2	62	D4	4	151
9	9	34	34	2.0	1/2	1/2	4/4	5	2	1/2	1/2	1		2	62	D4	4	157
9	9	34	34	2.0	1/2	1/2	4/4	2	1	1/2	1/2	1		1	67	G4	4	149
9	9	34	34	2.0	1/2	1/2	4/4	5	3	1/2	1/2	1		1	67	G4	4	159
9	9	34	34	2.0	1/2	1/2	4/4	1	1	1/2	1/2	1		5	71	B4	4	147
9	9	34	34	2.0	1/2	1/2	4/4	5	1	1/2	1/2	1		5	71	B4	4	155
9	9	34	34	2.0	1/2	1/2	4/4	7	1	1/2	1/2	1		5	71	B4	4	163
10	10	36	36	2.0	0	0	4/4	4	1	1/2	1/2	1		2	50	D3	3	172
10	10	36	36	2.0	0	0	4/4	6	1	1/2	1/2	1		2	50	D3	3	178
10	10	36	36	2.0	0	0	4/4	8	1	1/2	1/2	1		2	50	D3	3	182
10	10	36	36	2.0	0	0	4/4	3	1	1/2	1/2	1		2	62	D4	4	170
10	10	36	36	4.0	0	0	4/4	5	2	1	1	1		2	62	D4	4	176
10	10	36	36	2.0	0	0	4/4	2	1	1/2	1/2	1		6	66	F#4	4	168
10	10	36	36	4.0	0	0	4/4	5	3	1	1	1		6	66	F#4	4	177
10	10	36	36	3.0	0	0	4/4	1	1	3/4	1/2	3/2		3	69	A4	4	166
10	10	36	36	3.0	0	0	4/4	5	1	3/4	1/2	3/2		3	69	A4	4	174
10	10	36	36	3.0	0	0	4/4	7	1	3/4	1/2	3/2		3	69	A4	4	180
10	10	38	38	2.0	1/2	1/2	4/4	4	1	1/2	1/2	1		2	50	D3	3	173
10	10	38	38	2.0	1/2	1/2	4/4	6	1	1/2	1/2	1		2	50	D3	3	179
10	10	38	38	2.0	1/2	1/2	4/4	8	1	1/2	1/2	1		2	50	D3	3	183
10	10	38	38	2.0	1/2	1/2	4/4	3	1	1/2	1/2	1		2	62	D4	4	171
10	10	38	38	2.0	1/2	1/2	4/4	2	1	1/2	1/2	1		6	66	F#4	4	169
10	10	39	39	1.0	3/4	3/4	4/4	1	1	1/4	1/4	1		5	71	B4	4	167
10	10	39	39	1.0	3/4	3/4	4/4	5	1	1/4	1/4	1		5	71	B4	4	175
10	10	39	39	1.0	3/4	3/4	4/4	7	1	1/4	1/4	1		5	71	B4	4	181
11	11	40	40	4.0	0	0	4/4	4	1	1	1	1		1	43	G2	2	187
11	11	40	40	4.0	0	0	4/4	6	1	1	1	1		1	43	G2	2	191
11	11	40	40	4.0	0	0	4/4	8	1	1	1	1		1	43	G2	2	193
11	11	40	40	4.0	0	0	4/4	3	1	1	1	1		2	62	D4	4	186
11	11	40	40	4.0	0	0	4/4	5	2	1	1	1		2	62	D4	4	189
11	11	40	40	4.0	0	0	4/4	2	1	1	1	1		1	67	G4	4	185
11	11	40	40	4.0	0	0	4/4	5	3	1	1	1		1	67	G4	4	190
11	11	40	40	4.0	0	0	4/4	1	1	1	1	1		5	71	B4	4	184
11	11	40	40	4.0	0	0	4/4	5	1	1	1	1		5	71	B4	4	188
11	11	40	40	4.0	0	0	4/4	7	1	1	1	1		5	71	B4	4	192
12	12	44	44	2.0	0	0	4/4	4	1	1/2	1/2	1		4	52	E3	3	203
12	12	44	44	2.0	0	0	4/4	6	1	1/2	1/2	1		4	52	E3	3	213
12	12	44	44	2.0	0	0	4/4	8	1	1/2	1/2	1		4	52	E3	3	218
12	12	44	44	2.0	0	0	4/4	3	1	1/2	1/2	1		4	64	E4	4	200
12	12	44	44	2.0	0	0	4/4	5	2	1/2	1/2	1		4	64	E4	4	209
12	12	44	44	2.0	0	0	4/4	2	1	1/2	1/2	1		1	67	G4	4	197
12	12	44	44	2.0	0	0	4/4	5	3	1/2	1/2	1		1	67	G4	4	211
12	12	44	44	2.0	0	0	4/4	1	1	1/2	1/2	1		5	71	B4	4	194
12	12	44	44	2.0	0	0	4/4	5	1	1/2	1/2	1		5	71	B4	4	206
12	12	44	44	2.0	0	0	4/4	7	1	1/2	1/2	1		5	71	B4	4	215
12	12	46	46	1.0	1/2	1/2	4/4	4	1	1/4	1/4	1		0	48	C3	3	204
12	12	46	46	2.0	1/2	1/2	4/4	6	1	1/2	1/2	1		0	48	C3	3	214
12	12	46	46	2.0	1/2	1/2	4/4	8	1	1/2	1/2	1		0	48	C3	3	219
12	12	46	46	1.0	1/2	1/2	4/4	2	1	1/4	1/4	1		4	64	E4	4	198
12	12	46	46	1.0	1/2	1/2	4/4	3	1	1/4	1/4	1		4	64	E4	4	201
12	12	46	46	2.0	1/2	1/2	4/4	5	2	1/2	1/2	1		4	64	E4	4	210
12	12	46	46	2.0	1/2	1/2	4/4	5	3	1/2	1/2	1		4	64	E4	4	212
12	12	46	46	1.0	1/2	1/2	4/4	1	1	1/4	1/4	1		3	69	A4	4	195
12	12	46	46	1.0	1/2	1/2	4/4	5	1	1/4	1/4	1		3	69	A4	4	207
12	12	46	46	1.0	1/2	1/2	4/4	7	1	1/4	1/4	1		3	69	A4	4	216
12	12	47	47	1.0	3/4	3/4	4/4	4	1	1/4	1/4	1		0	48	C3	3	205
12	12	47	47	1.0	3/4	3/4	4/4	2	1	1/4	1/4	1		4	64	E4	4	199
12	12	47	47	1.0	3/4	3/4	4/4	3	1	1/4	1/4	1		4	64	E4	4	202
12	12	47	47	1.0	3/4	3/4	4/4	1	1	1/4	1/4	1		3	69	A4	4	196
12	12	47	47	1.0	3/4	3/4	4/4	5	1	1/4	1/4	1		3	69	A4	4	208
12	12	47	47	1.0	3/4	3/4	4/4	7	1	1/4	1/4	1		3	69	A4	4	217
13	13	48	48	2.0	0	0	4/4	4	1	1/2	1/2	1		5	47	B2	2	226
13	13	48	48	2.0	0	0	4/4	6	1	1/2	1/2	1		5	47	B2	2	234
13	13	48	48	2.0	0	0	4/4	8	1	1/2	1/2	1		5	47	B2	2	238
13	13	48	48	2.0	0	0	4/4	3	1	1/2	1/2	1		2	62	D4	4	224
13	13	48	48	2.0	0	0	4/4	5	2	1/2	1/2	1		2	62	D4	4	230
13	13	48	48	2.0	0	0	4/4	2	1	1/2	1/2	1		-1	65	F4	4	222
13	13	48	48	2.0	0	0	4/4	5	3	1/2	1/2	1		-1	65	F4	4	232
13	13	48	48	2.0	0	0	4/4	1	1	1/2	1/2	1		3	69	A4	4	220
13	13	48	48	2.0	0	0	4/4	5	1	1/2	1/2	1		3	69	A4	4	228
13	13	48	48	2.0	0	0	4/4	7	1	1/2	1/2	1		3	69	A4	4	236
13	13	50	50	2.0	1/2	1/2	4/4	4	1	1/2	1/2	1		4	52	E3	3	227
13	13	50	50	2.0	1/2	1/2	4/4	6	1	1/2	1/2	1		4	52	E3	3	235
13	13	50	50	2.0	1/2	1/2	4/4	8	1	1/2	1/2	1		4	52	E3	3	239
13	13	50	50	2.0	1/2	1/2	4/4	3	1	1/2	1/2	1		5	59	B3	3	225
13	13	50	50	2.0	1/2	1/2	4/4	5	2	1/2	1/2	1		5	59	B3	3	231
13	13	50	50	2.0	1/2	1/2	4/4	2	1	1/2	1/2	1		4	64	E4	4	223
13	13	50	50	2.0	1/2	1/2	4/4	5	3	1/2	1/2	1		4	64	E4	4	233
13	13	50	50	2.0	1/2	1/2	4/4	1	1	1/2	1/2	1		8	68	G#4	4	221
13	13	50	50	2.0	1/2	1/2	4/4	5	1	1/2	1/2	1		8	68	G#4	4	229
13	13	50	50	2.0	1/2	1/2	4/4	7	1	1/2	1/2	1		8	68	G#4	4	237
14	14	52	52	4.0	0	0	4/4	4	1	1	1	1		3	45	A2	2	243
14	14	52	52	4.0	0	0	4/4	6	1	1	1	1		3	45	A2	2	248
14	14	52	52	4.0	0	0	4/4	8	1	1	1	1		3	45	A2	2	250
14	14	52	52	4.0	0	0	4/4	5	2	1	1	1		3	57	A3	3	245
14	14	52	52	4.0	0	0	4/4	3	1	1	1	1		0	60	C4	4	242
14	14	52	52	4.0	0	0	4/4	5	4	1	1	1		0	60	C4	4	247
14	14	52	52	4.0	0	0	4/4	2	1	1	1	1		4	64	E4	4	241
14	14	52	52	4.0	0	0	4/4	5	3	1	1	1		4	64	E4	4	246
14	14	52	52	4.0	0	0	4/4	1	1	1	1	1		3	69	A4	4	240
14	14	52	52	4.0	0	0	4/4	5	1	1	1	1		3	69	A4	4	244
14	14	52	52	4.0	0	0	4/4	7	1	1	1	1		3	69	A4	4	249
15	15	56	56	2.0	0	0	4/4	4	1	1/2	1/2	1		5	47	B2	2	257
15	15	56	56	2.0	0	0	4/4	6	1	1/2	1/2	1		5	47	B2	2	265
15	15	56	56	2.0	0	0	4/4	8	1	1/2	1/2	1		5	47	B2	2	269
15	15	56	56	2.0	0	0	4/4	3	1	1/2	1/2	1		5	59	B3	3	255
15	15	56	56	2.0	0	0	4/4	5	2	1/2	1/2	1		5	59	B3	3	261
15	15	56	56	2.0	0	0	4/4	2	1	1/2	1/2	1		2	62	D4	4	253
15	15	56	56	2.0	0	0	4/4	5	3	1/2	1/2	1		2	62	D4	4	263
15	15	56	56	2.0	0	0	4/4	1	1	1/2	1/2	1		1	67	G4	4	251
15	15	56	56	2.0	0	0	4/4	5	1	1/2	1/2	1		1	67	G4	4	259
15	15	56	56	2.0	0	0	4/4	7	1	1/2	1/2	1		1	67	G4	4	267
15	15	58	58	2.0	1/2	1/2	4/4	4	1	1/2	1/2	1		2	50	D3	3	258
15	15	58	58	2.0	1/2	1/2	4/4	6	1	1/2	1/2	1		2	50	D3	3	266
15	15	58	58	2.0	1/2	1/2	4/4	8	1	1/2	1/2	1		2	50	D3	3	270
15	15	58	58	2.0	1/2	1/2	4/4	3	1	1/2	1/2	1		6	54	F#3	3	256
15	15	58	58	2.0	1/2	1/2	4/4	5	2	1/2	1/2	1		6	54	F#3	3	262
15	15	58	58	2.0	1/2	1/2	4/4	2	1	1/2	1/2	1		2	62	D4	4	254
15	15	58	58	2.0	1/2	1/2	4/4	5	3	1/2	1/2	1		2	62	D4	4	264
15	15	58	58	2.0	1/2	1/2	4/4	1	1	1/2	1/2	1		3	69	A4	4	252
15	15	58	58	2.0	1/2	1/2	4/4	5	1	1/2	1/2	1		3	69	A4	4	260
15	15	58	58	2.0	1/2	1/2	4/4	7	1	1/2	1/2	1		3	69	A4	4	268
16	16	60	60	2.0	0	0	4/4	3	1	1/2	1/2	1		1	55	G3	3	275
16	16	60	60	2.0	0	0	4/4	4	1	1/2	1/2	1		1	55	G3	3	277
16	16	60	60	2.0	0	0	4/4	5	2	1/2	1/2	1		1	55	G3	3	281
16	16	60	60	2.0	0	0	4/4	6	1	1/2	1/2	1		1	55	G3	3	285
16	16	60	60	2.0	0	0	4/4	8	1	1/2	1/2	1		1	55	G3	3	289
16	16	60	60	2.0	0	0	4/4	2	1	1/2	1/2	1		2	62	D4	4	273
16	16	60	60	2.0	0	0	4/4	5	3	1/2	1/2	1		2	62	D4	4	283
16	16	60	60	2.0	0	0	4/4	1	1	1/2	1/2	1		5	71	B4	4	271
16	16	60	60	2.0	0	0	4/4	5	1	1/2	1/2	1		5	71	B4	4	279
16	16	60	60	2.0	0	0	4/4	7	1	1/2	1/2	1		5	71	B4	4	287
16	16	62	62	2.0	1/2	1/2	4/4	4	1	1/2	1/2	1		1	43	G2	2	278
16	16	62	62	2.0	1/2	1/2	4/4	6	1	1/2	1/2	1		1	43	G2	2	286
16	16	62	62	2.0	1/2	1/2	4/4	8	1	1/2	1/2	1		1	43	G2	2	290
16	16	62	62	2.0	1/2	1/2	4/4	3	1	1/2	1/2	1		2	62	D4	4	276
16	16	62	62	2.0	1/2	1/2	4/4	5	2	1/2	1/2	1		2	62	D4	4	282
16	16	62	62	2.0	1/2	1/2	4/4	2	1	1/2	1/2	1		1	67	G4	4	274
16	16	62	62	2.0	1/2	1/2	4/4	5	3	1/2	1/2	1		1	67	G4	4	284
16	16	62	62	2.0	1/2	1/2	4/4	1	1	1/2	1/2	1		5	71	B4	4	272
16	16	62	62	2.0	1/2	1/2	4/4	5	1	1/2	1/2	1		5	71	B4	4	280
16	16	62	62	2.0	1/2	1/2	4/4	7	1	1/2	1/2	1		5	71	B4	4	288
17	17	64	64	2.0	0	0	4/4	4	1	1/2	1/2	1		2	50	D3	3	297
17	17	64	64	2.0	0	0	4/4	6	1	1/2	1/2	1		2	50	D3	3	303
17	17	64	64	2.0	0	0	4/4	8	1	1/2	1/2	1		2	50	D3	3	307
17	17	64	64	2.0	0	0	4/4	3	1	1/2	1/2	1		2	62	D4	4	295
17	17	64	64	4.0	0	0	4/4	5	2	1	1	1		2	62	D4	4	301
17	17	64	64	2.0	0	0	4/4	2	1	1/2	1/2	1		6	66	F#4	4	293
17	17	64	64	4.0	0	0	4/4	5	3	1	1	1		6	66	F#4	4	302
17	17	64	64	3.0	0	0	4/4	1	1	3/4	1/2	3/2		3	69	A4	4	291
17	17	64	64	3.0	0	0	4/4	5	1	3/4	1/2	3/2		3	69	A4	4	299
17	17	64	64	3.0	0	0	4/4	7	1	3/4	1/2	3/2		3	69	A4	4	305
17	17	66	66	2.0	1/2	1/2	4/4	4	1	1/2	1/2	1		2	50	D3	3	298
17	17	66	66	2.0	1/2	1/2	4/4	6	1	1/2	1/2	1		2	50	D3	3	304
17	17	66	66	2.0	1/2	1/2	4/4	8	1	1/2	1/2	1		2	50	D3	3	308
17	17	66	66	2.0	1/2	1/2	4/4	3	1	1/2	1/2	1		2	62	D4	4	296
17	17	66	66	2.0	1/2	1/2	4/4	2	1	1/2	1/2	1		6	66	F#4	4	294
17	17	67	67	1.0	3/4	3/4	4/4	1	1	1/4	1/4	1		5	71	B4	4	292
17	17	67	67	1.0	3/4	3/4	4/4	5	1	1/4	1/4	1		5	71	B4	4	300
17	17	67	67	1.0	3/4	3/4	4/4	7	1	1/4	1/4	1		5	71	B4	4	306
18	18	68	68	2.0	0	0	4/4	4	1	1/2	1/2	1		1	43	G2	2	318
18	18	68	68	2.0	0	0	4/4	6	1	1/2	1/2	1		1	43	G2	2	328
18	18	68	68	2.0	0	0	4/4	8	1	1/2	1/2	1		1	43	G2	2	333
18	18	68	68	2.0	0	0	4/4	3	1	1/2	1/2	1		2	62	D4	4	315
18	18	68	68	2.0	0	0	4/4	5	2	1/2	1/2	1		2	62	D4	4	324
18	18	68	68	2.0	0	0	4/4	2	1	1/2	1/2	1		1	67	G4	4	312
18	18	68	68	2.0	0	0	4/4	5	3	1/2	1/2	1		1	67	G4	4	326
18	18	68	68	2.0	0	0	4/4	1	1	1/2	1/2	1		5	71	B4	4	309
18	18	68	68	2.0	0	0	4/4	5	1	1/2	1/2	1		5	71	B4	4	321
18	18	68	68	2.0	0	0	4/4	7	1	1/2	1/2	1		5	71	B4	4	330
18	18	70	70	1.0	1/2	1/2	4/4	4	1	1/4	1/4	1		1	55	G3	3	319
18	18	70	70	2.0	1/2	1/2	4/4	6	1	1/2	1/2	1		1	55	G3	3	329
18	18	70	70	2.0	1/2	1/2	4/4	8	1	1/2	1/2	1		1	55	G3	3	334
18	18	70	70	1.0	1/2	1/2	4/4	3	1	1/4	1/4	1		2	62	D4	4	316
18	18	70	70	2.0	1/2	1/2	4/4	5	2	1/2	1/2	1		2	62	D4	4	325
18	18	70	70	1.0	1/2	1/2	4/4	2	1	1/4	1/4	1		1	67	G4	4	313
18	18	70	70	2.0	1/2	1/2	4/4	5	3	1/2	1/2	1		1	67	G4	4	327
18	18	70	70	1.0	1/2	1/2	4/4	1	1	1/4	1/4	1		5	71	B4	4	310
18	18	70	70	1.0	1/2	1/2	4/4	5	1	1/4	1/4	1		5	71	B4	4	322
18	18	70	70	1.0	1/2	1/2	4/4	7	1	1/4	1/4	1		5	71	B4	4	331
18	18	71	71	1.0	3/4	3/4	4/4	4	1	1/4	1/4	1		1	55	G3	3	320
18	18	71	71	1.0	3/4	3/4	4/4	3	1	1/4	1/4	1		2	62	D4	4	317
18	18	71	71	1.0	3/4	3/4	4/4	2	1	1/4	1/4	1		1	67	G4	4	314
18	18	71	71	1.0	3/4	3/4	4/4	1	1	1/4	1/4	1		5	71	B4	4	311
18	18	71	71	1.0	3/4	3/4	4/4	5	1	1/4	1/4	1		5	71	B4	4	323
18	18	71	71	1.0	3/4	3/4	4/4	7	1	1/4	1/4	1		5	71	B4	4	332
19	19	72	72	2.0	0	0	4/4	4	1	1/2	1/2	1		6	54	F#3	3	341
19	19	72	72	2.0	0	0	4/4	6	1	1/2	1/2	1		6	54	F#3	3	349
19	19	72	72	2.0	0	0	4/4	8	1	1/2	1/2	1		6	54	F#3	3	353
19	19	72	72	2.0	0	0	4/4	3	1	1/2	1/2	1		2	62	D4	4	339
19	19	72	72	2.0	0	0	4/4	5	2	1/2	1/2	1		2	62	D4	4	345
19	19	72	72	2.0	0	0	4/4	2	1	1/2	1/2	1		1	67	G4	4	337
19	19	72	72	2.0	0	0	4/4	5	3	1/2	1/2	1		1	67	G4	4	347
19	19	72	72	2.0	0	0	4/4	1	1	1/2	1/2	1		5	71	B4	4	335
19	19	72	72	2.0	0	0	4/4	5	1	1/2	1/2	1		5	71	B4	4	343
19	19	72	72	2.0	0	0	4/4	7	1	1/2	1/2	1		5	71	B4	4	351
19	19	74	74	2.0	1/2	1/2	4/4	4	1	1/2	1/2	1		4	52	E3	3	342
19	19	74	74	2.0	1/2	1/2	4/4	6	1	1/2	1/2	1		4	52	E3	3	350
19	19	74	74	2.0	1/2	1/2	4/4	8	1	1/2	1/2	1		4	52	E3	3	354
19	19	74	74	2.0	1/2	1/2	4/4	3	1	1/2	1/2	1		4	64	E4	4	340
19	19	74	74	2.0	1/2	1/2	4/4	5	2	1/2	1/2	1		4	64	E4	4	346
19	19	74	74	2.0	1/2	1/2	4/4	2	1	1/2	1/2	1		1	67	G4	4	338
19	19	74	74	2.0	1/2	1/2	4/4	5	3	1/2	1/2	1		1	67	G4	4	348
19	19	74	74	2.0	1/2	1/2	4/4	1	1	1/2	1/2	1		5	71	B4	4	336
19	19	74	74	2.0	1/2	1/2	4/4	5	1	1/2	1/2	1		5	71	B4	4	344
19	19	74	74	2.0	1/2	1/2	4/4	7	1	1/2	1/2	1		5	71	B4	4	352
20	20	76	76	2.0	0	0	4/4	4	1	1/2	1/2	1		2	50	D3	3	361
20	20	76	76	2.0	0	0	4/4	6	1	1/2	1/2	1		2	50	D3	3	369
20	20	76	76	2.0	0	0	4/4	8	1	1/2	1/2	1		2	50	D3	3	373
20	20	76	76	2.0	0	0	4/4	3	1	1/2	1/2	1		4	64	E4	4	359
20	20	76	76	2.0	0	0	4/4	5	2	1/2	1/2	1		4	64	E4	4	365
20	20	76	76	2.0	0	0	4/4	2	1	1/2	1/2	1		8	68	G#4	4	357
20	20	76	76	2.0	0	0	4/4	5	3	1/2	1/2	1		8	68	G#4	4	367
20	20	76	76	2.0	0	0	4/4	1	1	1/2	1/2	1		5	71	B4	4	355
20	20	76	76	2.0	0	0	4/4	5	1	1/2	1/2	1		5	71	B4	4	363
20	20	76	76	2.0	0	0	4/4	7	1	1/2	1/2	1		5	71	B4	4	371
20	20	78	78	2.0	1/2	1/2	4/4	4	1	1/2	1/2	1		0	48	C3	3	362
20	20	78	78	2.0	1/2	1/2	4/4	6	1	1/2	1/2	1		0	48	C3	3	370
20	20	78	78	2.0	1/2	1/2	4/4	8	1	1/2	1/2	1		0	48	C3	3	374
20	20	78	78	2.0	1/2	1/2	4/4	3	1	1/2	1/2	1		4	64	E4	4	360
20	20	78	78	2.0	1/2	1/2	4/4	5	2	1/2	1/2	1		4	64	E4	4	366
20	20	78	78	2.0	1/2	1/2	4/4	1	1	1/2	1/2	1		3	69	A4	4	356
20	20	78	78	2.0	1/2	1/2	4/4	2	1	1/2	1/2	1		3	69	A4	4	358
20	20	78	78	2.0	1/2	1/2	4/4	5	1	1/2	1/2	1		3	69	A4	4	364
20	20	78	78	2.0	1/2	1/2	4/4	5	3	1/2	1/2	1		3	69	A4	4	368
20	20	78	78	2.0	1/2	1/2	4/4	7	1	1/2	1/2	1		3	69	A4	4	372
21	21	80	80	2.0	0	0	4/4	4	1	1/2	1/2	1		2	50	D3	3	381
21	21	80	80	2.0	0	0	4/4	6	1	1/2	1/2	1		2	50	D3	3	388
21	21	80	80	2.0	0	0	4/4	8	1	1/2	1/2	1		2	50	D3	3	392
21	21	80	80	2.0	0	0	4/4	3	1	1/2	1/2	1		5	59	B3	3	379
21	21	80	80	4.0	0	0	4/4	5	2	1	1	1		5	59	B3	3	385
21	21	80	80	2.0	0	0	4/4	2	1	1/2	1/2	1		-1	65	F4	4	377
21	21	80	80	2.0	0	0	4/4	5	3	1/2	1/2	1		-1	65	F4	4	386
21	21	80	80	2.0	0	0	4/4	1	1	1/2	1/2	1		3	69	A4	4	375
21	21	80	80	2.0	0	0	4/4	5	1	1/2	1/2	1		3	69	A4	4	383
21	21	80	80	2.0	0	0	4/4	7	1	1/2	1/2	1		3	69	A4	4	390
21	21	82	82	2.0	1/2	1/2	4/4	4	1	1/2	1/2	1		4	52	E3	3	382
21	21	82	82	2.0	1/2	1/2	4/4	6	1	1/2	1/2	1		4	52	E3	3	389
21	21	82	82	2.0	1/2	1/2	4/4	8	1	1/2	1/2	1		4	52	E3	3	393
21	21	82	82	2.0	1/2	1/2	4/4	3	1	1/2	1/2	1		5	59	B3	3	380
21	21	82	82	2.0	1/2	1/2	4/4	2	1	1/2	1/2	1		4	64	E4	4	378
21	21	82	82	2.0	1/2	1/2	4/4	5	3	1/2	1/2	1		4	64	E4	4	387
21	21	82	82	2.0	1/2	1/2	4/4	1	1	1/2	1/2	1		8	68	G#4	4	376
21	21	82	82	2.0	1/2	1/2	4/4	5	1	1/2	1/2	1		8	68	G#4	4	384
21	21	82	82	2.0	1/2	1/2	4/4	7	1	1/2	1/2	1		8	68	G#4	4	391
22	22	84	84	4.0	0	0	4/4	4	1	1	1	1		3	45	A2	2	397
22	22	84	84	4.0	0	0	4/4	6	1	1	1	1		3	45	A2	2	401
22	22	84	84	4.0	0	0	4/4	8	1	1	1	1		3	45	A2	2	403
22	22	84	84	4.0	0	0	4/4	3	1	1	1	1		0	60	C4	4	396
22	22	84	84	4.0	0	0	4/4	5	2	1	1	1		0	60	C4	4	399
22	22	84	84	4.0	0	0	4/4	2	1	1	1	1		4	64	E4	4	395
22	22	84	84	4.0	0	0	4/4	5	3	1	1	1		4	64	E4	4	400
22	22	84	84	4.0	0	0	4/4	1	1	1	1	1		3	69	A4	4	394
22	22	84	84	4.0	0	0	4/4	5	1	1	1	1		3	69	A4	4	398
22	22	84	84	4.0	0	0	4/4	7	1	1	1	1		3	69	A4	4	402
23	23	88	88	2.0	0	0	4/4	4	1	1/2	1/2	1		5	59	B3	3	413
23	23	88	88	2.0	0	0	4/4	6	1	1/2	1/2	1		5	59	B3	3	423
23	23	88	88	2.0	0	0	4/4	8	1	1/2	1/2	1		5	59	B3	3	428
23	23	88	88	2.0	0	0	4/4	2	1	1/2	1/2	1		2	62	D4	4	407
23	23	88	88	2.0	0	0	4/4	3	1	1/2	1/2	1		2	62	D4	4	410
23	23	88	88	2.0	0	0	4/4	5	2	1/2	1/2	1		2	62	D4	4	419
23	23	88	88	2.0	0	0	4/4	5	3	1/2	1/2	1		2	62	D4	4	421
23	23	88	88	2.0	0	0	4/4	1	1	1/2	1/2	1		1	67	G4	4	404
23	23	88	88	2.0	0	0	4/4	5	1	1/2	1/2	1		1	67	G4	4	416
23	23	88	88	2.0	0	0	4/4	7	1	1/2	1/2	1		1	67	G4	4	425
23	23	90	90	1.0	1/2	1/2	4/4	4	1	1/4	1/4	1		1	55	G3	3	414
23	23	90	90	2.0	1/2	1/2	4/4	6	1	1/2	1/2	1		1	55	G3	3	424
23	23	90	90	2.0	1/2	1/2	4/4	8	1	1/2	1/2	1		1	55	G3	3	429
23	23	90	90	1.0	1/2	1/2	4/4	3	1	1/4	1/4	1		5	59	B3	3	411
23	23	90	90	2.0	1/2	1/2	4/4	5	2	1/2	1/2	1		5	59	B3	3	420
23	23	90	90	1.0	1/2	1/2	4/4	2	1	1/4	1/4	1		2	62	D4	4	408
23	23	90	90	2.0	1/2	1/2	4/4	5	3	1/2	1/2	1		2	62	D4	4	422
23	23	90	90	1.0	1/2	1/2	4/4	1	1	1/4	1/4	1		1	67	G4	4	405
23	23	90	90	1.0	1/2	1/2	4/4	5	1	1/4	1/4	1		1	67	G4	4	417
23	23	90	90	1.0	1/2	1/2	4/4	7	1	1/4	1/4	1		1	67	G4	4	426
23	23	91	91	1.0	3/4	3/4	4/4	4	1	1/4	1/4	1		1	55	G3	3	415
23	23	91	91	1.0	3/4	3/4	4/4	3	1	1/4	1/4	1		5	59	B3	3	412
23	23	91	91	1.0	3/4	3/4	4/4	2	1	1/4	1/4	1		2	62	D4	4	409
23	23	91	91	1.0	3/4	3/4	4/4	1	1	1/4	1/4	1		1	67	G4	4	406
23	23	91	91	1.0	3/4	3/4	4/4	5	1	1/4	1/4	1		1	67	G4	4	418
23	23	91	91	1.0	3/4	3/4	4/4	7	1	1/4	1/4	1		1	67	G4	4	427
24	24	92	92	2.0	0	0	4/4	4	1	1/2	1/2	1		2	50	D3	3	439
24	24	92	92	2.0	0	0	4/4	6	1	1/2	1/2	1		2	50	D3	3	449
24	24	92	92	2.0	0	0	4/4	8	1	1/2	1/2	1		2	50	D3	3	454
24	24	92	92	2.0	0	0	4/4	3	1	1/2	1/2	1		6	54	F#3	3	436
24	24	92	92	2.0	0	0	4/4	5	2	1/2	1/2	1		6	54	F#3	3	445
24	24	92	92	2.0	0	0	4/4	2	1	1/2	1/2	1		2	62	D4	4	433
24	24	92	92	2.0	0	0	4/4	5	3	1/2	1/2	1		2	62	D4	4	447
24	24	92	92	2.0	0	0	4/4	1	1	1/2	1/2	1		3	69	A4	4	430
24	24	92	92	2.0	0	0	4/4	5	1	1/2	1/2	1		3	69	A4	4	442
24	24	92	92	2.0	0	0	4/4	7	1	1/2	1/2	1		3	69	A4	4	451
24	24	94	94	1.0	1/2	1/2	4/4	4	1	1/4	1/4	1		4	52	E3	3	440
24	24	94	94	2.0	1/2	1/2	4/4	6	1	1/2	1/2	1		4	52	E3	3	450
24	24	94	94	2.0	1/2	1/2	4/4	8	1	1/2	1/2	1		4	52	E3	3	455
24	24	94	94	1.0	1/2	1/2	4/4	3	1	1/4	1/4	1		1	55	G3	3	437
24	24	94	94	2.0	1/2	1/2	4/4	5	2	1/2	1/2	1	1	1	55	G3	3	446
24	24	94	94	1.0	1/2	1/2	4/4	2	1	1/4	1/4	1		5	59	B3	3	434
24	24	94	94	2.0	1/2	1/2	4/4	5	3	1/2	1/2	1		5	59	B3	3	448
24	24	94	94	1.0	1/2	1/2	4/4	1	1	1/4	1/4	1		1	67	G4	4	431
24	24	94	94	1.0	1/2	1/2	4/4	5	1	1/4	1/4	1		1	67	G4	4	443
24	24	94	94	1.0	1/2	1/2	4/4	7	1	1/4	1/4	1		1	67	G4	4	452
24	24	95	95	1.0	3/4	3/4	4/4	4	1	1/4	1/4	1		4	52	E3	3	441
24	24	95	95	1.0	3/4	3/4	4/4	3	1	1/4	1/4	1		1	55	G3	3	438
24	24	95	95	1.0	3/4	3/4	4/4	2	1	1/4	1/4	1		5	59	B3	3	435
24	24	95	95	1.0	3/4	3/4	4/4	1	1	1/4	1/4	1		1	67	G4	4	432
24	24	95	95	1.0	3/4	3/4	4/4	5	1	1/4	1/4	1		1	67	G4	4	444
24	24	95	95	1.0	3/4	3/4	4/4	7	1	1/4	1/4	1		1	67	G4	4	453
25	25	96	96	2.0	0	0	4/4	4	1	1/2	1/2	1		0	48	C3	3	462
25	25	96	96	2.0	0	0	4/4	6	1	1/2	1/2	1		0	48	C3	3	470
25	25	96	96	2.0	0	0	4/4	8	1	1/2	1/2	1		0	48	C3	3	474
25	25	96	96	2.0	0	0	4/4	3	1	1/2	1/2	1		1	55	G3	3	460
25	25	96	96	2.0	0	0	4/4	5	2	1/2	1/2	1	-1	1	55	G3	3	466
25	25	96	96	2.0	0	0	4/4	2	1	1/2	1/2	1		4	64	E4	4	458
25	25	96	96	2.0	0	0	4/4	5	3	1/2	1/2	1		4	64	E4	4	468
25	25	96	96	2.0	0	0	4/4	1	1	1/2	1/2	1		3	69	A4	4	456
25	25	96	96	2.0	0	0	4/4	5	1	1/2	1/2	1		3	69	A4	4	464
25	25	96	96	2.0	0	0	4/4	7	1	1/2	1/2	1		3	69	A4	4	472
25	25	98	98	2.0	1/2	1/2	4/4	4	1	1/2	1/2	1		2	50	D3	3	463
25	25	98	98	2.0	1/2	1/2	4/4	6	1	1/2	1/2	1		2	50	D3	3	471
25	25	98	98	2.0	1/2	1/2	4/4	8	1	1/2	1/2	1		2	50	D3	3	475
25	25	98	98	2.0	1/2	1/2	4/4	3	1	1/2	1/2	1		6	54	F#3	3	461
25	25	98	98	2.0	1/2	1/2	4/4	5	2	1/2	1/2	1		6	54	F#3	3	467
25	25	98	98	2.0	1/2	1/2	4/4	2	1	1/2	1/2	1		2	62	D4	4	459
25	25	98	98	2.0	1/2	1/2	4/4	5	3	1/2	1/2	1		2	62	D4	4	469
25	25	98	98	2.0	1/2	1/2	4/4	1	1	1/2	1/2	1		3	69	A4	4	457
25	25	98	98	2.0	1/2	1/2	4/4	5	1	1/2	1/2	1		3	69	A4	4	465
25	25	98	98	2.0	1/2	1/2	4/4	7	1	1/2	1/2	1		3	69	A4	4	473
26	26	100	100	2.0	0	0	4/4	4	1	1/2	1/2	1		1	43	G2	2	482
26	26	100	100	2.0	0	0	4/4	6	1	1/2	1/2	1		1	43	G2	2	490
26	26	100	100	2.0	0	0	4/4	8	1	1/2	1/2	1		1	43	G2	2	494
26	26	100	100	2.0	0	0	4/4	3	1	1/2	1/2	1		1	55	G3	3	480
26	26	100	100	2.0	0	0	4/4	5	2	1/2	1/2	1		1	55	G3	3	486
26	26	100	100	2.0	0	0	4/4	2	1	1/2	1/2	1		2	62	D4	4	478
26	26	100	100	2.0	0	0	4/4	5	3	1/2	1/2	1		2	62	D4	4	488
26	26	100	100	2.0	0	0	4/4	1	1	1/2	1/2	1		5	71	B4	4	476
26	26	100	100	2.0	0	0	4/4	5	1	1/2	1/2	1		5	71	B4	4	484
26	26	100	100	2.0	0	0	4/4	7	1	1/2	1/2	1		5	71	B4	4	492
26	26	102	102	2.0	1/2	1/2	4/4	4	1	1/2	1/2	1		4	52	E3	3	483
26	26	102	102	2.0	1/2	1/2	4/4	6	1	1/2	1/2	1		4	52	E3	3	491
26	26	102	102	2.0	1/2	1/2	4/4	8	1	1/2	1/2	1		4	52	E3	3	495
26	26	102	102	2.0	1/2	1/2	4/4	3	1	1/2	1/2	1		1	55	G3	3	481
26	26	102	102	2.0	1/2	1/2	4/4	5	2	1/2	1/2	1		1	55	G3	3	487
26	26	102	102	2.0	1/2	1/2	4/4	2	1	1/2	1/2	1		1	67	G4	4	479
26	26	102	102	2.0	1/2	1/2	4/4	5	3	1/2	1/2	1		1	67	G4	4	489
26	26	102	102	2.0	1/2	1/2	4/4	1	1	1/2	1/2	1		5	71	B4	4	477
26	26	102	102	2.0	1/2	1/2	4/4	5	1	1/2	1/2	1		5	71	B4	4	485
26	26	102	102	2.0	1/2	1/2	4/4	7	1	1/2	1/2	1		5	71	B4	4	493
27	27	104	104	2.0	0	0	4/4	4	1	1/2	1/2	1		5	47	B2	2	505
27	27	104	104	2.0	0	0	4/4	6	1	1/2	1/2	1		5	47	B2	2	515
27	27	104	104	2.0	0	0	4/4	8	1	1/2	1/2	1		5	47	B2	2	520
27	27	104	104	2.0	0	0	4/4	5	2	1/2	1/2	1		1	55	G3	3	511
27	27	104	104	2.0	0	0	4/4	3	1	1/2	1/2	1		2	62	D4	4	502
27	27	104	104	2.0	0	0	4/4	5	3	1/2	1/2	1		2	62	D4	4	513
27	27	104	104	2.0	0	0	4/4	2	1	1/2	1/2	1		1	67	G4	4	499
27	27	104	104	2.0	0	0	4/4	1	1	1/2	1/2	1		5	71	B4	4	496
27	27	104	104	2.0	0	0	4/4	5	1	1/2	1/2	1		5	71	B4	4	508
27	27	104	104	2.0	0	0	4/4	7	1	1/2	1/2	1		5	71	B4	4	517
27	27	106	106	1.0	1/2	1/2	4/4	4	1	1/4	1/4	1		0	48	C3	3	506
27	27	106	106	2.0	1/2	1/2	4/4	6	1	1/2	1/2	1		0	48	C3	3	516
27	27	106	106	2.0	1/2	1/2	4/4	8	1	1/2	1/2	1		0	48	C3	3	521
27	27	106	106	1.0	1/2	1/2	4/4	3	1	1/4	1/4	1		0	60	C4	4	503
27	27	106	106	2.0	1/2	1/2	4/4	5	2	1/2	1/2	1		0	60	C4	4	512
27	27	106	106	1.0	1/2	1/2	4/4	2	1	1/4	1/4	1		4	64	E4	4	500
27	27	106	106	2.0	1/2	1/2	4/4	5	3	1/2	1/2	1		4	64	E4	4	514
27	27	106	106	1.0	1/2	1/2	4/4	1	1	1/4	1/4	1		3	69	A4	4	497
27	27	106	106	1.0	1/2	1/2	4/4	5	1	1/4	1/4	1		3	69	A4	4	509
27	27	106	106	1.0	1/2	1/2	4/4	7	1	1/4	1/4	1		3	69	A4	4	518
27	27	107	107	1.0	3/4	3/4	4/4	4	1	1/4	1/4	1		0	48	C3	3	507
27	27	107	107	1.0	3/4	3/4	4/4	3	1	1/4	1/4	1		0	60	C4	4	504
27	27	107	107	1.0	3/4	3/4	4/4	2	1	1/4	1/4	1		4	64	E4	4	501
27	27	107	107	1.0	3/4	3/4	4/4	1	1	1/4	1/4	1		3	69	A4	4	498
27	27	107	107	1.0	3/4	3/4	4/4	5	1	1/4	1/4	1		3	69	A4	4	510
27	27	107	107	1.0	3/4	3/4	4/4	7	1	1/4	1/4	1		3	69	A4	4	519
28	28	108	108	2.0	0	0	4/4	4	1	1/2	1/2	1		2	50	D3	3	528
28	28	108	108	2.0	0	0	4/4	6	1	1/2	1/2	1		2	50	D3	3	535
28	28	108	108	2.0	0	0	4/4	8	1	1/2	1/2	1		2	50	D3	3	539
28	28	108	108	2.0	0	0	4/4	3	1	1/2	1/2	1		5	59	B3	3	526
28	28	108	108	4.0	0	0	4/4	5	2	1	1	1		5	59	B3	3	532
28	28	108	108	2.0	0	0	4/4	2	1	1/2	1/2	1		-1	65	F4	4	524
28	28	108	108	2.0	0	0	4/4	5	3	1/2	1/2	1		-1	65	F4	4	533
28	28	108	108	2.0	0	0	4/4	1	1	1/2	1/2	1		3	69	A4	4	522
28	28	108	108	2.0	0	0	4/4	5	1	1/2	1/2	1		3	69	A4	4	530
28	28	108	108	2.0	0	0	4/4	7	1	1/2	1/2	1		3	69	A4	4	537
28	28	110	110	2.0	1/2	1/2	4/4	4	1	1/2	1/2	1		4	52	E3	3	529
28	28	110	110	2.0	1/2	1/2	4/4	6	1	1/2	1/2	1		4	52	E3	3	536
28	28	110	110	2.0	1/2	1/2	4/4	8	1	1/2	1/2	1		4	52	E3	3	540
28	28	110	110	2.0	1/2	1/2	4/4	3	1	1/2	1/2	1		5	59	B3	3	527
28	28	110	110	2.0	1/2	1/2	4/4	2	1	1/2	1/2	1		4	64	E4	4	525
28	28	110	110	2.0	1/2	1/2	4/4	5	3	1/2	1/2	1		4	64	E4	4	534
28	28	110	110	2.0	1/2	1/2	4/4	1	1	1/2	1/2	1		8	68	G#4	4	523
28	28	110	110	2.0	1/2	1/2	4/4	5	1	1/2	1/2	1		8	68	G#4	4	531
28	28	110	110	2.0	1/2	1/2	4/4	7	1	1/2	1/2	1		8	68	G#4	4	538
29	29	112	112	2.0	0	0	4/4	4	1	1/2	1/2	1		3	45	A2	2	550
29	29	112	112	2.0	0	0	4/4	6	1	1/2	1/2	1		3	45	A2	2	560
29	29	112	112	2.0	0	0	4/4	8	1	1/2	1/2	1		3	45	A2	2	565
29	29	112	112	2.0	0	0	4/4	3	1	1/2	1/2	1		0	60	C4	4	547
29	29	112	112	2.0	0	0	4/4	5	2	1/2	1/2	1		0	60	C4	4	556
29	29	112	112	2.0	0	0	4/4	2	1	1/2	1/2	1		4	64	E4	4	544
29	29	112	112	2.0	0	0	4/4	5	3	1/2	1/2	1		4	64	E4	4	558
29	29	112	112	2.0	0	0	4/4	1	1	1/2	1/2	1		3	69	A4	4	541
29	29	112	112	2.0	0	0	4/4	5	1	1/2	1/2	1		3	69	A4	4	553
29	29	112	112	2.0	0	0	4/4	7	1	1/2	1/2	1		3	69	A4	4	562
29	29	114	114	1.0	1/2	1/2	4/4	4	1	1/4	1/4	1		5	47	B2	2	551
29	29	114	114	2.0	1/2	1/2	4/4	6	1	1/2	1/2	1		5	47	B2	2	561
29	29	114	114	2.0	1/2	1/2	4/4	8	1	1/2	1/2	1		5	47	B2	2	566
29	29	114	114	1.0	1/2	1/2	4/4	3	1	1/4	1/4	1		1	55	G3	3	548
29	29	114	114	2.0	1/2	1/2	4/4	5	2	1/2	1/2	1		1	55	G3	3	557
29	29	114	114	1.0	1/2	1/2	4/4	2	1	1/4	1/4	1		2	62	D4	4	545
29	29	114	114	2.0	1/2	1/2	4/4	5	3	1/2	1/2	1		2	62	D4	4	559
29	29	114	114	1.0	1/2	1/2	4/4	1	1	1/4	1/4	1		1	67	G4	4	542
29	29	114	114	1.0	1/2	1/2	4/4	5	1	1/4	1/4	1		1	67	G4	4	554
29	29	114	114	1.0	1/2	1/2	4/4	7	1	1/4	1/4	1		1	67	G4	4	563
29	29	115	115	1.0	3/4	3/4	4/4	4	1	1/4	1/4	1		5	47	B2	2	552
29	29	115	115	1.0	3/4	3/4	4/4	3	1	1/4	1/4	1		1	55	G3	3	549
29	29	115	115	1.0	3/4	3/4	4/4	2	1	1/4	1/4	1		2	62	D4	4	546
29	29	115	115	1.0	3/4	3/4	4/4	1	1	1/4	1/4	1		1	67	G4	4	543
29	29	115	115	1.0	3/4	3/4	4/4	5	1	1/4	1/4	1		1	67	G4	4	555
29	29	115	115	1.0	3/4	3/4	4/4	7	1	1/4	1/4	1		1	67	G4	4	564
30	30	116	116	2.0	0	0	4/4	4	1	1/2	1/2	1		0	48	C3	3	573
30	30	116	116	2.0	0	0	4/4	6	1	1/2	1/2	1		0	48	C3	3	581
30	30	116	116	2.0	0	0	4/4	8	1	1/2	1/2	1		0	48	C3	3	585
30	30	116	116	2.0	0	0	4/4	3	1	1/2	1/2	1		1	55	G3	3	571
30	30	116	116	2.0	0	0	4/4	5	2	1/2	1/2	1		1	55	G3	3	577
30	30	116	116	2.0	0	0	4/4	2	1	1/2	1/2	1		4	64	E4	4	569
30	30	116	116	2.0	0	0	4/4	5	3	1/2	1/2	1		4	64	E4	4	579
30	30	116	116	2.0	0	0	4/4	1	1	1/2	1/2	1		1	67	G4	4	567
30	30	116	116	2.0	0	0	4/4	5	1	1/2	1/2	1		1	67	G4	4	575
30	30	116	116	2.0	0	0	4/4	7	1	1/2	1/2	1		1	67	G4	4	583
30	30	118	118	2.0	1/2	1/2	4/4	4	1	1/2	1/2	1		5	47	B2	2	574
30	30	118	118	2.0	1/2	1/2	4/4	6	1	1/2	1/2	1		5	47	B2	2	582
30	30	118	118	2.0	1/2	1/2	4/4	8	1	1/2	1/2	1		5	47	B2	2	586
30	30	118	118	2.0	1/2	1/2	4/4	3	1	1/2	1/2	1		5	59	B3	3	572
30	30	118	118	2.0	1/2	1/2	4/4	5	2	1/2	1/2	1		5	59	B3	3	578
30	30	118	118	2.0	1/2	1/2	4/4	2	1	1/2	1/2	1		2	62	D4	4	570
30	30	118	118	2.0	1/2	1/2	4/4	5	3	1/2	1/2	1		2	62	D4	4	580
30	30	118	118	2.0	1/2	1/2	4/4	1	1	1/2	1/2	1		1	67	G4	4	568
30	30	118	118	2.0	1/2	1/2	4/4	5	1	1/2	1/2	1		1	67	G4	4	576
30	30	118	118	2.0	1/2	1/2	4/4	7	1	1/2	1/2	1		1	67	G4	4	584
31	31	120	120	2.0	0	0	4/4	4	2	1/2	1/2	1		6	42	F#2	2	596
31	31	120	120	2.0	0	0	4/4	6	1	1/2	1/2	1		6	42	F#2	2	605
31	31	120	120	2.0	0	0	4/4	8	1	1/2	1/2	1		6	42	F#2	2	609
31	31	120	120	2.0	0	0	4/4	4	1	1/2	1/2	1		6	54	F#3	3	594
31	31	120	120	1.0	0	0	4/4	3	1	1/4	1/4	1		3	57	A3	3	591
31	31	120	120	1.0	0	0	4/4	5	2	1/4	1/4	1		3	57	A3	3	600
31	31	120	120	2.0	0	0	4/4	2	1	1/2	1/2	1		2	62	D4	4	589
31	31	120	120	2.0	0	0	4/4	5	3	1/2	1/2	1		2	62	D4	4	603
31	31	120	120	2.0	0	0	4/4	1	1	1/2	1/2	1		3	69	A4	4	587
31	31	120	120	2.0	0	0	4/4	5	1	1/2	1/2	1		3	69	A4	4	598
31	31	120	120	2.0	0	0	4/4	7	1	1/2	1/2	1		3	69	A4	4	607
31	31	121	121	1.0	1/4	1/4	4/4	3	1	1/4	1/4	1		0	60	C4	4	592
31	31	121	121	1.0	1/4	1/4	4/4	5	2	1/4	1/4	1		0	60	C4	4	601
31	31	122	122	2.0	1/2	1/2	4/4	4	2	1/2	1/2	1		1	43	G2	2	597
31	31	122	122	2.0	1/2	1/2	4/4	6	1	1/2	1/2	1		1	43	G2	2	606
31	31	122	122	2.0	1/2	1/2	4/4	8	1	1/2	1/2	1		1	43	G2	2	610
31	31	122	122	2.0	1/2	1/2	4/4	4	1	1/2	1/2	1		1	55	G3	3	595
31	31	122	122	2.0	1/2	1/2	4/4	3	1	1/2	1/2	1		5	59	B3	3	593
31	31	122	122	2.0	1/2	1/2	4/4	5	2	1/2	1/2	1		5	59	B3	3	602
31	31	122	122	2.0	1/2	1/2	4/4	2	1	1/2	1/2	1		2	62	D4	4	590
31	31	122	122	2.0	1/2	1/2	4/4	5	3	1/2	1/2	1		2	62	D4	4	604
31	31	122	122	2.0	1/2	1/2	4/4	1	1	1/2	1/2	1		1	67	G4	4	588
31	31	122	122	2.0	1/2	1/2	4/4	5	1	1/2	1/2	1		1	67	G4	4	599
31	31	122	122	2.0	1/2	1/2	4/4	7	1	1/2	1/2	1		1	67	G4	4	608
32	32	124	124	2.0	0	0	4/4	4	2	1/2	1/2	1		2	38	D2	2	619
32	32	124	124	2.0	0	0	4/4	6	1	1/2	1/2	1		2	38	D2	2	628
32	32	124	124	2.0	0	0	4/4	8	1	1/2	1/2	1		2	38	D2	2	632
32	32	124	124	2.0	0	0	4/4	4	1	1/2	1/2	1		2	50	D3	3	617
32	32	124	124	2.0	0	0	4/4	3	1	1/2	1/2	1		3	57	A3	3	615
32	32	124	124	2.0	0	0	4/4	5	2	1/2	1/2	1		3	57	A3	3	623
32	32	124	124	2.0	0	0	4/4	5	4	1/2	1/2	1		2	62	D4	4	627
32	32	124	124	2.0	0	0	4/4	2	1	1/2	1/2	1		6	66	F#4	4	613
32	32	124	124	2.0	0	0	4/4	5	3	1/2	1/2	1		6	66	F#4	4	625
32	32	124	124	2.0	0	0	4/4	1	1	1/2	1/2	1		3	69	A4	4	611
32	32	124	124	2.0	0	0	4/4	5	1	1/2	1/2	1		3	69	A4	4	621
32	32	124	124	2.0	0	0	4/4	7	1	1/2	1/2	1		3	69	A4	4	630
32	32	126	126	2.0	1/2	1/2	4/4	4	1	1/2	1/2	1		2	50	D3	3	618
32	32	126	126	2.0	1/2	1/2	4/4	4	2	1/2	1/2	1		2	50	D3	3	620
32	32	126	126	2.0	1/2	1/2	4/4	6	1	1/2	1/2	1		2	50	D3	3	629
32	32	126	126	2.0	1/2	1/2	4/4	8	1	1/2	1/2	1		2	50	D3	3	633
32	32	126	126	2.0	1/2	1/2	4/4	3	1	1/2	1/2	1		2	62	D4	4	616
32	32	126	126	2.0	1/2	1/2	4/4	5	2	1/2	1/2	1		2	62	D4	4	624
32	32	126	126	2.0	1/2	1/2	4/4	2	1	1/2	1/2	1		6	66	F#4	4	614
32	32	126	126	2.0	1/2	1/2	4/4	5	3	1/2	1/2	1		6	66	F#4	4	626
32	32	126	126	2.0	1/2	1/2	4/4	1	1	1/2	1/2	1		3	69	A4	4	612
32	32	126	126	2.0	1/2	1/2	4/4	5	1	1/2	1/2	1		3	69	A4	4	622
32	32	126	126	2.0	1/2	1/2	4/4	7	1	1/2	1/2	1		3	69	A4	4	631
33	33	128	128	2.0	0	0	4/4	4	1	1/2	1/2	1		1	43	G2	2	640
33	33	128	128	2.0	0	0	4/4	6	1	1/2	1/2	1		1	43	G2	2	648
33	33	128	128	2.0	0	0	4/4	8	1	1/2	1/2	1		1	43	G2	2	652
33	33	128	128	2.0	0	0	4/4	3	1	1/2	1/2	1		2	62	D4	4	638
33	33	128	128	2.0	0	0	4/4	5	2	1/2	1/2	1		2	62	D4	4	644
33	33	128	128	2.0	0	0	4/4	2	1	1/2	1/2	1		1	67	G4	4	636
33	33	128	128	2.0	0	0	4/4	5	3	1/2	1/2	1		1	67	G4	4	646
33	33	128	128	2.0	0	0	4/4	1	1	1/2	1/2	1		5	71	B4	4	634
33	33	128	128	2.0	0	0	4/4	5	1	1/2	1/2	1		5	71	B4	4	642
33	33	128	128	2.0	0	0	4/4	7	1	1/2	1/2	1		5	71	B4	4	650
33	33	130	130	2.0	1/2	1/2	4/4	4	1	1/2	1/2	1		1	55	G3	3	641
33	33	130	130	2.0	1/2	1/2	4/4	6	1	1/2	1/2	1		1	55	G3	3	649
33	33	130	130	2.0	1/2	1/2	4/4	8	1	1/2	1/2	1		1	55	G3	3	653
33	33	130	130	2.0	1/2	1/2	4/4	3	1	1/2	1/2	1		2	62	D4	4	639
33	33	130	130	2.0	1/2	1/2	4/4	5	2	1/2	1/2	1		2	62	D4	4	645
33	33	130	130	2.0	1/2	1/2	4/4	2	1	1/2	1/2	1		1	67	G4	4	637
33	33	130	130	2.0	1/2	1/2	4/4	5	3	1/2	1/2	1		1	67	G4	4	647
33	33	130	130	2.0	1/2	1/2	4/4	1	1	1/2	1/2	1		5	71	B4	4	635
33	33	130	130	2.0	1/2	1/2	4/4	5	1	1/2	1/2	1		5	71	B4	4	643
33	33	130	130	2.0	1/2	1/2	4/4	7	1	1/2	1/2	1		5	71	B4	4	651
34	34	132	132	2.0	0	0	4/4	4	1	1/2	1/2	1		5	47	B2	2	663
34	34	132	132	2.0	0	0	4/4	6	1	1/2	1/2	1		5	47	B2	2	673
34	34	132	132	2.0	0	0	4/4	8	1	1/2	1/2	1		5	47	B2	2	678
34	34	132	132	2.0	0	0	4/4	3	1	1/2	1/2	1		2	62	D4	4	660
34	34	132	132	2.0	0	0	4/4	5	2	1/2	1/2	1		2	62	D4	4	669
34	34	132	132	2.0	0	0	4/4	2	1	1/2	1/2	1		1	67	G4	4	657
34	34	132	132	2.0	0	0	4/4	5	3	1/2	1/2	1		1	67	G4	4	671
34	34	132	132	2.0	0	0	4/4	1	1	1/2	1/2	1		5	71	B4	4	654
34	34	132	132	2.0	0	0	4/4	5	1	1/2	1/2	1		5	71	B4	4	666
34	34	132	132	2.0	0	0	4/4	7	1	1/2	1/2	1		5	71	B4	4	675
34	34	134	134	1.0	1/2	1/2	4/4	4	1	1/4	1/4	1		0	48	C3	3	664
34	34	134	134	2.0	1/2	1/2	4/4	6	1	1/2	1/2	1		0	48	C3	3	674
34	34	134	134	2.0	1/2	1/2	4/4	8	1	1/2	1/2	1		0	48	C3	3	679
34	34	134	134	1.0	1/2	1/2	4/4	3	1	1/4	1/4	1		0	60	C4	4	661
34	34	134	134	2.0	1/2	1/2	4/4	5	2	1/2	1/2	1		0	60	C4	4	670
34	34	134	134	1.0	1/2	1/2	4/4	2	1	1/4	1/4	1		4	64	E4	4	658
34	34	134	134	2.0	1/2	1/2	4/4	5	3	1/2	1/2	1		4	64	E4	4	672
34	34	134	134	1.0	1/2	1/2	4/4	1	1	1/4	1/4	1		3	69	A4	4	655
34	34	134	134	1.0	1/2	1/2	4/4	5	1	1/4	1/4	1		3	69	A4	4	667
34	34	134	134	1.0	1/2	1/2	4/4	7	1	1/4	1/4	1		3	69	A4	4	676
34	34	135	135	1.0	3/4	3/4	4/4	4	1	1/4	1/4	1		0	48	C3	3	665
34	34	135	135	1.0	3/4	3/4	4/4	3	1	1/4	1/4	1		0	60	C4	4	662
34	34	135	135	1.0	3/4	3/4	4/4	2	1	1/4	1/4	1		4	64	E4	4	659
34	34	135	135	1.0	3/4	3/4	4/4	1	1	1/4	1/4	1		3	69	A4	4	656
34	34	135	135	1.0	3/4	3/4	4/4	5	1	1/4	1/4	1		3	69	A4	4	668
34	34	135	135	1.0	3/4	3/4	4/4	7	1	1/4	1/4	1		3	69	A4	4	677
35	35	136	136	2.0	0	0	4/4	4	1	1/2	1/2	1		2	50	D3	3	686
35	35	136	136	2.0	0	0	4/4	6	1	1/2	1/2	1		2	50	D3	3	693
35	35	136	136	2.0	0	0	4/4	8	1	1/2	1/2	1		2	50	D3	3	697
35	35	136	136	2.0	0	0	4/4	3	1	1/2	1/2	1		5	59	B3	3	684
35	35	136	136	4.0	0	0	4/4	5	2	1	1	1		5	59	B3	3	690
35	35	136	136	2.0	0	0	4/4	2	1	1/2	1/2	1		-1	65	F4	4	682
35	35	136	136	2.0	0	0	4/4	5	3	1/2	1/2	1		-1	65	F4	4	691
35	35	136	136	2.0	0	0	4/4	1	1	1/2	1/2	1		3	69	A4	4	680
35	35	136	136	2.0	0	0	4/4	5	1	1/2	1/2	1		3	69	A4	4	688
35	35	136	136	2.0	0	0	4/4	7	1	1/2	1/2	1		3	69	A4	4	695
35	35	138	138	2.0	1/2	1/2	4/4	4	1	1/2	1/2	1		4	52	E3	3	687
35	35	138	138	2.0	1/2	1/2	4/4	6	1	1/2	1/2	1		4	52	E3	3	694
35	35	138	138	2.0	1/2	1/2	4/4	8	1	1/2	1/2	1		4	52	E3	3	698
35	35	138	138	2.0	1/2	1/2	4/4	3	1	1/2	1/2	1		5	59	B3	3	685
35	35	138	138	2.0	1/2	1/2	4/4	2	1	1/2	1/2	1		4	64	E4	4	683
35	35	138	138	2.0	1/2	1/2	4/4	5	3	1/2	1/2	1		4	64	E4	4	692
35	35	138	138	2.0	1/2	1/2	4/4	1	1	1/2	1/2	1		8	68	G#4	4	681
35	35	138	138	2.0	1/2	1/2	4/4	5	1	1/2	1/2	1		8	68	G#4	4	689
35	35	138	138	2.0	1/2	1/2	4/4	7	1	1/2	1/2	1		8	68	G#4	4	696
36	36	140	140	4.0	0	0	4/4	4	1	1	1	1		3	45	A2	2	702
36	36	140	140	4.0	0	0	4/4	6	1	1	1	1		3	45	A2	2	706
36	36	140	140	4.0	0	0	4/4	8	1	1	1	1		3	45	A2	2	708
36	36	140	140	4.0	0	0	4/4	3	1	1	1	1		0	60	C4	4	701
36	36	140	140	4.0	0	0	4/4	5	2	1	1	1		0	60	C4	4	704
36	36	140	140	4.0	0	0	4/4	2	1	1	1	1		4	64	E4	4	700
36	36	140	140	4.0	0	0	4/4	5	3	1	1	1		4	64	E4	4	705
36	36	140	140	4.0	0	0	4/4	1	1	1	1	1		3	69	A4	4	699
36	36	140	140	4.0	0	0	4/4	5	1	1	1	1		3	69	A4	4	703
36	36	140	140	4.0	0	0	4/4	7	1	1	1	1		3	69	A4	4	707
37	37	144	144	2.0	0	0	4/4	4	1	1/2	1/2	1		4	52	E3	3	718
37	37	144	144	2.0	0	0	4/4	6	1	1/2	1/2	1		4	52	E3	3	728
37	37	144	144	2.0	0	0	4/4	8	1	1/2	1/2	1		4	52	E3	3	733
37	37	144	144	2.0	0	0	4/4	3	1	1/2	1/2	1		5	59	B3	3	715
37	37	144	144	2.0	0	0	4/4	5	2	1/2	1/2	1		5	59	B3	3	724
37	37	144	144	2.0	0	0	4/4	2	1	1/2	1/2	1		4	64	E4	4	712
37	37	144	144	2.0	0	0	4/4	5	3	1/2	1/2	1		4	64	E4	4	726
37	37	144	144	2.0	0	0	4/4	1	1	1/2	1/2	1		1	67	G4	4	709
37	37	144	144	2.0	0	0	4/4	5	1	1/2	1/2	1		1	67	G4	4	721
37	37	144	144	2.0	0	0	4/4	7	1	1/2	1/2	1		1	67	G4	4	730
37	37	146	146	1.0	1/2	1/2	4/4	4	1	1/4	1/4	1		2	50	D3	3	719
37	37	146	146	2.0	1/2	1/2	4/4	6	1	1/2	1/2	1		2	50	D3	3	729
37	37	146	146	2.0	1/2	1/2	4/4	8	1	1/2	1/2	1		2	50	D3	3	734
37	37	146	146	1.0	1/2	1/2	4/4	3	1	1/4	1/4	1		5	59	B3	3	716
37	37	146	146	2.0	1/2	1/2	4/4	5	2	1/2	1/2	1		5	59	B3	3	725
37	37	146	146	1.0	1/2	1/2	4/4	2	1	1/4	1/4	1		4	64	E4	4	713
37	37	146	146	2.0	1/2	1/2	4/4	5	3	1/2	1/2	1		4	64	E4	4	727
37	37	146	146	1.0	1/2	1/2	4/4	1	1	1/4	1/4	1		1	67	G4	4	710
37	37	146	146	1.0	1/2	1/2	4/4	5	1	1/4	1/4	1		1	67	G4	4	722
37	37	146	146	1.0	1/2	1/2	4/4	7	1	1/4	1/4	1		1	67	G4	4	731
37	37	147	147	1.0	3/4	3/4	4/4	4	1	1/4	1/4	1		2	50	D3	3	720
37	37	147	147	1.0	3/4	3/4	4/4	3	1	1/4	1/4	1		5	59	B3	3	717
37	37	147	147	1.0	3/4	3/4	4/4	2	1	1/4	1/4	1		4	64	E4	4	714
37	37	147	147	1.0	3/4	3/4	4/4	1	1	1/4	1/4	1		1	67	G4	4	711
37	37	147	147	1.0	3/4	3/4	4/4	5	1	1/4	1/4	1		1	67	G4	4	723
37	37	147	147	1.0	3/4	3/4	4/4	7	1	1/4	1/4	1		1	67	G4	4	732
38	38	148	148	2.0	0	0	4/4	4	1	1/2	1/2	1		0	48	C3	3	741
38	38	148	148	2.0	0	0	4/4	6	1	1/2	1/2	1		0	48	C3	3	749
38	38	148	148	2.0	0	0	4/4	8	1	1/2	1/2	1		0	48	C3	3	753
38	38	148	148	2.0	0	0	4/4	3	1	1/2	1/2	1		0	60	C4	4	739
38	38	148	148	2.0	0	0	4/4	5	2	1/2	1/2	1		0	60	C4	4	745
38	38	148	148	2.0	0	0	4/4	2	1	1/2	1/2	1		4	64	E4	4	737
38	38	148	148	2.0	0	0	4/4	5	3	1/2	1/2	1		4	64	E4	4	747
38	38	148	148	2.0	0	0	4/4	1	1	1/2	1/2	1		1	67	G4	4	735
38	38	148	148	2.0	0	0	4/4	5	1	1/2	1/2	1		1	67	G4	4	743
38	38	148	148	2.0	0	0	4/4	7	1	1/2	1/2	1		1	67	G4	4	751
38	38	150	150	2.0	1/2	1/2	4/4	4	1	1/2	1/2	1		5	47	B2	2	742
38	38	150	150	2.0	1/2	1/2	4/4	6	1	1/2	1/2	1		5	47	B2	2	750
38	38	150	150	2.0	1/2	1/2	4/4	8	1	1/2	1/2	1		5	47	B2	2	754
38	38	150	150	2.0	1/2	1/2	4/4	3	1	1/2	1/2	1	1	1	55	G3	3	740
38	38	150	150	2.0	1/2	1/2	4/4	5	2	1/2	1/2	1	1	1	55	G3	3	746
38	38	150	150	2.0	1/2	1/2	4/4	2	1	1/2	1/2	1		2	62	D4	4	738
38	38	150	150	2.0	1/2	1/2	4/4	5	3	1/2	1/2	1		2	62	D4	4	748
38	38	150	150	2.0	1/2	1/2	4/4	1	1	1/2	1/2	1		1	67	G4	4	736
38	38	150	150	2.0	1/2	1/2	4/4	5	1	1/2	1/2	1		1	67	G4	4	744
38	38	150	150	2.0	1/2	1/2	4/4	7	1	1/2	1/2	1		1	67	G4	4	752
39	39	152	152	2.0	0	0	4/4	4	1	1/2	1/2	1		3	45	A2	2	762
39	39	152	152	2.0	0	0	4/4	6	1	1/2	1/2	1		3	45	A2	2	771
39	39	152	152	2.0	0	0	4/4	8	1	1/2	1/2	1		3	45	A2	2	775
39	39	152	152	1.0	0	0	4/4	3	1	1/4	1/4	1	-1	1	55	G3	3	759
39	39	152	152	1.0	0	0	4/4	5	2	1/4	1/4	1	-1	1	55	G3	3	766
39	39	152	152	2.0	0	0	4/4	2	1	1/2	1/2	1		0	60	C4	4	757
39	39	152	152	2.0	0	0	4/4	5	3	1/2	1/2	1		0	60	C4	4	769
39	39	152	152	2.0	0	0	4/4	1	1	1/2	1/2	1		3	69	A4	4	755
39	39	152	152	2.0	0	0	4/4	5	1	1/2	1/2	1		3	69	A4	4	764
39	39	152	152	2.0	0	0	4/4	7	1	1/2	1/2	1		3	69	A4	4	773
39	39	153	153	1.0	1/4	1/4	4/4	3	1	1/4	1/4	1		6	54	F#3	3	760
39	39	153	153	1.0	1/4	1/4	4/4	5	2	1/4	1/4	1		6	54	F#3	3	767
39	39	154	154	2.0	1/2	1/2	4/4	4	1	1/2	1/2	1		5	47	B2	2	763
39	39	154	154	2.0	1/2	1/2	4/4	6	1	1/2	1/2	1		5	47	B2	2	772
39	39	154	154	2.0	1/2	1/2	4/4	8	1	1/2	1/2	1		5	47	B2	2	776
39	39	154	154	2.0	1/2	1/2	4/4	3	1	1/2	1/2	1	1	1	55	G3	3	761
39	39	154	154	2.0	1/2	1/2	4/4	5	2	1/2	1/2	1	1	1	55	G3	3	768
39	39	154	154	2.0	1/2	1/2	4/4	2	1	1/2	1/2	1		2	62	D4	4	758
39	39	154	154	2.0	1/2	1/2	4/4	5	3	1/2	1/2	1		2	62	D4	4	770
39	39	154	154	2.0	1/2	1/2	4/4	1	1	1/2	1/2	1		1	67	G4	4	756
39	39	154	154	2.0	1/2	1/2	4/4	5	1	1/2	1/2	1		1	67	G4	4	765
39	39	154	154	2.0	1/2	1/2	4/4	7	1	1/2	1/2	1		1	67	G4	4	774
40	40	156	156	2.0	0	0	4/4	4	1	1/2	1/2	1		0	48	C3	3	783
40	40	156	156	2.0	0	0	4/4	6	1	1/2	1/2	1		0	48	C3	3	791
40	40	156	156	2.0	0	0	4/4	8	1	1/2	1/2	1		0	48	C3	3	795
40	40	156	156	2.0	0	0	4/4	3	1	1/2	1/2	1	-1	1	55	G3	3	781
40	40	156	156	2.0	0	0	4/4	5	2	1/2	1/2	1	-1	1	55	G3	3	787
40	40	156	156	2.0	0	0	4/4	2	1	1/2	1/2	1		4	64	E4	4	779
40	40	156	156	2.0	0	0	4/4	5	3	1/2	1/2	1		4	64	E4	4	789
40	40	156	156	2.0	0	0	4/4	1	1	1/2	1/2	1		3	69	A4	4	777
40	40	156	156	2.0	0	0	4/4	5	1	1/2	1/2	1		3	69	A4	4	785
40	40	156	156	2.0	0	0	4/4	7	1	1/2	1/2	1		3	69	A4	4	793
40	40	158	158	2.0	1/2	1/2	4/4	4	1	1/2	1/2	1		2	50	D3	3	784
40	40	158	158	2.0	1/2	1/2	4/4	6	1	1/2	1/2	1		2	50	D3	3	792
40	40	158	158	2.0	1/2	1/2	4/4	8	1	1/2	1/2	1		2	50	D3	3	796
40	40	158	158	2.0	1/2	1/2	4/4	3	1	1/2	1/2	1		6	54	F#3	3	782
40	40	158	158	2.0	1/2	1/2	4/4	5	2	1/2	1/2	1		6	54	F#3	3	788
40	40	158	158	2.0	1/2	1/2	4/4	2	1	1/2	1/2	1		2	62	D4	4	780
40	40	158	158	2.0	1/2	1/2	4/4	5	3	1/2	1/2	1		2	62	D4	4	790
40	40	158	158	2.0	1/2	1/2	4/4	1	1	1/2	1/2	1		3	69	A4	4	778
40	40	158	158	2.0	1/2	1/2	4/4	5	1	1/2	1/2	1		3	69	A4	4	786
40	40	158	158	2.0	1/2	1/2	4/4	7	1	1/2	1/2	1		3	69	A4	4	794
41	41	160	160	2.0	0	0	4/4	4	1	1/2	1/2	1		1	43	G2	2	803
41	41	160	160	2.0	0	0	4/4	6	1	1/2	1/2	1		1	43	G2	2	812
41	41	160	160	2.0	0	0	4/4	8	1	1/2	1/2	1		1	43	G2	2	816
41	41	160	160	2.0	0	0	4/4	3	1	1/2	1/2	1		1	55	G3	3	801
41	41	160	160	2.0	0	0	4/4	5	2	1/2	1/2	1		1	55	G3	3	807
41	41	160	160	2.0	0	0	4/4	2	1	1/2	1/2	1		2	62	D4	4	799
41	41	160	160	2.0	0	0	4/4	5	4	1/2	1/2	1		2	62	D4	4	811
41	41	160	160	2.0	0	0	4/4	5	3	1/2	1/2	1		1	67	G4	4	809
41	41	160	160	2.0	0	0	4/4	1	1	1/2	1/2	1		5	71	B4	4	797
41	41	160	160	2.0	0	0	4/4	5	1	1/2	1/2	1		5	71	B4	4	805
41	41	160	160	2.0	0	0	4/4	7	1	1/2	1/2	1		5	71	B4	4	814
41	41	162	162	2.0	1/2	1/2	4/4	3	1	1/2	1/2	1		1	55	G3	3	802
41	41	162	162	2.0	1/2	1/2	4/4	4	1	1/2	1/2	1		1	55	G3	3	804
41	41	162	162	2.0	1/2	1/2	4/4	6	1	1/2	1/2	1		1	55	G3	3	813
41	41	162	162	2.0	1/2	1/2	4/4	8	1	1/2	1/2	1		1	55	G3	3	817
41	41	162	162	2.0	1/2	1/2	4/4	2	1	1/2	1/2	1		2	62	D4	4	800
41	41	162	162	2.0	1/2	1/2	4/4	5	2	1/2	1/2	1		2	62	D4	4	808
41	41	162	162	2.0	1/2	1/2	4/4	5	3	1/2	1/2	1		1	67	G4	4	810
41	41	162	162	2.0	1/2	1/2	4/4	1	1	1/2	1/2	1		5	71	B4	4	798
41	41	162	162	2.0	1/2	1/2	4/4	5	1	1/2	1/2	1		5	71	B4	4	806
41	41	162	162	2.0	1/2	1/2	4/4	7	1	1/2	1/2	1		5	71	B4	4	815
42	42	164	164	2.0	0	0	4/4	4	1	1/2	1/2	1		4	52	E3	3	827
42	42	164	164	2.0	0	0	4/4	6	1	1/2	1/2	1		4	52	E3	3	837
42	42	164	164	2.0	0	0	4/4	8	1	1/2	1/2	1		4	52	E3	3	842
42	42	164	164	2.0	0	0	4/4	3	1	1/2	1/2	1		8	56	G#3	3	824
42	42	164	164	2.0	0	0	4/4	2	1	1/2	1/2	1		4	64	E4	4	821
42	42	164	164	2.0	0	0	4/4	5	2	1/2	1/2	1		4	64	E4	4	833
42	42	164	164	2.0	0	0	4/4	5	3	1/2	1/2	1		8	68	G#4	4	835
42	42	164	164	2.0	0	0	4/4	1	1	1/2	1/2	1		5	71	B4	4	818
42	42	164	164	2.0	0	0	4/4	5	1	1/2	1/2	1		5	71	B4	4	830
42	42	164	164	2.0	0	0	4/4	7	1	1/2	1/2	1		5	71	B4	4	839
42	42	166	166	1.0	1/2	1/2	4/4	4	1	1/4	1/4	1		0	48	C3	3	828
42	42	166	166	2.0	1/2	1/2	4/4	6	1	1/2	1/2	1		0	48	C3	3	838
42	42	166	166	2.0	1/2	1/2	4/4	8	1	1/2	1/2	1		0	48	C3	3	843
42	42	166	166	1.0	1/2	1/2	4/4	3	1	1/4	1/4	1		3	57	A3	3	825
42	42	166	166	1.0	1/2	1/2	4/4	2	1	1/4	1/4	1		4	64	E4	4	822
42	42	166	166	2.0	1/2	1/2	4/4	5	2	1/2	1/2	1		4	64	E4	4	834
42	42	166	166	2.0	1/2	1/2	4/4	5	3	1/2	1/2	1		4	64	E4	4	836
42	42	166	166	1.0	1/2	1/2	4/4	1	1	1/4	1/4	1		3	69	A4	4	819
42	42	166	166	1.0	1/2	1/2	4/4	5	1	1/4	1/4	1		3	69	A4	4	831
42	42	166	166	1.0	1/2	1/2	4/4	7	1	1/4	1/4	1		3	69	A4	4	840
42	42	167	167	1.0	3/4	3/4	4/4	4	1	1/4	1/4	1		0	48	C3	3	829
42	42	167	167	1.0	3/4	3/4	4/4	3	1	1/4	1/4	1		3	57	A3	3	826
42	42	167	167	1.0	3/4	3/4	4/4	2	1	1/4	1/4	1		4	64	E4	4	823
42	42	167	167	1.0	3/4	3/4	4/4	1	1	1/4	1/4	1		3	69	A4	4	820
42	42	167	167	1.0	3/4	3/4	4/4	5	1	1/4	1/4	1		3	69	A4	4	832
42	42	167	167	1.0	3/4	3/4	4/4	7	1	1/4	1/4	1		3	69	A4	4	841
43	43	168	168	2.0	0	0	4/4	4	1	1/2	1/2	1		5	47	B2	2	850
43	43	168	168	2.0	0	0	4/4	6	1	1/2	1/2	1		5	47	B2	2	858
43	43	168	168	2.0	0	0	4/4	8	1	1/2	1/2	1		5	47	B2	2	862
43	43	168	168	2.0	0	0	4/4	3	1	1/2	1/2	1		2	62	D4	4	848
43	43	168	168	2.0	0	0	4/4	5	2	1/2	1/2	1		2	62	D4	4	854
43	43	168	168	2.0	0	0	4/4	2	1	1/2	1/2	1		-1	65	F4	4	846
43	43	168	168	2.0	0	0	4/4	5	3	1/2	1/2	1		-1	65	F4	4	856
43	43	168	168	2.0	0	0	4/4	1	1	1/2	1/2	1		3	69	A4	4	844
43	43	168	168	2.0	0	0	4/4	5	1	1/2	1/2	1		3	69	A4	4	852
43	43	168	168	2.0	0	0	4/4	7	1	1/2	1/2	1		3	69	A4	4	860
43	43	170	170	2.0	1/2	1/2	4/4	4	1	1/2	1/2	1		4	52	E3	3	851
43	43	170	170	2.0	1/2	1/2	4/4	6	1	1/2	1/2	1		4	52	E3	3	859
43	43	170	170	2.0	1/2	1/2	4/4	8	1	1/2	1/2	1		4	52	E3	3	863
43	43	170	170	2.0	1/2	1/2	4/4	3	1	1/2	1/2	1		5	59	B3	3	849
43	43	170	170	2.0	1/2	1/2	4/4	5	2	1/2	1/2	1		5	59	B3	3	855
43	43	170	170	2.0	1/2	1/2	4/4	2	1	1/2	1/2	1		4	64	E4	4	847
43	43	170	170	2.0	1/2	1/2	4/4	5	3	1/2	1/2	1		4	64	E4	4	857
43	43	170	170	2.0	1/2	1/2	4/4	1	1	1/2	1/2	1		8	68	G#4	4	845
43	43	170	170	2.0	1/2	1/2	4/4	5	1	1/2	1/2	1		8	68	G#4	4	853
43	43	170	170	2.0	1/2	1/2	4/4	7	1	1/2	1/2	1		8	68	G#4	4	861
44	44	172	172	4.0	0	0	4/4	4	1	1	1	1		3	45	A2	2	867
44	44	172	172	4.0	0	0	4/4	6	1	1	1	1		3	45	A2	2	871
44	44	172	172	4.0	0	0	4/4	8	1	1	1	1		3	45	A2	2	873
44	44	172	172	4.0	0	0	4/4	3	1	1	1	1		0	60	C4	4	866
44	44	172	172	4.0	0	0	4/4	5	2	1	1	1		0	60	C4	4	869
44	44	172	172	4.0	0	0	4/4	2	1	1	1	1		4	64	E4	4	865
44	44	172	172	4.0	0	0	4/4	5	3	1	1	1		4	64	E4	4	870
44	44	172	172	4.0	0	0	4/4	1	1	1	1	1		3	69	A4	4	864
44	44	172	172	4.0	0	0	4/4	5	1	1	1	1		3	69	A4	4	868
44	44	172	172	4.0	0	0	4/4	7	1	1	1	1		3	69	A4	4	872
45	45	178	178	2.0	1/2	1/2	4/4	4	1	1/2	1/2	1		5	47	B2	2	877
45	45	178	178	2.0	1/2	1/2	4/4	6	1	1/2	1/2	1		5	47	B2	2	881
45	45	178	178	2.0	1/2	1/2	4/4	8	1	1/2	1/2	1		5	47	B2	2	883
45	45	178	178	2.0	1/2	1/2	4/4	2	1	1/2	1/2	1		2	62	D4	4	875
45	45	178	178	2.0	1/2	1/2	4/4	3	1	1/2	1/2	1		2	62	D4	4	876
45	45	178	178	2.0	1/2	1/2	4/4	5	2	1/2	1/2	1		2	62	D4	4	879
45	45	178	178	2.0	1/2	1/2	4/4	5	3	1/2	1/2	1		2	62	D4	4	880
45	45	178	178	2.0	1/2	1/2	4/4	1	1	1/2	1/2	1		1	67	G4	4	874
45	45	178	178	2.0	1/2	1/2	4/4	5	1	1/2	1/2	1		1	67	G4	4	878
45	45	178	178	2.0	1/2	1/2	4/4	7	1	1/2	1/2	1		1	67	G4	4	882
46	46	180	180	2.0	0	0	4/4	4	1	1/2	1/2	1		0	48	C3	3	890
46	46	180	180	2.0	0	0	4/4	6	1	1/2	1/2	1		0	48	C3	3	898
46	46	180	180	2.0	0	0	4/4	8	1	1/2	1/2	1		0	48	C3	3	902
46	46	180	180	2.0	0	0	4/4	3	1	1/2	1/2	1		0	60	C4	4	888
46	46	180	180	2.0	0	0	4/4	5	2	1/2	1/2	1		0	60	C4	4	894
46	46	180	180	2.0	0	0	4/4	2	1	1/2	1/2	1		4	64	E4	4	886
46	46	180	180	2.0	0	0	4/4	5	3	1/2	1/2	1		4	64	E4	4	896
46	46	180	180	2.0	0	0	4/4	1	1	1/2	1/2	1		1	67	G4	4	884
46	46	180	180	2.0	0	0	4/4	5	1	1/2	1/2	1		1	67	G4	4	892
46	46	180	180	2.0	0	0	4/4	7	1	1/2	1/2	1		1	67	G4	4	900
46	46	182	182	2.0	1/2	1/2	4/4	4	1	1/2	1/2	1		5	47	B2	2	891
46	46	182	182	2.0	1/2	1/2	4/4	6	1	1/2	1/2	1		5	47	B2	2	899
46	46	182	182	2.0	1/2	1/2	4/4	8	1	1/2	1/2	1		5	47	B2	2	903
46	46	182	182	2.0	1/2	1/2	4/4	5	2	1/2	1/2	1	1	1	55	G3	3	895
46	46	182	182	2.0	1/2	1/2	4/4	3	1	1/2	1/2	1		2	62	D4	4	889
46	46	182	182	2.0	1/2	1/2	4/4	5	3	1/2	1/2	1		2	62	D4	4	897
46	46	182	182	2.0	1/2	1/2	4/4	1	1	1/2	1/2	1		1	67	G4	4	885
46	46	182	182	2.0	1/2	1/2	4/4	2	1	1/2	1/2	1	1	1	67	G4	4	887
46	46	182	182	2.0	1/2	1/2	4/4	5	1	1/2	1/2	1		1	67	G4	4	893
46	46	182	182	2.0	1/2	1/2	4/4	7	1	1/2	1/2	1		1	67	G4	4	901
47	47	184	184	2.0	0	0	4/4	4	1	1/2	1/2	1		3	45	A2	2	909
47	47	184	184	2.0	0	0	4/4	6	1	1/2	1/2	1		3	45	A2	2	916
47	47	184	184	2.0	0	0	4/4	8	1	1/2	1/2	1		3	45	A2	2	919
47	47	184	184	2.0	0	0	4/4	5	2	1/2	1/2	1	-1	1	55	G3	3	912
47	47	184	184	2.0	0	0	4/4	3	1	1/2	1/2	1		0	60	C4	4	907
47	47	184	184	2.0	0	0	4/4	5	3	1/2	1/2	1		0	60	C4	4	914
47	47	184	184	2.0	0	0	4/4	2	1	1/2	1/2	1	-1	1	67	G4	4	905
47	47	184	184	4.0	0	0	4/4	1	1	1	1	1		3	69	A4	4	904
47	47	184	184	4.0	0	0	4/4	5	1	1	1	1		3	69	A4	4	911
47	47	184	184	4.0	0	0	4/4	7	1	1	1	1		3	69	A4	4	918
47	47	186	186	2.0	1/2	1/2	4/4	4	1	1/2	1/2	1		2	50	D3	3	910
47	47	186	186	2.0	1/2	1/2	4/4	6	1	1/2	1/2	1		2	50	D3	3	917
47	47	186	186	2.0	1/2	1/2	4/4	8	1	1/2	1/2	1		2	50	D3	3	920
47	47	186	186	2.0	1/2	1/2	4/4	5	2	1/2	1/2	1		6	54	F#3	3	913
47	47	186	186	2.0	1/2	1/2	4/4	3	1	1/2	1/2	1		2	62	D4	4	908
47	47	186	186	2.0	1/2	1/2	4/4	5	3	1/2	1/2	1		2	62	D4	4	915
47	47	186	186	2.0	1/2	1/2	4/4	2	1	1/2	1/2	1		6	66	F#4	4	906
48	48	188	188	2.0	0	0	4/4	4	1	1/2	1/2	1		1	43	G2	2	930
48	48	188	188	2.0	0	0	4/4	6	1	1/2	1/2	1		1	43	G2	2	940
48	48	188	188	2.0	0	0	4/4	8	1	1/2	1/2	1		1	43	G2	2	945
48	48	188	188	2.0	0	0	4/4	5	2	1/2	1/2	1		1	55	G3	3	936
48	48	188	188	2.0	0	0	4/4	3	1	1/2	1/2	1		2	62	D4	4	927
48	48	188	188	2.0	0	0	4/4	5	3	1/2	1/2	1		2	62	D4	4	938
48	48	188	188	2.0	0	0	4/4	2	1	1/2	1/2	1		1	67	G4	4	924
48	48	188	188	2.0	0	0	4/4	1	1	1/2	1/2	1		5	71	B4	4	921
48	48	188	188	2.0	0	0	4/4	5	1	1/2	1/2	1		5	71	B4	4	933
48	48	188	188	2.0	0	0	4/4	7	1	1/2	1/2	1		5	71	B4	4	942
48	48	190	190	1.0	1/2	1/2	4/4	4	1	1/4	1/4	1		4	52	E3	3	931
48	48	190	190	2.0	1/2	1/2	4/4	6	1	1/2	1/2	1		4	52	E3	3	941
48	48	190	190	2.0	1/2	1/2	4/4	8	1	1/2	1/2	1		4	52	E3	3	946
48	48	190	190	2.0	1/2	1/2	4/4	5	2	1/2	1/2	1		1	55	G3	3	937
48	48	190	190	1.0	1/2	1/2	4/4	3	1	1/4	1/4	1		4	64	E4	4	928
48	48	190	190	2.0	1/2	1/2	4/4	5	3	1/2	1/2	1		4	64	E4	4	939
48	48	190	190	1.0	1/2	1/2	4/4	2	1	1/4	1/4	1		1	67	G4	4	925
48	48	190	190	1.0	1/2	1/2	4/4	1	1	1/4	1/4	1		5	71	B4	4	922
48	48	190	190	1.0	1/2	1/2	4/4	5	1	1/4	1/4	1		5	71	B4	4	934
48	48	190	190	1.0	1/2	1/2	4/4	7	1	1/4	1/4	1		5	71	B4	4	943
48	48	191	191	1.0	3/4	3/4	4/4	4	1	1/4	1/4	1		4	52	E3	3	932
48	48	191	191	1.0	3/4	3/4	4/4	3	1	1/4	1/4	1		4	64	E4	4	929
48	48	191	191	1.0	3/4	3/4	4/4	2	1	1/4	1/4	1		1	67	G4	4	926
48	48	191	191	1.0	3/4	3/4	4/4	1	1	1/4	1/4	1		5	71	B4	4	923
48	48	191	191	1.0	3/4	3/4	4/4	5	1	1/4	1/4	1		5	71	B4	4	935
48	48	191	191	1.0	3/4	3/4	4/4	7	1	1/4	1/4	1		5	71	B4	4	944
49	49	192	192	2.0	0	0	4/4	4	1	1/2	1/2	1		2	50	D3	3	953
49	49	192	192	2.0	0	0	4/4	6	1	1/2	1/2	1		2	50	D3	3	960
49	49	192	192	2.0	0	0	4/4	8	1	1/2	1/2	1		2	50	D3	3	964
49	49	192	192	2.0	0	0	4/4	5	2	1/2	1/2	1		8	56	G#3	3	957
49	49	192	192	2.0	0	0	4/4	3	1	1/2	1/2	1		4	64	E4	4	951
49	49	192	192	4.0	0	0	4/4	5	3	1	1	1		4	64	E4	4	959
49	49	192	192	2.0	0	0	4/4	2	1	1/2	1/2	1		8	68	G#4	4	949
49	49	192	192	2.0	0	0	4/4	1	1	1/2	1/2	1		5	71	B4	4	947
49	49	192	192	2.0	0	0	4/4	5	1	1/2	1/2	1		5	71	B4	4	955
49	49	192	192	2.0	0	0	4/4	7	1	1/2	1/2	1		5	71	B4	4	962
49	49	194	194	2.0	1/2	1/2	4/4	4	1	1/2	1/2	1		0	48	C3	3	954
49	49	194	194	2.0	1/2	1/2	4/4	6	1	1/2	1/2	1		0	48	C3	3	961
49	49	194	194	2.0	1/2	1/2	4/4	8	1	1/2	1/2	1		0	48	C3	3	965
49	49	194	194	2.0	1/2	1/2	4/4	5	2	1/2	1/2	1		3	57	A3	3	958
49	49	194	194	2.0	1/2	1/2	4/4	3	1	1/2	1/2	1		4	64	E4	4	952
49	49	194	194	2.0	1/2	1/2	4/4	1	1	1/2	1/2	1		3	69	A4	4	948
49	49	194	194	2.0	1/2	1/2	4/4	2	1	1/2	1/2	1		3	69	A4	4	950
49	49	194	194	2.0	1/2	1/2	4/4	5	1	1/2	1/2	1		3	69	A4	4	956
49	49	194	194	2.0	1/2	1/2	4/4	7	1	1/2	1/2	1		3	69	A4	4	963
50	50	196	196	2.0	0	0	4/4	4	1	1/2	1/2	1		2	50	D3	3	972
50	50	196	196	2.0	0	0	4/4	6	1	1/2	1/2	1		2	50	D3	3	979
50	50	196	196	2.0	0	0	4/4	8	1	1/2	1/2	1		2	50	D3	3	983
50	50	196	196	2.0	0	0	4/4	3	1	1/2	1/2	1		5	59	B3	3	970
50	50	196	196	4.0	0	0	4/4	5	2	1	1	1		5	59	B3	3	976
50	50	196	196	2.0	0	0	4/4	2	1	1/2	1/2	1		-1	65	F4	4	968
50	50	196	196	2.0	0	0	4/4	5	3	1/2	1/2	1		-1	65	F4	4	977
50	50	196	196	2.0	0	0	4/4	1	1	1/2	1/2	1		3	69	A4	4	966
50	50	196	196	2.0	0	0	4/4	5	1	1/2	1/2	1		3	69	A4	4	974
50	50	196	196	2.0	0	0	4/4	7	1	1/2	1/2	1		3	69	A4	4	981
50	50	198	198	2.0	1/2	1/2	4/4	4	1	1/2	1/2	1		4	52	E3	3	973
50	50	198	198	2.0	1/2	1/2	4/4	6	1	1/2	1/2	1		4	52	E3	3	980
50	50	198	198	2.0	1/2	1/2	4/4	8	1	1/2	1/2	1		4	52	E3	3	984
50	50	198	198	2.0	1/2	1/2	4/4	3	1	1/2	1/2	1		5	59	B3	3	971
50	50	198	198	2.0	1/2	1/2	4/4	2	1	1/2	1/2	1		4	64	E4	4	969
50	50	198	198	2.0	1/2	1/2	4/4	5	3	1/2	1/2	1		4	64	E4	4	978
50	50	198	198	2.0	1/2	1/2	4/4	1	1	1/2	1/2	1		8	68	G#4	4	967
50	50	198	198	2.0	1/2	1/2	4/4	5	1	1/2	1/2	1		8	68	G#4	4	975
50	50	198	198	2.0	1/2	1/2	4/4	7	1	1/2	1/2	1		8	68	G#4	4	982
51	51	200	200	2.0	0	0	4/4	4	1	1/2	1/2	1		3	45	A2	2	991
51	51	200	200	2.0	0	0	4/4	6	1	1/2	1/2	1		3	45	A2	2	999
51	51	200	200	2.0	0	0	4/4	8	1	1/2	1/2	1		3	45	A2	2	1003
51	51	200	200	2.0	0	0	4/4	3	1	1/2	1/2	1		0	60	C4	4	989
51	51	200	200	2.0	0	0	4/4	5	2	1/2	1/2	1		0	60	C4	4	995
51	51	200	200	2.0	0	0	4/4	2	1	1/2	1/2	1		4	64	E4	4	987
51	51	200	200	2.0	0	0	4/4	5	3	1/2	1/2	1		4	64	E4	4	997
51	51	200	200	2.0	0	0	4/4	1	1	1/2	1/2	1		3	69	A4	4	985
51	51	200	200	2.0	0	0	4/4	5	1	1/2	1/2	1		3	69	A4	4	993
51	51	200	200	2.0	0	0	4/4	7	1	1/2	1/2	1		3	69	A4	4	1001
51	51	202	202	2.0	1/2	1/2	4/4	4	1	1/2	1/2	1		5	47	B2	2	992
51	51	202	202	2.0	1/2	1/2	4/4	6	1	1/2	1/2	1		5	47	B2	2	1000
51	51	202	202	2.0	1/2	1/2	4/4	8	1	1/2	1/2	1		5	47	B2	2	1004
51	51	202	202	2.0	1/2	1/2	4/4	3	1	1/2	1/2	1		5	59	B3	3	990
51	51	202	202	2.0	1/2	1/2	4/4	2	1	1/2	1/2	1		2	62	D4	4	988
51	51	202	202	2.0	1/2	1/2	4/4	5	2	1/2	1/2	1		2	62	D4	4	996
51	51	202	202	2.0	1/2	1/2	4/4	5	3	1/2	1/2	1		2	62	D4	4	998
51	51	202	202	2.0	1/2	1/2	4/4	1	1	1/2	1/2	1		1	67	G4	4	986
51	51	202	202	2.0	1/2	1/2	4/4	5	1	1/2	1/2	1		1	67	G4	4	994
51	51	202	202	2.0	1/2	1/2	4/4	7	1	1/2	1/2	1		1	67	G4	4	1002
52	52	204	204	2.0	0	0	4/4	4	1	1/2	1/2	1		4	52	E3	3	1011
52	52	204	204	2.0	0	0	4/4	6	1	1/2	1/2	1		4	52	E3	3	1019
52	52	204	204	2.0	0	0	4/4	8	1	1/2	1/2	1		4	52	E3	3	1023
52	52	204	204	2.0	0	0	4/4	3	1	1/2	1/2	1		5	59	B3	3	1009
52	52	204	204	2.0	0	0	4/4	5	2	1/2	1/2	1		5	59	B3	3	1015
52	52	204	204	2.0	0	0	4/4	2	1	1/2	1/2	1		4	64	E4	4	1007
52	52	204	204	2.0	0	0	4/4	5	3	1/2	1/2	1		4	64	E4	4	1017
52	52	204	204	2.0	0	0	4/4	1	1	1/2	1/2	1		1	67	G4	4	1005
52	52	204	204	2.0	0	0	4/4	5	1	1/2	1/2	1		1	67	G4	4	1013
52	52	204	204	2.0	0	0	4/4	7	1	1/2	1/2	1		1	67	G4	4	1021
52	52	206	206	2.0	1/2	1/2	4/4	4	1	1/2	1/2	1		2	50	D3	3	1012
52	52	206	206	2.0	1/2	1/2	4/4	6	1	1/2	1/2	1		2	50	D3	3	1020
52	52	206	206	2.0	1/2	1/2	4/4	8	1	1/2	1/2	1		2	50	D3	3	1024
52	52	206	206	2.0	1/2	1/2	4/4	3	1	1/2	1/2	1		5	59	B3	3	1010
52	52	206	206	2.0	1/2	1/2	4/4	5	2	1/2	1/2	1		5	59	B3	3	1016
52	52	206	206	2.0	1/2	1/2	4/4	2	1	1/2	1/2	1		4	64	E4	4	1008
52	52	206	206	2.0	1/2	1/2	4/4	5	3	1/2	1/2	1		4	64	E4	4	1018
52	52	206	206	2.0	1/2	1/2	4/4	1	1	1/2	1/2	1		1	67	G4	4	1006
52	52	206	206	2.0	1/2	1/2	4/4	5	1	1/2	1/2	1		1	67	G4	4	1014
52	52	206	206	2.0	1/2	1/2	4/4	7	1	1/2	1/2	1		1	67	G4	4	1022
53	53	208	208	2.0	0	0	4/4	4	1	1/2	1/2	1		0	48	C3	3	1030
53	53	208	208	2.0	0	0	4/4	6	1	1/2	1/2	1		0	48	C3	3	1037
53	53	208	208	2.0	0	0	4/4	8	1	1/2	1/2	1		0	48	C3	3	1040
53	53	208	208	2.0	0	0	4/4	3	1	1/2	1/2	1		3	57	A3	3	1028
53	53	208	208	2.0	0	0	4/4	5	2	1/2	1/2	1		0	60	C4	4	1033
53	53	208	208	2.0	0	0	4/4	2	1	1/2	1/2	1		4	64	E4	4	1026
53	53	208	208	2.0	0	0	4/4	5	3	1/2	1/2	1		4	64	E4	4	1035
53	53	208	208	4.0	0	0	4/4	1	1	1	1	1		3	69	A4	4	1025
53	53	208	208	4.0	0	0	4/4	5	1	1	1	1		3	69	A4	4	1032
53	53	208	208	4.0	0	0	4/4	7	1	1	1	1		3	69	A4	4	1039
53	53	210	210	2.0	1/2	1/2	4/4	4	1	1/2	1/2	1		2	50	D3	3	1031
53	53	210	210	2.0	1/2	1/2	4/4	6	1	1/2	1/2	1		2	50	D3	3	1038
53	53	210	210	2.0	1/2	1/2	4/4	8	1	1/2	1/2	1		2	50	D3	3	1041
53	53	210	210	2.0	1/2	1/2	4/4	5	2	1/2	1/2	1		6	54	F#3	3	1034
53	53	210	210	2.0	1/2	1/2	4/4	3	1	1/2	1/2	1		2	62	D4	4	1029
53	53	210	210	2.0	1/2	1/2	4/4	5	3	1/2	1/2	1		2	62	D4	4	1036
53	53	210	210	2.0	1/2	1/2	4/4	2	1	1/2	1/2	1		6	66	F#4	4	1027
54	54	212	212	2.0	0	0	4/4	4	1	1/2	1/2	1		1	43	G2	2	1051
54	54	212	212	2.0	0	0	4/4	6	1	1/2	1/2	1		1	43	G2	2	1061
54	54	212	212	2.0	0	0	4/4	8	1	1/2	1/2	1		1	43	G2	2	1066
54	54	212	212	2.0	0	0	4/4	5	2	1/2	1/2	1		1	55	G3	3	1057
54	54	212	212	2.0	0	0	4/4	3	1	1/2	1/2	1		2	62	D4	4	1048
54	54	212	212	2.0	0	0	4/4	5	3	1/2	1/2	1		2	62	D4	4	1059
54	54	212	212	2.0	0	0	4/4	2	1	1/2	1/2	1		1	67	G4	4	1045
54	54	212	212	2.0	0	0	4/4	1	1	1/2	1/2	1		5	71	B4	4	1042
54	54	212	212	2.0	0	0	4/4	5	1	1/2	1/2	1		5	71	B4	4	1054
54	54	212	212	2.0	0	0	4/4	7	1	1/2	1/2	1		5	71	B4	4	1063
54	54	214	214	1.0	1/2	1/2	4/4	4	1	1/4	1/4	1		1	55	G3	3	1052
54	54	214	214	2.0	1/2	1/2	4/4	6	1	1/2	1/2	1		1	55	G3	3	1062
54	54	214	214	2.0	1/2	1/2	4/4	8	1	1/2	1/2	1		1	55	G3	3	1067
54	54	214	214	1.0	1/2	1/2	4/4	3	1	1/4	1/4	1		2	62	D4	4	1049
54	54	214	214	2.0	1/2	1/2	4/4	5	2	1/2	1/2	1	1	2	62	D4	4	1058
54	54	214	214	1.0	1/2	1/2	4/4	2	1	1/4	1/4	1		1	67	G4	4	1046
54	54	214	214	2.0	1/2	1/2	4/4	5	3	1/2	1/2	1		1	67	G4	4	1060
54	54	214	214	1.0	1/2	1/2	4/4	1	1	1/4	1/4	1		5	71	B4	4	1043
54	54	214	214	1.0	1/2	1/2	4/4	5	1	1/4	1/4	1		5	71	B4	4	1055
54	54	214	214	1.0	1/2	1/2	4/4	7	1	1/4	1/4	1		5	71	B4	4	1064
54	54	215	215	1.0	3/4	3/4	4/4	4	1	1/4	1/4	1		1	55	G3	3	1053
54	54	215	215	1.0	3/4	3/4	4/4	3	1	1/4	1/4	1		2	62	D4	4	1050
54	54	215	215	1.0	3/4	3/4	4/4	2	1	1/4	1/4	1		1	67	G4	4	1047
54	54	215	215	1.0	3/4	3/4	4/4	1	1	1/4	1/4	1		5	71	B4	4	1044
54	54	215	215	1.0	3/4	3/4	4/4	5	1	1/4	1/4	1		5	71	B4	4	1056
54	54	215	215	1.0	3/4	3/4	4/4	7	1	1/4	1/4	1		5	71	B4	4	1065
55	55	216	216	2.0	0	0	4/4	4	1	1/2	1/2	1		4	52	E3	3	1074
55	55	216	216	2.0	0	0	4/4	6	1	1/2	1/2	1		4	52	E3	3	1082
55	55	216	216	2.0	0	0	4/4	8	1	1/2	1/2	1		4	52	E3	3	1086
55	55	216	216	2.0	0	0	4/4	3	1	1/2	1/2	1		2	62	D4	4	1072
55	55	216	216	2.0	0	0	4/4	5	2	1/2	1/2	1	-1	2	62	D4	4	1078
55	55	216	216	2.0	0	0	4/4	2	1	1/2	1/2	1		8	68	G#4	4	1070
55	55	216	216	2.0	0	0	4/4	5	3	1/2	1/2	1		8	68	G#4	4	1080
55	55	216	216	2.0	0	0	4/4	1	1	1/2	1/2	1		5	71	B4	4	1068
55	55	216	216	2.0	0	0	4/4	5	1	1/2	1/2	1		5	71	B4	4	1076
55	55	216	216	2.0	0	0	4/4	7	1	1/2	1/2	1		5	71	B4	4	1084
55	55	218	218	2.0	1/2	1/2	4/4	4	1	1/2	1/2	1		-1	53	F3	3	1075
55	55	218	218	2.0	1/2	1/2	4/4	6	1	1/2	1/2	1		-1	53	F3	3	1083
55	55	218	218	2.0	1/2	1/2	4/4	8	1	1/2	1/2	1		-1	53	F3	3	1087
55	55	218	218	2.0	1/2	1/2	4/4	3	1	1/2	1/2	1		0	60	C4	4	1073
55	55	218	218	2.0	1/2	1/2	4/4	5	2	1/2	1/2	1		0	60	C4	4	1079
55	55	218	218	2.0	1/2	1/2	4/4	1	1	1/2	1/2	1		3	69	A4	4	1069
55	55	218	218	2.0	1/2	1/2	4/4	2	1	1/2	1/2	1		3	69	A4	4	1071
55	55	218	218	2.0	1/2	1/2	4/4	5	1	1/2	1/2	1		3	69	A4	4	1077
55	55	218	218	2.0	1/2	1/2	4/4	5	3	1/2	1/2	1		3	69	A4	4	1081
55	55	218	218	2.0	1/2	1/2	4/4	7	1	1/2	1/2	1		3	69	A4	4	1085
56	56	220	220	2.0	0	0	4/4	4	1	1/2	1/2	1		2	50	D3	3	1094
56	56	220	220	2.0	0	0	4/4	6	1	1/2	1/2	1		2	50	D3	3	1101
56	56	220	220	2.0	0	0	4/4	8	1	1/2	1/2	1		2	50	D3	3	1105
56	56	220	220	2.0	0	0	4/4	3	1	1/2	1/2	1		5	59	B3	3	1092
56	56	220	220	4.0	0	0	4/4	5	2	1	1	1		5	59	B3	3	1098
56	56	220	220	2.0	0	0	4/4	2	1	1/2	1/2	1		-1	65	F4	4	1090
56	56	220	220	2.0	0	0	4/4	5	3	1/2	1/2	1		-1	65	F4	4	1099
56	56	220	220	2.0	0	0	4/4	1	1	1/2	1/2	1		3	69	A4	4	1088
56	56	220	220	2.0	0	0	4/4	5	1	1/2	1/2	1		3	69	A4	4	1096
56	56	220	220	2.0	0	0	4/4	7	1	1/2	1/2	1		3	69	A4	4	1103
56	56	222	222	2.0	1/2	1/2	4/4	4	1	1/2	1/2	1		4	52	E3	3	1095
56	56	222	222	2.0	1/2	1/2	4/4	6	1	1/2	1/2	1		4	52	E3	3	1102
56	56	222	222	2.0	1/2	1/2	4/4	8	1	1/2	1/2	1		4	52	E3	3	1106
56	56	222	222	2.0	1/2	1/2	4/4	3	1	1/2	1/2	1		5	59	B3	3	1093
56	56	222	222	2.0	1/2	1/2	4/4	2	1	1/2	1/2	1		4	64	E4	4	1091
56	56	222	222	2.0	1/2	1/2	4/4	5	3	1/2	1/2	1		4	64	E4	4	1100
56	56	222	222	2.0	1/2	1/2	4/4	1	1	1/2	1/2	1		8	68	G#4	4	1089
56	56	222	222	2.0	1/2	1/2	4/4	5	1	1/2	1/2	1		8	68	G#4	4	1097
56	56	222	222	2.0	1/2	1/2	4/4	7	1	1/2	1/2	1		8	68	G#4	4	1104
57	57	224	224	4.0	0	0	4/4	4	1	1	1	1		3	45	A2	2	1110
57	57	224	224	4.0	0	0	4/4	6	1	1	1	1		3	45	A2	2	1114
57	57	224	224	4.0	0	0	4/4	8	1	1	1	1		3	45	A2	2	1116
57	57	224	224	4.0	0	0	4/4	3	1	1	1	1		0	60	C4	4	1109
57	57	224	224	4.0	0	0	4/4	5	2	1	1	1		0	60	C4	4	1112
57	57	224	224	4.0	0	0	4/4	2	1	1	1	1		4	64	E4	4	1108
57	57	224	224	4.0	0	0	4/4	5	3	1	1	1		4	64	E4	4	1113
57	57	224	224	4.0	0	0	4/4	1	1	1	1	1		3	69	A4	4	1107
57	57	224	224	4.0	0	0	4/4	5	1	1	1	1		3	69	A4	4	1111
57	57	224	224	4.0	0	0	4/4	7	1	1	1	1		3	69	A4	4	1115
58	58	230	230	2.0	1/2	1/2	4/4	4	1	1/2	1/2	1		5	47	B2	2	1120
58	58	230	230	2.0	1/2	1/2	4/4	6	1	1/2	1/2	1		5	47	B2	2	1124
58	58	230	230	2.0	1/2	1/2	4/4	8	1	1/2	1/2	1		5	47	B2	2	1126
58	58	230	230	2.0	1/2	1/2	4/4	3	1	1/2	1/2	1		1	55	G3	3	1119
58	58	230	230	2.0	1/2	1/2	4/4	2	1	1/2	1/2	1		2	62	D4	4	1118
58	58	230	230	2.0	1/2	1/2	4/4	5	2	1/2	1/2	1		2	62	D4	4	1122
58	58	230	230	2.0	1/2	1/2	4/4	5	3	1/2	1/2	1		2	62	D4	4	1123
58	58	230	230	2.0	1/2	1/2	4/4	1	1	1/2	1/2	1		1	67	G4	4	1117
58	58	230	230	2.0	1/2	1/2	4/4	5	1	1/2	1/2	1		1	67	G4	4	1121
58	58	230	230	2.0	1/2	1/2	4/4	7	1	1/2	1/2	1		1	67	G4	4	1125
59	59	232	232	2.0	0	0	4/4	4	1	1/2	1/2	1		0	48	C3	3	1133
59	59	232	232	2.0	0	0	4/4	6	1	1/2	1/2	1		0	48	C3	3	1141
59	59	232	232	2.0	0	0	4/4	8	1	1/2	1/2	1		0	48	C3	3	1145
59	59	232	232	2.0	0	0	4/4	3	1	1/2	1/2	1		1	55	G3	3	1131
59	59	232	232	2.0	0	0	4/4	5	2	1/2	1/2	1		0	60	C4	4	1137
59	59	232	232	2.0	0	0	4/4	2	1	1/2	1/2	1		4	64	E4	4	1129
59	59	232	232	2.0	0	0	4/4	5	3	1/2	1/2	1		4	64	E4	4	1139
59	59	232	232	2.0	0	0	4/4	1	1	1/2	1/2	1		1	67	G4	4	1127
59	59	232	232	2.0	0	0	4/4	5	1	1/2	1/2	1		1	67	G4	4	1135
59	59	232	232	2.0	0	0	4/4	7	1	1/2	1/2	1		1	67	G4	4	1143
59	59	234	234	2.0	1/2	1/2	4/4	4	1	1/2	1/2	1		5	47	B2	2	1134
59	59	234	234	2.0	1/2	1/2	4/4	6	1	1/2	1/2	1		5	47	B2	2	1142
59	59	234	234	2.0	1/2	1/2	4/4	8	1	1/2	1/2	1		5	47	B2	2	1146
59	59	234	234	2.0	1/2	1/2	4/4	3	1	1/2	1/2	1	1	1	55	G3	3	1132
59	59	234	234	2.0	1/2	1/2	4/4	5	2	1/2	1/2	1	1	1	55	G3	3	1138
59	59	234	234	2.0	1/2	1/2	4/4	2	1	1/2	1/2	1		2	62	D4	4	1130
59	59	234	234	2.0	1/2	1/2	4/4	5	3	1/2	1/2	1		2	62	D4	4	1140
59	59	234	234	2.0	1/2	1/2	4/4	1	1	1/2	1/2	1		1	67	G4	4	1128
59	59	234	234	2.0	1/2	1/2	4/4	5	1	1/2	1/2	1		1	67	G4	4	1136
59	59	234	234	2.0	1/2	1/2	4/4	7	1	1/2	1/2	1		1	67	G4	4	1144
60	60	236	236	2.0	0	0	4/4	4	1	1/2	1/2	1		0	48	C3	3	1152
60	60	236	236	2.0	0	0	4/4	6	1	1/2	1/2	1		0	48	C3	3	1159
60	60	236	236	2.0	0	0	4/4	8	1	1/2	1/2	1		0	48	C3	3	1162
60	60	236	236	2.0	0	0	4/4	3	1	1/2	1/2	1	-1	1	55	G3	3	1150
60	60	236	236	2.0	0	0	4/4	5	2	1/2	1/2	1	-1	1	55	G3	3	1155
60	60	236	236	2.0	0	0	4/4	2	1	1/2	1/2	1		4	64	E4	4	1148
60	60	236	236	2.0	0	0	4/4	5	3	1/2	1/2	1		4	64	E4	4	1157
60	60	236	236	4.0	0	0	4/4	1	1	1	1	1		3	69	A4	4	1147
60	60	236	236	4.0	0	0	4/4	5	1	1	1	1		3	69	A4	4	1154
60	60	236	236	4.0	0	0	4/4	7	1	1	1	1		3	69	A4	4	1161
60	60	238	238	2.0	1/2	1/2	4/4	4	1	1/2	1/2	1		2	50	D3	3	1153
60	60	238	238	2.0	1/2	1/2	4/4	6	1	1/2	1/2	1		2	50	D3	3	1160
60	60	238	238	2.0	1/2	1/2	4/4	8	1	1/2	1/2	1		2	50	D3	3	1163
60	60	238	238	2.0	1/2	1/2	4/4	3	1	1/2	1/2	1		6	54	F#3	3	1151
60	60	238	238	2.0	1/2	1/2	4/4	5	2	1/2	1/2	1		6	54	F#3	3	1156
60	60	238	238	2.0	1/2	1/2	4/4	2	1	1/2	1/2	1		2	62	D4	4	1149
60	60	238	238	2.0	1/2	1/2	4/4	5	3	1/2	1/2	1		2	62	D4	4	1158
61	61	240	240	2.0	0	0	4/4	4	1	1/2	1/2	1		1	43	G2	2	1173
61	61	240	240	2.0	0	0	4/4	6	1	1/2	1/2	1		1	43	G2	2	1183
61	61	240	240	2.0	0	0	4/4	8	1	1/2	1/2	1		1	43	G2	2	1188
61	61	240	240	2.0	0	0	4/4	3	1	1/2	1/2	1		1	55	G3	3	1170
61	61	240	240	2.0	0	0	4/4	5	2	1/2	1/2	1		1	55	G3	3	1179
61	61	240	240	2.0	0	0	4/4	2	1	1/2	1/2	1		2	62	D4	4	1167
61	61	240	240	2.0	0	0	4/4	5	3	1/2	1/2	1		2	62	D4	4	1181
61	61	240	240	2.0	0	0	4/4	1	1	1/2	1/2	1		5	71	B4	4	1164
61	61	240	240	2.0	0	0	4/4	5	1	1/2	1/2	1		5	71	B4	4	1176
61	61	240	240	2.0	0	0	4/4	7	1	1/2	1/2	1		5	71	B4	4	1185
61	61	242	242	1.0	1/2	1/2	4/4	4	1	1/4	1/4	1		1	43	G2	2	1174
61	61	242	242	2.0	1/2	1/2	4/4	6	1	1/2	1/2	1		1	43	G2	2	1184
61	61	242	242	2.0	1/2	1/2	4/4	8	1	1/2	1/2	1		1	43	G2	2	1189
61	61	242	242	1.0	1/2	1/2	4/4	3	1	1/4	1/4	1		2	62	D4	4	1171
61	61	242	242	2.0	1/2	1/2	4/4	5	2	1/2	1/2	1		2	62	D4	4	1180
61	61	242	242	1.0	1/2	1/2	4/4	2	1	1/4	1/4	1		1	67	G4	4	1168
61	61	242	242	2.0	1/2	1/2	4/4	5	3	1/2	1/2	1		1	67	G4	4	1182
61	61	242	242	1.0	1/2	1/2	4/4	1	1	1/4	1/4	1		5	71	B4	4	1165
61	61	242	242	1.0	1/2	1/2	4/4	5	1	1/4	1/4	1		5	71	B4	4	1177
61	61	242	242	1.0	1/2	1/2	4/4	7	1	1/4	1/4	1		5	71	B4	4	1186
61	61	243	243	1.0	3/4	3/4	4/4	4	1	1/4	1/4	1		1	43	G2	2	1175
61	61	243	243	1.0	3/4	3/4	4/4	3	1	1/4	1/4	1		2	62	D4	4	1172
61	61	243	243	1.0	3/4	3/4	4/4	2	1	1/4	1/4	1		1	67	G4	4	1169
61	61	243	243	1.0	3/4	3/4	4/4	1	1	1/4	1/4	1		5	71	B4	4	1166
61	61	243	243	1.0	3/4	3/4	4/4	5	1	1/4	1/4	1		5	71	B4	4	1178
61	61	243	243	1.0	3/4	3/4	4/4	7	1	1/4	1/4	1		5	71	B4	4	1187
62	62	244	244	2.0	0	0	4/4	4	1	1/2	1/2	1		5	47	B2	2	1196
62	62	244	244	2.0	0	0	4/4	6	1	1/2	1/2	1		5	47	B2	2	1204
62	62	244	244	2.0	0	0	4/4	8	1	1/2	1/2	1		5	47	B2	2	1208
62	62	244	244	2.0	0	0	4/4	3	1	1/2	1/2	1		2	62	D4	4	1194
62	62	244	244	2.0	0	0	4/4	5	2	1/2	1/2	1		2	62	D4	4	1200
62	62	244	244	2.0	0	0	4/4	2	1	1/2	1/2	1		1	67	G4	4	1192
62	62	244	244	2.0	0	0	4/4	5	3	1/2	1/2	1		1	67	G4	4	1202
62	62	244	244	2.0	0	0	4/4	1	1	1/2	1/2	1		5	71	B4	4	1190
62	62	244	244	2.0	0	0	4/4	5	1	1/2	1/2	1		5	71	B4	4	1198
62	62	244	244	2.0	0	0	4/4	7	1	1/2	1/2	1		5	71	B4	4	1206
62	62	246	246	2.0	1/2	1/2	4/4	4	1	1/2	1/2	1		0	48	C3	3	1197
62	62	246	246	2.0	1/2	1/2	4/4	6	1	1/2	1/2	1		0	48	C3	3	1205
62	62	246	246	2.0	1/2	1/2	4/4	8	1	1/2	1/2	1		0	48	C3	3	1209
62	62	246	246	2.0	1/2	1/2	4/4	3	1	1/2	1/2	1		0	60	C4	4	1195
62	62	246	246	2.0	1/2	1/2	4/4	5	2	1/2	1/2	1		0	60	C4	4	1201
62	62	246	246	2.0	1/2	1/2	4/4	2	1	1/2	1/2	1		4	64	E4	4	1193
62	62	246	246	2.0	1/2	1/2	4/4	5	3	1/2	1/2	1		4	64	E4	4	1203
62	62	246	246	2.0	1/2	1/2	4/4	1	1	1/2	1/2	1		3	69	A4	4	1191
62	62	246	246	2.0	1/2	1/2	4/4	5	1	1/2	1/2	1		3	69	A4	4	1199
62	62	246	246	2.0	1/2	1/2	4/4	7	1	1/2	1/2	1		3	69	A4	4	1207
63	63	248	248	2.0	0	0	4/4	4	1	1/2	1/2	1		2	50	D3	3	1216
63	63	248	248	2.0	0	0	4/4	6	1	1/2	1/2	1		2	50	D3	3	1223
63	63	248	248	2.0	0	0	4/4	8	1	1/2	1/2	1		2	50	D3	3	1227
63	63	248	248	2.0	0	0	4/4	3	1	1/2	1/2	1		5	59	B3	3	1214
63	63	248	248	4.0	0	0	4/4	5	2	1	1	1		5	59	B3	3	1220
63	63	248	248	2.0	0	0	4/4	2	1	1/2	1/2	1		-1	65	F4	4	1212
63	63	248	248	2.0	0	0	4/4	5	3	1/2	1/2	1		-1	65	F4	4	1221
63	63	248	248	2.0	0	0	4/4	1	1	1/2	1/2	1		3	69	A4	4	1210
63	63	248	248	2.0	0	0	4/4	5	1	1/2	1/2	1		3	69	A4	4	1218
63	63	248	248	2.0	0	0	4/4	7	1	1/2	1/2	1		3	69	A4	4	1225
63	63	250	250	2.0	1/2	1/2	4/4	4	1	1/2	1/2	1		4	52	E3	3	1217
63	63	250	250	2.0	1/2	1/2	4/4	6	1	1/2	1/2	1		4	52	E3	3	1224
63	63	250	250	2.0	1/2	1/2	4/4	8	1	1/2	1/2	1		4	52	E3	3	1228
63	63	250	250	2.0	1/2	1/2	4/4	3	1	1/2	1/2	1		5	59	B3	3	1215
63	63	250	250	2.0	1/2	1/2	4/4	2	1	1/2	1/2	1		4	64	E4	4	1213
63	63	250	250	2.0	1/2	1/2	4/4	5	3	1/2	1/2	1		4	64	E4	4	1222
63	63	250	250	2.0	1/2	1/2	4/4	1	1	1/2	1/2	1		8	68	G#4	4	1211
63	63	250	250	2.0	1/2	1/2	4/4	5	1	1/2	1/2	1		8	68	G#4	4	1219
63	63	250	250	2.0	1/2	1/2	4/4	7	1	1/2	1/2	1		8	68	G#4	4	1226
64	64	252	252	2.0	0	0	4/4	4	1	1/2	1/2	1		3	45	A2	2	1235
64	64	252	252	2.0	0	0	4/4	6	1	1/2	1/2	1		3	45	A2	2	1243
64	64	252	252	2.0	0	0	4/4	8	1	1/2	1/2	1		3	45	A2	2	1247
64	64	252	252	2.0	0	0	4/4	3	1	1/2	1/2	1		0	60	C4	4	1233
64	64	252	252	2.0	0	0	4/4	5	2	1/2	1/2	1		0	60	C4	4	1239
64	64	252	252	2.0	0	0	4/4	2	1	1/2	1/2	1		4	64	E4	4	1231
64	64	252	252	2.0	0	0	4/4	5	3	1/2	1/2	1		4	64	E4	4	1241
64	64	252	252	2.0	0	0	4/4	1	1	1/2	1/2	1		3	69	A4	4	1229
64	64	252	252	2.0	0	0	4/4	5	1	1/2	1/2	1		3	69	A4	4	1237
64	64	252	252	2.0	0	0	4/4	7	1	1/2	1/2	1		3	69	A4	4	1245
64	64	254	254	2.0	1/2	1/2	4/4	4	1	1/2	1/2	1		5	47	B2	2	1236
64	64	254	254	2.0	1/2	1/2	4/4	6	1	1/2	1/2	1		5	47	B2	2	1244
64	64	254	254	2.0	1/2	1/2	4/4	8	1	1/2	1/2	1		5	47	B2	2	1248
64	64	254	254	2.0	1/2	1/2	4/4	3	1	1/2	1/2	1		5	59	B3	3	1234
64	64	254	254	2.0	1/2	1/2	4/4	5	2	1/2	1/2	1		5	59	B3	3	1240
64	64	254	254	2.0	1/2	1/2	4/4	2	1	1/2	1/2	1		2	62	D4	4	1232
64	64	254	254	2.0	1/2	1/2	4/4	5	3	1/2	1/2	1		2	62	D4	4	1242
64	64	254	254	2.0	1/2	1/2	4/4	1	1	1/2	1/2	1		1	67	G4	4	1230
64	64	254	254	2.0	1/2	1/2	4/4	5	1	1/2	1/2	1		1	67	G4	4	1238
64	64	254	254	2.0	1/2	1/2	4/4	7	1	1/2	1/2	1		1	67	G4	4	1246
65	65	256	256	2.0	0	0	4/4	4	1	1/2	1/2	1		4	52	E3	3	1255
65	65	256	256	2.0	0	0	4/4	6	1	1/2	1/2	1		4	52	E3	3	1263
65	65	256	256	2.0	0	0	4/4	8	1	1/2	1/2	1		4	52	E3	3	1267
65	65	256	256	2.0	0	0	4/4	3	1	1/2	1/2	1		5	59	B3	3	1253
65	65	256	256	2.0	0	0	4/4	5	2	1/2	1/2	1		5	59	B3	3	1259
65	65	256	256	2.0	0	0	4/4	2	1	1/2	1/2	1		4	64	E4	4	1251
65	65	256	256	2.0	0	0	4/4	5	3	1/2	1/2	1		4	64	E4	4	1261
65	65	256	256	2.0	0	0	4/4	1	1	1/2	1/2	1		1	67	G4	4	1249
65	65	256	256	2.0	0	0	4/4	5	1	1/2	1/2	1		1	67	G4	4	1257
65	65	256	256	2.0	0	0	4/4	7	1	1/2	1/2	1		1	67	G4	4	1265
65	65	258	258	2.0	1/2	1/2	4/4	4	1	1/2	1/2	1		2	50	D3	3	1256
65	65	258	258	2.0	1/2	1/2	4/4	6	1	1/2	1/2	1		2	50	D3	3	1264
65	65	258	258	2.0	1/2	1/2	4/4	8	1	1/2	1/2	1		2	50	D3	3	1268
65	65	258	258	2.0	1/2	1/2	4/4	3	1	1/2	1/2	1		5	59	B3	3	1254
65	65	258	258	2.0	1/2	1/2	4/4	5	2	1/2	1/2	1		5	59	B3	3	1260
65	65	258	258	2.0	1/2	1/2	4/4	2	1	1/2	1/2	1		4	64	E4	4	1252
65	65	258	258	2.0	1/2	1/2	4/4	5	3	1/2	1/2	1		4	64	E4	4	1262
65	65	258	258	2.0	1/2	1/2	4/4	1	1	1/2	1/2	1		1	67	G4	4	1250
65	65	258	258	2.0	1/2	1/2	4/4	5	1	1/2	1/2	1		1	67	G4	4	1258
65	65	258	258	2.0	1/2	1/2	4/4	7	1	1/2	1/2	1		1	67	G4	4	1266
66	66	260	260	2.0	0	0	4/4	4	1	1/2	1/2	1		0	48	C3	3	1275
66	66	260	260	2.0	0	0	4/4	6	1	1/2	1/2	1		0	48	C3	3	1283
66	66	260	260	2.0	0	0	4/4	8	1	1/2	1/2	1		0	48	C3	3	1287
66	66	260	260	2.0	0	0	4/4	3	1	1/2	1/2	1		3	57	A3	3	1273
66	66	260	260	2.0	0	0	4/4	5	2	1/2	1/2	1		3	57	A3	3	1279
66	66	260	260	2.0	0	0	4/4	2	1	1/2	1/2	1		4	64	E4	4	1271
66	66	260	260	2.0	0	0	4/4	5	3	1/2	1/2	1		4	64	E4	4	1281
66	66	260	260	2.0	0	0	4/4	1	1	1/2	1/2	1		3	69	A4	4	1269
66	66	260	260	2.0	0	0	4/4	5	1	1/2	1/2	1		3	69	A4	4	1277
66	66	260	260	2.0	0	0	4/4	7	1	1/2	1/2	1		3	69	A4	4	1285
66	66	262	262	2.0	1/2	1/2	4/4	4	1	1/2	1/2	1		2	50	D3	3	1276
66	66	262	262	2.0	1/2	1/2	4/4	6	1	1/2	1/2	1		2	50	D3	3	1284
66	66	262	262	2.0	1/2	1/2	4/4	8	1	1/2	1/2	1		2	50	D3	3	1288
66	66	262	262	2.0	1/2	1/2	4/4	3	1	1/2	1/2	1		2	62	D4	4	1274
66	66	262	262	2.0	1/2	1/2	4/4	5	2	1/2	1/2	1		2	62	D4	4	1280
66	66	262	262	2.0	1/2	1/2	4/4	2	1	1/2	1/2	1		6	66	F#4	4	1272
66	66	262	262	2.0	1/2	1/2	4/4	5	3	1/2	1/2	1		6	66	F#4	4	1282
66	66	262	262	2.0	1/2	1/2	4/4	1	1	1/2	1/2	1		3	69	A4	4	1270
66	66	262	262	2.0	1/2	1/2	4/4	5	1	1/2	1/2	1		3	69	A4	4	1278
66	66	262	262	2.0	1/2	1/2	4/4	7	1	1/2	1/2	1		3	69	A4	4	1286
67	67	264	264	2.0	0	0	4/4	4	1	1/2	1/2	1		1	43	G2	2	1298
67	67	264	264	2.0	0	0	4/4	6	1	1/2	1/2	1		1	43	G2	2	1308
67	67	264	264	2.0	0	0	4/4	8	1	1/2	1/2	1		1	43	G2	2	1313
67	67	264	264	2.0	0	0	4/4	3	1	1/2	1/2	1		2	62	D4	4	1295
67	67	264	264	2.0	0	0	4/4	5	2	1/2	1/2	1		2	62	D4	4	1304
67	67	264	264	2.0	0	0	4/4	2	1	1/2	1/2	1		1	67	G4	4	1292
67	67	264	264	2.0	0	0	4/4	5	3	1/2	1/2	1		1	67	G4	4	1306
67	67	264	264	2.0	0	0	4/4	1	1	1/2	1/2	1		5	71	B4	4	1289
67	67	264	264	2.0	0	0	4/4	5	1	1/2	1/2	1		5	71	B4	4	1301
67	67	264	264	2.0	0	0	4/4	7	1	1/2	1/2	1		5	71	B4	4	1310
67	67	266	266	1.0	1/2	1/2	4/4	4	1	1/4	1/4	1		1	55	G3	3	1299
67	67	266	266	2.0	1/2	1/2	4/4	6	1	1/2	1/2	1		1	55	G3	3	1309
67	67	266	266	2.0	1/2	1/2	4/4	8	1	1/2	1/2	1		1	55	G3	3	1314
67	67	266	266	1.0	1/2	1/2	4/4	3	1	1/4	1/4	1		2	62	D4	4	1296
67	67	266	266	2.0	1/2	1/2	4/4	5	2	1/2	1/2	1		2	62	D4	4	1305
67	67	266	266	1.0	1/2	1/2	4/4	2	1	1/4	1/4	1		1	67	G4	4	1293
67	67	266	266	2.0	1/2	1/2	4/4	5	3	1/2	1/2	1		1	67	G4	4	1307
67	67	266	266	1.0	1/2	1/2	4/4	1	1	1/4	1/4	1		5	71	B4	4	1290
67	67	266	266	1.0	1/2	1/2	4/4	5	1	1/4	1/4	1		5	71	B4	4	1302
67	67	266	266	1.0	1/2	1/2	4/4	7	1	1/4	1/4	1		5	71	B4	4	1311
67	67	267	267	1.0	3/4	3/4	4/4	4	1	1/4	1/4	1		1	55	G3	3	1300
67	67	267	267	1.0	3/4	3/4	4/4	3	1	1/4	1/4	1		2	62	D4	4	1297
67	67	267	267	1.0	3/4	3/4	4/4	2	1	1/4	1/4	1		1	67	G4	4	1294
67	67	267	267	1.0	3/4	3/4	4/4	1	1	1/4	1/4	1		5	71	B4	4	1291
67	67	267	267	1.0	3/4	3/4	4/4	5	1	1/4	1/4	1		5	71	B4	4	1303
67	67	267	267	1.0	3/4	3/4	4/4	7	1	1/4	1/4	1		5	71	B4	4	1312
68	68	268	268	2.0	0	0	4/4	4	1	1/2	1/2	1		4	52	E3	3	1322
68	68	268	268	2.0	0	0	4/4	6	1	1/2	1/2	1		4	52	E3	3	1331
68	68	268	268	2.0	0	0	4/4	8	1	1/2	1/2	1		4	52	E3	3	1335
68	68	268	268	1.0	0	0	4/4	3	1	1/4	1/4	1		4	64	E4	4	1319
68	68	268	268	1.0	0	0	4/4	5	2	1/4	1/4	1		4	64	E4	4	1326
68	68	268	268	2.0	0	0	4/4	2	1	1/2	1/2	1		8	68	G#4	4	1317
68	68	268	268	2.0	0	0	4/4	5	3	1/2	1/2	1		8	68	G#4	4	1329
68	68	268	268	2.0	0	0	4/4	1	1	1/2	1/2	1		5	71	B4	4	1315
68	68	268	268	2.0	0	0	4/4	5	1	1/2	1/2	1		5	71	B4	4	1324
68	68	268	268	2.0	0	0	4/4	7	1	1/2	1/2	1		5	71	B4	4	1333
68	68	269	269	1.0	1/4	1/4	4/4	3	1	1/4	1/4	1		2	62	D4	4	1320
68	68	269	269	1.0	1/4	1/4	4/4	5	2	1/4	1/4	1		2	62	D4	4	1327
68	68	270	270	2.0	1/2	1/2	4/4	4	1	1/2	1/2	1		-1	53	F3	3	1323
68	68	270	270	2.0	1/2	1/2	4/4	6	1	1/2	1/2	1		-1	53	F3	3	1332
68	68	270	270	2.0	1/2	1/2	4/4	8	1	1/2	1/2	1		-1	53	F3	3	1336
68	68	270	270	2.0	1/2	1/2	4/4	3	1	1/2	1/2	1		0	60	C4	4	1321
68	68	270	270	2.0	1/2	1/2	4/4	5	2	1/2	1/2	1		0	60	C4	4	1328
68	68	270	270	2.0	1/2	1/2	4/4	1	1	1/2	1/2	1		3	69	A4	4	1316
68	68	270	270	2.0	1/2	1/2	4/4	2	1	1/2	1/2	1		3	69	A4	4	1318
68	68	270	270	2.0	1/2	1/2	4/4	5	1	1/2	1/2	1		3	69	A4	4	1325
68	68	270	270	2.0	1/2	1/2	4/4	5	3	1/2	1/2	1		3	69	A4	4	1330
68	68	270	270	2.0	1/2	1/2	4/4	7	1	1/2	1/2	1		3	69	A4	4	1334
69	69	272	272	2.0	0	0	4/4	4	1	1/2	1/2	1		5	47	B2	2	1343
69	69	272	272	2.0	0	0	4/4	6	1	1/2	1/2	1		5	47	B2	2	1351
69	69	272	272	2.0	0	0	4/4	8	1	1/2	1/2	1		5	47	B2	2	1355
69	69	272	272	2.0	0	0	4/4	3	1	1/2	1/2	1		2	62	D4	4	1341
69	69	272	272	2.0	0	0	4/4	5	2	1/2	1/2	1		2	62	D4	4	1347
69	69	272	272	2.0	0	0	4/4	2	1	1/2	1/2	1		-1	65	F4	4	1339
69	69	272	272	2.0	0	0	4/4	5	3	1/2	1/2	1		-1	65	F4	4	1349
69	69	272	272	2.0	0	0	4/4	1	1	1/2	1/2	1		3	69	A4	4	1337
69	69	272	272	2.0	0	0	4/4	5	1	1/2	1/2	1		3	69	A4	4	1345
69	69	272	272	2.0	0	0	4/4	7	1	1/2	1/2	1		3	69	A4	4	1353
69	69	274	274	2.0	1/2	1/2	4/4	4	1	1/2	1/2	1		4	52	E3	3	1344
69	69	274	274	2.0	1/2	1/2	4/4	6	1	1/2	1/2	1		4	52	E3	3	1352
69	69	274	274	2.0	1/2	1/2	4/4	8	1	1/2	1/2	1		4	52	E3	3	1356
69	69	274	274	2.0	1/2	1/2	4/4	3	1	1/2	1/2	1		5	59	B3	3	1342
69	69	274	274	2.0	1/2	1/2	4/4	5	2	1/2	1/2	1		5	59	B3	3	1348
69	69	274	274	2.0	1/2	1/2	4/4	2	1	1/2	1/2	1		4	64	E4	4	1340
69	69	274	274	2.0	1/2	1/2	4/4	5	3	1/2	1/2	1		4	64	E4	4	1350
69	69	274	274	2.0	1/2	1/2	4/4	1	1	1/2	1/2	1		8	68	G#4	4	1338
69	69	274	274	2.0	1/2	1/2	4/4	5	1	1/2	1/2	1		8	68	G#4	4	1346
69	69	274	274	2.0	1/2	1/2	4/4	7	1	1/2	1/2	1		8	68	G#4	4	1354
70	70	276	276	2.0	0	0	4/4	4	1	1/2	1/2	1		3	45	A2	2	1363
70	70	276	276	2.0	0	0	4/4	6	1	1/2	1/2	1		3	45	A2	2	1371
70	70	276	276	2.0	0	0	4/4	8	1	1/2	1/2	1		3	45	A2	2	1375
70	70	276	276	2.0	0	0	4/4	3	1	1/2	1/2	1		0	60	C4	4	1361
70	70	276	276	2.0	0	0	4/4	5	2	1/2	1/2	1		0	60	C4	4	1367
70	70	276	276	2.0	0	0	4/4	2	1	1/2	1/2	1		4	64	E4	4	1359
70	70	276	276	2.0	0	0	4/4	5	3	1/2	1/2	1		4	64	E4	4	1369
70	70	276	276	2.0	0	0	4/4	1	1	1/2	1/2	1		3	69	A4	4	1357
70	70	276	276	2.0	0	0	4/4	5	1	1/2	1/2	1		3	69	A4	4	1365
70	70	276	276	2.0	0	0	4/4	7	1	1/2	1/2	1		3	69	A4	4	1373
70	70	278	278	2.0	1/2	1/2	4/4	4	1	1/2	1/2	1		4	52	E3	3	1364
70	70	278	278	2.0	1/2	1/2	4/4	6	1	1/2	1/2	1		4	52	E3	3	1372
70	70	278	278	2.0	1/2	1/2	4/4	8	1	1/2	1/2	1		4	52	E3	3	1376
70	70	278	278	2.0	1/2	1/2	4/4	3	1	1/2	1/2	1		5	59	B3	3	1362
70	70	278	278	2.0	1/2	1/2	4/4	5	2	1/2	1/2	1		5	59	B3	3	1368
70	70	278	278	2.0	1/2	1/2	4/4	2	1	1/2	1/2	1		4	64	E4	4	1360
70	70	278	278	2.0	1/2	1/2	4/4	5	3	1/2	1/2	1		4	64	E4	4	1370
70	70	278	278	2.0	1/2	1/2	4/4	1	1	1/2	1/2	1		1	67	G4	4	1358
70	70	278	278	2.0	1/2	1/2	4/4	5	1	1/2	1/2	1		1	67	G4	4	1366
70	70	278	278	2.0	1/2	1/2	4/4	7	1	1/2	1/2	1		1	67	G4	4	1374
71	71	280	280	2.0	0	0	4/4	4	1	1/2	1/2	1		0	48	C3	3	1386
71	71	280	280	2.0	0	0	4/4	6	1	1/2	1/2	1		0	48	C3	3	1396
71	71	280	280	2.0	0	0	4/4	8	1	1/2	1/2	1		0	48	C3	3	1401
71	71	280	280	2.0	0	0	4/4	3	1	1/2	1/2	1		0	60	C4	4	1383
71	71	280	280	2.0	0	0	4/4	5	2	1/2	1/2	1		0	60	C4	4	1392
71	71	280	280	2.0	0	0	4/4	2	1	1/2	1/2	1		4	64	E4	4	1380
71	71	280	280	2.0	0	0	4/4	5	3	1/2	1/2	1		4	64	E4	4	1394
71	71	280	280	2.0	0	0	4/4	1	1	1/2	1/2	1		1	67	G4	4	1377
71	71	280	280	2.0	0	0	4/4	5	1	1/2	1/2	1		1	67	G4	4	1389
71	71	280	280	2.0	0	0	4/4	7	1	1/2	1/2	1		1	67	G4	4	1398
71	71	282	282	1.0	1/2	1/2	4/4	4	1	1/4	1/4	1		5	47	B2	2	1387
71	71	282	282	2.0	1/2	1/2	4/4	6	1	1/2	1/2	1		5	47	B2	2	1397
71	71	282	282	2.0	1/2	1/2	4/4	8	1	1/2	1/2	1		5	47	B2	2	1402
71	71	282	282	2.0	1/2	1/2	4/4	5	2	1/2	1/2	1	1	1	55	G3	3	1393
71	71	282	282	1.0	1/2	1/2	4/4	3	1	1/4	1/4	1		2	62	D4	4	1384
71	71	282	282	2.0	1/2	1/2	4/4	5	3	1/2	1/2	1		2	62	D4	4	1395
71	71	282	282	1.0	1/2	1/2	4/4	1	1	1/4	1/4	1		1	67	G4	4	1378
71	71	282	282	1.0	1/2	1/2	4/4	2	1	1/4	1/4	1		1	67	G4	4	1381
71	71	282	282	1.0	1/2	1/2	4/4	5	1	1/4	1/4	1		1	67	G4	4	1390
71	71	282	282	1.0	1/2	1/2	4/4	7	1	1/4	1/4	1		1	67	G4	4	1399
71	71	283	283	1.0	3/4	3/4	4/4	4	1	1/4	1/4	1		5	47	B2	2	1388
71	71	283	283	1.0	3/4	3/4	4/4	3	1	1/4	1/4	1		2	62	D4	4	1385
71	71	283	283	1.0	3/4	3/4	4/4	1	1	1/4	1/4	1		1	67	G4	4	1379
71	71	283	283	1.0	3/4	3/4	4/4	2	1	1/4	1/4	1		1	67	G4	4	1382
71	71	283	283	1.0	3/4	3/4	4/4	5	1	1/4	1/4	1		1	67	G4	4	1391
71	71	283	283	1.0	3/4	3/4	4/4	7	1	1/4	1/4	1		1	67	G4	4	1400
72	72	284	284	2.0	0	0	4/4	4	1	1/2	1/2	1		0	48	C3	3	1408
72	72	284	284	2.0	0	0	4/4	6	1	1/2	1/2	1		0	48	C3	3	1415
72	72	284	284	2.0	0	0	4/4	8	1	1/2	1/2	1		0	48	C3	3	1418
72	72	284	284	2.0	0	0	4/4	5	2	1/2	1/2	1	-1	1	55	G3	3	1411
72	72	284	284	2.0	0	0	4/4	3	1	1/2	1/2	1		4	64	E4	4	1406
72	72	284	284	2.0	0	0	4/4	5	3	1/2	1/2	1		4	64	E4	4	1413
72	72	284	284	2.0	0	0	4/4	2	1	1/2	1/2	1		1	67	G4	4	1404
72	72	284	284	4.0	0	0	4/4	1	1	1	1	1		3	69	A4	4	1403
72	72	284	284	4.0	0	0	4/4	5	1	1	1	1		3	69	A4	4	1410
72	72	284	284	4.0	0	0	4/4	7	1	1	1	1		3	69	A4	4	1417
72	72	286	286	2.0	1/2	1/2	4/4	4	1	1/2	1/2	1		2	50	D3	3	1409
72	72	286	286	2.0	1/2	1/2	4/4	6	1	1/2	1/2	1		2	50	D3	3	1416
72	72	286	286	2.0	1/2	1/2	4/4	8	1	1/2	1/2	1		2	50	D3	3	1419
72	72	286	286	2.0	1/2	1/2	4/4	5	2	1/2	1/2	1		6	54	F#3	3	1412
72	72	286	286	2.0	1/2	1/2	4/4	3	1	1/2	1/2	1		2	62	D4	4	1407
72	72	286	286	2.0	1/2	1/2	4/4	5	3	1/2	1/2	1		2	62	D4	4	1414
72	72	286	286	2.0	1/2	1/2	4/4	2	1	1/2	1/2	1		6	66	F#4	4	1405
73	73	288	288	2.0	0	0	4/4	4	1	1/2	1/2	1		1	43	G2	2	1429
73	73	288	288	2.0	0	0	4/4	6	1	1/2	1/2	1		1	43	G2	2	1439
73	73	288	288	2.0	0	0	4/4	8	1	1/2	1/2	1		1	43	G2	2	1444
73	73	288	288	2.0	0	0	4/4	5	2	1/2	1/2	1		1	55	G3	3	1435
73	73	288	288	2.0	0	0	4/4	3	1	1/2	1/2	1		2	62	D4	4	1426
73	73	288	288	2.0	0	0	4/4	5	3	1/2	1/2	1		2	62	D4	4	1437
73	73	288	288	2.0	0	0	4/4	2	1	1/2	1/2	1		1	67	G4	4	1423
73	73	288	288	2.0	0	0	4/4	1	1	1/2	1/2	1		5	71	B4	4	1420
73	73	288	288	2.0	0	0	4/4	5	1	1/2	1/2	1		5	71	B4	4	1432
73	73	288	288	2.0	0	0	4/4	7	1	1/2	1/2	1		5	71	B4	4	1441
73	73	290	290	1.0	1/2	1/2	4/4	4	1	1/4	1/4	1		5	47	B2	2	1430
73	73	290	290	2.0	1/2	1/2	4/4	6	1	1/2	1/2	1		5	47	B2	2	1440
73	73	290	290	2.0	1/2	1/2	4/4	8	1	1/2	1/2	1		5	47	B2	2	1445
73	73	290	290	1.0	1/2	1/2	4/4	3	1	1/4	1/4	1		2	62	D4	4	1427
73	73	290	290	2.0	1/2	1/2	4/4	5	2	1/2	1/2	1		2	62	D4	4	1436
73	73	290	290	1.0	1/2	1/2	4/4	2	1	1/4	1/4	1		1	67	G4	4	1424
73	73	290	290	2.0	1/2	1/2	4/4	5	3	1/2	1/2	1		1	67	G4	4	1438
73	73	290	290	1.0	1/2	1/2	4/4	1	1	1/4	1/4	1		5	71	B4	4	1421
73	73	290	290	1.0	1/2	1/2	4/4	5	1	1/4	1/4	1		5	71	B4	4	1433
73	73	290	290	1.0	1/2	1/2	4/4	7	1	1/4	1/4	1		5	71	B4	4	1442
73	73	291	291	1.0	3/4	3/4	4/4	4	1	1/4	1/4	1		5	47	B2	2	1431
73	73	291	291	1.0	3/4	3/4	4/4	3	1	1/4	1/4	1		2	62	D4	4	1428
73	73	291	291	1.0	3/4	3/4	4/4	2	1	1/4	1/4	1		1	67	G4	4	1425
73	73	291	291	1.0	3/4	3/4	4/4	1	1	1/4	1/4	1		5	71	B4	4	1422
73	73	291	291	1.0	3/4	3/4	4/4	5	1	1/4	1/4	1		5	71	B4	4	1434
73	73	291	291	1.0	3/4	3/4	4/4	7	1	1/4	1/4	1		5	71	B4	4	1443
74	74	292	292	2.0	0	0	4/4	4	1	1/2	1/2	1		2	50	D3	3	1452
74	74	292	292	2.0	0	0	4/4	6	1	1/2	1/2	1		2	50	D3	3	1460
74	74	292	292	2.0	0	0	4/4	8	1	1/2	1/2	1		2	50	D3	3	1464
74	74	292	292	2.0	0	0	4/4	3	1	1/2	1/2	1		2	62	D4	4	1450
74	74	292	292	2.0	0	0	4/4	5	2	1/2	1/2	1		2	62	D4	4	1456
74	74	292	292	2.0	0	0	4/4	2	1	1/2	1/2	1		1	67	G4	4	1448
74	74	292	292	2.0	0	0	4/4	5	3	1/2	1/2	1		1	67	G4	4	1458
74	74	292	292	2.0	0	0	4/4	1	1	1/2	1/2	1		5	71	B4	4	1446
74	74	292	292	2.0	0	0	4/4	5	1	1/2	1/2	1		5	71	B4	4	1454
74	74	292	292	2.0	0	0	4/4	7	1	1/2	1/2	1		5	71	B4	4	1462
74	74	294	294	2.0	1/2	1/2	4/4	4	1	1/2	1/2	1		2	50	D3	3	1453
74	74	294	294	2.0	1/2	1/2	4/4	6	1	1/2	1/2	1		2	50	D3	3	1461
74	74	294	294	2.0	1/2	1/2	4/4	8	1	1/2	1/2	1		2	50	D3	3	1465
74	74	294	294	2.0	1/2	1/2	4/4	3	1	1/2	1/2	1		2	62	D4	4	1451
74	74	294	294	2.0	1/2	1/2	4/4	5	2	1/2	1/2	1		2	62	D4	4	1457
74	74	294	294	2.0	1/2	1/2	4/4	2	1	1/2	1/2	1		-1	65	F4	4	1449
74	74	294	294	2.0	1/2	1/2	4/4	5	3	1/2	1/2	1		-1	65	F4	4	1459
74	74	294	294	2.0	1/2	1/2	4/4	1	1	1/2	1/2	1		3	69	A4	4	1447
74	74	294	294	2.0	1/2	1/2	4/4	5	1	1/2	1/2	1		3	69	A4	4	1455
74	74	294	294	2.0	1/2	1/2	4/4	7	1	1/2	1/2	1		3	69	A4	4	1463
75	75	296	296	2.0	0	0	4/4	4	1	1/2	1/2	1		4	52	E3	3	1472
75	75	296	296	4.0	0	0	4/4	6	1	1	1	1		4	52	E3	3	1479
75	75	296	296	4.0	0	0	4/4	8	1	1	1	1		4	52	E3	3	1482
75	75	296	296	2.0	0	0	4/4	3	1	1/2	1/2	1		0	60	C4	4	1470
75	75	296	296	2.0	0	0	4/4	5	2	1/2	1/2	1		0	60	C4	4	1476
75	75	296	296	2.0	0	0	4/4	2	1	1/2	1/2	1		4	64	E4	4	1468
75	75	296	296	4.0	0	0	4/4	5	3	1	1	1		4	64	E4	4	1478
75	75	296	296	2.0	0	0	4/4	1	1	1/2	1/2	1		3	69	A4	4	1466
75	75	296	296	2.0	0	0	4/4	5	1	1/2	1/2	1		3	69	A4	4	1474
75	75	296	296	2.0	0	0	4/4	7	1	1/2	1/2	1		3	69	A4	4	1480
75	75	298	298	2.0	1/2	1/2	4/4	4	1	1/2	1/2	1		4	52	E3	3	1473
75	75	298	298	2.0	1/2	1/2	4/4	3	1	1/2	1/2	1		5	59	B3	3	1471
75	75	298	298	2.0	1/2	1/2	4/4	5	2	1/2	1/2	1		5	59	B3	3	1477
75	75	298	298	2.0	1/2	1/2	4/4	2	1	1/2	1/2	1		4	64	E4	4	1469
75	75	298	298	2.0	1/2	1/2	4/4	1	1	1/2	1/2	1		8	68	G#4	4	1467
75	75	298	298	2.0	1/2	1/2	4/4	5	1	1/2	1/2	1		8	68	G#4	4	1475
75	75	298	298	2.0	1/2	1/2	4/4	7	1	1/2	1/2	1		8	68	G#4	4	1481
76	76	300	300	2.0	0	0	4/4	4	1	1/2	1/2	1		3	45	A2	2	1492
76	76	300	300	2.0	0	0	4/4	6	1	1/2	1/2	1		3	45	A2	2	1502
76	76	300	300	2.0	0	0	4/4	8	1	1/2	1/2	1		3	45	A2	2	1507
76	76	300	300	2.0	0	0	4/4	3	1	1/2	1/2	1		0	60	C4	4	1489
76	76	300	300	2.0	0	0	4/4	5	2	1/2	1/2	1		0	60	C4	4	1498
76	76	300	300	2.0	0	0	4/4	2	1	1/2	1/2	1		4	64	E4	4	1486
76	76	300	300	2.0	0	0	4/4	5	3	1/2	1/2	1		4	64	E4	4	1500
76	76	300	300	2.0	0	0	4/4	1	1	1/2	1/2	1		3	69	A4	4	1483
76	76	300	300	2.0	0	0	4/4	5	1	1/2	1/2	1		3	69	A4	4	1495
76	76	300	300	2.0	0	0	4/4	7	1	1/2	1/2	1		3	69	A4	4	1504
76	76	302	302	1.0	1/2	1/2	4/4	4	1	1/4	1/4	1		0	48	C3	3	1493
76	76	302	302	2.0	1/2	1/2	4/4	6	1	1/2	1/2	1		0	48	C3	3	1503
76	76	302	302	2.0	1/2	1/2	4/4	8	1	1/2	1/2	1		0	48	C3	3	1508
76	76	302	302	1.0	1/2	1/2	4/4	3	1	1/4	1/4	1		0	60	C4	4	1490
76	76	302	302	2.0	1/2	1/2	4/4	5	2	1/2	1/2	1		0	60	C4	4	1499
76	76	302	302	1.0	1/2	1/2	4/4	2	1	1/4	1/4	1		4	64	E4	4	1487
76	76	302	302	2.0	1/2	1/2	4/4	5	3	1/2	1/2	1		4	64	E4	4	1501
76	76	302	302	1.0	1/2	1/2	4/4	1	1	1/4	1/4	1		1	67	G4	4	1484
76	76	302	302	1.0	1/2	1/2	4/4	5	1	1/4	1/4	1		1	67	G4	4	1496
76	76	302	302	1.0	1/2	1/2	4/4	7	1	1/4	1/4	1		1	67	G4	4	1505
76	76	303	303	1.0	3/4	3/4	4/4	4	1	1/4	1/4	1		0	48	C3	3	1494
76	76	303	303	1.0	3/4	3/4	4/4	3	1	1/4	1/4	1		0	60	C4	4	1491
76	76	303	303	1.0	3/4	3/4	4/4	2	1	1/4	1/4	1		4	64	E4	4	1488
76	76	303	303	1.0	3/4	3/4	4/4	1	1	1/4	1/4	1		1	67	G4	4	1485
76	76	303	303	1.0	3/4	3/4	4/4	5	1	1/4	1/4	1		1	67	G4	4	1497
76	76	303	303	1.0	3/4	3/4	4/4	7	1	1/4	1/4	1		1	67	G4	4	1506
77	77	304	304	2.0	0	0	4/4	4	1	1/2	1/2	1		5	47	B2	2	1515
77	77	304	304	2.0	0	0	4/4	6	1	1/2	1/2	1		5	47	B2	2	1523
77	77	304	304	2.0	0	0	4/4	8	1	1/2	1/2	1		5	47	B2	2	1527
77	77	304	304	2.0	0	0	4/4	3	1	1/2	1/2	1		1	55	G3	3	1513
77	77	304	304	2.0	0	0	4/4	5	2	1/2	1/2	1		1	55	G3	3	1519
77	77	304	304	2.0	0	0	4/4	2	1	1/2	1/2	1		2	62	D4	4	1511
77	77	304	304	2.0	0	0	4/4	5	3	1/2	1/2	1		2	62	D4	4	1521
77	77	304	304	2.0	0	0	4/4	1	1	1/2	1/2	1		1	67	G4	4	1509
77	77	304	304	2.0	0	0	4/4	5	1	1/2	1/2	1		1	67	G4	4	1517
77	77	304	304	2.0	0	0	4/4	7	1	1/2	1/2	1		1	67	G4	4	1525
77	77	306	306	2.0	1/2	1/2	4/4	4	1	1/2	1/2	1		4	52	E3	3	1516
77	77	306	306	2.0	1/2	1/2	4/4	6	1	1/2	1/2	1		4	52	E3	3	1524
77	77	306	306	2.0	1/2	1/2	4/4	8	1	1/2	1/2	1		4	52	E3	3	1528
77	77	306	306	2.0	1/2	1/2	4/4	3	1	1/2	1/2	1		5	59	B3	3	1514
77	77	306	306	2.0	1/2	1/2	4/4	5	2	1/2	1/2	1		5	59	B3	3	1520
77	77	306	306	2.0	1/2	1/2	4/4	2	1	1/2	1/2	1		4	64	E4	4	1512
77	77	306	306	2.0	1/2	1/2	4/4	5	3	1/2	1/2	1		4	64	E4	4	1522
77	77	306	306	2.0	1/2	1/2	4/4	1	1	1/2	1/2	1		1	67	G4	4	1510
77	77	306	306	2.0	1/2	1/2	4/4	5	1	1/2	1/2	1		1	67	G4	4	1518
77	77	306	306	2.0	1/2	1/2	4/4	7	1	1/2	1/2	1		1	67	G4	4	1526
78	78	308	308	2.0	0	0	4/4	4	1	1/2	1/2	1		0	48	C3	3	1538
78	78	308	308	2.0	0	0	4/4	6	1	1/2	1/2	1		0	48	C3	3	1548
78	78	308	308	2.0	0	0	4/4	8	1	1/2	1/2	1		0	48	C3	3	1553
78	78	308	308	2.0	0	0	4/4	3	1	1/2	1/2	1		3	57	A3	3	1535
78	78	308	308	2.0	0	0	4/4	5	2	1/2	1/2	1		3	57	A3	3	1544
78	78	308	308	2.0	0	0	4/4	2	1	1/2	1/2	1		4	64	E4	4	1532
78	78	308	308	2.0	0	0	4/4	5	3	1/2	1/2	1		4	64	E4	4	1546
78	78	308	308	2.0	0	0	4/4	1	1	1/2	1/2	1		3	69	A4	4	1529
78	78	308	308	2.0	0	0	4/4	5	1	1/2	1/2	1		3	69	A4	4	1541
78	78	308	308	2.0	0	0	4/4	7	1	1/2	1/2	1		3	69	A4	4	1550
78	78	310	310	1.0	1/2	1/2	4/4	4	1	1/4	1/4	1		5	47	B2	2	1539
78	78	310	310	2.0	1/2	1/2	4/4	6	1	1/2	1/2	1		5	47	B2	2	1549
78	78	310	310	2.0	1/2	1/2	4/4	8	1	1/2	1/2	1		5	47	B2	2	1554
78	78	310	310	1.0	1/2	1/2	4/4	3	1	1/4	1/4	1		5	59	B3	3	1536
78	78	310	310	2.0	1/2	1/2	4/4	5	2	1/2	1/2	1		5	59	B3	3	1545
78	78	310	310	1.0	1/2	1/2	4/4	2	1	1/4	1/4	1		2	62	D4	4	1533
78	78	310	310	2.0	1/2	1/2	4/4	5	3	1/2	1/2	1		2	62	D4	4	1547
78	78	310	310	1.0	1/2	1/2	4/4	1	1	1/4	1/4	1		1	67	G4	4	1530
78	78	310	310	1.0	1/2	1/2	4/4	5	1	1/4	1/4	1		1	67	G4	4	1542
78	78	310	310	1.0	1/2	1/2	4/4	7	1	1/4	1/4	1		1	67	G4	4	1551
78	78	311	311	1.0	3/4	3/4	4/4	4	1	1/4	1/4	1		5	47	B2	2	1540
78	78	311	311	1.0	3/4	3/4	4/4	3	1	1/4	1/4	1		5	59	B3	3	1537
78	78	311	311	1.0	3/4	3/4	4/4	2	1	1/4	1/4	1		2	62	D4	4	1534
78	78	311	311	1.0	3/4	3/4	4/4	1	1	1/4	1/4	1		1	67	G4	4	1531
78	78	311	311	1.0	3/4	3/4	4/4	5	1	1/4	1/4	1		1	67	G4	4	1543
78	78	311	311	1.0	3/4	3/4	4/4	7	1	1/4	1/4	1		1	67	G4	4	1552
79	79	312	312	2.0	0	0	4/4	4	1	1/2	1/2	1		4	52	E3	3	1561
79	79	312	312	2.0	0	0	4/4	6	1	1/2	1/2	1		4	52	E3	3	1569
79	79	312	312	2.0	0	0	4/4	8	1	1/2	1/2	1		4	52	E3	3	1573
79	79	312	312	2.0	0	0	4/4	3	1	1/2	1/2	1		5	59	B3	3	1559
79	79	312	312	2.0	0	0	4/4	5	2	1/2	1/2	1		5	59	B3	3	1565
79	79	312	312	2.0	0	0	4/4	2	1	1/2	1/2	1		4	64	E4	4	1557
79	79	312	312	2.0	0	0	4/4	5	3	1/2	1/2	1		4	64	E4	4	1567
79	79	312	312	2.0	0	0	4/4	1	1	1/2	1/2	1		1	67	G4	4	1555
79	79	312	312	2.0	0	0	4/4	5	1	1/2	1/2	1		1	67	G4	4	1563
79	79	312	312	2.0	0	0	4/4	7	1	1/2	1/2	1		1	67	G4	4	1571
79	79	314	314	2.0	1/2	1/2	4/4	4	1	1/2	1/2	1		2	50	D3	3	1562
79	79	314	314	2.0	1/2	1/2	4/4	6	1	1/2	1/2	1		2	50	D3	3	1570
79	79	314	314	2.0	1/2	1/2	4/4	8	1	1/2	1/2	1		2	50	D3	3	1574
79	79	314	314	2.0	1/2	1/2	4/4	3	1	1/2	1/2	1		5	59	B3	3	1560
79	79	314	314	2.0	1/2	1/2	4/4	5	2	1/2	1/2	1		5	59	B3	3	1566
79	79	314	314	2.0	1/2	1/2	4/4	2	1	1/2	1/2	1		4	64	E4	4	1558
79	79	314	314	2.0	1/2	1/2	4/4	5	3	1/2	1/2	1		4	64	E4	4	1568
79	79	314	314	2.0	1/2	1/2	4/4	1	1	1/2	1/2	1		1	67	G4	4	1556
79	79	314	314	2.0	1/2	1/2	4/4	5	1	1/2	1/2	1		1	67	G4	4	1564
79	79	314	314	2.0	1/2	1/2	4/4	7	1	1/2	1/2	1		1	67	G4	4	1572
80	80	316	316	2.0	0	0	4/4	4	1	1/2	1/2	1		0	48	C3	3	1580
80	80	316	316	2.0	0	0	4/4	6	1	1/2	1/2	1		0	48	C3	3	1588
80	80	316	316	2.0	0	0	4/4	8	1	1/2	1/2	1		0	48	C3	3	1591
80	80	316	316	2.0	0	0	4/4	3	1	1/2	1/2	1		3	57	A3	3	1578
80	80	316	316	2.0	0	0	4/4	5	2	1/2	1/2	1		0	60	C4	4	1583
80	80	316	316	2.0	0	0	4/4	2	1	1/2	1/2	1		4	64	E4	4	1576
80	80	316	316	2.0	0	0	4/4	5	3	1/2	1/2	1		4	64	E4	4	1585
80	80	316	316	4.0	0	0	4/4	1	1	1	1	1		3	69	A4	4	1575
80	80	316	316	4.0	0	0	4/4	5	1	1	1	1		3	69	A4	4	1582
80	80	316	316	4.0	0	0	4/4	7	1	1	1	1		3	69	A4	4	1590
80	80	318	318	2.0	1/2	1/2	4/4	4	1	1/2	1/2	1		2	50	D3	3	1581
80	80	318	318	2.0	1/2	1/2	4/4	6	1	1/2	1/2	1		2	50	D3	3	1589
80	80	318	318	2.0	1/2	1/2	4/4	8	1	1/2	1/2	1		2	50	D3	3	1592
80	80	318	318	2.0	1/2	1/2	4/4	5	2	1/2	1/2	1		3	57	A3	3	1584
80	80	318	318	2.0	1/2	1/2	4/4	3	1	1/2	1/2	1		2	62	D4	4	1579
80	80	318	318	2.0	1/2	1/2	4/4	5	4	1/2	1/2	1		2	62	D4	4	1587
80	80	318	318	2.0	1/2	1/2	4/4	2	1	1/2	1/2	1		6	66	F#4	4	1577
80	80	318	318	2.0	1/2	1/2	4/4	5	3	1/2	1/2	1		6	66	F#4	4	1586
81	81	320	320	2.0	0	0	4/4	4	1	1/2	1/2	1		1	43	G2	2	1602
81	81	320	320	2.0	0	0	4/4	6	1	1/2	1/2	1		1	43	G2	2	1613
81	81	320	320	2.0	0	0	4/4	8	1	1/2	1/2	1		1	43	G2	2	1618
81	81	320	320	2.0	0	0	4/4	5	2	1/2	1/2	1		1	55	G3	3	1608
81	81	320	320	2.0	0	0	4/4	3	1	1/2	1/2	1		2	62	D4	4	1599
81	81	320	320	2.0	0	0	4/4	5	4	1/2	1/2	1		2	62	D4	4	1612
81	81	320	320	2.0	0	0	4/4	2	1	1/2	1/2	1		1	67	G4	4	1596
81	81	320	320	2.0	0	0	4/4	5	3	1/2	1/2	1		1	67	G4	4	1610
81	81	320	320	2.0	0	0	4/4	1	1	1/2	1/2	1		5	71	B4	4	1593
81	81	320	320	2.0	0	0	4/4	5	1	1/2	1/2	1		5	71	B4	4	1605
81	81	320	320	2.0	0	0	4/4	7	1	1/2	1/2	1		5	71	B4	4	1615
81	81	322	322	1.0	1/2	1/2	4/4	4	1	1/4	1/4	1		1	55	G3	3	1603
81	81	322	322	2.0	1/2	1/2	4/4	6	1	1/2	1/2	1		1	55	G3	3	1614
81	81	322	322	2.0	1/2	1/2	4/4	8	1	1/2	1/2	1		1	55	G3	3	1619
81	81	322	322	1.0	1/2	1/2	4/4	3	1	1/4	1/4	1		2	62	D4	4	1600
81	81	322	322	2.0	1/2	1/2	4/4	5	2	1/2	1/2	1		2	62	D4	4	1609
81	81	322	322	1.0	1/2	1/2	4/4	2	1	1/4	1/4	1		1	67	G4	4	1597
81	81	322	322	2.0	1/2	1/2	4/4	5	3	1/2	1/2	1		1	67	G4	4	1611
81	81	322	322	1.0	1/2	1/2	4/4	1	1	1/4	1/4	1		5	71	B4	4	1594
81	81	322	322	1.0	1/2	1/2	4/4	5	1	1/4	1/4	1		5	71	B4	4	1606
81	81	322	322	1.0	1/2	1/2	4/4	7	1	1/4	1/4	1		5	71	B4	4	1616
81	81	323	323	1.0	3/4	3/4	4/4	4	1	1/4	1/4	1		1	55	G3	3	1604
81	81	323	323	1.0	3/4	3/4	4/4	3	1	1/4	1/4	1		2	62	D4	4	1601
81	81	323	323	1.0	3/4	3/4	4/4	2	1	1/4	1/4	1		1	67	G4	4	1598
81	81	323	323	1.0	3/4	3/4	4/4	1	1	1/4	1/4	1		5	71	B4	4	1595
81	81	323	323	1.0	3/4	3/4	4/4	5	1	1/4	1/4	1		5	71	B4	4	1607
81	81	323	323	1.0	3/4	3/4	4/4	7	1	1/4	1/4	1		5	71	B4	4	1617
82	82	324	324	2.0	0	0	4/4	4	1	1/2	1/2	1		5	47	B2	2	1626
82	82	324	324	2.0	0	0	4/4	6	1	1/2	1/2	1		5	47	B2	2	1634
82	82	324	324	2.0	0	0	4/4	8	1	1/2	1/2	1		5	47	B2	2	1638
82	82	324	324	2.0	0	0	4/4	3	1	1/2	1/2	1		2	62	D4	4	1624
82	82	324	324	2.0	0	0	4/4	5	2	1/2	1/2	1		2	62	D4	4	1630
82	82	324	324	2.0	0	0	4/4	2	1	1/2	1/2	1		1	67	G4	4	1622
82	82	324	324	2.0	0	0	4/4	5	3	1/2	1/2	1		1	67	G4	4	1632
82	82	324	324	2.0	0	0	4/4	1	1	1/2	1/2	1		5	71	B4	4	1620
82	82	324	324	2.0	0	0	4/4	5	1	1/2	1/2	1		5	71	B4	4	1628
82	82	324	324	2.0	0	0	4/4	7	1	1/2	1/2	1		5	71	B4	4	1636
82	82	326	326	2.0	1/2	1/2	4/4	4	1	1/2	1/2	1		0	48	C3	3	1627
82	82	326	326	2.0	1/2	1/2	4/4	6	1	1/2	1/2	1		0	48	C3	3	1635
82	82	326	326	2.0	1/2	1/2	4/4	8	1	1/2	1/2	1		0	48	C3	3	1639
82	82	326	326	2.0	1/2	1/2	4/4	3	1	1/2	1/2	1		0	60	C4	4	1625
82	82	326	326	2.0	1/2	1/2	4/4	5	2	1/2	1/2	1		0	60	C4	4	1631
82	82	326	326	2.0	1/2	1/2	4/4	2	1	1/2	1/2	1		4	64	E4	4	1623
82	82	326	326	2.0	1/2	1/2	4/4	5	3	1/2	1/2	1		4	64	E4	4	1633
82	82	326	326	2.0	1/2	1/2	4/4	1	1	1/2	1/2	1		3	69	A4	4	1621
82	82	326	326	2.0	1/2	1/2	4/4	5	1	1/2	1/2	1		3	69	A4	4	1629
82	82	326	326	2.0	1/2	1/2	4/4	7	1	1/2	1/2	1		3	69	A4	4	1637
83	83	328	328	2.0	0	0	4/4	4	1	1/2	1/2	1		2	50	D3	3	1646
83	83	328	328	2.0	0	0	4/4	6	1	1/2	1/2	1		2	50	D3	3	1653
83	83	328	328	2.0	0	0	4/4	8	1	1/2	1/2	1		2	50	D3	3	1657
83	83	328	328	2.0	0	0	4/4	3	1	1/2	1/2	1		5	59	B3	3	1644
83	83	328	328	4.0	0	0	4/4	5	2	1	1	1		5	59	B3	3	1650
83	83	328	328	2.0	0	0	4/4	2	1	1/2	1/2	1		-1	65	F4	4	1642
83	83	328	328	2.0	0	0	4/4	5	3	1/2	1/2	1		-1	65	F4	4	1651
83	83	328	328	2.0	0	0	4/4	1	1	1/2	1/2	1		3	69	A4	4	1640
83	83	328	328	2.0	0	0	4/4	5	1	1/2	1/2	1		3	69	A4	4	1648
83	83	328	328	2.0	0	0	4/4	7	1	1/2	1/2	1		3	69	A4	4	1655
83	83	330	330	2.0	1/2	1/2	4/4	4	1	1/2	1/2	1		4	52	E3	3	1647
83	83	330	330	2.0	1/2	1/2	4/4	6	1	1/2	1/2	1		4	52	E3	3	1654
83	83	330	330	2.0	1/2	1/2	4/4	8	1	1/2	1/2	1		4	52	E3	3	1658
83	83	330	330	2.0	1/2	1/2	4/4	3	1	1/2	1/2	1		5	59	B3	3	1645
83	83	330	330	2.0	1/2	1/2	4/4	2	1	1/2	1/2	1		4	64	E4	4	1643
83	83	330	330	2.0	1/2	1/2	4/4	5	3	1/2	1/2	1		4	64	E4	4	1652
83	83	330	330	2.0	1/2	1/2	4/4	1	1	1/2	1/2	1		8	68	G#4	4	1641
83	83	330	330	2.0	1/2	1/2	4/4	5	1	1/2	1/2	1		8	68	G#4	4	1649
83	83	330	330	2.0	1/2	1/2	4/4	7	1	1/2	1/2	1		8	68	G#4	4	1656
84	84	332	332	2.0	0	0	4/4	4	1	1/2	1/2	1		3	45	A2	2	1665
84	84	332	332	2.0	0	0	4/4	6	1	1/2	1/2	1		3	45	A2	2	1673
84	84	332	332	2.0	0	0	4/4	8	1	1/2	1/2	1		3	45	A2	2	1677
84	84	332	332	2.0	0	0	4/4	3	1	1/2	1/2	1		0	60	C4	4	1663
84	84	332	332	2.0	0	0	4/4	5	2	1/2	1/2	1		0	60	C4	4	1669
84	84	332	332	2.0	0	0	4/4	2	1	1/2	1/2	1		4	64	E4	4	1661
84	84	332	332	2.0	0	0	4/4	5	3	1/2	1/2	1		4	64	E4	4	1671
84	84	332	332	2.0	0	0	4/4	1	1	1/2	1/2	1		3	69	A4	4	1659
84	84	332	332	2.0	0	0	4/4	5	1	1/2	1/2	1		3	69	A4	4	1667
84	84	332	332	2.0	0	0	4/4	7	1	1/2	1/2	1		3	69	A4	4	1675
84	84	334	334	2.0	1/2	1/2	4/4	4	1	1/2	1/2	1		5	47	B2	2	1666
84	84	334	334	2.0	1/2	1/2	4/4	6	1	1/2	1/2	1		5	47	B2	2	1674
84	84	334	334	2.0	1/2	1/2	4/4	8	1	1/2	1/2	1		5	47	B2	2	1678
84	84	334	334	2.0	1/2	1/2	4/4	2	1	1/2	1/2	1		2	62	D4	4	1662
84	84	334	334	2.0	1/2	1/2	4/4	3	1	1/2	1/2	1		2	62	D4	4	1664
84	84	334	334	2.0	1/2	1/2	4/4	5	2	1/2	1/2	1		2	62	D4	4	1670
84	84	334	334	2.0	1/2	1/2	4/4	5	3	1/2	1/2	1		2	62	D4	4	1672
84	84	334	334	2.0	1/2	1/2	4/4	1	1	1/2	1/2	1		1	67	G4	4	1660
84	84	334	334	2.0	1/2	1/2	4/4	5	1	1/2	1/2	1		1	67	G4	4	1668
84	84	334	334	2.0	1/2	1/2	4/4	7	1	1/2	1/2	1		1	67	G4	4	1676
85	85	336	336	2.0	0	0	4/4	4	1	1/2	1/2	1		0	48	C3	3	1685
85	85	336	336	2.0	0	0	4/4	6	1	1/2	1/2	1		0	48	C3	3	1693
85	85	336	336	2.0	0	0	4/4	8	1	1/2	1/2	1		0	48	C3	3	1697
85	85	336	336	2.0	0	0	4/4	3	1	1/2	1/2	1		0	60	C4	4	1683
85	85	336	336	2.0	0	0	4/4	5	2	1/2	1/2	1		0	60	C4	4	1689
85	85	336	336	2.0	0	0	4/4	2	1	1/2	1/2	1		4	64	E4	4	1681
85	85	336	336	2.0	0	0	4/4	5	3	1/2	1/2	1		4	64	E4	4	1691
85	85	336	336	2.0	0	0	4/4	1	1	1/2	1/2	1		1	67	G4	4	1679
85	85	336	336	2.0	0	0	4/4	5	1	1/2	1/2	1		1	67	G4	4	1687
85	85	336	336	2.0	0	0	4/4	7	1	1/2	1/2	1		1	67	G4	4	1695
85	85	338	338	2.0	1/2	1/2	4/4	4	1	1/2	1/2	1		5	47	B2	2	1686
85	85	338	338	2.0	1/2	1/2	4/4	6	1	1/2	1/2	1		5	47	B2	2	1694
85	85	338	338	2.0	1/2	1/2	4/4	8	1	1/2	1/2	1		5	47	B2	2	1698
85	85	338	338	2.0	1/2	1/2	4/4	3	1	1/2	1/2	1		1	55	G3	3	1684
85	85	338	338	2.0	1/2	1/2	4/4	2	1	1/2	1/2	1		2	62	D4	4	1682
85	85	338	338	2.0	1/2	1/2	4/4	5	2	1/2	1/2	1		2	62	D4	4	1690
85	85	338	338	2.0	1/2	1/2	4/4	5	3	1/2	1/2	1		2	62	D4	4	1692
85	85	338	338	2.0	1/2	1/2	4/4	1	1	1/2	1/2	1		1	67	G4	4	1680
85	85	338	338	2.0	1/2	1/2	4/4	5	1	1/2	1/2	1		1	67	G4	4	1688
85	85	338	338	2.0	1/2	1/2	4/4	7	1	1/2	1/2	1		1	67	G4	4	1696
86	86	340	340	2.0	0	0	4/4	4	2	1/2	1/2	1		6	42	F#2	2	1707
86	86	340	340	2.0	0	0	4/4	6	1	1/2	1/2	1		6	42	F#2	2	1715
86	86	340	340	2.0	0	0	4/4	8	1	1/2	1/2	1		6	42	F#2	2	1719
86	86	340	340	2.0	0	0	4/4	4	1	1/2	1/2	1		6	54	F#3	3	1705
86	86	340	340	2.0	0	0	4/4	3	1	1/2	1/2	1		0	60	C4	4	1703
86	86	340	340	2.0	0	0	4/4	5	2	1/2	1/2	1		0	60	C4	4	1711
86	86	340	340	2.0	0	0	4/4	2	1	1/2	1/2	1		2	62	D4	4	1701
86	86	340	340	2.0	0	0	4/4	5	3	1/2	1/2	1		2	62	D4	4	1713
86	86	340	340	2.0	0	0	4/4	1	1	1/2	1/2	1		3	69	A4	4	1699
86	86	340	340	2.0	0	0	4/4	5	1	1/2	1/2	1		3	69	A4	4	1709
86	86	340	340	2.0	0	0	4/4	7	1	1/2	1/2	1		3	69	A4	4	1717
86	86	342	342	2.0	1/2	1/2	4/4	4	2	1/2	1/2	1		1	43	G2	2	1708
86	86	342	342	2.0	1/2	1/2	4/4	6	1	1/2	1/2	1		1	43	G2	2	1716
86	86	342	342	2.0	1/2	1/2	4/4	8	1	1/2	1/2	1		1	43	G2	2	1720
86	86	342	342	2.0	1/2	1/2	4/4	4	1	1/2	1/2	1		1	55	G3	3	1706
86	86	342	342	2.0	1/2	1/2	4/4	3	1	1/2	1/2	1		5	59	B3	3	1704
86	86	342	342	2.0	1/2	1/2	4/4	5	2	1/2	1/2	1		5	59	B3	3	1712
86	86	342	342	2.0	1/2	1/2	4/4	2	1	1/2	1/2	1		2	62	D4	4	1702
86	86	342	342	2.0	1/2	1/2	4/4	5	3	1/2	1/2	1		2	62	D4	4	1714
86	86	342	342	2.0	1/2	1/2	4/4	1	1	1/2	1/2	1		1	67	G4	4	1700
86	86	342	342	2.0	1/2	1/2	4/4	5	1	1/2	1/2	1		1	67	G4	4	1710
86	86	342	342	2.0	1/2	1/2	4/4	7	1	1/2	1/2	1		1	67	G4	4	1718
87	87	344	344	2.0	0	0	4/4	4	1	1/2	1/2	1		4	52	E3	3	1730
87	87	344	344	2.0	0	0	4/4	6	1	1/2	1/2	1		4	52	E3	3	1740
87	87	344	344	2.0	0	0	4/4	8	1	1/2	1/2	1		4	52	E3	3	1745
87	87	344	344	2.0	0	0	4/4	3	1	1/2	1/2	1		5	59	B3	3	1727
87	87	344	344	2.0	0	0	4/4	5	2	1/2	1/2	1		5	59	B3	3	1736
87	87	344	344	2.0	0	0	4/4	2	1	1/2	1/2	1		4	64	E4	4	1724
87	87	344	344	2.0	0	0	4/4	5	3	1/2	1/2	1		4	64	E4	4	1738
87	87	344	344	2.0	0	0	4/4	1	1	1/2	1/2	1		1	67	G4	4	1721
87	87	344	344	2.0	0	0	4/4	5	1	1/2	1/2	1		1	67	G4	4	1733
87	87	344	344	2.0	0	0	4/4	7	1	1/2	1/2	1		1	67	G4	4	1742
87	87	346	346	1.0	1/2	1/2	4/4	4	1	1/4	1/4	1		2	50	D3	3	1731
87	87	346	346	2.0	1/2	1/2	4/4	6	1	1/2	1/2	1		2	50	D3	3	1741
87	87	346	346	2.0	1/2	1/2	4/4	8	1	1/2	1/2	1		2	50	D3	3	1746
87	87	346	346	1.0	1/2	1/2	4/4	3	1	1/4	1/4	1		5	59	B3	3	1728
87	87	346	346	2.0	1/2	1/2	4/4	5	2	1/2	1/2	1		5	59	B3	3	1737
87	87	346	346	1.0	1/2	1/2	4/4	2	1	1/4	1/4	1		4	64	E4	4	1725
87	87	346	346	2.0	1/2	1/2	4/4	5	3	1/2	1/2	1		4	64	E4	4	1739
87	87	346	346	1.0	1/2	1/2	4/4	1	1	1/4	1/4	1		1	67	G4	4	1722
87	87	346	346	1.0	1/2	1/2	4/4	5	1	1/4	1/4	1		1	67	G4	4	1734
87	87	346	346	1.0	1/2	1/2	4/4	7	1	1/4	1/4	1		1	67	G4	4	1743
87	87	347	347	1.0	3/4	3/4	4/4	4	1	1/4	1/4	1		2	50	D3	3	1732
87	87	347	347	1.0	3/4	3/4	4/4	3	1	1/4	1/4	1		5	59	B3	3	1729
87	87	347	347	1.0	3/4	3/4	4/4	2	1	1/4	1/4	1		4	64	E4	4	1726
87	87	347	347	1.0	3/4	3/4	4/4	1	1	1/4	1/4	1		1	67	G4	4	1723
87	87	347	347	1.0	3/4	3/4	4/4	5	1	1/4	1/4	1		1	67	G4	4	1735
87	87	347	347	1.0	3/4	3/4	4/4	7	1	1/4	1/4	1		1	67	G4	4	1744
88	88	348	348	2.0	0	0	4/4	4	1	1/2	1/2	1		0	48	C3	3	1752
88	88	348	348	2.0	0	0	4/4	6	1	1/2	1/2	1		0	48	C3	3	1758
88	88	348	348	2.0	0	0	4/4	8	1	1/2	1/2	1		0	48	C3	3	1761
88	88	348	348	2.0	0	0	4/4	3	1	1/2	1/2	1		3	57	A3	3	1750
88	88	348	348	4.0	0	0	4/4	5	2	1	1	1		3	57	A3	3	1755
88	88	348	348	2.0	0	0	4/4	2	1	1/2	1/2	1		4	64	E4	4	1748
88	88	348	348	2.0	0	0	4/4	5	3	1/2	1/2	1		4	64	E4	4	1756
88	88	348	348	4.0	0	0	4/4	1	1	1	1	1		3	69	A4	4	1747
88	88	348	348	4.0	0	0	4/4	5	1	1	1	1		3	69	A4	4	1754
88	88	348	348	4.0	0	0	4/4	7	1	1	1	1		3	69	A4	4	1760
88	88	350	350	2.0	1/2	1/2	4/4	4	1	1/2	1/2	1		2	50	D3	3	1753
88	88	350	350	2.0	1/2	1/2	4/4	6	1	1/2	1/2	1		2	50	D3	3	1759
88	88	350	350	2.0	1/2	1/2	4/4	8	1	1/2	1/2	1		2	50	D3	3	1762
88	88	350	350	2.0	1/2	1/2	4/4	3	1	1/2	1/2	1		2	62	D4	4	1751
88	88	350	350	2.0	1/2	1/2	4/4	2	1	1/2	1/2	1		6	66	F#4	4	1749
88	88	350	350	2.0	1/2	1/2	4/4	5	3	1/2	1/2	1		6	66	F#4	4	1757
89	89	352	352	2.0	0	0	4/4	4	1	1/2	1/2	1		1	43	G2	2	1772
89	89	352	352	2.0	0	0	4/4	6	1	1/2	1/2	1		1	43	G2	2	1783
89	89	352	352	2.0	0	0	4/4	8	1	1/2	1/2	1		1	43	G2	2	1788
89	89	352	352	2.0	0	0	4/4	5	2	1/2	1/2	1		1	55	G3	3	1778
89	89	352	352	2.0	0	0	4/4	3	1	1/2	1/2	1		2	62	D4	4	1769
89	89	352	352	2.0	0	0	4/4	5	4	1/2	1/2	1		2	62	D4	4	1782
89	89	352	352	2.0	0	0	4/4	2	1	1/2	1/2	1		1	67	G4	4	1766
89	89	352	352	2.0	0	0	4/4	5	3	1/2	1/2	1		1	67	G4	4	1780
89	89	352	352	2.0	0	0	4/4	1	1	1/2	1/2	1		5	71	B4	4	1763
89	89	352	352	2.0	0	0	4/4	5	1	1/2	1/2	1		5	71	B4	4	1775
89	89	352	352	2.0	0	0	4/4	7	1	1/2	1/2	1		5	71	B4	4	1785
89	89	354	354	1.0	1/2	1/2	4/4	4	1	1/4	1/4	1		4	52	E3	3	1773
89	89	354	354	2.0	1/2	1/2	4/4	6	1	1/2	1/2	1		4	52	E3	3	1784
89	89	354	354	2.0	1/2	1/2	4/4	8	1	1/2	1/2	1		4	52	E3	3	1789
89	89	354	354	1.0	1/2	1/2	4/4	3	1	1/4	1/4	1		4	64	E4	4	1770
89	89	354	354	2.0	1/2	1/2	4/4	5	2	1/2	1/2	1		4	64	E4	4	1779
89	89	354	354	1.0	1/2	1/2	4/4	2	1	1/4	1/4	1		1	67	G4	4	1767
89	89	354	354	2.0	1/2	1/2	4/4	5	3	1/2	1/2	1		1	67	G4	4	1781
89	89	354	354	1.0	1/2	1/2	4/4	1	1	1/4	1/4	1		5	71	B4	4	1764
89	89	354	354	1.0	1/2	1/2	4/4	5	1	1/4	1/4	1		5	71	B4	4	1776
89	89	354	354	1.0	1/2	1/2	4/4	7	1	1/4	1/4	1		5	71	B4	4	1786
89	89	355	355	1.0	3/4	3/4	4/4	4	1	1/4	1/4	1		4	52	E3	3	1774
89	89	355	355	1.0	3/4	3/4	4/4	3	1	1/4	1/4	1		4	64	E4	4	1771
89	89	355	355	1.0	3/4	3/4	4/4	2	1	1/4	1/4	1		1	67	G4	4	1768
89	89	355	355	1.0	3/4	3/4	4/4	1	1	1/4	1/4	1		5	71	B4	4	1765
89	89	355	355	1.0	3/4	3/4	4/4	5	1	1/4	1/4	1		5	71	B4	4	1777
89	89	355	355	1.0	3/4	3/4	4/4	7	1	1/4	1/4	1		5	71	B4	4	1787
90	90	356	356	2.0	0	0	4/4	4	1	1/2	1/2	1		2	50	D3	3	1796
90	90	356	356	2.0	0	0	4/4	6	1	1/2	1/2	1		2	50	D3	3	1804
90	90	356	356	2.0	0	0	4/4	8	1	1/2	1/2	1		2	50	D3	3	1808
90	90	356	356	2.0	0	0	4/4	3	1	1/2	1/2	1		4	64	E4	4	1794
90	90	356	356	2.0	0	0	4/4	5	2	1/2	1/2	1		4	64	E4	4	1800
90	90	356	356	2.0	0	0	4/4	2	1	1/2	1/2	1		8	68	G#4	4	1792
90	90	356	356	2.0	0	0	4/4	5	3	1/2	1/2	1		8	68	G#4	4	1802
90	90	356	356	2.0	0	0	4/4	1	1	1/2	1/2	1		5	71	B4	4	1790
90	90	356	356	2.0	0	0	4/4	5	1	1/2	1/2	1		5	71	B4	4	1798
90	90	356	356	2.0	0	0	4/4	7	1	1/2	1/2	1		5	71	B4	4	1806
90	90	358	358	2.0	1/2	1/2	4/4	4	1	1/2	1/2	1		0	48	C3	3	1797
90	90	358	358	2.0	1/2	1/2	4/4	6	1	1/2	1/2	1		0	48	C3	3	1805
90	90	358	358	2.0	1/2	1/2	4/4	8	1	1/2	1/2	1		0	48	C3	3	1809
90	90	358	358	2.0	1/2	1/2	4/4	3	1	1/2	1/2	1		4	64	E4	4	1795
90	90	358	358	2.0	1/2	1/2	4/4	5	2	1/2	1/2	1		4	64	E4	4	1801
90	90	358	358	2.0	1/2	1/2	4/4	1	1	1/2	1/2	1		3	69	A4	4	1791
90	90	358	358	2.0	1/2	1/2	4/4	2	1	1/2	1/2	1		3	69	A4	4	1793
90	90	358	358	2.0	1/2	1/2	4/4	5	1	1/2	1/2	1		3	69	A4	4	1799
90	90	358	358	2.0	1/2	1/2	4/4	5	3	1/2	1/2	1		3	69	A4	4	1803
90	90	358	358	2.0	1/2	1/2	4/4	7	1	1/2	1/2	1		3	69	A4	4	1807
91	91	360	360	2.0	0	0	4/4	4	1	1/2	1/2	1		2	50	D3	3	1816
91	91	360	360	2.0	0	0	4/4	6	1	1/2	1/2	1		2	50	D3	3	1823
91	91	360	360	2.0	0	0	4/4	8	1	1/2	1/2	1		2	50	D3	3	1827
91	91	360	360	2.0	0	0	4/4	3	1	1/2	1/2	1		5	59	B3	3	1814
91	91	360	360	4.0	0	0	4/4	5	2	1	1	1		5	59	B3	3	1820
91	91	360	360	2.0	0	0	4/4	2	1	1/2	1/2	1		-1	65	F4	4	1812
91	91	360	360	2.0	0	0	4/4	5	3	1/2	1/2	1		-1	65	F4	4	1821
91	91	360	360	2.0	0	0	4/4	1	1	1/2	1/2	1		3	69	A4	4	1810
91	91	360	360	2.0	0	0	4/4	5	1	1/2	1/2	1		3	69	A4	4	1818
91	91	360	360	2.0	0	0	4/4	7	1	1/2	1/2	1		3	69	A4	4	1825
91	91	362	362	2.0	1/2	1/2	4/4	4	1	1/2	1/2	1		4	52	E3	3	1817
91	91	362	362	2.0	1/2	1/2	4/4	6	1	1/2	1/2	1		4	52	E3	3	1824
91	91	362	362	2.0	1/2	1/2	4/4	8	1	1/2	1/2	1		4	52	E3	3	1828
91	91	362	362	2.0	1/2	1/2	4/4	3	1	1/2	1/2	1		5	59	B3	3	1815
91	91	362	362	2.0	1/2	1/2	4/4	2	1	1/2	1/2	1		4	64	E4	4	1813
91	91	362	362	2.0	1/2	1/2	4/4	5	3	1/2	1/2	1		4	64	E4	4	1822
91	91	362	362	2.0	1/2	1/2	4/4	1	1	1/2	1/2	1		8	68	G#4	4	1811
91	91	362	362	2.0	1/2	1/2	4/4	5	1	1/2	1/2	1		8	68	G#4	4	1819
91	91	362	362	2.0	1/2	1/2	4/4	7	1	1/2	1/2	1		8	68	G#4	4	1826
92	92	364	364	2.0	0	0	4/4	4	1	1/2	1/2	1		3	45	A2	2	1835
92	92	364	364	2.0	0	0	4/4	6	1	1/2	1/2	1		3	45	A2	2	1843
92	92	364	364	2.0	0	0	4/4	8	1	1/2	1/2	1		3	45	A2	2	1847
92	92	364	364	2.0	0	0	4/4	3	1	1/2	1/2	1		0	60	C4	4	1833
92	92	364	364	2.0	0	0	4/4	5	2	1/2	1/2	1		0	60	C4	4	1839
92	92	364	364	2.0	0	0	4/4	2	1	1/2	1/2	1		4	64	E4	4	1831
92	92	364	364	2.0	0	0	4/4	5	3	1/2	1/2	1		4	64	E4	4	1841
92	92	364	364	2.0	0	0	4/4	1	1	1/2	1/2	1		3	69	A4	4	1829
92	92	364	364	2.0	0	0	4/4	5	1	1/2	1/2	1		3	69	A4	4	1837
92	92	364	364	2.0	0	0	4/4	7	1	1/2	1/2	1		3	69	A4	4	1845
92	92	366	366	2.0	1/2	1/2	4/4	4	1	1/2	1/2	1		0	48	C3	3	1836
92	92	366	366	2.0	1/2	1/2	4/4	6	1	1/2	1/2	1		0	48	C3	3	1844
92	92	366	366	2.0	1/2	1/2	4/4	8	1	1/2	1/2	1		0	48	C3	3	1848
92	92	366	366	2.0	1/2	1/2	4/4	3	1	1/2	1/2	1		0	60	C4	4	1834
92	92	366	366	2.0	1/2	1/2	4/4	5	2	1/2	1/2	1		0	60	C4	4	1840
92	92	366	366	2.0	1/2	1/2	4/4	2	1	1/2	1/2	1		4	64	E4	4	1832
92	92	366	366	2.0	1/2	1/2	4/4	5	3	1/2	1/2	1		4	64	E4	4	1842
92	92	366	366	2.0	1/2	1/2	4/4	1	1	1/2	1/2	1		1	67	G4	4	1830
92	92	366	366	2.0	1/2	1/2	4/4	5	1	1/2	1/2	1		1	67	G4	4	1838
92	92	366	366	2.0	1/2	1/2	4/4	7	1	1/2	1/2	1		1	67	G4	4	1846
93	93	368	368	2.0	0	0	4/4	4	1	1/2	1/2	1		5	47	B2	2	1855
93	93	368	368	2.0	0	0	4/4	6	1	1/2	1/2	1		5	47	B2	2	1863
93	93	368	368	2.0	0	0	4/4	8	1	1/2	1/2	1		5	47	B2	2	1867
93	93	368	368	2.0	0	0	4/4	5	2	1/2	1/2	1		1	55	G3	3	1859
93	93	368	368	2.0	0	0	4/4	2	1	1/2	1/2	1		2	62	D4	4	1851
93	93	368	368	2.0	0	0	4/4	3	1	1/2	1/2	1		2	62	D4	4	1853
93	93	368	368	2.0	0	0	4/4	5	3	1/2	1/2	1		2	62	D4	4	1861
93	93	368	368	2.0	0	0	4/4	1	1	1/2	1/2	1		1	67	G4	4	1849
93	93	368	368	2.0	0	0	4/4	5	1	1/2	1/2	1		1	67	G4	4	1857
93	93	368	368	2.0	0	0	4/4	7	1	1/2	1/2	1		1	67	G4	4	1865
93	93	370	370	2.0	1/2	1/2	4/4	4	1	1/2	1/2	1		4	52	E3	3	1856
93	93	370	370	2.0	1/2	1/2	4/4	6	1	1/2	1/2	1		4	52	E3	3	1864
93	93	370	370	2.0	1/2	1/2	4/4	8	1	1/2	1/2	1		4	52	E3	3	1868
93	93	370	370	2.0	1/2	1/2	4/4	5	2	1/2	1/2	1	1	1	55	G3	3	1860
93	93	370	370	2.0	1/2	1/2	4/4	3	1	1/2	1/2	1		5	59	B3	3	1854
93	93	370	370	2.0	1/2	1/2	4/4	5	3	1/2	1/2	1		5	59	B3	3	1862
93	93	370	370	2.0	1/2	1/2	4/4	1	1	1/2	1/2	1		1	67	G4	4	1850
93	93	370	370	2.0	1/2	1/2	4/4	2	1	1/2	1/2	1	1	1	67	G4	4	1852
93	93	370	370	2.0	1/2	1/2	4/4	5	1	1/2	1/2	1		1	67	G4	4	1858
93	93	370	370	2.0	1/2	1/2	4/4	7	1	1/2	1/2	1		1	67	G4	4	1866
94	94	372	372	2.0	0	0	4/4	4	1	1/2	1/2	1		0	48	C3	3	1875
94	94	372	372	2.0	0	0	4/4	6	1	1/2	1/2	1		0	48	C3	3	1883
94	94	372	372	2.0	0	0	4/4	8	1	1/2	1/2	1		0	48	C3	3	1887
94	94	372	372	2.0	0	0	4/4	5	2	1/2	1/2	1	-1	1	55	G3	3	1879
94	94	372	372	2.0	0	0	4/4	3	1	1/2	1/2	1		4	64	E4	4	1873
94	94	372	372	2.0	0	0	4/4	5	3	1/2	1/2	1		4	64	E4	4	1881
94	94	372	372	2.0	0	0	4/4	2	1	1/2	1/2	1	-1	1	67	G4	4	1871
94	94	372	372	2.0	0	0	4/4	1	1	1/2	1/2	1		3	69	A4	4	1869
94	94	372	372	2.0	0	0	4/4	5	1	1/2	1/2	1		3	69	A4	4	1877
94	94	372	372	2.0	0	0	4/4	7	1	1/2	1/2	1		3	69	A4	4	1885
94	94	374	374	2.0	1/2	1/2	4/4	4	1	1/2	1/2	1		2	50	D3	3	1876
94	94	374	374	2.0	1/2	1/2	4/4	6	1	1/2	1/2	1		2	50	D3	3	1884
94	94	374	374	2.0	1/2	1/2	4/4	8	1	1/2	1/2	1		2	50	D3	3	1888
94	94	374	374	2.0	1/2	1/2	4/4	5	2	1/2	1/2	1		6	54	F#3	3	1880
94	94	374	374	2.0	1/2	1/2	4/4	3	1	1/2	1/2	1		2	62	D4	4	1874
94	94	374	374	2.0	1/2	1/2	4/4	5	3	1/2	1/2	1		2	62	D4	4	1882
94	94	374	374	2.0	1/2	1/2	4/4	2	1	1/2	1/2	1		6	66	F#4	4	1872
94	94	374	374	2.0	1/2	1/2	4/4	1	1	1/2	1/2	1		3	69	A4	4	1870
94	94	374	374	2.0	1/2	1/2	4/4	5	1	1/2	1/2	1		3	69	A4	4	1878
94	94	374	374	2.0	1/2	1/2	4/4	7	1	1/2	1/2	1		3	69	A4	4	1886
95	95	376	376	2.0	0	0	4/4	4	1	1/2	1/2	1		1	43	G2	2	1898
95	95	376	376	2.0	0	0	4/4	6	1	1/2	1/2	1		1	43	G2	2	1908
95	95	376	376	2.0	0	0	4/4	8	1	1/2	1/2	1		1	43	G2	2	1913
95	95	376	376	2.0	0	0	4/4	5	2	1/2	1/2	1		1	55	G3	3	1904
95	95	376	376	2.0	0	0	4/4	3	1	1/2	1/2	1		2	62	D4	4	1895
95	95	376	376	2.0	0	0	4/4	5	3	1/2	1/2	1		2	62	D4	4	1906
95	95	376	376	2.0	0	0	4/4	2	1	1/2	1/2	1		1	67	G4	4	1892
95	95	376	376	2.0	0	0	4/4	1	1	1/2	1/2	1		5	71	B4	4	1889
95	95	376	376	2.0	0	0	4/4	5	1	1/2	1/2	1		5	71	B4	4	1901
95	95	376	376	2.0	0	0	4/4	7	1	1/2	1/2	1		5	71	B4	4	1910
95	95	378	378	1.0	1/2	1/2	4/4	4	1	1/4	1/4	1		1	43	G2	2	1899
95	95	378	378	2.0	1/2	1/2	4/4	6	1	1/2	1/2	1		1	43	G2	2	1909
95	95	378	378	2.0	1/2	1/2	4/4	8	1	1/2	1/2	1		1	43	G2	2	1914
95	95	378	378	1.0	1/2	1/2	4/4	3	1	1/4	1/4	1		2	62	D4	4	1896
95	95	378	378	2.0	1/2	1/2	4/4	5	2	1/2	1/2	1	1	2	62	D4	4	1905
95	95	378	378	1.0	1/2	1/2	4/4	2	1	1/4	1/4	1		1	67	G4	4	1893
95	95	378	378	2.0	1/2	1/2	4/4	5	3	1/2	1/2	1		1	67	G4	4	1907
95	95	378	378	1.0	1/2	1/2	4/4	1	1	1/4	1/4	1		5	71	B4	4	1890
95	95	378	378	1.0	1/2	1/2	4/4	5	1	1/4	1/4	1		5	71	B4	4	1902
95	95	378	378	1.0	1/2	1/2	4/4	7	1	1/4	1/4	1		5	71	B4	4	1911
95	95	379	379	1.0	3/4	3/4	4/4	4	1	1/4	1/4	1		1	43	G2	2	1900
95	95	379	379	1.0	3/4	3/4	4/4	3	1	1/4	1/4	1		2	62	D4	4	1897
95	95	379	379	1.0	3/4	3/4	4/4	2	1	1/4	1/4	1		1	67	G4	4	1894
95	95	379	379	1.0	3/4	3/4	4/4	1	1	1/4	1/4	1		5	71	B4	4	1891
95	95	379	379	1.0	3/4	3/4	4/4	5	1	1/4	1/4	1		5	71	B4	4	1903
95	95	379	379	1.0	3/4	3/4	4/4	7	1	1/4	1/4	1		5	71	B4	4	1912
96	96	380	380	2.0	0	0	4/4	4	1	1/2	1/2	1		8	44	G#2	2	1921
96	96	380	380	2.0	0	0	4/4	6	1	1/2	1/2	1		8	44	G#2	2	1929
96	96	380	380	2.0	0	0	4/4	8	1	1/2	1/2	1		8	44	G#2	2	1933
96	96	380	380	2.0	0	0	4/4	3	1	1/2	1/2	1		2	62	D4	4	1919
96	96	380	380	2.0	0	0	4/4	5	2	1/2	1/2	1	-1	2	62	D4	4	1925
96	96	380	380	2.0	0	0	4/4	2	1	1/2	1/2	1		4	64	E4	4	1917
96	96	380	380	2.0	0	0	4/4	5	3	1/2	1/2	1		4	64	E4	4	1927
96	96	380	380	2.0	0	0	4/4	1	1	1/2	1/2	1		5	71	B4	4	1915
96	96	380	380	2.0	0	0	4/4	5	1	1/2	1/2	1		5	71	B4	4	1923
96	96	380	380	2.0	0	0	4/4	7	1	1/2	1/2	1		5	71	B4	4	1931
96	96	382	382	2.0	1/2	1/2	4/4	4	1	1/2	1/2	1		3	45	A2	2	1922
96	96	382	382	2.0	1/2	1/2	4/4	6	1	1/2	1/2	1		3	45	A2	2	1930
96	96	382	382	2.0	1/2	1/2	4/4	8	1	1/2	1/2	1		3	45	A2	2	1934
96	96	382	382	2.0	1/2	1/2	4/4	3	1	1/2	1/2	1		0	60	C4	4	1920
96	96	382	382	2.0	1/2	1/2	4/4	5	2	1/2	1/2	1		0	60	C4	4	1926
96	96	382	382	2.0	1/2	1/2	4/4	2	1	1/2	1/2	1		4	64	E4	4	1918
96	96	382	382	2.0	1/2	1/2	4/4	5	3	1/2	1/2	1		4	64	E4	4	1928
96	96	382	382	2.0	1/2	1/2	4/4	1	1	1/2	1/2	1		3	69	A4	4	1916
96	96	382	382	2.0	1/2	1/2	4/4	5	1	1/2	1/2	1		3	69	A4	4	1924
96	96	382	382	2.0	1/2	1/2	4/4	7	1	1/2	1/2	1		3	69	A4	4	1932
97	97	384	384	2.0	0	0	4/4	4	1	1/2	1/2	1		4	52	E3	3	1941
97	97	384	384	4.0	0	0	4/4	6	1	1	1	1		4	52	E3	3	1948
97	97	384	384	4.0	0	0	4/4	8	1	1	1	1		4	52	E3	3	1951
97	97	384	384	2.0	0	0	4/4	3	1	1/2	1/2	1		0	60	C4	4	1939
97	97	384	384	2.0	0	0	4/4	5	2	1/2	1/2	1		0	60	C4	4	1945
97	97	384	384	2.0	0	0	4/4	2	1	1/2	1/2	1		4	64	E4	4	1937
97	97	384	384	4.0	0	0	4/4	5	3	1	1	1		4	64	E4	4	1947
97	97	384	384	2.0	0	0	4/4	1	1	1/2	1/2	1		3	69	A4	4	1935
97	97	384	384	2.0	0	0	4/4	5	1	1/2	1/2	1		3	69	A4	4	1943
97	97	384	384	2.0	0	0	4/4	7	1	1/2	1/2	1		3	69	A4	4	1949
97	97	386	386	2.0	1/2	1/2	4/4	4	1	1/2	1/2	1		4	52	E3	3	1942
97	97	386	386	2.0	1/2	1/2	4/4	3	1	1/2	1/2	1		5	59	B3	3	1940
97	97	386	386	2.0	1/2	1/2	4/4	5	2	1/2	1/2	1		5	59	B3	3	1946
97	97	386	386	2.0	1/2	1/2	4/4	2	1	1/2	1/2	1		4	64	E4	4	1938
97	97	386	386	2.0	1/2	1/2	4/4	1	1	1/2	1/2	1		8	68	G#4	4	1936
97	97	386	386	2.0	1/2	1/2	4/4	5	1	1/2	1/2	1		8	68	G#4	4	1944
97	97	386	386	2.0	1/2	1/2	4/4	7	1	1/2	1/2	1		8	68	G#4	4	1950
98	98	388	388	2.0	0	0	4/4	4	1	1/2	1/2	1		3	45	A2	2	1958
98	98	388	388	2.0	0	0	4/4	6	1	1/2	1/2	1		3	45	A2	2	1966
98	98	388	388	2.0	0	0	4/4	8	1	1/2	1/2	1		3	45	A2	2	1970
98	98	388	388	2.0	0	0	4/4	3	1	1/2	1/2	1		0	60	C4	4	1956
98	98	388	388	2.0	0	0	4/4	5	2	1/2	1/2	1		0	60	C4	4	1962
98	98	388	388	2.0	0	0	4/4	2	1	1/2	1/2	1		4	64	E4	4	1954
98	98	388	388	2.0	0	0	4/4	5	3	1/2	1/2	1		4	64	E4	4	1964
98	98	388	388	2.0	0	0	4/4	1	1	1/2	1/2	1		3	69	A4	4	1952
98	98	388	388	2.0	0	0	4/4	5	1	1/2	1/2	1		3	69	A4	4	1960
98	98	388	388	2.0	0	0	4/4	7	1	1/2	1/2	1		3	69	A4	4	1968
98	98	390	390	2.0	1/2	1/2	4/4	4	1	1/2	1/2	1		5	47	B2	2	1959
98	98	390	390	2.0	1/2	1/2	4/4	6	1	1/2	1/2	1		5	47	B2	2	1967
98	98	390	390	2.0	1/2	1/2	4/4	8	1	1/2	1/2	1		5	47	B2	2	1971
98	98	390	390	2.0	1/2	1/2	4/4	2	1	1/2	1/2	1		2	62	D4	4	1955
98	98	390	390	2.0	1/2	1/2	4/4	3	1	1/2	1/2	1		2	62	D4	4	1957
98	98	390	390	2.0	1/2	1/2	4/4	5	2	1/2	1/2	1		2	62	D4	4	1963
98	98	390	390	2.0	1/2	1/2	4/4	5	3	1/2	1/2	1		2	62	D4	4	1965
98	98	390	390	2.0	1/2	1/2	4/4	1	1	1/2	1/2	1		1	67	G4	4	1953
98	98	390	390	2.0	1/2	1/2	4/4	5	1	1/2	1/2	1		1	67	G4	4	1961
98	98	390	390	2.0	1/2	1/2	4/4	7	1	1/2	1/2	1		1	67	G4	4	1969
99	99	392	392	2.0	0	0	4/4	4	1	1/2	1/2	1		0	48	C3	3	1981
99	99	392	392	2.0	0	0	4/4	6	1	1/2	1/2	1		0	48	C3	3	1991
99	99	392	392	2.0	0	0	4/4	8	1	1/2	1/2	1		0	48	C3	3	1996
99	99	392	392	2.0	0	0	4/4	3	1	1/2	1/2	1		0	60	C4	4	1978
99	99	392	392	2.0	0	0	4/4	5	2	1/2	1/2	1		0	60	C4	4	1987
99	99	392	392	2.0	0	0	4/4	2	1	1/2	1/2	1		4	64	E4	4	1975
99	99	392	392	2.0	0	0	4/4	5	3	1/2	1/2	1		4	64	E4	4	1989
99	99	392	392	2.0	0	0	4/4	1	1	1/2	1/2	1		1	67	G4	4	1972
99	99	392	392	2.0	0	0	4/4	5	1	1/2	1/2	1		1	67	G4	4	1984
99	99	392	392	2.0	0	0	4/4	7	1	1/2	1/2	1		1	67	G4	4	1993
99	99	394	394	1.0	1/2	1/2	4/4	4	1	1/4	1/4	1		5	47	B2	2	1982
99	99	394	394	2.0	1/2	1/2	4/4	6	1	1/2	1/2	1		5	47	B2	2	1992
99	99	394	394	2.0	1/2	1/2	4/4	8	1	1/2	1/2	1		5	47	B2	2	1997
99	99	394	394	2.0	1/2	1/2	4/4	5	2	1/2	1/2	1	1	1	55	G3	3	1988
99	99	394	394	1.0	1/2	1/2	4/4	3	1	1/4	1/4	1		2	62	D4	4	1979
99	99	394	394	2.0	1/2	1/2	4/4	5	3	1/2	1/2	1		2	62	D4	4	1990
99	99	394	394	1.0	1/2	1/2	4/4	1	1	1/4	1/4	1		1	67	G4	4	1973
99	99	394	394	1.0	1/2	1/2	4/4	2	1	1/4	1/4	1		1	67	G4	4	1976
99	99	394	394	1.0	1/2	1/2	4/4	5	1	1/4	1/4	1		1	67	G4	4	1985
99	99	394	394	1.0	1/2	1/2	4/4	7	1	1/4	1/4	1		1	67	G4	4	1994
99	99	395	395	1.0	3/4	3/4	4/4	4	1	1/4	1/4	1		5	47	B2	2	1983
99	99	395	395	1.0	3/4	3/4	4/4	3	1	1/4	1/4	1		2	62	D4	4	1980
99	99	395	395	1.0	3/4	3/4	4/4	1	1	1/4	1/4	1		1	67	G4	4	1974
99	99	395	395	1.0	3/4	3/4	4/4	2	1	1/4	1/4	1		1	67	G4	4	1977
99	99	395	395	1.0	3/4	3/4	4/4	5	1	1/4	1/4	1		1	67	G4	4	1986
99	99	395	395	1.0	3/4	3/4	4/4	7	1	1/4	1/4	1		1	67	G4	4	1995
100	100	396	396	2.0	0	0	4/4	4	1	1/2	1/2	1		3	45	A2	2	2003
100	100	396	396	2.0	0	0	4/4	6	1	1/2	1/2	1		3	45	A2	2	2010
100	100	396	396	2.0	0	0	4/4	8	1	1/2	1/2	1		3	45	A2	2	2013
100	100	396	396	2.0	0	0	4/4	5	2	1/2	1/2	1	-1	1	55	G3	3	2006
100	100	396	396	2.0	0	0	4/4	3	1	1/2	1/2	1		0	60	C4	4	2001
100	100	396	396	2.0	0	0	4/4	5	3	1/2	1/2	1		0	60	C4	4	2008
100	100	396	396	2.0	0	0	4/4	2	1	1/2	1/2	1		1	67	G4	4	1999
100	100	396	396	4.0	0	0	4/4	1	1	1	1	1		3	69	A4	4	1998
100	100	396	396	4.0	0	0	4/4	5	1	1	1	1		3	69	A4	4	2005
100	100	396	396	4.0	0	0	4/4	7	1	1	1	1		3	69	A4	4	2012
100	100	398	398	2.0	1/2	1/2	4/4	4	1	1/2	1/2	1		2	50	D3	3	2004
100	100	398	398	2.0	1/2	1/2	4/4	6	1	1/2	1/2	1		2	50	D3	3	2011
100	100	398	398	2.0	1/2	1/2	4/4	8	1	1/2	1/2	1		2	50	D3	3	2014
100	100	398	398	2.0	1/2	1/2	4/4	5	2	1/2	1/2	1		6	54	F#3	3	2007
100	100	398	398	2.0	1/2	1/2	4/4	3	1	1/2	1/2	1		2	62	D4	4	2002
100	100	398	398	2.0	1/2	1/2	4/4	5	3	1/2	1/2	1		2	62	D4	4	2009
100	100	398	398	2.0	1/2	1/2	4/4	2	1	1/2	1/2	1		6	66	F#4	4	2000
101	101	400	400	2.0	0	0	4/4	4	1	1/2	1/2	1		1	43	G2	2	2024
101	101	400	400	2.0	0	0	4/4	6	1	1/2	1/2	1		1	43	G2	2	2034
101	101	400	400	2.0	0	0	4/4	8	1	1/2	1/2	1		1	43	G2	2	2039
101	101	400	400	2.0	0	0	4/4	5	2	1/2	1/2	1		6	54	F#3	3	2030
101	101	400	400	2.0	0	0	4/4	3	1	1/2	1/2	1		2	62	D4	4	2021
101	101	400	400	2.0	0	0	4/4	5	3	1/2	1/2	1		2	62	D4	4	2032
101	101	400	400	2.0	0	0	4/4	2	1	1/2	1/2	1		1	67	G4	4	2018
101	101	400	400	2.0	0	0	4/4	1	1	1/2	1/2	1		5	71	B4	4	2015
101	101	400	400	2.0	0	0	4/4	5	1	1/2	1/2	1		5	71	B4	4	2027
101	101	400	400	2.0	0	0	4/4	7	1	1/2	1/2	1		5	71	B4	4	2036
101	101	402	402	1.0	1/2	1/2	4/4	4	1	1/4	1/4	1		1	55	G3	3	2025
101	101	402	402	2.0	1/2	1/2	4/4	6	1	1/2	1/2	1		1	55	G3	3	2035
101	101	402	402	2.0	1/2	1/2	4/4	8	1	1/2	1/2	1		1	55	G3	3	2040
101	101	402	402	1.0	1/2	1/2	4/4	3	1	1/4	1/4	1		2	62	D4	4	2022
101	101	402	402	2.0	1/2	1/2	4/4	5	2	1/2	1/2	1		2	62	D4	4	2031
101	101	402	402	1.0	1/2	1/2	4/4	2	1	1/4	1/4	1		1	67	G4	4	2019
101	101	402	402	2.0	1/2	1/2	4/4	5	3	1/2	1/2	1		1	67	G4	4	2033
101	101	402	402	1.0	1/2	1/2	4/4	1	1	1/4	1/4	1		5	71	B4	4	2016
101	101	402	402	1.0	1/2	1/2	4/4	5	1	1/4	1/4	1		5	71	B4	4	2028
101	101	402	402	1.0	1/2	1/2	4/4	7	1	1/4	1/4	1		5	71	B4	4	2037
101	101	403	403	1.0	3/4	3/4	4/4	4	1	1/4	1/4	1		1	55	G3	3	2026
101	101	403	403	1.0	3/4	3/4	4/4	3	1	1/4	1/4	1		2	62	D4	4	2023
101	101	403	403	1.0	3/4	3/4	4/4	2	1	1/4	1/4	1		1	67	G4	4	2020
101	101	403	403	1.0	3/4	3/4	4/4	1	1	1/4	1/4	1		5	71	B4	4	2017
101	101	403	403	1.0	3/4	3/4	4/4	5	1	1/4	1/4	1		5	71	B4	4	2029
101	101	403	403	1.0	3/4	3/4	4/4	7	1	1/4	1/4	1		5	71	B4	4	2038
102	102	404	404	2.0	0	0	4/4	4	1	1/2	1/2	1		4	52	E3	3	2048
102	102	404	404	2.0	0	0	4/4	6	1	1/2	1/2	1		4	52	E3	3	2057
102	102	404	404	2.0	0	0	4/4	8	1	1/2	1/2	1		4	52	E3	3	2061
102	102	404	404	1.0	0	0	4/4	3	1	1/4	1/4	1		4	64	E4	4	2045
102	102	404	404	1.0	0	0	4/4	5	2	1/4	1/4	1		4	64	E4	4	2052
102	102	404	404	2.0	0	0	4/4	2	1	1/2	1/2	1		8	68	G#4	4	2043
102	102	404	404	2.0	0	0	4/4	5	3	1/2	1/2	1		8	68	G#4	4	2055
102	102	404	404	2.0	0	0	4/4	1	1	1/2	1/2	1		5	71	B4	4	2041
102	102	404	404	2.0	0	0	4/4	5	1	1/2	1/2	1		5	71	B4	4	2050
102	102	404	404	2.0	0	0	4/4	7	1	1/2	1/2	1		5	71	B4	4	2059
102	102	405	405	1.0	1/4	1/4	4/4	3	1	1/4	1/4	1		2	62	D4	4	2046
102	102	405	405	1.0	1/4	1/4	4/4	5	2	1/4	1/4	1		2	62	D4	4	2053
102	102	406	406	2.0	1/2	1/2	4/4	4	1	1/2	1/2	1		-1	53	F3	3	2049
102	102	406	406	2.0	1/2	1/2	4/4	6	1	1/2	1/2	1		-1	53	F3	3	2058
102	102	406	406	2.0	1/2	1/2	4/4	8	1	1/2	1/2	1		-1	53	F3	3	2062
102	102	406	406	2.0	1/2	1/2	4/4	3	1	1/2	1/2	1		0	60	C4	4	2047
102	102	406	406	2.0	1/2	1/2	4/4	5	2	1/2	1/2	1		0	60	C4	4	2054
102	102	406	406	2.0	1/2	1/2	4/4	1	1	1/2	1/2	1		3	69	A4	4	2042
102	102	406	406	2.0	1/2	1/2	4/4	2	1	1/2	1/2	1		3	69	A4	4	2044
102	102	406	406	2.0	1/2	1/2	4/4	5	1	1/2	1/2	1		3	69	A4	4	2051
102	102	406	406	2.0	1/2	1/2	4/4	5	3	1/2	1/2	1		3	69	A4	4	2056
102	102	406	406	2.0	1/2	1/2	4/4	7	1	1/2	1/2	1		3	69	A4	4	2060
103	103	408	408	2.0	0	0	4/4	4	1	1/2	1/2	1		2	50	D3	3	2069
103	103	408	408	2.0	0	0	4/4	6	1	1/2	1/2	1		2	50	D3	3	2076
103	103	408	408	2.0	0	0	4/4	8	1	1/2	1/2	1		2	50	D3	3	2080
103	103	408	408	2.0	0	0	4/4	3	1	1/2	1/2	1		5	59	B3	3	2067
103	103	408	408	4.0	0	0	4/4	5	2	1	1	1		5	59	B3	3	2073
103	103	408	408	2.0	0	0	4/4	2	1	1/2	1/2	1		-1	65	F4	4	2065
103	103	408	408	2.0	0	0	4/4	5	3	1/2	1/2	1		-1	65	F4	4	2074
103	103	408	408	2.0	0	0	4/4	1	1	1/2	1/2	1		3	69	A4	4	2063
103	103	408	408	2.0	0	0	4/4	5	1	1/2	1/2	1		3	69	A4	4	2071
103	103	408	408	2.0	0	0	4/4	7	1	1/2	1/2	1		3	69	A4	4	2078
103	103	410	410	2.0	1/2	1/2	4/4	4	1	1/2	1/2	1		4	52	E3	3	2070
103	103	410	410	2.0	1/2	1/2	4/4	6	1	1/2	1/2	1		4	52	E3	3	2077
103	103	410	410	2.0	1/2	1/2	4/4	8	1	1/2	1/2	1		4	52	E3	3	2081
103	103	410	410	2.0	1/2	1/2	4/4	3	1	1/2	1/2	1		5	59	B3	3	2068
103	103	410	410	2.0	1/2	1/2	4/4	2	1	1/2	1/2	1		4	64	E4	4	2066
103	103	410	410	2.0	1/2	1/2	4/4	5	3	1/2	1/2	1		4	64	E4	4	2075
103	103	410	410	2.0	1/2	1/2	4/4	1	1	1/2	1/2	1		8	68	G#4	4	2064
103	103	410	410	2.0	1/2	1/2	4/4	5	1	1/2	1/2	1		8	68	G#4	4	2072
103	103	410	410	2.0	1/2	1/2	4/4	7	1	1/2	1/2	1		8	68	G#4	4	2079
104	104	412	412	2.0	0	0	4/4	4	1	1/2	1/2	1		3	45	A2	2	2091
104	104	412	412	2.0	0	0	4/4	6	1	1/2	1/2	1		3	45	A2	2	2101
104	104	412	412	2.0	0	0	4/4	8	1	1/2	1/2	1		3	45	A2	2	2106
104	104	412	412	2.0	0	0	4/4	3	1	1/2	1/2	1		0	60	C4	4	2088
104	104	412	412	2.0	0	0	4/4	5	2	1/2	1/2	1		0	60	C4	4	2097
104	104	412	412	2.0	0	0	4/4	2	1	1/2	1/2	1		4	64	E4	4	2085
104	104	412	412	2.0	0	0	4/4	5	3	1/2	1/2	1		4	64	E4	4	2099
104	104	412	412	2.0	0	0	4/4	1	1	1/2	1/2	1		3	69	A4	4	2082
104	104	412	412	2.0	0	0	4/4	5	1	1/2	1/2	1		3	69	A4	4	2094
104	104	412	412	2.0	0	0	4/4	7	1	1/2	1/2	1		3	69	A4	4	2103
104	104	414	414	1.0	1/2	1/2	4/4	4	1	1/4	1/4	1		4	52	E3	3	2092
104	104	414	414	2.0	1/2	1/2	4/4	6	1	1/2	1/2	1		4	52	E3	3	2102
104	104	414	414	2.0	1/2	1/2	4/4	8	1	1/2	1/2	1		4	52	E3	3	2107
104	104	414	414	1.0	1/2	1/2	4/4	3	1	1/4	1/4	1		5	59	B3	3	2089
104	104	414	414	2.0	1/2	1/2	4/4	5	2	1/2	1/2	1		5	59	B3	3	2098
104	104	414	414	1.0	1/2	1/2	4/4	2	1	1/4	1/4	1		4	64	E4	4	2086
104	104	414	414	2.0	1/2	1/2	4/4	5	3	1/2	1/2	1		4	64	E4	4	2100
104	104	414	414	1.0	1/2	1/2	4/4	1	1	1/4	1/4	1		1	67	G4	4	2083
104	104	414	414	1.0	1/2	1/2	4/4	5	1	1/4	1/4	1		1	67	G4	4	2095
104	104	414	414	1.0	1/2	1/2	4/4	7	1	1/4	1/4	1		1	67	G4	4	2104
104	104	415	415	1.0	3/4	3/4	4/4	4	1	1/4	1/4	1		4	52	E3	3	2093
104	104	415	415	1.0	3/4	3/4	4/4	3	1	1/4	1/4	1		5	59	B3	3	2090
104	104	415	415	1.0	3/4	3/4	4/4	2	1	1/4	1/4	1		4	64	E4	4	2087
104	104	415	415	1.0	3/4	3/4	4/4	1	1	1/4	1/4	1		1	67	G4	4	2084
104	104	415	415	1.0	3/4	3/4	4/4	5	1	1/4	1/4	1		1	67	G4	4	2096
104	104	415	415	1.0	3/4	3/4	4/4	7	1	1/4	1/4	1		1	67	G4	4	2105
105	105	416	416	2.0	0	0	4/4	4	1	1/2	1/2	1		0	48	C3	3	2117
105	105	416	416	2.0	0	0	4/4	6	1	1/2	1/2	1		0	48	C3	3	2127
105	105	416	416	2.0	0	0	4/4	8	1	1/2	1/2	1		0	48	C3	3	2132
105	105	416	416	2.0	0	0	4/4	3	1	1/2	1/2	1		0	60	C4	4	2114
105	105	416	416	2.0	0	0	4/4	5	2	1/2	1/2	1		0	60	C4	4	2123
105	105	416	416	2.0	0	0	4/4	2	1	1/2	1/2	1		4	64	E4	4	2111
105	105	416	416	2.0	0	0	4/4	5	3	1/2	1/2	1		4	64	E4	4	2125
105	105	416	416	2.0	0	0	4/4	1	1	1/2	1/2	1		1	67	G4	4	2108
105	105	416	416	2.0	0	0	4/4	5	1	1/2	1/2	1		1	67	G4	4	2120
105	105	416	416	2.0	0	0	4/4	7	1	1/2	1/2	1		1	67	G4	4	2129
105	105	418	418	1.0	1/2	1/2	4/4	4	1	1/4	1/4	1		5	47	B2	2	2118
105	105	418	418	2.0	1/2	1/2	4/4	6	1	1/2	1/2	1		5	47	B2	2	2128
105	105	418	418	2.0	1/2	1/2	4/4	8	1	1/2	1/2	1		5	47	B2	2	2133
105	105	418	418	2.0	1/2	1/2	4/4	5	2	1/2	1/2	1	1	1	55	G3	3	2124
105	105	418	418	1.0	1/2	1/2	4/4	3	1	1/4	1/4	1		2	62	D4	4	2115
105	105	418	418	2.0	1/2	1/2	4/4	5	3	1/2	1/2	1		2	62	D4	4	2126
105	105	418	418	1.0	1/2	1/2	4/4	1	1	1/4	1/4	1		1	67	G4	4	2109
105	105	418	418	1.0	1/2	1/2	4/4	2	1	1/4	1/4	1		1	67	G4	4	2112
105	105	418	418	1.0	1/2	1/2	4/4	5	1	1/4	1/4	1		1	67	G4	4	2121
105	105	418	418	1.0	1/2	1/2	4/4	7	1	1/4	1/4	1		1	67	G4	4	2130
105	105	419	419	1.0	3/4	3/4	4/4	4	1	1/4	1/4	1		5	47	B2	2	2119
105	105	419	419	1.0	3/4	3/4	4/4	3	1	1/4	1/4	1		2	62	D4	4	2116
105	105	419	419	1.0	3/4	3/4	4/4	1	1	1/4	1/4	1		1	67	G4	4	2110
105	105	419	419	1.0	3/4	3/4	4/4	2	1	1/4	1/4	1		1	67	G4	4	2113
105	105	419	419	1.0	3/4	3/4	4/4	5	1	1/4	1/4	1		1	67	G4	4	2122
105	105	419	419	1.0	3/4	3/4	4/4	7	1	1/4	1/4	1		1	67	G4	4	2131
106	106	420	420	2.0	0	0	4/4	4	1	1/2	1/2	1		0	48	C3	3	2139
106	106	420	420	2.0	0	0	4/4	6	1	1/2	1/2	1		0	48	C3	3	2146
106	106	420	420	2.0	0	0	4/4	8	1	1/2	1/2	1		0	48	C3	3	2149
106	106	420	420	2.0	0	0	4/4	5	2	1/2	1/2	1	-1	1	55	G3	3	2142
106	106	420	420	2.0	0	0	4/4	3	1	1/2	1/2	1		4	64	E4	4	2137
106	106	420	420	2.0	0	0	4/4	5	3	1/2	1/2	1		4	64	E4	4	2144
106	106	420	420	2.0	0	0	4/4	2	1	1/2	1/2	1		1	67	G4	4	2135
106	106	420	420	4.0	0	0	4/4	1	1	1	1	1		3	69	A4	4	2134
106	106	420	420	4.0	0	0	4/4	5	1	1	1	1		3	69	A4	4	2141
106	106	420	420	4.0	0	0	4/4	7	1	1	1	1		3	69	A4	4	2148
106	106	422	422	2.0	1/2	1/2	4/4	4	1	1/2	1/2	1		2	50	D3	3	2140
106	106	422	422	2.0	1/2	1/2	4/4	6	1	1/2	1/2	1		2	50	D3	3	2147
106	106	422	422	2.0	1/2	1/2	4/4	8	1	1/2	1/2	1		2	50	D3	3	2150
106	106	422	422	2.0	1/2	1/2	4/4	5	2	1/2	1/2	1		6	54	F#3	3	2143
106	106	422	422	2.0	1/2	1/2	4/4	3	1	1/2	1/2	1		2	62	D4	4	2138
106	106	422	422	2.0	1/2	1/2	4/4	5	3	1/2	1/2	1		2	62	D4	4	2145
106	106	422	422	2.0	1/2	1/2	4/4	2	1	1/2	1/2	1		6	66	F#4	4	2136
107	107	424	424	2.0	0	0	4/4	4	1	1/2	1/2	1		1	43	G2	2	2160
107	107	424	424	2.0	0	0	4/4	6	1	1/2	1/2	1		1	43	G2	2	2170
107	107	424	424	2.0	0	0	4/4	8	1	1/2	1/2	1		1	43	G2	2	2175
107	107	424	424	2.0	0	0	4/4	5	2	1/2	1/2	1		1	55	G3	3	2166
107	107	424	424	2.0	0	0	4/4	3	1	1/2	1/2	1		2	62	D4	4	2157
107	107	424	424	2.0	0	0	4/4	5	3	1/2	1/2	1		2	62	D4	4	2168
107	107	424	424	2.0	0	0	4/4	2	1	1/2	1/2	1		1	67	G4	4	2154
107	107	424	424	2.0	0	0	4/4	1	1	1/2	1/2	1		5	71	B4	4	2151
107	107	424	424	2.0	0	0	4/4	5	1	1/2	1/2	1		5	71	B4	4	2163
107	107	424	424	2.0	0	0	4/4	7	1	1/2	1/2	1		5	71	B4	4	2172
107	107	426	426	1.0	1/2	1/2	4/4	4	1	1/4	1/4	1		1	55	G3	3	2161
107	107	426	426	2.0	1/2	1/2	4/4	6	1	1/2	1/2	1		1	55	G3	3	2171
107	107	426	426	2.0	1/2	1/2	4/4	8	1	1/2	1/2	1		1	55	G3	3	2176
107	107	426	426	1.0	1/2	1/2	4/4	3	1	1/4	1/4	1		2	62	D4	4	2158
107	107	426	426	2.0	1/2	1/2	4/4	5	2	1/2	1/2	1		2	62	D4	4	2167
107	107	426	426	1.0	1/2	1/2	4/4	2	1	1/4	1/4	1		1	67	G4	4	2155
107	107	426	426	2.0	1/2	1/2	4/4	5	3	1/2	1/2	1		1	67	G4	4	2169
107	107	426	426	1.0	1/2	1/2	4/4	1	1	1/4	1/4	1		5	71	B4	4	2152
107	107	426	426	1.0	1/2	1/2	4/4	5	1	1/4	1/4	1		5	71	B4	4	2164
107	107	426	426	1.0	1/2	1/2	4/4	7	1	1/4	1/4	1		5	71	B4	4	2173
107	107	427	427	1.0	3/4	3/4	4/4	4	1	1/4	1/4	1		1	55	G3	3	2162
107	107	427	427	1.0	3/4	3/4	4/4	3	1	1/4	1/4	1		2	62	D4	4	2159
107	107	427	427	1.0	3/4	3/4	4/4	2	1	1/4	1/4	1		1	67	G4	4	2156
107	107	427	427	1.0	3/4	3/4	4/4	1	1	1/4	1/4	1		5	71	B4	4	2153
107	107	427	427	1.0	3/4	3/4	4/4	5	1	1/4	1/4	1		5	71	B4	4	2165
107	107	427	427	1.0	3/4	3/4	4/4	7	1	1/4	1/4	1		5	71	B4	4	2174
108	108	428	428	2.0	0	0	4/4	4	1	1/2	1/2	1		5	47	B2	2	2183
108	108	428	428	2.0	0	0	4/4	6	1	1/2	1/2	1		5	47	B2	2	2191
108	108	428	428	2.0	0	0	4/4	8	1	1/2	1/2	1		5	47	B2	2	2195
108	108	428	428	2.0	0	0	4/4	3	1	1/2	1/2	1		2	62	D4	4	2181
108	108	428	428	2.0	0	0	4/4	5	2	1/2	1/2	1		2	62	D4	4	2187
108	108	428	428	2.0	0	0	4/4	2	1	1/2	1/2	1		1	67	G4	4	2179
108	108	428	428	2.0	0	0	4/4	5	3	1/2	1/2	1		1	67	G4	4	2189
108	108	428	428	2.0	0	0	4/4	1	1	1/2	1/2	1		5	71	B4	4	2177
108	108	428	428	2.0	0	0	4/4	5	1	1/2	1/2	1		5	71	B4	4	2185
108	108	428	428	2.0	0	0	4/4	7	1	1/2	1/2	1		5	71	B4	4	2193
108	108	430	430	2.0	1/2	1/2	4/4	4	1	1/2	1/2	1		0	48	C3	3	2184
108	108	430	430	2.0	1/2	1/2	4/4	6	1	1/2	1/2	1		0	48	C3	3	2192
108	108	430	430	2.0	1/2	1/2	4/4	8	1	1/2	1/2	1		0	48	C3	3	2196
108	108	430	430	2.0	1/2	1/2	4/4	3	1	1/2	1/2	1		0	60	C4	4	2182
108	108	430	430	2.0	1/2	1/2	4/4	5	2	1/2	1/2	1		0	60	C4	4	2188
108	108	430	430	2.0	1/2	1/2	4/4	2	1	1/2	1/2	1		4	64	E4	4	2180
108	108	430	430	2.0	1/2	1/2	4/4	5	3	1/2	1/2	1		4	64	E4	4	2190
108	108	430	430	2.0	1/2	1/2	4/4	1	1	1/2	1/2	1		3	69	A4	4	2178
108	108	430	430	2.0	1/2	1/2	4/4	5	1	1/2	1/2	1		3	69	A4	4	2186
108	108	430	430	2.0	1/2	1/2	4/4	7	1	1/2	1/2	1		3	69	A4	4	2194
109	109	432	432	2.0	0	0	4/4	4	1	1/2	1/2	1		2	50	D3	3	2203
109	109	432	432	2.0	0	0	4/4	6	1	1/2	1/2	1		2	50	D3	3	2210
109	109	432	432	2.0	0	0	4/4	8	1	1/2	1/2	1		2	50	D3	3	2214
109	109	432	432	2.0	0	0	4/4	3	1	1/2	1/2	1		5	59	B3	3	2201
109	109	432	432	4.0	0	0	4/4	5	2	1	1	1		5	59	B3	3	2207
109	109	432	432	2.0	0	0	4/4	2	1	1/2	1/2	1		-1	65	F4	4	2199
109	109	432	432	2.0	0	0	4/4	5	3	1/2	1/2	1		-1	65	F4	4	2208
109	109	432	432	2.0	0	0	4/4	1	1	1/2	1/2	1		3	69	A4	4	2197
109	109	432	432	2.0	0	0	4/4	5	1	1/2	1/2	1		3	69	A4	4	2205
109	109	432	432	2.0	0	0	4/4	7	1	1/2	1/2	1		3	69	A4	4	2212
109	109	434	434	2.0	1/2	1/2	4/4	4	1	1/2	1/2	1		4	52	E3	3	2204
109	109	434	434	2.0	1/2	1/2	4/4	6	1	1/2	1/2	1		4	52	E3	3	2211
109	109	434	434	2.0	1/2	1/2	4/4	8	1	1/2	1/2	1		4	52	E3	3	2215
109	109	434	434	2.0	1/2	1/2	4/4	3	1	1/2	1/2	1		5	59	B3	3	2202
109	109	434	434	2.0	1/2	1/2	4/4	2	1	1/2	1/2	1		4	64	E4	4	2200
109	109	434	434	2.0	1/2	1/2	4/4	5	3	1/2	1/2	1		4	64	E4	4	2209
109	109	434	434	2.0	1/2	1/2	4/4	1	1	1/2	1/2	1		8	68	G#4	4	2198
109	109	434	434	2.0	1/2	1/2	4/4	5	1	1/2	1/2	1		8	68	G#4	4	2206
109	109	434	434	2.0	1/2	1/2	4/4	7	1	1/2	1/2	1		8	68	G#4	4	2213
110	110	436	436	2.0	0	0	4/4	4	1	1/2	1/2	1		3	45	A2	2	2225
110	110	436	436	2.0	0	0	4/4	6	1	1/2	1/2	1		3	45	A2	2	2236
110	110	436	436	2.0	0	0	4/4	8	1	1/2	1/2	1		3	45	A2	2	2241
110	110	436	436	2.0	0	0	4/4	3	1	1/2	1/2	1		0	60	C4	4	2222
110	110	436	436	2.0	0	0	4/4	5	2	1/2	1/2	1		0	60	C4	4	2231
110	110	436	436	2.0	0	0	4/4	2	1	1/2	1/2	1		4	64	E4	4	2219
110	110	436	436	2.0	0	0	4/4	5	3	1/2	1/2	1		4	64	E4	4	2233
110	110	436	436	2.0	0	0	4/4	1	1	1/2	1/2	1		3	69	A4	4	2216
110	110	436	436	2.0	0	0	4/4	5	1	1/2	1/2	1		3	69	A4	4	2228
110	110	436	436	2.0	0	0	4/4	7	1	1/2	1/2	1		3	69	A4	4	2238
110	110	438	438	1.0	1/2	1/2	4/4	4	1	1/4	1/4	1		5	47	B2	2	2226
110	110	438	438	2.0	1/2	1/2	4/4	6	1	1/2	1/2	1		5	47	B2	2	2237
110	110	438	438	2.0	1/2	1/2	4/4	8	1	1/2	1/2	1		5	47	B2	2	2242
110	110	438	438	1.0	1/2	1/2	4/4	3	1	1/4	1/4	1		1	55	G3	3	2223
110	110	438	438	1.0	1/2	1/2	4/4	2	1	1/4	1/4	1		2	62	D4	4	2220
110	110	438	438	2.0	1/2	1/2	4/4	5	2	1/2	1/2	1		2	62	D4	4	2232
110	110	438	438	1.0	1/2	1/2	4/4	1	1	1/4	1/4	1		1	67	G4	4	2217
110	110	438	438	1.0	1/2	1/2	4/4	5	1	1/4	1/4	1		1	67	G4	4	2229
110	110	438	438	1.0	1/2	1/2	4/4	5	3	1/4	1/4	1		1	67	G4	4	2234
110	110	438	438	1.0	1/2	1/2	4/4	7	1	1/4	1/4	1		1	67	G4	4	2239
110	110	439	439	1.0	3/4	3/4	4/4	4	1	1/4	1/4	1		5	47	B2	2	2227
110	110	439	439	1.0	3/4	3/4	4/4	3	1	1/4	1/4	1		1	55	G3	3	2224
110	110	439	439	1.0	3/4	3/4	4/4	2	1	1/4	1/4	1		2	62	D4	4	2221
110	110	439	439	1.0	3/4	3/4	4/4	1	1	1/4	1/4	1		1	67	G4	4	2218
110	110	439	439	1.0	3/4	3/4	4/4	5	1	1/4	1/4	1		1	67	G4	4	2230
110	110	439	439	1.0	3/4	3/4	4/4	5	3	1/4	1/4	1		1	67	G4	4	2235
110	110	439	439	1.0	3/4	3/4	4/4	7	1	1/4	1/4	1		1	67	G4	4	2240
111	111	440	440	2.0	0	0	4/4	4	1	1/2	1/2	1		0	48	C3	3	2252
111	111	440	440	2.0	0	0	4/4	6	1	1/2	1/2	1		0	48	C3	3	2262
111	111	440	440	2.0	0	0	4/4	8	1	1/2	1/2	1		0	48	C3	3	2267
111	111	440	440	2.0	0	0	4/4	3	1	1/2	1/2	1		1	55	G3	3	2249
111	111	440	440	2.0	0	0	4/4	2	1	1/2	1/2	1		4	64	E4	4	2246
111	111	440	440	2.0	0	0	4/4	5	2	1/2	1/2	1		4	64	E4	4	2258
111	111	440	440	2.0	0	0	4/4	5	3	1/2	1/2	1		1	67	G4	4	2260
111	111	440	440	2.0	0	0	4/4	1	1	1/2	1/2	1		3	69	A4	4	2243
111	111	440	440	2.0	0	0	4/4	5	1	1/2	1/2	1		3	69	A4	4	2255
111	111	440	440	2.0	0	0	4/4	7	1	1/2	1/2	1		3	69	A4	4	2264
111	111	442	442	1.0	1/2	1/2	4/4	4	1	1/4	1/4	1		2	50	D3	3	2253
111	111	442	442	2.0	1/2	1/2	4/4	6	1	1/2	1/2	1		2	50	D3	3	2263
111	111	442	442	2.0	1/2	1/2	4/4	8	1	1/2	1/2	1		2	50	D3	3	2268
111	111	442	442	1.0	1/2	1/2	4/4	3	1	1/4	1/4	1		6	54	F#3	3	2250
111	111	442	442	1.0	1/2	1/2	4/4	2	1	1/4	1/4	1		2	62	D4	4	2247
111	111	442	442	2.0	1/2	1/2	4/4	5	2	1/2	1/2	1		2	62	D4	4	2259
111	111	442	442	2.0	1/2	1/2	4/4	5	3	1/2	1/2	1		6	66	F#4	4	2261
111	111	442	442	1.0	1/2	1/2	4/4	1	1	1/4	1/4	1		3	69	A4	4	2244
111	111	442	442	1.0	1/2	1/2	4/4	5	1	1/4	1/4	1		3	69	A4	4	2256
111	111	442	442	1.0	1/2	1/2	4/4	7	1	1/4	1/4	1		3	69	A4	4	2265
111	111	443	443	1.0	3/4	3/4	4/4	4	1	1/4	1/4	1		2	50	D3	3	2254
111	111	443	443	1.0	3/4	3/4	4/4	3	1	1/4	1/4	1		6	54	F#3	3	2251
111	111	443	443	1.0	3/4	3/4	4/4	2	1	1/4	1/4	1		2	62	D4	4	2248
111	111	443	443	1.0	3/4	3/4	4/4	1	1	1/4	1/4	1		3	69	A4	4	2245
111	111	443	443	1.0	3/4	3/4	4/4	5	1	1/4	1/4	1		3	69	A4	4	2257
111	111	443	443	1.0	3/4	3/4	4/4	7	1	1/4	1/4	1		3	69	A4	4	2266
112	112	444	444	2.0	0	0	4/4	4	1	1/2	1/2	1		1	43	G2	2	2278
112	112	444	444	2.0	0	0	4/4	6	1	1/2	1/2	1		1	43	G2	2	2288
112	112	444	444	2.0	0	0	4/4	8	1	1/2	1/2	1		1	43	G2	2	2293
112	112	444	444	2.0	0	0	4/4	3	1	1/2	1/2	1		1	55	G3	3	2275
112	112	444	444	2.0	0	0	4/4	2	1	1/2	1/2	1		2	62	D4	4	2272
112	112	444	444	2.0	0	0	4/4	5	2	1/2	1/2	1		2	62	D4	4	2284
112	112	444	444	2.0	0	0	4/4	5	3	1/2	1/2	1		1	67	G4	4	2286
112	112	444	444	2.0	0	0	4/4	1	1	1/2	1/2	1		5	71	B4	4	2269
112	112	444	444	2.0	0	0	4/4	5	1	1/2	1/2	1		5	71	B4	4	2281
112	112	444	444	2.0	0	0	4/4	7	1	1/2	1/2	1		5	71	B4	4	2290
112	112	446	446	1.0	1/2	1/2	4/4	4	1	1/4	1/4	1		4	52	E3	3	2279
112	112	446	446	2.0	1/2	1/2	4/4	6	1	1/2	1/2	1		4	52	E3	3	2289
112	112	446	446	2.0	1/2	1/2	4/4	8	1	1/2	1/2	1		4	52	E3	3	2294
112	112	446	446	1.0	1/2	1/2	4/4	3	1	1/4	1/4	1		1	55	G3	3	2276
112	112	446	446	1.0	1/2	1/2	4/4	2	1	1/4	1/4	1		4	64	E4	4	2273
112	112	446	446	2.0	1/2	1/2	4/4	5	2	1/2	1/2	1		4	64	E4	4	2285
112	112	446	446	2.0	1/2	1/2	4/4	5	3	1/2	1/2	1		1	67	G4	4	2287
112	112	446	446	1.0	1/2	1/2	4/4	1	1	1/4	1/4	1		5	71	B4	4	2270
112	112	446	446	1.0	1/2	1/2	4/4	5	1	1/4	1/4	1		5	71	B4	4	2282
112	112	446	446	1.0	1/2	1/2	4/4	7	1	1/4	1/4	1		5	71	B4	4	2291
112	112	447	447	1.0	3/4	3/4	4/4	4	1	1/4	1/4	1		4	52	E3	3	2280
112	112	447	447	1.0	3/4	3/4	4/4	3	1	1/4	1/4	1		1	55	G3	3	2277
112	112	447	447	1.0	3/4	3/4	4/4	2	1	1/4	1/4	1		4	64	E4	4	2274
112	112	447	447	1.0	3/4	3/4	4/4	1	1	1/4	1/4	1		5	71	B4	4	2271
112	112	447	447	1.0	3/4	3/4	4/4	5	1	1/4	1/4	1		5	71	B4	4	2283
112	112	447	447	1.0	3/4	3/4	4/4	7	1	1/4	1/4	1		5	71	B4	4	2292
113	113	448	448	2.0	0	0	4/4	4	1	1/2	1/2	1		2	50	D3	3	2301
113	113	448	448	2.0	0	0	4/4	6	1	1/2	1/2	1		2	50	D3	3	2309
113	113	448	448	2.0	0	0	4/4	8	1	1/2	1/2	1		2	50	D3	3	2313
113	113	448	448	2.0	0	0	4/4	3	1	1/2	1/2	1		8	56	G#3	3	2299
113	113	448	448	2.0	0	0	4/4	2	1	1/2	1/2	1		4	64	E4	4	2297
113	113	448	448	2.0	0	0	4/4	5	2	1/2	1/2	1		4	64	E4	4	2305
113	113	448	448	2.0	0	0	4/4	5	3	1/2	1/2	1		8	68	G#4	4	2307
113	113	448	448	2.0	0	0	4/4	1	1	1/2	1/2	1		5	71	B4	4	2295
113	113	448	448	2.0	0	0	4/4	5	1	1/2	1/2	1		5	71	B4	4	2303
113	113	448	448	2.0	0	0	4/4	7	1	1/2	1/2	1		5	71	B4	4	2311
113	113	450	450	2.0	1/2	1/2	4/4	4	1	1/2	1/2	1		0	48	C3	3	2302
113	113	450	450	2.0	1/2	1/2	4/4	6	1	1/2	1/2	1		0	48	C3	3	2310
113	113	450	450	2.0	1/2	1/2	4/4	8	1	1/2	1/2	1		0	48	C3	3	2314
113	113	450	450	2.0	1/2	1/2	4/4	3	1	1/2	1/2	1		3	57	A3	3	2300
113	113	450	450	2.0	1/2	1/2	4/4	2	1	1/2	1/2	1		4	64	E4	4	2298
113	113	450	450	2.0	1/2	1/2	4/4	5	2	1/2	1/2	1		4	64	E4	4	2306
113	113	450	450	2.0	1/2	1/2	4/4	1	1	1/2	1/2	1		3	69	A4	4	2296
113	113	450	450	2.0	1/2	1/2	4/4	5	1	1/2	1/2	1		3	69	A4	4	2304
113	113	450	450	2.0	1/2	1/2	4/4	5	3	1/2	1/2	1		3	69	A4	4	2308
113	113	450	450	2.0	1/2	1/2	4/4	7	1	1/2	1/2	1		3	69	A4	4	2312
114	114	452	452	2.0	0	0	4/4	4	1	1/2	1/2	1		5	47	B2	2	2321
114	114	452	452	2.0	0	0	4/4	6	1	1/2	1/2	1		5	47	B2	2	2329
114	114	452	452	2.0	0	0	4/4	8	1	1/2	1/2	1		5	47	B2	2	2333
114	114	452	452	2.0	0	0	4/4	3	1	1/2	1/2	1		2	62	D4	4	2319
114	114	452	452	2.0	0	0	4/4	5	2	1/2	1/2	1		2	62	D4	4	2325
114	114	452	452	2.0	0	0	4/4	2	1	1/2	1/2	1		-1	65	F4	4	2317
114	114	452	452	2.0	0	0	4/4	5	3	1/2	1/2	1		-1	65	F4	4	2327
114	114	452	452	2.0	0	0	4/4	1	1	1/2	1/2	1		3	69	A4	4	2315
114	114	452	452	2.0	0	0	4/4	5	1	1/2	1/2	1		3	69	A4	4	2323
114	114	452	452	2.0	0	0	4/4	7	1	1/2	1/2	1		3	69	A4	4	2331
114	114	454	454	2.0	1/2	1/2	4/4	4	1	1/2	1/2	1		4	52	E3	3	2322
114	114	454	454	2.0	1/2	1/2	4/4	6	1	1/2	1/2	1		4	52	E3	3	2330
114	114	454	454	2.0	1/2	1/2	4/4	8	1	1/2	1/2	1		4	52	E3	3	2334
114	114	454	454	2.0	1/2	1/2	4/4	3	1	1/2	1/2	1		5	59	B3	3	2320
114	114	454	454	2.0	1/2	1/2	4/4	5	2	1/2	1/2	1		5	59	B3	3	2326
114	114	454	454	2.0	1/2	1/2	4/4	2	1	1/2	1/2	1		4	64	E4	4	2318
114	114	454	454	2.0	1/2	1/2	4/4	5	3	1/2	1/2	1		4	64	E4	4	2328
114	114	454	454	2.0	1/2	1/2	4/4	1	1	1/2	1/2	1		8	68	G#4	4	2316
114	114	454	454	2.0	1/2	1/2	4/4	5	1	1/2	1/2	1		8	68	G#4	4	2324
114	114	454	454	2.0	1/2	1/2	4/4	7	1	1/2	1/2	1		8	68	G#4	4	2332
115	115	456	456	4.0	0	0	4/4	4	1	1	1	1		3	45	A2	2	2338
115	115	456	456	4.0	0	0	4/4	6	1	1	1	1		3	45	A2	2	2343
115	115	456	456	4.0	0	0	4/4	8	1	1	1	1		3	45	A2	2	2345
115	115	456	456	4.0	0	0	4/4	5	2	1	1	1		3	57	A3	3	2340
115	115	456	456	4.0	0	0	4/4	3	1	1	1	1		0	60	C4	4	2337
115	115	456	456	4.0	0	0	4/4	5	4	1	1	1		0	60	C4	4	2342
115	115	456	456	4.0	0	0	4/4	2	1	1	1	1		4	64	E4	4	2336
115	115	456	456	4.0	0	0	4/4	5	3	1	1	1		4	64	E4	4	2341
115	115	456	456	4.0	0	0	4/4	1	1	1	1	1		3	69	A4	4	2335
115	115	456	456	4.0	0	0	4/4	5	1	1	1	1		3	69	A4	4	2339
115	115	456	456	4.0	0	0	4/4	7	1	1	1	1		3	69	A4	4	2344
116	116	462	462	1.0	1/2	1/2	4/4	4	1	1/4	1/4	1		0	48	C3	3	2352
116	116	462	462	2.0	1/2	1/2	4/4	6	1	1/2	1/2	1		0	48	C3	3	2358
116	116	462	462	2.0	1/2	1/2	4/4	8	1	1/2	1/2	1		0	48	C3	3	2361
116	116	462	462	1.0	1/2	1/2	4/4	3	1	1/4	1/4	1		0	60	C4	4	2350
116	116	462	462	2.0	1/2	1/2	4/4	5	2	1/2	1/2	1		0	60	C4	4	2356
116	116	462	462	1.0	1/2	1/2	4/4	2	1	1/4	1/4	1		4	64	E4	4	2348
116	116	462	462	2.0	1/2	1/2	4/4	5	3	1/2	1/2	1		4	64	E4	4	2357
116	116	462	462	1.0	1/2	1/2	4/4	1	1	1/4	1/4	1		1	67	G4	4	2346
116	116	462	462	1.0	1/2	1/2	4/4	5	1	1/4	1/4	1		1	67	G4	4	2354
116	116	462	462	1.0	1/2	1/2	4/4	7	1	1/4	1/4	1		1	67	G4	4	2359
116	116	463	463	1.0	3/4	3/4	4/4	4	1	1/4	1/4	1		0	48	C3	3	2353
116	116	463	463	1.0	3/4	3/4	4/4	3	1	1/4	1/4	1		0	60	C4	4	2351
116	116	463	463	1.0	3/4	3/4	4/4	2	1	1/4	1/4	1		4	64	E4	4	2349
116	116	463	463	1.0	3/4	3/4	4/4	1	1	1/4	1/4	1		1	67	G4	4	2347
116	116	463	463	1.0	3/4	3/4	4/4	5	1	1/4	1/4	1		1	67	G4	4	2355
116	116	463	463	1.0	3/4	3/4	4/4	7	1	1/4	1/4	1		1	67	G4	4	2360
117	117	464	464	2.0	0	0	4/4	4	1	1/2	1/2	1		5	47	B2	2	2371
117	117	464	464	2.0	0	0	4/4	6	1	1/2	1/2	1		5	47	B2	2	2381
117	117	464	464	2.0	0	0	4/4	8	1	1/2	1/2	1		5	47	B2	2	2386
117	117	464	464	2.0	0	0	4/4	5	2	1/2	1/2	1		1	55	G3	3	2377
117	117	464	464	2.0	0	0	4/4	2	1	1/2	1/2	1		2	62	D4	4	2365
117	117	464	464	2.0	0	0	4/4	3	1	1/2	1/2	1		2	62	D4	4	2368
117	117	464	464	2.0	0	0	4/4	5	3	1/2	1/2	1		2	62	D4	4	2379
117	117	464	464	2.0	0	0	4/4	1	1	1/2	1/2	1		1	67	G4	4	2362
117	117	464	464	2.0	0	0	4/4	5	1	1/2	1/2	1		1	67	G4	4	2374
117	117	464	464	2.0	0	0	4/4	7	1	1/2	1/2	1		1	67	G4	4	2383
117	117	466	466	1.0	1/2	1/2	4/4	4	1	1/4	1/4	1		4	52	E3	3	2372
117	117	466	466	2.0	1/2	1/2	4/4	6	1	1/2	1/2	1		4	52	E3	3	2382
117	117	466	466	2.0	1/2	1/2	4/4	8	1	1/2	1/2	1		4	52	E3	3	2387
117	117	466	466	2.0	1/2	1/2	4/4	5	2	1/2	1/2	1	1	1	55	G3	3	2378
117	117	466	466	1.0	1/2	1/2	4/4	3	1	1/4	1/4	1		5	59	B3	3	2369
117	117	466	466	2.0	1/2	1/2	4/4	5	3	1/2	1/2	1		5	59	B3	3	2380
117	117	466	466	1.0	1/2	1/2	4/4	1	1	1/4	1/4	1		1	67	G4	4	2363
117	117	466	466	1.0	1/2	1/2	4/4	2	1	1/4	1/4	1		1	67	G4	4	2366
117	117	466	466	1.0	1/2	1/2	4/4	5	1	1/4	1/4	1		1	67	G4	4	2375
117	117	466	466	1.0	1/2	1/2	4/4	7	1	1/4	1/4	1		1	67	G4	4	2384
117	117	467	467	1.0	3/4	3/4	4/4	4	1	1/4	1/4	1		4	52	E3	3	2373
117	117	467	467	1.0	3/4	3/4	4/4	3	1	1/4	1/4	1		5	59	B3	3	2370
117	117	467	467	1.0	3/4	3/4	4/4	1	1	1/4	1/4	1		1	67	G4	4	2364
117	117	467	467	1.0	3/4	3/4	4/4	2	1	1/4	1/4	1		1	67	G4	4	2367
117	117	467	467	1.0	3/4	3/4	4/4	5	1	1/4	1/4	1		1	67	G4	4	2376
117	117	467	467	1.0	3/4	3/4	4/4	7	1	1/4	1/4	1		1	67	G4	4	2385
118	118	468	468	2.0	0	0	4/4	4	1	1/2	1/2	1		0	48	C3	3	2394
118	118	468	468	2.0	0	0	4/4	6	1	1/2	1/2	1		0	48	C3	3	2402
118	118	468	468	2.0	0	0	4/4	8	1	1/2	1/2	1		0	48	C3	3	2406
118	118	468	468	2.0	0	0	4/4	5	2	1/2	1/2	1	-1	1	55	G3	3	2398
118	118	468	468	2.0	0	0	4/4	3	1	1/2	1/2	1		4	64	E4	4	2392
118	118	468	468	2.0	0	0	4/4	5	3	1/2	1/2	1		4	64	E4	4	2400
118	118	468	468	2.0	0	0	4/4	2	1	1/2	1/2	1		1	67	G4	4	2390
118	118	468	468	2.0	0	0	4/4	1	1	1/2	1/2	1		3	69	A4	4	2388
118	118	468	468	2.0	0	0	4/4	5	1	1/2	1/2	1		3	69	A4	4	2396
118	118	468	468	2.0	0	0	4/4	7	1	1/2	1/2	1		3	69	A4	4	2404
118	118	470	470	2.0	1/2	1/2	4/4	4	1	1/2	1/2	1		2	50	D3	3	2395
118	118	470	470	2.0	1/2	1/2	4/4	6	1	1/2	1/2	1		2	50	D3	3	2403
118	118	470	470	2.0	1/2	1/2	4/4	8	1	1/2	1/2	1		2	50	D3	3	2407
118	118	470	470	2.0	1/2	1/2	4/4	5	2	1/2	1/2	1		6	54	F#3	3	2399
118	118	470	470	2.0	1/2	1/2	4/4	3	1	1/2	1/2	1		2	62	D4	4	2393
118	118	470	470	2.0	1/2	1/2	4/4	5	3	1/2	1/2	1		2	62	D4	4	2401
118	118	470	470	2.0	1/2	1/2	4/4	2	1	1/2	1/2	1		6	66	F#4	4	2391
118	118	470	470	2.0	1/2	1/2	4/4	1	1	1/2	1/2	1		3	69	A4	4	2389
118	118	470	470	2.0	1/2	1/2	4/4	5	1	1/2	1/2	1		3	69	A4	4	2397
118	118	470	470	2.0	1/2	1/2	4/4	7	1	1/2	1/2	1		3	69	A4	4	2405
119	119	472	472	2.0	0	0	4/4	4	1	1/2	1/2	1		1	43	G2	2	2417
119	119	472	472	2.0	0	0	4/4	6	1	1/2	1/2	1		1	43	G2	2	2428
119	119	472	472	2.0	0	0	4/4	8	1	1/2	1/2	1		1	43	G2	2	2433
119	119	472	472	2.0	0	0	4/4	5	2	1/2	1/2	1		1	55	G3	3	2423
119	119	472	472	2.0	0	0	4/4	3	1	1/2	1/2	1		2	62	D4	4	2414
119	119	472	472	2.0	0	0	4/4	5	4	1/2	1/2	1		2	62	D4	4	2427
119	119	472	472	2.0	0	0	4/4	2	1	1/2	1/2	1		1	67	G4	4	2411
119	119	472	472	2.0	0	0	4/4	5	3	1/2	1/2	1		1	67	G4	4	2425
119	119	472	472	2.0	0	0	4/4	1	1	1/2	1/2	1		5	71	B4	4	2408
119	119	472	472	2.0	0	0	4/4	5	1	1/2	1/2	1		5	71	B4	4	2420
119	119	472	472	2.0	0	0	4/4	7	1	1/2	1/2	1		5	71	B4	4	2430
119	119	474	474	1.0	1/2	1/2	4/4	4	1	1/4	1/4	1		-1	53	F3	3	2418
119	119	474	474	2.0	1/2	1/2	4/4	6	1	1/2	1/2	1		-1	53	F3	3	2429
119	119	474	474	2.0	1/2	1/2	4/4	8	1	1/2	1/2	1		-1	53	F3	3	2434
119	119	474	474	1.0	1/2	1/2	4/4	3	1	1/4	1/4	1		2	62	D4	4	2415
119	119	474	474	2.0	1/2	1/2	4/4	5	2	1/2	1/2	1		2	62	D4	4	2424
119	119	474	474	1.0	1/2	1/2	4/4	2	1	1/4	1/4	1		8	68	G#4	4	2412
119	119	474	474	2.0	1/2	1/2	4/4	5	3	1/2	1/2	1		8	68	G#4	4	2426
119	119	474	474	1.0	1/2	1/2	4/4	1	1	1/4	1/4	1		5	71	B4	4	2409
119	119	474	474	1.0	1/2	1/2	4/4	5	1	1/4	1/4	1		5	71	B4	4	2421
119	119	474	474	1.0	1/2	1/2	4/4	7	1	1/4	1/4	1		5	71	B4	4	2431
119	119	475	475	1.0	3/4	3/4	4/4	4	1	1/4	1/4	1		-1	53	F3	3	2419
119	119	475	475	1.0	3/4	3/4	4/4	3	1	1/4	1/4	1		2	62	D4	4	2416
119	119	475	475	1.0	3/4	3/4	4/4	2	1	1/4	1/4	1		8	68	G#4	4	2413
119	119	475	475	1.0	3/4	3/4	4/4	1	1	1/4	1/4	1		5	71	B4	4	2410
119	119	475	475	1.0	3/4	3/4	4/4	5	1	1/4	1/4	1		5	71	B4	4	2422
119	119	475	475	1.0	3/4	3/4	4/4	7	1	1/4	1/4	1		5	71	B4	4	2432
120	120	476	476	2.0	0	0	4/4	4	1	1/2	1/2	1		4	52	E3	3	2441
120	120	476	476	2.0	0	0	4/4	6	1	1/2	1/2	1		4	52	E3	3	2449
120	120	476	476	2.0	0	0	4/4	8	1	1/2	1/2	1		4	52	E3	3	2453
120	120	476	476	2.0	0	0	4/4	3	1	1/2	1/2	1		2	62	D4	4	2439
120	120	476	476	2.0	0	0	4/4	5	2	1/2	1/2	1		2	62	D4	4	2445
120	120	476	476	2.0	0	0	4/4	2	1	1/2	1/2	1		8	68	G#4	4	2437
120	120	476	476	2.0	0	0	4/4	5	3	1/2	1/2	1		8	68	G#4	4	2447
120	120	476	476	2.0	0	0	4/4	1	1	1/2	1/2	1		5	71	B4	4	2435
120	120	476	476	2.0	0	0	4/4	5	1	1/2	1/2	1		5	71	B4	4	2443
120	120	476	476	2.0	0	0	4/4	7	1	1/2	1/2	1		5	71	B4	4	2451
120	120	478	478	2.0	1/2	1/2	4/4	4	1	1/2	1/2	1		4	52	E3	3	2442
120	120	478	478	2.0	1/2	1/2	4/4	6	1	1/2	1/2	1		4	52	E3	3	2450
120	120	478	478	2.0	1/2	1/2	4/4	8	1	1/2	1/2	1		4	52	E3	3	2454
120	120	478	478	2.0	1/2	1/2	4/4	3	1	1/2	1/2	1		0	60	C4	4	2440
120	120	478	478	2.0	1/2	1/2	4/4	5	2	1/2	1/2	1		0	60	C4	4	2446
120	120	478	478	2.0	1/2	1/2	4/4	5	3	1/2	1/2	1		4	64	E4	4	2448
120	120	478	478	2.0	1/2	1/2	4/4	1	1	1/2	1/2	1		3	69	A4	4	2436
120	120	478	478	2.0	1/2	1/2	4/4	2	1	1/2	1/2	1		3	69	A4	4	2438
120	120	478	478	2.0	1/2	1/2	4/4	5	1	1/2	1/2	1		3	69	A4	4	2444
120	120	478	478	2.0	1/2	1/2	4/4	7	1	1/2	1/2	1		3	69	A4	4	2452
121	121	480	480	2.0	0	0	4/4	4	2	1/2	1/2	1		4	40	E2	2	2463
121	121	480	480	4.0	0	0	4/4	6	1	1	1	1		4	40	E2	2	2469
121	121	480	480	4.0	0	0	4/4	8	1	1	1	1		4	40	E2	2	2472
121	121	480	480	2.0	0	0	4/4	4	1	1/2	1/2	1		4	52	E3	3	2461
121	121	480	480	2.0	0	0	4/4	3	1	1/2	1/2	1		5	59	B3	3	2459
121	121	480	480	4.0	0	0	4/4	5	2	1	1	1		5	59	B3	3	2467
121	121	480	480	2.0	0	0	4/4	2	1	1/2	1/2	1		4	64	E4	4	2457
121	121	480	480	4.0	0	0	4/4	5	3	1	1	1		4	64	E4	4	2468
121	121	480	480	2.0	0	0	4/4	1	1	1/2	1/2	1		3	69	A4	4	2455
121	121	480	480	2.0	0	0	4/4	5	1	1/2	1/2	1		3	69	A4	4	2465
121	121	480	480	2.0	0	0	4/4	7	1	1/2	1/2	1		3	69	A4	4	2470
121	121	482	482	2.0	1/2	1/2	4/4	4	2	1/2	1/2	1		4	40	E2	2	2464
121	121	482	482	2.0	1/2	1/2	4/4	4	1	1/2	1/2	1		4	52	E3	3	2462
121	121	482	482	2.0	1/2	1/2	4/4	3	1	1/2	1/2	1		5	59	B3	3	2460
121	121	482	482	2.0	1/2	1/2	4/4	2	1	1/2	1/2	1		4	64	E4	4	2458
121	121	482	482	2.0	1/2	1/2	4/4	1	1	1/2	1/2	1		8	68	G#4	4	2456
121	121	482	482	2.0	1/2	1/2	4/4	5	1	1/2	1/2	1		8	68	G#4	4	2466
121	121	482	482	2.0	1/2	1/2	4/4	7	1	1/2	1/2	1		8	68	G#4	4	2471
122	122	484	484	2.0	0	0	4/4	4	1	1/2	1/2	1		3	45	A2	2	2482
122	122	484	484	2.0	0	0	4/4	6	1	1/2	1/2	1		3	45	A2	2	2492
122	122	484	484	2.0	0	0	4/4	8	1	1/2	1/2	1		3	45	A2	2	2497
122	122	484	484	2.0	0	0	4/4	3	1	1/2	1/2	1		0	60	C4	4	2479
122	122	484	484	2.0	0	0	4/4	5	2	1/2	1/2	1		0	60	C4	4	2488
122	122	484	484	2.0	0	0	4/4	2	1	1/2	1/2	1		4	64	E4	4	2476
122	122	484	484	2.0	0	0	4/4	5	3	1/2	1/2	1		4	64	E4	4	2490
122	122	484	484	2.0	0	0	4/4	1	1	1/2	1/2	1		3	69	A4	4	2473
122	122	484	484	2.0	0	0	4/4	5	1	1/2	1/2	1		3	69	A4	4	2485
122	122	484	484	2.0	0	0	4/4	7	1	1/2	1/2	1		3	69	A4	4	2494
122	122	486	486	1.0	1/2	1/2	4/4	4	1	1/4	1/4	1		5	47	B2	2	2483
122	122	486	486	2.0	1/2	1/2	4/4	6	1	1/2	1/2	1		5	47	B2	2	2493
122	122	486	486	2.0	1/2	1/2	4/4	8	1	1/2	1/2	1		5	47	B2	2	2498
122	122	486	486	1.0	1/2	1/2	4/4	3	1	1/4	1/4	1		5	59	B3	3	2480
122	122	486	486	1.0	1/2	1/2	4/4	2	1	1/4	1/4	1		2	62	D4	4	2477
122	122	486	486	2.0	1/2	1/2	4/4	5	2	1/2	1/2	1		2	62	D4	4	2489
122	122	486	486	2.0	1/2	1/2	4/4	5	3	1/2	1/2	1		2	62	D4	4	2491
122	122	486	486	1.0	1/2	1/2	4/4	1	1	1/4	1/4	1		1	67	G4	4	2474
122	122	486	486	1.0	1/2	1/2	4/4	5	1	1/4	1/4	1		1	67	G4	4	2486
122	122	486	486	1.0	1/2	1/2	4/4	7	1	1/4	1/4	1		1	67	G4	4	2495
122	122	487	487	1.0	3/4	3/4	4/4	4	1	1/4	1/4	1		5	47	B2	2	2484
122	122	487	487	1.0	3/4	3/4	4/4	3	1	1/4	1/4	1		5	59	B3	3	2481
122	122	487	487	1.0	3/4	3/4	4/4	2	1	1/4	1/4	1		2	62	D4	4	2478
122	122	487	487	1.0	3/4	3/4	4/4	1	1	1/4	1/4	1		1	67	G4	4	2475
122	122	487	487	1.0	3/4	3/4	4/4	5	1	1/4	1/4	1		1	67	G4	4	2487
122	122	487	487	1.0	3/4	3/4	4/4	7	1	1/4	1/4	1		1	67	G4	4	2496
123	123	488	488	2.0	0	0	4/4	4	1	1/2	1/2	1		0	48	C3	3	2508
123	123	488	488	2.0	0	0	4/4	6	1	1/2	1/2	1		0	48	C3	3	2518
123	123	488	488	2.0	0	0	4/4	8	1	1/2	1/2	1		0	48	C3	3	2523
123	123	488	488	2.0	0	0	4/4	3	1	1/2	1/2	1		3	57	A3	3	2505
123	123	488	488	2.0	0	0	4/4	5	2	1/2	1/2	1		3	57	A3	3	2514
123	123	488	488	2.0	0	0	4/4	2	1	1/2	1/2	1		4	64	E4	4	2502
123	123	488	488	2.0	0	0	4/4	5	3	1/2	1/2	1		4	64	E4	4	2516
123	123	488	488	2.0	0	0	4/4	1	1	1/2	1/2	1		3	69	A4	4	2499
123	123	488	488	2.0	0	0	4/4	5	1	1/2	1/2	1		3	69	A4	4	2511
123	123	488	488	2.0	0	0	4/4	7	1	1/2	1/2	1		3	69	A4	4	2520
123	123	490	490	1.0	1/2	1/2	4/4	4	1	1/4	1/4	1		2	50	D3	3	2509
123	123	490	490	2.0	1/2	1/2	4/4	6	1	1/2	1/2	1		2	50	D3	3	2519
123	123	490	490	2.0	1/2	1/2	4/4	8	1	1/2	1/2	1		2	50	D3	3	2524
123	123	490	490	1.0	1/2	1/2	4/4	3	1	1/4	1/4	1		2	62	D4	4	2506
123	123	490	490	2.0	1/2	1/2	4/4	5	2	1/2	1/2	1		2	62	D4	4	2515
123	123	490	490	1.0	1/2	1/2	4/4	2	1	1/4	1/4	1		6	66	F#4	4	2503
123	123	490	490	2.0	1/2	1/2	4/4	5	3	1/2	1/2	1		6	66	F#4	4	2517
123	123	490	490	1.0	1/2	1/2	4/4	1	1	1/4	1/4	1		3	69	A4	4	2500
123	123	490	490	1.0	1/2	1/2	4/4	5	1	1/4	1/4	1		3	69	A4	4	2512
123	123	490	490	1.0	1/2	1/2	4/4	7	1	1/4	1/4	1		3	69	A4	4	2521
123	123	491	491	1.0	3/4	3/4	4/4	4	1	1/4	1/4	1		2	50	D3	3	2510
123	123	491	491	1.0	3/4	3/4	4/4	3	1	1/4	1/4	1		2	62	D4	4	2507
123	123	491	491	1.0	3/4	3/4	4/4	2	1	1/4	1/4	1		6	66	F#4	4	2504
123	123	491	491	1.0	3/4	3/4	4/4	1	1	1/4	1/4	1		3	69	A4	4	2501
123	123	491	491	1.0	3/4	3/4	4/4	5	1	1/4	1/4	1		3	69	A4	4	2513
123	123	491	491	1.0	3/4	3/4	4/4	7	1	1/4	1/4	1		3	69	A4	4	2522
124	124	492	492	2.0	0	0	4/4	4	1	1/2	1/2	1		1	43	G2	2	2534
124	124	492	492	2.0	0	0	4/4	6	1	1/2	1/2	1		1	43	G2	2	2544
124	124	492	492	2.0	0	0	4/4	8	1	1/2	1/2	1		1	43	G2	2	2549
124	124	492	492	2.0	0	0	4/4	3	1	1/2	1/2	1		2	62	D4	4	2531
124	124	492	492	2.0	0	0	4/4	5	2	1/2	1/2	1		2	62	D4	4	2540
124	124	492	492	2.0	0	0	4/4	2	1	1/2	1/2	1		1	67	G4	4	2528
124	124	492	492	2.0	0	0	4/4	5	3	1/2	1/2	1		1	67	G4	4	2542
124	124	492	492	2.0	0	0	4/4	1	1	1/2	1/2	1		5	71	B4	4	2525
124	124	492	492	2.0	0	0	4/4	5	1	1/2	1/2	1		5	71	B4	4	2537
124	124	492	492	2.0	0	0	4/4	7	1	1/2	1/2	1		5	71	B4	4	2546
124	124	494	494	1.0	1/2	1/2	4/4	4	1	1/4	1/4	1		4	52	E3	3	2535
124	124	494	494	2.0	1/2	1/2	4/4	6	1	1/2	1/2	1		4	52	E3	3	2545
124	124	494	494	2.0	1/2	1/2	4/4	8	1	1/2	1/2	1		4	52	E3	3	2550
124	124	494	494	1.0	1/2	1/2	4/4	3	1	1/4	1/4	1		4	64	E4	4	2532
124	124	494	494	2.0	1/2	1/2	4/4	5	2	1/2	1/2	1		4	64	E4	4	2541
124	124	494	494	1.0	1/2	1/2	4/4	2	1	1/4	1/4	1		1	67	G4	4	2529
124	124	494	494	2.0	1/2	1/2	4/4	5	3	1/2	1/2	1		1	67	G4	4	2543
124	124	494	494	1.0	1/2	1/2	4/4	1	1	1/4	1/4	1		5	71	B4	4	2526
124	124	494	494	1.0	1/2	1/2	4/4	5	1	1/4	1/4	1		5	71	B4	4	2538
124	124	494	494	1.0	1/2	1/2	4/4	7	1	1/4	1/4	1		5	71	B4	4	2547
124	124	495	495	1.0	3/4	3/4	4/4	4	1	1/4	1/4	1		4	52	E3	3	2536
124	124	495	495	1.0	3/4	3/4	4/4	3	1	1/4	1/4	1		4	64	E4	4	2533
124	124	495	495	1.0	3/4	3/4	4/4	2	1	1/4	1/4	1		1	67	G4	4	2530
124	124	495	495	1.0	3/4	3/4	4/4	1	1	1/4	1/4	1		5	71	B4	4	2527
124	124	495	495	1.0	3/4	3/4	4/4	5	1	1/4	1/4	1		5	71	B4	4	2539
124	124	495	495	1.0	3/4	3/4	4/4	7	1	1/4	1/4	1		5	71	B4	4	2548
125	125	496	496	2.0	0	0	4/4	4	1	1/2	1/2	1		5	47	B2	2	2557
125	125	496	496	2.0	0	0	4/4	6	1	1/2	1/2	1		5	47	B2	2	2565
125	125	496	496	2.0	0	0	4/4	8	1	1/2	1/2	1		5	47	B2	2	2569
125	125	496	496	2.0	0	0	4/4	3	1	1/2	1/2	1		2	62	D4	4	2555
125	125	496	496	2.0	0	0	4/4	5	2	1/2	1/2	1		2	62	D4	4	2561
125	125	496	496	2.0	0	0	4/4	2	1	1/2	1/2	1		1	67	G4	4	2553
125	125	496	496	2.0	0	0	4/4	5	3	1/2	1/2	1		1	67	G4	4	2563
125	125	496	496	2.0	0	0	4/4	1	1	1/2	1/2	1		5	71	B4	4	2551
125	125	496	496	2.0	0	0	4/4	5	1	1/2	1/2	1		5	71	B4	4	2559
125	125	496	496	2.0	0	0	4/4	7	1	1/2	1/2	1		5	71	B4	4	2567
125	125	498	498	2.0	1/2	1/2	4/4	4	1	1/2	1/2	1		0	48	C3	3	2558
125	125	498	498	2.0	1/2	1/2	4/4	6	1	1/2	1/2	1		0	48	C3	3	2566
125	125	498	498	2.0	1/2	1/2	4/4	8	1	1/2	1/2	1		0	48	C3	3	2570
125	125	498	498	2.0	1/2	1/2	4/4	3	1	1/2	1/2	1		0	60	C4	4	2556
125	125	498	498	2.0	1/2	1/2	4/4	5	2	1/2	1/2	1		0	60	C4	4	2562
125	125	498	498	2.0	1/2	1/2	4/4	2	1	1/2	1/2	1		4	64	E4	4	2554
125	125	498	498	2.0	1/2	1/2	4/4	5	3	1/2	1/2	1		4	64	E4	4	2564
125	125	498	498	2.0	1/2	1/2	4/4	1	1	1/2	1/2	1		3	69	A4	4	2552
125	125	498	498	2.0	1/2	1/2	4/4	5	1	1/2	1/2	1		3	69	A4	4	2560
125	125	498	498	2.0	1/2	1/2	4/4	7	1	1/2	1/2	1		3	69	A4	4	2568
126	126	500	500	2.0	0	0	4/4	4	1	1/2	1/2	1		2	50	D3	3	2577
126	126	500	500	2.0	0	0	4/4	6	1	1/2	1/2	1		2	50	D3	3	2584
126	126	500	500	2.0	0	0	4/4	8	1	1/2	1/2	1		2	50	D3	3	2588
126	126	500	500	2.0	0	0	4/4	3	1	1/2	1/2	1		5	59	B3	3	2575
126	126	500	500	4.0	0	0	4/4	5	2	1	1	1		5	59	B3	3	2581
126	126	500	500	2.0	0	0	4/4	2	1	1/2	1/2	1		-1	65	F4	4	2573
126	126	500	500	2.0	0	0	4/4	5	3	1/2	1/2	1		-1	65	F4	4	2582
126	126	500	500	2.0	0	0	4/4	1	1	1/2	1/2	1		3	69	A4	4	2571
126	126	500	500	2.0	0	0	4/4	5	1	1/2	1/2	1		3	69	A4	4	2579
126	126	500	500	2.0	0	0	4/4	7	1	1/2	1/2	1		3	69	A4	4	2586
126	126	502	502	2.0	1/2	1/2	4/4	4	1	1/2	1/2	1		4	52	E3	3	2578
126	126	502	502	2.0	1/2	1/2	4/4	6	1	1/2	1/2	1		4	52	E3	3	2585
126	126	502	502	2.0	1/2	1/2	4/4	8	1	1/2	1/2	1		4	52	E3	3	2589
126	126	502	502	2.0	1/2	1/2	4/4	3	1	1/2	1/2	1		5	59	B3	3	2576
126	126	502	502	2.0	1/2	1/2	4/4	2	1	1/2	1/2	1		4	64	E4	4	2574
126	126	502	502	2.0	1/2	1/2	4/4	5	3	1/2	1/2	1		4	64	E4	4	2583
126	126	502	502	2.0	1/2	1/2	4/4	1	1	1/2	1/2	1		8	68	G#4	4	2572
126	126	502	502	2.0	1/2	1/2	4/4	5	1	1/2	1/2	1		8	68	G#4	4	2580
126	126	502	502	2.0	1/2	1/2	4/4	7	1	1/2	1/2	1		8	68	G#4	4	2587
127	127	504	504	2.0	0	0	4/4	4	1	1/2	1/2	1		3	45	A2	2	2599
127	127	504	504	2.0	0	0	4/4	6	1	1/2	1/2	1		3	45	A2	2	2610
127	127	504	504	2.0	0	0	4/4	8	1	1/2	1/2	1		3	45	A2	2	2615
127	127	504	504	2.0	0	0	4/4	5	2	1/2	1/2	1		3	57	A3	3	2605
127	127	504	504	2.0	0	0	4/4	3	1	1/2	1/2	1		0	60	C4	4	2596
127	127	504	504	2.0	0	0	4/4	5	4	1/2	1/2	1		0	60	C4	4	2609
127	127	504	504	2.0	0	0	4/4	2	1	1/2	1/2	1		4	64	E4	4	2593
127	127	504	504	2.0	0	0	4/4	5	3	1/2	1/2	1		4	64	E4	4	2607
127	127	504	504	2.0	0	0	4/4	1	1	1/2	1/2	1		3	69	A4	4	2590
127	127	504	504	2.0	0	0	4/4	5	1	1/2	1/2	1		3	69	A4	4	2602
127	127	504	504	2.0	0	0	4/4	7	1	1/2	1/2	1		3	69	A4	4	2612
127	127	506	506	1.0	1/2	1/2	4/4	4	1	1/4	1/4	1		4	52	E3	3	2600
127	127	506	506	2.0	1/2	1/2	4/4	6	1	1/2	1/2	1		4	52	E3	3	2611
127	127	506	506	2.0	1/2	1/2	4/4	8	1	1/2	1/2	1		4	52	E3	3	2616
127	127	506	506	1.0	1/2	1/2	4/4	3	1	1/4	1/4	1		5	59	B3	3	2597
127	127	506	506	2.0	1/2	1/2	4/4	5	2	1/2	1/2	1		5	59	B3	3	2606
127	127	506	506	1.0	1/2	1/2	4/4	1	1	1/4	1/4	1		1	67	G4	4	2591
127	127	506	506	1.0	1/2	1/2	4/4	2	1	1/4	1/4	1		1	67	G4	4	2594
127	127	506	506	1.0	1/2	1/2	4/4	5	1	1/4	1/4	1		1	67	G4	4	2603
127	127	506	506	1.0	1/2	1/2	4/4	7	1	1/4	1/4	1		1	67	G4	4	2613
127	127	506	506	2.0	1/2	1/2	4/4	5	3	1/2	1/2	1		1	67	G4	4	2608
127	127	507	507	1.0	3/4	3/4	4/4	4	1	1/4	1/4	1		4	52	E3	3	2601
127	127	507	507	1.0	3/4	3/4	4/4	3	1	1/4	1/4	1		5	59	B3	3	2598
127	127	507	507	1.0	3/4	3/4	4/4	1	1	1/4	1/4	1		1	67	G4	4	2592
127	127	507	507	1.0	3/4	3/4	4/4	2	1	1/4	1/4	1		1	67	G4	4	2595
127	127	507	507	1.0	3/4	3/4	4/4	5	1	1/4	1/4	1		1	67	G4	4	2604
127	127	507	507	1.0	3/4	3/4	4/4	7	1	1/4	1/4	1		1	67	G4	4	2614
128	128	508	508	2.0	0	0	4/4	4	1	1/2	1/2	1		2	50	D3	3	2626
128	128	508	508	2.0	0	0	4/4	6	1	1/2	1/2	1		2	50	D3	3	2636
128	128	508	508	2.0	0	0	4/4	8	1	1/2	1/2	1		2	50	D3	3	2641
128	128	508	508	2.0	0	0	4/4	3	1	1/2	1/2	1		2	62	D4	4	2623
128	128	508	508	2.0	0	0	4/4	5	2	1/2	1/2	1		2	62	D4	4	2632
128	128	508	508	2.0	0	0	4/4	2	1	1/2	1/2	1		1	67	G4	4	2620
128	128	508	508	2.0	0	0	4/4	5	3	1/2	1/2	1		1	67	G4	4	2634
128	128	508	508	2.0	0	0	4/4	1	1	1/2	1/2	1		3	69	A4	4	2617
128	128	508	508	2.0	0	0	4/4	5	1	1/2	1/2	1		3	69	A4	4	2629
128	128	508	508	2.0	0	0	4/4	7	1	1/2	1/2	1		3	69	A4	4	2638
128	128	510	510	1.0	1/2	1/2	4/4	4	1	1/4	1/4	1		2	50	D3	3	2627
128	128	510	510	2.0	1/2	1/2	4/4	6	1	1/2	1/2	1		2	50	D3	3	2637
128	128	510	510	2.0	1/2	1/2	4/4	8	1	1/2	1/2	1		2	50	D3	3	2642
128	128	510	510	1.0	1/2	1/2	4/4	3	1	1/4	1/4	1		2	62	D4	4	2624
128	128	510	510	2.0	1/2	1/2	4/4	5	2	1/2	1/2	1		2	62	D4	4	2633
128	128	510	510	1.0	1/2	1/2	4/4	2	1	1/4	1/4	1		6	66	F#4	4	2621
128	128	510	510	2.0	1/2	1/2	4/4	5	3	1/2	1/2	1		6	66	F#4	4	2635
128	128	510	510	1.0	1/2	1/2	4/4	1	1	1/4	1/4	1		3	69	A4	4	2618
128	128	510	510	1.0	1/2	1/2	4/4	5	1	1/4	1/4	1		3	69	A4	4	2630
128	128	510	510	1.0	1/2	1/2	4/4	7	1	1/4	1/4	1		3	69	A4	4	2639
128	128	511	511	1.0	3/4	3/4	4/4	4	1	1/4	1/4	1		2	50	D3	3	2628
128	128	511	511	1.0	3/4	3/4	4/4	3	1	1/4	1/4	1		2	62	D4	4	2625
128	128	511	511	1.0	3/4	3/4	4/4	2	1	1/4	1/4	1		6	66	F#4	4	2622
128	128	511	511	1.0	3/4	3/4	4/4	1	1	1/4	1/4	1		3	69	A4	4	2619
128	128	511	511	1.0	3/4	3/4	4/4	5	1	1/4	1/4	1		3	69	A4	4	2631
128	128	511	511	1.0	3/4	3/4	4/4	7	1	1/4	1/4	1		3	69	A4	4	2640
129	129	512	512	2.0	0	0	4/4	4	1	1/2	1/2	1		1	43	G2	2	2652
129	129	512	512	2.0	0	0	4/4	6	1	1/2	1/2	1		1	43	G2	2	2662
129	129	512	512	2.0	0	0	4/4	8	1	1/2	1/2	1		1	43	G2	2	2667
129	129	512	512	2.0	0	0	4/4	3	1	1/2	1/2	1		2	62	D4	4	2649
129	129	512	512	2.0	0	0	4/4	5	2	1/2	1/2	1		2	62	D4	4	2658
129	129	512	512	2.0	0	0	4/4	2	1	1/2	1/2	1		1	67	G4	4	2646
129	129	512	512	2.0	0	0	4/4	5	3	1/2	1/2	1		1	67	G4	4	2660
129	129	512	512	2.0	0	0	4/4	1	1	1/2	1/2	1		5	71	B4	4	2643
129	129	512	512	2.0	0	0	4/4	5	1	1/2	1/2	1		5	71	B4	4	2655
129	129	512	512	2.0	0	0	4/4	7	1	1/2	1/2	1		5	71	B4	4	2664
129	129	514	514	1.0	1/2	1/2	4/4	4	1	1/4	1/4	1		1	55	G3	3	2653
129	129	514	514	2.0	1/2	1/2	4/4	6	1	1/2	1/2	1		1	55	G3	3	2663
129	129	514	514	2.0	1/2	1/2	4/4	8	1	1/2	1/2	1		1	55	G3	3	2668
129	129	514	514	1.0	1/2	1/2	4/4	3	1	1/4	1/4	1		2	62	D4	4	2650
129	129	514	514	2.0	1/2	1/2	4/4	5	2	1/2	1/2	1		2	62	D4	4	2659
129	129	514	514	1.0	1/2	1/2	4/4	2	1	1/4	1/4	1		1	67	G4	4	2647
129	129	514	514	2.0	1/2	1/2	4/4	5	3	1/2	1/2	1		1	67	G4	4	2661
129	129	514	514	1.0	1/2	1/2	4/4	1	1	1/4	1/4	1		5	71	B4	4	2644
129	129	514	514	1.0	1/2	1/2	4/4	5	1	1/4	1/4	1		5	71	B4	4	2656
129	129	514	514	1.0	1/2	1/2	4/4	7	1	1/4	1/4	1		5	71	B4	4	2665
129	129	515	515	1.0	3/4	3/4	4/4	4	1	1/4	1/4	1		1	55	G3	3	2654
129	129	515	515	1.0	3/4	3/4	4/4	3	1	1/4	1/4	1		2	62	D4	4	2651
129	129	515	515	1.0	3/4	3/4	4/4	2	1	1/4	1/4	1		1	67	G4	4	2648
129	129	515	515	1.0	3/4	3/4	4/4	1	1	1/4	1/4	1		5	71	B4	4	2645
129	129	515	515	1.0	3/4	3/4	4/4	5	1	1/4	1/4	1		5	71	B4	4	2657
129	129	515	515	1.0	3/4	3/4	4/4	7	1	1/4	1/4	1		5	71	B4	4	2666
130	130	516	516	2.0	0	0	4/4	4	1	1/2	1/2	1		4	52	E3	3	2675
130	130	516	516	2.0	0	0	4/4	6	1	1/2	1/2	1		4	52	E3	3	2683
130	130	516	516	2.0	0	0	4/4	8	1	1/2	1/2	1		4	52	E3	3	2687
130	130	516	516	2.0	0	0	4/4	3	1	1/2	1/2	1		4	64	E4	4	2673
130	130	516	516	2.0	0	0	4/4	5	2	1/2	1/2	1		4	64	E4	4	2679
130	130	516	516	2.0	0	0	4/4	2	1	1/2	1/2	1		1	67	G4	4	2671
130	130	516	516	2.0	0	0	4/4	5	3	1/2	1/2	1		1	67	G4	4	2681
130	130	516	516	2.0	0	0	4/4	1	1	1/2	1/2	1		5	71	B4	4	2669
130	130	516	516	2.0	0	0	4/4	5	1	1/2	1/2	1		5	71	B4	4	2677
130	130	516	516	2.0	0	0	4/4	7	1	1/2	1/2	1		5	71	B4	4	2685
130	130	518	518	2.0	1/2	1/2	4/4	4	1	1/2	1/2	1		0	48	C3	3	2676
130	130	518	518	2.0	1/2	1/2	4/4	6	1	1/2	1/2	1		0	48	C3	3	2684
130	130	518	518	2.0	1/2	1/2	4/4	8	1	1/2	1/2	1		0	48	C3	3	2688
130	130	518	518	2.0	1/2	1/2	4/4	2	1	1/2	1/2	1		4	64	E4	4	2672
130	130	518	518	2.0	1/2	1/2	4/4	3	1	1/2	1/2	1		4	64	E4	4	2674
130	130	518	518	2.0	1/2	1/2	4/4	5	2	1/2	1/2	1		4	64	E4	4	2680
130	130	518	518	2.0	1/2	1/2	4/4	5	3	1/2	1/2	1		4	64	E4	4	2682
130	130	518	518	2.0	1/2	1/2	4/4	1	1	1/2	1/2	1		3	69	A4	4	2670
130	130	518	518	2.0	1/2	1/2	4/4	5	1	1/2	1/2	1		3	69	A4	4	2678
130	130	518	518	2.0	1/2	1/2	4/4	7	1	1/2	1/2	1		3	69	A4	4	2686
131	131	520	520	2.0	0	0	4/4	4	1	1/2	1/2	1		2	50	D3	3	2695
131	131	520	520	2.0	0	0	4/4	6	1	1/2	1/2	1		2	50	D3	3	2702
131	131	520	520	2.0	0	0	4/4	8	1	1/2	1/2	1		2	50	D3	3	2706
131	131	520	520	2.0	0	0	4/4	3	1	1/2	1/2	1		5	59	B3	3	2693
131	131	520	520	4.0	0	0	4/4	5	2	1	1	1		5	59	B3	3	2699
131	131	520	520	2.0	0	0	4/4	2	1	1/2	1/2	1		-1	65	F4	4	2691
131	131	520	520	2.0	0	0	4/4	5	3	1/2	1/2	1		-1	65	F4	4	2700
131	131	520	520	2.0	0	0	4/4	1	1	1/2	1/2	1		3	69	A4	4	2689
131	131	520	520	2.0	0	0	4/4	5	1	1/2	1/2	1		3	69	A4	4	2697
131	131	520	520	2.0	0	0	4/4	7	1	1/2	1/2	1		3	69	A4	4	2704
131	131	522	522	2.0	1/2	1/2	4/4	4	1	1/2	1/2	1		4	52	E3	3	2696
131	131	522	522	2.0	1/2	1/2	4/4	6	1	1/2	1/2	1		4	52	E3	3	2703
131	131	522	522	2.0	1/2	1/2	4/4	8	1	1/2	1/2	1		4	52	E3	3	2707
131	131	522	522	2.0	1/2	1/2	4/4	3	1	1/2	1/2	1		5	59	B3	3	2694
131	131	522	522	2.0	1/2	1/2	4/4	2	1	1/2	1/2	1		4	64	E4	4	2692
131	131	522	522	2.0	1/2	1/2	4/4	5	3	1/2	1/2	1		4	64	E4	4	2701
131	131	522	522	2.0	1/2	1/2	4/4	1	1	1/2	1/2	1		8	68	G#4	4	2690
131	131	522	522	2.0	1/2	1/2	4/4	5	1	1/2	1/2	1		8	68	G#4	4	2698
131	131	522	522	2.0	1/2	1/2	4/4	7	1	1/2	1/2	1		8	68	G#4	4	2705
132	132	524	524	2.0	0	0	4/4	4	1	1/2	1/2	1		3	45	A2	2	2717
132	132	524	524	2.0	0	0	4/4	6	1	1/2	1/2	1		3	45	A2	2	2727
132	132	524	524	2.0	0	0	4/4	8	1	1/2	1/2	1		3	45	A2	2	2732
132	132	524	524	2.0	0	0	4/4	3	1	1/2	1/2	1		0	60	C4	4	2714
132	132	524	524	2.0	0	0	4/4	5	2	1/2	1/2	1		0	60	C4	4	2723
132	132	524	524	2.0	0	0	4/4	2	1	1/2	1/2	1		4	64	E4	4	2711
132	132	524	524	2.0	0	0	4/4	5	3	1/2	1/2	1		4	64	E4	4	2725
132	132	524	524	2.0	0	0	4/4	1	1	1/2	1/2	1		3	69	A4	4	2708
132	132	524	524	2.0	0	0	4/4	5	1	1/2	1/2	1		3	69	A4	4	2720
132	132	524	524	2.0	0	0	4/4	7	1	1/2	1/2	1		3	69	A4	4	2729
132	132	526	526	1.0	1/2	1/2	4/4	4	1	1/4	1/4	1		0	48	C3	3	2718
132	132	526	526	2.0	1/2	1/2	4/4	6	1	1/2	1/2	1		0	48	C3	3	2728
132	132	526	526	2.0	1/2	1/2	4/4	8	1	1/2	1/2	1		0	48	C3	3	2733
132	132	526	526	1.0	1/2	1/2	4/4	3	1	1/4	1/4	1		0	60	C4	4	2715
132	132	526	526	2.0	1/2	1/2	4/4	5	2	1/2	1/2	1		0	60	C4	4	2724
132	132	526	526	1.0	1/2	1/2	4/4	2	1	1/4	1/4	1		4	64	E4	4	2712
132	132	526	526	2.0	1/2	1/2	4/4	5	3	1/2	1/2	1		4	64	E4	4	2726
132	132	526	526	1.0	1/2	1/2	4/4	1	1	1/4	1/4	1		1	67	G4	4	2709
132	132	526	526	1.0	1/2	1/2	4/4	5	1	1/4	1/4	1		1	67	G4	4	2721
132	132	526	526	1.0	1/2	1/2	4/4	7	1	1/4	1/4	1		1	67	G4	4	2730
132	132	527	527	1.0	3/4	3/4	4/4	4	1	1/4	1/4	1		0	48	C3	3	2719
132	132	527	527	1.0	3/4	3/4	4/4	3	1	1/4	1/4	1		0	60	C4	4	2716
132	132	527	527	1.0	3/4	3/4	4/4	2	1	1/4	1/4	1		4	64	E4	4	2713
132	132	527	527	1.0	3/4	3/4	4/4	1	1	1/4	1/4	1		1	67	G4	4	2710
132	132	527	527	1.0	3/4	3/4	4/4	5	1	1/4	1/4	1		1	67	G4	4	2722
132	132	527	527	1.0	3/4	3/4	4/4	7	1	1/4	1/4	1		1	67	G4	4	2731
133	133	528	528	2.0	0	0	4/4	4	1	1/2	1/2	1		5	47	B2	2	2743
133	133	528	528	2.0	0	0	4/4	6	1	1/2	1/2	1		5	47	B2	2	2753
133	133	528	528	2.0	0	0	4/4	8	1	1/2	1/2	1		5	47	B2	2	2758
133	133	528	528	2.0	0	0	4/4	3	1	1/2	1/2	1		1	55	G3	3	2740
133	133	528	528	2.0	0	0	4/4	5	2	1/2	1/2	1		1	55	G3	3	2749
133	133	528	528	2.0	0	0	4/4	2	1	1/2	1/2	1		2	62	D4	4	2737
133	133	528	528	2.0	0	0	4/4	5	3	1/2	1/2	1		2	62	D4	4	2751
133	133	528	528	2.0	0	0	4/4	1	1	1/2	1/2	1		1	67	G4	4	2734
133	133	528	528	2.0	0	0	4/4	5	1	1/2	1/2	1		1	67	G4	4	2746
133	133	528	528	2.0	0	0	4/4	7	1	1/2	1/2	1		1	67	G4	4	2755
133	133	530	530	1.0	1/2	1/2	4/4	4	1	1/4	1/4	1		4	52	E3	3	2744
133	133	530	530	2.0	1/2	1/2	4/4	6	1	1/2	1/2	1		4	52	E3	3	2754
133	133	530	530	2.0	1/2	1/2	4/4	8	1	1/2	1/2	1		4	52	E3	3	2759
133	133	530	530	2.0	1/2	1/2	4/4	5	2	1/2	1/2	1	1	1	55	G3	3	2750
133	133	530	530	1.0	1/2	1/2	4/4	3	1	1/4	1/4	1		5	59	B3	3	2741
133	133	530	530	2.0	1/2	1/2	4/4	5	3	1/2	1/2	1		5	59	B3	3	2752
133	133	530	530	1.0	1/2	1/2	4/4	1	1	1/4	1/4	1		1	67	G4	4	2735
133	133	530	530	1.0	1/2	1/2	4/4	2	1	1/4	1/4	1		1	67	G4	4	2738
133	133	530	530	1.0	1/2	1/2	4/4	5	1	1/4	1/4	1		1	67	G4	4	2747
133	133	530	530	1.0	1/2	1/2	4/4	7	1	1/4	1/4	1		1	67	G4	4	2756
133	133	531	531	1.0	3/4	3/4	4/4	4	1	1/4	1/4	1		4	52	E3	3	2745
133	133	531	531	1.0	3/4	3/4	4/4	3	1	1/4	1/4	1		5	59	B3	3	2742
133	133	531	531	1.0	3/4	3/4	4/4	1	1	1/4	1/4	1		1	67	G4	4	2736
133	133	531	531	1.0	3/4	3/4	4/4	2	1	1/4	1/4	1		1	67	G4	4	2739
133	133	531	531	1.0	3/4	3/4	4/4	5	1	1/4	1/4	1		1	67	G4	4	2748
133	133	531	531	1.0	3/4	3/4	4/4	7	1	1/4	1/4	1		1	67	G4	4	2757
134	134	532	532	2.0	0	0	4/4	4	1	1/2	1/2	1		0	48	C3	3	2766
134	134	532	532	2.0	0	0	4/4	6	1	1/2	1/2	1		0	48	C3	3	2775
134	134	532	532	2.0	0	0	4/4	8	1	1/2	1/2	1		0	48	C3	3	2779
134	134	532	532	2.0	0	0	4/4	5	2	1/2	1/2	1	-1	1	55	G3	3	2770
134	134	532	532	2.0	0	0	4/4	3	1	1/2	1/2	1		4	64	E4	4	2764
134	134	532	532	2.0	0	0	4/4	5	3	1/2	1/2	1		4	64	E4	4	2773
134	134	532	532	2.0	0	0	4/4	2	1	1/2	1/2	1		1	67	G4	4	2762
134	134	532	532	2.0	0	0	4/4	1	1	1/2	1/2	1		3	69	A4	4	2760
134	134	532	532	2.0	0	0	4/4	5	1	1/2	1/2	1		3	69	A4	4	2768
134	134	532	532	2.0	0	0	4/4	7	1	1/2	1/2	1		3	69	A4	4	2777
134	134	534	534	2.0	1/2	1/2	4/4	4	1	1/2	1/2	1		2	50	D3	3	2767
134	134	534	534	2.0	1/2	1/2	4/4	6	1	1/2	1/2	1		2	50	D3	3	2776
134	134	534	534	2.0	1/2	1/2	4/4	8	1	1/2	1/2	1		2	50	D3	3	2780
134	134	534	534	1.0	1/2	1/2	4/4	5	2	1/4	1/4	1		6	54	F#3	3	2771
134	134	534	534	2.0	1/2	1/2	4/4	3	1	1/2	1/2	1		2	62	D4	4	2765
134	134	534	534	2.0	1/2	1/2	4/4	5	3	1/2	1/2	1		2	62	D4	4	2774
134	134	534	534	2.0	1/2	1/2	4/4	2	1	1/2	1/2	1		6	66	F#4	4	2763
134	134	534	534	2.0	1/2	1/2	4/4	1	1	1/2	1/2	1		3	69	A4	4	2761
134	134	534	534	2.0	1/2	1/2	4/4	5	1	1/2	1/2	1		3	69	A4	4	2769
134	134	534	534	2.0	1/2	1/2	4/4	7	1	1/2	1/2	1		3	69	A4	4	2778
134	134	535	535	1.0	3/4	3/4	4/4	5	2	1/4	1/4	1		0	60	C4	4	2772
135	135	536	536	2.0	0	0	4/4	4	1	1/2	1/2	1		1	43	G2	2	2790
135	135	536	536	2.0	0	0	4/4	6	1	1/2	1/2	1		1	43	G2	2	2800
135	135	536	536	2.0	0	0	4/4	8	1	1/2	1/2	1		1	43	G2	2	2805
135	135	536	536	2.0	0	0	4/4	5	2	1/2	1/2	1		5	59	B3	3	2796
135	135	536	536	2.0	0	0	4/4	3	1	1/2	1/2	1		2	62	D4	4	2787
135	135	536	536	2.0	0	0	4/4	5	3	1/2	1/2	1		2	62	D4	4	2798
135	135	536	536	2.0	0	0	4/4	2	1	1/2	1/2	1		1	67	G4	4	2784
135	135	536	536	2.0	0	0	4/4	1	1	1/2	1/2	1		5	71	B4	4	2781
135	135	536	536	2.0	0	0	4/4	5	1	1/2	1/2	1		5	71	B4	4	2793
135	135	536	536	2.0	0	0	4/4	7	1	1/2	1/2	1		5	71	B4	4	2802
135	135	538	538	1.0	1/2	1/2	4/4	4	1	1/4	1/4	1		9	51	D#3	3	2791
135	135	538	538	2.0	1/2	1/2	4/4	6	1	1/2	1/2	1		9	51	D#3	3	2801
135	135	538	538	2.0	1/2	1/2	4/4	8	1	1/2	1/2	1		9	51	D#3	3	2806
135	135	538	538	1.0	1/2	1/2	4/4	3	1	1/4	1/4	1		5	59	B3	3	2788
135	135	538	538	2.0	1/2	1/2	4/4	5	2	1/2	1/2	1		5	59	B3	3	2797
135	135	538	538	1.0	1/2	1/2	4/4	2	1	1/4	1/4	1		6	66	F#4	4	2785
135	135	538	538	2.0	1/2	1/2	4/4	5	3	1/2	1/2	1		6	66	F#4	4	2799
135	135	538	538	1.0	1/2	1/2	4/4	1	1	1/4	1/4	1		5	71	B4	4	2782
135	135	538	538	1.0	1/2	1/2	4/4	5	1	1/4	1/4	1		5	71	B4	4	2794
135	135	538	538	1.0	1/2	1/2	4/4	7	1	1/4	1/4	1		5	71	B4	4	2803
135	135	539	539	1.0	3/4	3/4	4/4	4	1	1/4	1/4	1		9	51	D#3	3	2792
135	135	539	539	1.0	3/4	3/4	4/4	3	1	1/4	1/4	1		5	59	B3	3	2789
135	135	539	539	1.0	3/4	3/4	4/4	2	1	1/4	1/4	1		6	66	F#4	4	2786
135	135	539	539	1.0	3/4	3/4	4/4	1	1	1/4	1/4	1		5	71	B4	4	2783
135	135	539	539	1.0	3/4	3/4	4/4	5	1	1/4	1/4	1		5	71	B4	4	2795
135	135	539	539	1.0	3/4	3/4	4/4	7	1	1/4	1/4	1		5	71	B4	4	2804
136	136	540	540	2.0	0	0	4/4	4	1	1/2	1/2	1		2	50	D3	3	2813
136	136	540	540	2.0	0	0	4/4	6	1	1/2	1/2	1		2	50	D3	3	2821
136	136	540	540	2.0	0	0	4/4	8	1	1/2	1/2	1		2	50	D3	3	2825
136	136	540	540	2.0	0	0	4/4	3	1	1/2	1/2	1		4	64	E4	4	2811
136	136	540	540	2.0	0	0	4/4	5	2	1/2	1/2	1		4	64	E4	4	2817
136	136	540	540	2.0	0	0	4/4	2	1	1/2	1/2	1		8	68	G#4	4	2809
136	136	540	540	2.0	0	0	4/4	5	3	1/2	1/2	1		8	68	G#4	4	2819
136	136	540	540	2.0	0	0	4/4	1	1	1/2	1/2	1		5	71	B4	4	2807
136	136	540	540	2.0	0	0	4/4	5	1	1/2	1/2	1		5	71	B4	4	2815
136	136	540	540	2.0	0	0	4/4	7	1	1/2	1/2	1		5	71	B4	4	2823
136	136	542	542	2.0	1/2	1/2	4/4	4	1	1/2	1/2	1		0	48	C3	3	2814
136	136	542	542	2.0	1/2	1/2	4/4	6	1	1/2	1/2	1		0	48	C3	3	2822
136	136	542	542	2.0	1/2	1/2	4/4	8	1	1/2	1/2	1		0	48	C3	3	2826
136	136	542	542	2.0	1/2	1/2	4/4	3	1	1/2	1/2	1		4	64	E4	4	2812
136	136	542	542	2.0	1/2	1/2	4/4	5	2	1/2	1/2	1		4	64	E4	4	2818
136	136	542	542	2.0	1/2	1/2	4/4	1	1	1/2	1/2	1		3	69	A4	4	2808
136	136	542	542	2.0	1/2	1/2	4/4	2	1	1/2	1/2	1		3	69	A4	4	2810
136	136	542	542	2.0	1/2	1/2	4/4	5	1	1/2	1/2	1		3	69	A4	4	2816
136	136	542	542	2.0	1/2	1/2	4/4	5	3	1/2	1/2	1		3	69	A4	4	2820
136	136	542	542	2.0	1/2	1/2	4/4	7	1	1/2	1/2	1		3	69	A4	4	2824
137	137	544	544	2.0	0	0	4/4	4	1	1/2	1/2	1		5	47	B2	2	2833
137	137	544	544	2.0	0	0	4/4	6	1	1/2	1/2	1		5	47	B2	2	2841
137	137	544	544	2.0	0	0	4/4	8	1	1/2	1/2	1		5	47	B2	2	2845
137	137	544	544	2.0	0	0	4/4	3	1	1/2	1/2	1		2	62	D4	4	2831
137	137	544	544	2.0	0	0	4/4	5	2	1/2	1/2	1		2	62	D4	4	2837
137	137	544	544	2.0	0	0	4/4	2	1	1/2	1/2	1		-1	65	F4	4	2829
137	137	544	544	2.0	0	0	4/4	5	3	1/2	1/2	1		-1	65	F4	4	2839
137	137	544	544	2.0	0	0	4/4	1	1	1/2	1/2	1		3	69	A4	4	2827
137	137	544	544	2.0	0	0	4/4	5	1	1/2	1/2	1		3	69	A4	4	2835
137	137	544	544	2.0	0	0	4/4	7	1	1/2	1/2	1		3	69	A4	4	2843
137	137	546	546	2.0	1/2	1/2	4/4	4	1	1/2	1/2	1		4	52	E3	3	2834
137	137	546	546	2.0	1/2	1/2	4/4	6	1	1/2	1/2	1		4	52	E3	3	2842
137	137	546	546	2.0	1/2	1/2	4/4	8	1	1/2	1/2	1		4	52	E3	3	2846
137	137	546	546	2.0	1/2	1/2	4/4	3	1	1/2	1/2	1		5	59	B3	3	2832
137	137	546	546	2.0	1/2	1/2	4/4	5	2	1/2	1/2	1		5	59	B3	3	2838
137	137	546	546	2.0	1/2	1/2	4/4	2	1	1/2	1/2	1		4	64	E4	4	2830
137	137	546	546	2.0	1/2	1/2	4/4	5	3	1/2	1/2	1		4	64	E4	4	2840
137	137	546	546	2.0	1/2	1/2	4/4	1	1	1/2	1/2	1		8	68	G#4	4	2828
137	137	546	546	2.0	1/2	1/2	4/4	5	1	1/2	1/2	1		8	68	G#4	4	2836
137	137	546	546	2.0	1/2	1/2	4/4	7	1	1/2	1/2	1		8	68	G#4	4	2844
138	138	548	548	2.0	0	0	4/4	4	1	1/2	1/2	1		3	45	A2	2	2856
138	138	548	548	2.0	0	0	4/4	6	1	1/2	1/2	1		3	45	A2	2	2866
138	138	548	548	2.0	0	0	4/4	8	1	1/2	1/2	1		3	45	A2	2	2871
138	138	548	548	2.0	0	0	4/4	3	1	1/2	1/2	1		0	60	C4	4	2853
138	138	548	548	2.0	0	0	4/4	5	2	1/2	1/2	1		0	60	C4	4	2862
138	138	548	548	2.0	0	0	4/4	2	1	1/2	1/2	1		4	64	E4	4	2850
138	138	548	548	2.0	0	0	4/4	5	3	1/2	1/2	1		4	64	E4	4	2864
138	138	548	548	2.0	0	0	4/4	1	1	1/2	1/2	1		3	69	A4	4	2847
138	138	548	548	2.0	0	0	4/4	5	1	1/2	1/2	1		3	69	A4	4	2859
138	138	548	548	2.0	0	0	4/4	7	1	1/2	1/2	1		3	69	A4	4	2868
138	138	550	550	1.0	1/2	1/2	4/4	4	1	1/4	1/4	1		5	47	B2	2	2857
138	138	550	550	2.0	1/2	1/2	4/4	6	1	1/2	1/2	1		5	47	B2	2	2867
138	138	550	550	2.0	1/2	1/2	4/4	8	1	1/2	1/2	1		5	47	B2	2	2872
138	138	550	550	1.0	1/2	1/2	4/4	3	1	1/4	1/4	1		1	55	G3	3	2854
138	138	550	550	2.0	1/2	1/2	4/4	5	2	1/2	1/2	1		1	55	G3	3	2863
138	138	550	550	1.0	1/2	1/2	4/4	2	1	1/4	1/4	1		2	62	D4	4	2851
138	138	550	550	2.0	1/2	1/2	4/4	5	3	1/2	1/2	1		2	62	D4	4	2865
138	138	550	550	1.0	1/2	1/2	4/4	1	1	1/4	1/4	1		1	67	G4	4	2848
138	138	550	550	1.0	1/2	1/2	4/4	5	1	1/4	1/4	1		1	67	G4	4	2860
138	138	550	550	1.0	1/2	1/2	4/4	7	1	1/4	1/4	1		1	67	G4	4	2869
138	138	551	551	1.0	3/4	3/4	4/4	4	1	1/4	1/4	1		5	47	B2	2	2858
138	138	551	551	1.0	3/4	3/4	4/4	3	1	1/4	1/4	1		1	55	G3	3	2855
138	138	551	551	1.0	3/4	3/4	4/4	2	1	1/4	1/4	1		2	62	D4	4	2852
138	138	551	551	1.0	3/4	3/4	4/4	1	1	1/4	1/4	1		1	67	G4	4	2849
138	138	551	551	1.0	3/4	3/4	4/4	5	1	1/4	1/4	1		1	67	G4	4	2861
138	138	551	551	1.0	3/4	3/4	4/4	7	1	1/4	1/4	1		1	67	G4	4	2870
139	139	552	552	2.0	0	0	4/4	4	1	1/2	1/2	1		3	45	A2	2	2879
139	139	552	552	2.0	0	0	4/4	6	1	1/2	1/2	1		3	45	A2	2	2887
139	139	552	552	2.0	0	0	4/4	8	1	1/2	1/2	1		3	45	A2	2	2891
139	139	552	552	2.0	0	0	4/4	3	1	1/2	1/2	1		3	57	A3	3	2877
139	139	552	552	2.0	0	0	4/4	5	2	1/2	1/2	1		3	57	A3	3	2883
139	139	552	552	2.0	0	0	4/4	2	1	1/2	1/2	1		0	60	C4	4	2875
139	139	552	552	2.0	0	0	4/4	5	3	1/2	1/2	1		0	60	C4	4	2885
139	139	552	552	2.0	0	0	4/4	1	1	1/2	1/2	1		1	67	G4	4	2873
139	139	552	552	2.0	0	0	4/4	5	1	1/2	1/2	1		1	67	G4	4	2881
139	139	552	552	2.0	0	0	4/4	7	1	1/2	1/2	1		1	67	G4	4	2889
139	139	554	554	2.0	1/2	1/2	4/4	4	1	1/2	1/2	1		1	43	G2	2	2880
139	139	554	554	2.0	1/2	1/2	4/4	6	1	1/2	1/2	1		1	43	G2	2	2888
139	139	554	554	2.0	1/2	1/2	4/4	8	1	1/2	1/2	1		1	43	G2	2	2892
139	139	554	554	2.0	1/2	1/2	4/4	3	1	1/2	1/2	1		5	59	B3	3	2878
139	139	554	554	2.0	1/2	1/2	4/4	5	2	1/2	1/2	1		5	59	B3	3	2884
139	139	554	554	2.0	1/2	1/2	4/4	2	1	1/2	1/2	1		2	62	D4	4	2876
139	139	554	554	2.0	1/2	1/2	4/4	5	3	1/2	1/2	1		2	62	D4	4	2886
139	139	554	554	2.0	1/2	1/2	4/4	1	1	1/2	1/2	1		1	67	G4	4	2874
139	139	554	554	2.0	1/2	1/2	4/4	5	1	1/2	1/2	1		1	67	G4	4	2882
139	139	554	554	2.0	1/2	1/2	4/4	7	1	1/2	1/2	1		1	67	G4	4	2890
140	140	556	556	1.0	0	0	4/4	4	1	1/4	1/4	1		4	52	E3	3	2905
140	140	556	556	2.0	0	0	4/4	6	1	1/2	1/2	1		4	52	E3	3	2916
140	140	556	556	2.0	0	0	4/4	8	1	1/2	1/2	1		4	52	E3	3	2922
140	140	556	556	1.0	0	0	4/4	3	1	1/4	1/4	1		5	59	B3	3	2901
140	140	556	556	4.0	0	0	4/4	5	2	1	1	1		5	59	B3	3	2913
140	140	556	556	1.0	0	0	4/4	2	1	1/4	1/4	1		4	64	E4	4	2897
140	140	556	556	2.0	0	0	4/4	5	3	1/2	1/2	1		4	64	E4	4	2914
140	140	556	556	1.0	0	0	4/4	1	1	1/4	1/4	1		1	67	G4	4	2893
140	140	556	556	1.0	0	0	4/4	5	1	1/4	1/4	1		1	67	G4	4	2909
140	140	556	556	1.0	0	0	4/4	7	1	1/4	1/4	1		1	67	G4	4	2918
140	140	557	557	1.0	1/4	1/4	4/4	4	1	1/4	1/4	1		4	52	E3	3	2906
140	140	557	557	1.0	1/4	1/4	4/4	3	1	1/4	1/4	1		5	59	B3	3	2902
140	140	557	557	1.0	1/4	1/4	4/4	2	1	1/4	1/4	1		4	64	E4	4	2898
140	140	557	557	1.0	1/4	1/4	4/4	1	1	1/4	1/4	1		1	67	G4	4	2894
140	140	557	557	1.0	1/4	1/4	4/4	5	1	1/4	1/4	1		1	67	G4	4	2910
140	140	557	557	1.0	1/4	1/4	4/4	7	1	1/4	1/4	1		1	67	G4	4	2919
140	140	558	558	1.0	1/2	1/2	4/4	4	1	1/4	1/4	1		9	51	D#3	3	2907
140	140	558	558	2.0	1/2	1/2	4/4	6	1	1/2	1/2	1		9	51	D#3	3	2917
140	140	558	558	2.0	1/2	1/2	4/4	8	1	1/2	1/2	1		9	51	D#3	3	2923
140	140	558	558	1.0	1/2	1/2	4/4	3	1	1/4	1/4	1		5	59	B3	3	2903
140	140	558	558	1.0	1/2	1/2	4/4	2	1	1/4	1/4	1		6	66	F#4	4	2899
140	140	558	558	2.0	1/2	1/2	4/4	5	3	1/2	1/2	1		6	66	F#4	4	2915
140	140	558	558	1.0	1/2	1/2	4/4	1	1	1/4	1/4	1		3	69	A4	4	2895
140	140	558	558	1.0	1/2	1/2	4/4	5	1	1/4	1/4	1		3	69	A4	4	2911
140	140	558	558	1.0	1/2	1/2	4/4	7	1	1/4	1/4	1		3	69	A4	4	2920
140	140	559	559	1.0	3/4	3/4	4/4	4	1	1/4	1/4	1		9	51	D#3	3	2908
140	140	559	559	1.0	3/4	3/4	4/4	3	1	1/4	1/4	1		5	59	B3	3	2904
140	140	559	559	1.0	3/4	3/4	4/4	2	1	1/4	1/4	1		6	66	F#4	4	2900
140	140	559	559	1.0	3/4	3/4	4/4	1	1	1/4	1/4	1		3	69	A4	4	2896
140	140	559	559	1.0	3/4	3/4	4/4	5	1	1/4	1/4	1		3	69	A4	4	2912
140	140	559	559	1.0	3/4	3/4	4/4	7	1	1/4	1/4	1		3	69	A4	4	2921
141	141	560	560	3.0	0	0	4/4	4	1	3/4	1/2	3/2		4	52	E3	3	2930
141	141	560	560	3.0	0	0	4/4	6	1	3/4	1/2	3/2		4	52	E3	3	2938
141	141	560	560	3.0	0	0	4/4	8	1	3/4	1/2	3/2		4	52	E3	3	2942
141	141	560	560	3.0	0	0	4/4	3	1	3/4	1/2	3/2		5	59	B3	3	2928
141	141	560	560	3.0	0	0	4/4	5	2	3/4	1/2	3/2		5	59	B3	3	2934
141	141	560	560	3.0	0	0	4/4	2	1	3/4	1/2	3/2		4	64	E4	4	2926
141	141	560	560	3.0	0	0	4/4	5	3	3/4	1/2	3/2		4	64	E4	4	2936
141	141	560	560	3.0	0	0	4/4	1	1	3/4	1/2	3/2		1	67	G4	4	2924
141	141	560	560	3.0	0	0	4/4	5	1	3/4	1/2	3/2		1	67	G4	4	2932
141	141	560	560	3.0	0	0	4/4	7	1	3/4	1/2	3/2		1	67	G4	4	2940
141	141	563	563	1.0	3/4	3/4	4/4	4	1	1/4	1/4	1		4	52	E3	3	2931
141	141	563	563	1.0	3/4	3/4	4/4	6	1	1/4	1/4	1		4	52	E3	3	2939
141	141	563	563	1.0	3/4	3/4	4/4	8	1	1/4	1/4	1		4	52	E3	3	2943
141	141	563	563	1.0	3/4	3/4	4/4	5	2	1/4	1/4	1		1	55	G3	3	2935
141	141	563	563	1.0	3/4	3/4	4/4	3	1	1/4	1/4	1		5	59	B3	3	2929
141	141	563	563	1.0	3/4	3/4	4/4	5	3	1/4	1/4	1		5	59	B3	3	2937
141	141	563	563	1.0	3/4	3/4	4/4	1	1	1/4	1/4	1		1	67	G4	4	2925
141	141	563	563	1.0	3/4	3/4	4/4	2	1	1/4	1/4	1		1	67	G4	4	2927
141	141	563	563	1.0	3/4	3/4	4/4	5	1	1/4	1/4	1		1	67	G4	4	2933
141	141	563	563	1.0	3/4	3/4	4/4	7	1	1/4	1/4	1		1	67	G4	4	2941
142	142	564	564	2.0	0	0	4/4	4	1	1/2	1/2	1		0	48	C3	3	2950
142	142	564	564	2.0	0	0	4/4	6	1	1/2	1/2	1		0	48	C3	3	2958
142	142	564	564	2.0	0	0	4/4	8	1	1/2	1/2	1		0	48	C3	3	2962
142	142	564	564	2.0	0	0	4/4	5	2	1/2	1/2	1		1	55	G3	3	2954
142	142	564	564	2.0	0	0	4/4	3	1	1/2	1/2	1		4	64	E4	4	2948
142	142	564	564	2.0	0	0	4/4	5	3	1/2	1/2	1		4	64	E4	4	2956
142	142	564	564	2.0	0	0	4/4	2	1	1/2	1/2	1		1	67	G4	4	2946
142	142	564	564	2.0	0	0	4/4	1	1	1/2	1/2	1		3	69	A4	4	2944
142	142	564	564	2.0	0	0	4/4	5	1	1/2	1/2	1		3	69	A4	4	2952
142	142	564	564	2.0	0	0	4/4	7	1	1/2	1/2	1		3	69	A4	4	2960
142	142	566	566	2.0	1/2	1/2	4/4	4	1	1/2	1/2	1		2	50	D3	3	2951
142	142	566	566	2.0	1/2	1/2	4/4	6	1	1/2	1/2	1		2	50	D3	3	2959
142	142	566	566	2.0	1/2	1/2	4/4	8	1	1/2	1/2	1		2	50	D3	3	2963
142	142	566	566	2.0	1/2	1/2	4/4	5	2	1/2	1/2	1		6	54	F#3	3	2955
142	142	566	566	2.0	1/2	1/2	4/4	3	1	1/2	1/2	1		2	62	D4	4	2949
142	142	566	566	2.0	1/2	1/2	4/4	5	3	1/2	1/2	1		2	62	D4	4	2957
142	142	566	566	2.0	1/2	1/2	4/4	2	1	1/2	1/2	1		6	66	F#4	4	2947
142	142	566	566	2.0	1/2	1/2	4/4	1	1	1/2	1/2	1		3	69	A4	4	2945
142	142	566	566	2.0	1/2	1/2	4/4	5	1	1/2	1/2	1		3	69	A4	4	2953
142	142	566	566	2.0	1/2	1/2	4/4	7	1	1/2	1/2	1		3	69	A4	4	2961
143	143	568	568	2.0	0	0	4/4	4	1	1/2	1/2	1		1	43	G2	2	2973
143	143	568	568	2.0	0	0	4/4	6	1	1/2	1/2	1		1	43	G2	2	2983
143	143	568	568	2.0	0	0	4/4	8	1	1/2	1/2	1		1	43	G2	2	2988
143	143	568	568	2.0	0	0	4/4	5	2	1/2	1/2	1		1	55	G3	3	2979
143	143	568	568	2.0	0	0	4/4	3	1	1/2	1/2	1		2	62	D4	4	2970
143	143	568	568	2.0	0	0	4/4	5	3	1/2	1/2	1		2	62	D4	4	2981
143	143	568	568	2.0	0	0	4/4	2	1	1/2	1/2	1		1	67	G4	4	2967
143	143	568	568	2.0	0	0	4/4	1	1	1/2	1/2	1		5	71	B4	4	2964
143	143	568	568	2.0	0	0	4/4	5	1	1/2	1/2	1		5	71	B4	4	2976
143	143	568	568	2.0	0	0	4/4	7	1	1/2	1/2	1		5	71	B4	4	2985
143	143	570	570	1.0	1/2	1/2	4/4	4	1	1/4	1/4	1		1	55	G3	3	2974
143	143	570	570	2.0	1/2	1/2	4/4	6	1	1/2	1/2	1		1	55	G3	3	2984
143	143	570	570	2.0	1/2	1/2	4/4	8	1	1/2	1/2	1		1	55	G3	3	2989
143	143	570	570	1.0	1/2	1/2	4/4	3	1	1/4	1/4	1		2	62	D4	4	2971
143	143	570	570	2.0	1/2	1/2	4/4	5	2	1/2	1/2	1		2	62	D4	4	2980
143	143	570	570	1.0	1/2	1/2	4/4	2	1	1/4	1/4	1		1	67	G4	4	2968
143	143	570	570	2.0	1/2	1/2	4/4	5	3	1/2	1/2	1		1	67	G4	4	2982
143	143	570	570	1.0	1/2	1/2	4/4	1	1	1/4	1/4	1		5	71	B4	4	2965
143	143	570	570	1.0	1/2	1/2	4/4	5	1	1/4	1/4	1		5	71	B4	4	2977
143	143	570	570	1.0	1/2	1/2	4/4	7	1	1/4	1/4	1		5	71	B4	4	2986
143	143	571	571	1.0	3/4	3/4	4/4	4	1	1/4	1/4	1		1	55	G3	3	2975
143	143	571	571	1.0	3/4	3/4	4/4	3	1	1/4	1/4	1		2	62	D4	4	2972
143	143	571	571	1.0	3/4	3/4	4/4	2	1	1/4	1/4	1		1	67	G4	4	2969
143	143	571	571	1.0	3/4	3/4	4/4	1	1	1/4	1/4	1		5	71	B4	4	2966
143	143	571	571	1.0	3/4	3/4	4/4	5	1	1/4	1/4	1		5	71	B4	4	2978
143	143	571	571	1.0	3/4	3/4	4/4	7	1	1/4	1/4	1		5	71	B4	4	2987
144	144	572	572	2.0	0	0	4/4	4	1	1/2	1/2	1		5	47	B2	2	2996
144	144	572	572	2.0	0	0	4/4	6	1	1/2	1/2	1		5	47	B2	2	3004
144	144	572	572	2.0	0	0	4/4	8	1	1/2	1/2	1		5	47	B2	2	3008
144	144	572	572	2.0	0	0	4/4	3	1	1/2	1/2	1		2	62	D4	4	2994
144	144	572	572	2.0	0	0	4/4	5	2	1/2	1/2	1		2	62	D4	4	3000
144	144	572	572	2.0	0	0	4/4	2	1	1/2	1/2	1		1	67	G4	4	2992
144	144	572	572	2.0	0	0	4/4	5	3	1/2	1/2	1		1	67	G4	4	3002
144	144	572	572	2.0	0	0	4/4	1	1	1/2	1/2	1		5	71	B4	4	2990
144	144	572	572	2.0	0	0	4/4	5	1	1/2	1/2	1		5	71	B4	4	2998
144	144	572	572	2.0	0	0	4/4	7	1	1/2	1/2	1		5	71	B4	4	3006
144	144	574	574	2.0	1/2	1/2	4/4	4	1	1/2	1/2	1		0	48	C3	3	2997
144	144	574	574	2.0	1/2	1/2	4/4	6	1	1/2	1/2	1		0	48	C3	3	3005
144	144	574	574	2.0	1/2	1/2	4/4	8	1	1/2	1/2	1		0	48	C3	3	3009
144	144	574	574	2.0	1/2	1/2	4/4	3	1	1/2	1/2	1		0	60	C4	4	2995
144	144	574	574	2.0	1/2	1/2	4/4	5	2	1/2	1/2	1		0	60	C4	4	3001
144	144	574	574	2.0	1/2	1/2	4/4	2	1	1/2	1/2	1		4	64	E4	4	2993
144	144	574	574	2.0	1/2	1/2	4/4	5	3	1/2	1/2	1		4	64	E4	4	3003
144	144	574	574	2.0	1/2	1/2	4/4	1	1	1/2	1/2	1		3	69	A4	4	2991
144	144	574	574	2.0	1/2	1/2	4/4	5	1	1/2	1/2	1		3	69	A4	4	2999
144	144	574	574	2.0	1/2	1/2	4/4	7	1	1/2	1/2	1		3	69	A4	4	3007
145	145	576	576	2.0	0	0	4/4	4	1	1/2	1/2	1		2	50	D3	3	3016
145	145	576	576	2.0	0	0	4/4	6	1	1/2	1/2	1		2	50	D3	3	3023
145	145	576	576	2.0	0	0	4/4	8	1	1/2	1/2	1		2	50	D3	3	3027
145	145	576	576	2.0	0	0	4/4	3	1	1/2	1/2	1		5	59	B3	3	3014
145	145	576	576	4.0	0	0	4/4	5	2	1	1	1		5	59	B3	3	3020
145	145	576	576	2.0	0	0	4/4	2	1	1/2	1/2	1		-1	65	F4	4	3012
145	145	576	576	2.0	0	0	4/4	5	3	1/2	1/2	1		-1	65	F4	4	3021
145	145	576	576	2.0	0	0	4/4	1	1	1/2	1/2	1		3	69	A4	4	3010
145	145	576	576	2.0	0	0	4/4	5	1	1/2	1/2	1		3	69	A4	4	3018
145	145	576	576	2.0	0	0	4/4	7	1	1/2	1/2	1		3	69	A4	4	3025
145	145	578	578	2.0	1/2	1/2	4/4	4	1	1/2	1/2	1		4	52	E3	3	3017
145	145	578	578	2.0	1/2	1/2	4/4	6	1	1/2	1/2	1		4	52	E3	3	3024
145	145	578	578	2.0	1/2	1/2	4/4	8	1	1/2	1/2	1		4	52	E3	3	3028
145	145	578	578	2.0	1/2	1/2	4/4	3	1	1/2	1/2	1		5	59	B3	3	3015
145	145	578	578	2.0	1/2	1/2	4/4	2	1	1/2	1/2	1		4	64	E4	4	3013
145	145	578	578	2.0	1/2	1/2	4/4	5	3	1/2	1/2	1		4	64	E4	4	3022
145	145	578	578	2.0	1/2	1/2	4/4	1	1	1/2	1/2	1		8	68	G#4	4	3011
145	145	578	578	2.0	1/2	1/2	4/4	5	1	1/2	1/2	1		8	68	G#4	4	3019
145	145	578	578	2.0	1/2	1/2	4/4	7	1	1/2	1/2	1		8	68	G#4	4	3026
146	146	580	580	2.0	0	0	4/4	4	1	1/2	1/2	1		3	45	A2	2	3038
146	146	580	580	2.0	0	0	4/4	6	1	1/2	1/2	1		3	45	A2	2	3048
146	146	580	580	2.0	0	0	4/4	8	1	1/2	1/2	1		3	45	A2	2	3053
146	146	580	580	2.0	0	0	4/4	3	1	1/2	1/2	1		0	60	C4	4	3035
146	146	580	580	2.0	0	0	4/4	5	2	1/2	1/2	1		0	60	C4	4	3044
146	146	580	580	2.0	0	0	4/4	2	1	1/2	1/2	1		4	64	E4	4	3032
146	146	580	580	2.0	0	0	4/4	5	3	1/2	1/2	1		4	64	E4	4	3046
146	146	580	580	2.0	0	0	4/4	1	1	1/2	1/2	1		3	69	A4	4	3029
146	146	580	580	2.0	0	0	4/4	5	1	1/2	1/2	1		3	69	A4	4	3041
146	146	580	580	2.0	0	0	4/4	7	1	1/2	1/2	1		3	69	A4	4	3050
146	146	582	582	1.0	1/2	1/2	4/4	4	1	1/4	1/4	1		0	48	C3	3	3039
146	146	582	582	2.0	1/2	1/2	4/4	6	1	1/2	1/2	1		0	48	C3	3	3049
146	146	582	582	2.0	1/2	1/2	4/4	8	1	1/2	1/2	1		0	48	C3	3	3054
146	146	582	582	1.0	1/2	1/2	4/4	3	1	1/4	1/4	1		0	60	C4	4	3036
146	146	582	582	2.0	1/2	1/2	4/4	5	2	1/2	1/2	1		0	60	C4	4	3045
146	146	582	582	1.0	1/2	1/2	4/4	2	1	1/4	1/4	1		4	64	E4	4	3033
146	146	582	582	2.0	1/2	1/2	4/4	5	3	1/2	1/2	1		4	64	E4	4	3047
146	146	582	582	1.0	1/2	1/2	4/4	1	1	1/4	1/4	1		1	67	G4	4	3030
146	146	582	582	1.0	1/2	1/2	4/4	5	1	1/4	1/4	1		1	67	G4	4	3042
146	146	582	582	1.0	1/2	1/2	4/4	7	1	1/4	1/4	1		1	67	G4	4	3051
146	146	583	583	1.0	3/4	3/4	4/4	4	1	1/4	1/4	1		0	48	C3	3	3040
146	146	583	583	1.0	3/4	3/4	4/4	3	1	1/4	1/4	1		0	60	C4	4	3037
146	146	583	583	1.0	3/4	3/4	4/4	2	1	1/4	1/4	1		4	64	E4	4	3034
146	146	583	583	1.0	3/4	3/4	4/4	1	1	1/4	1/4	1		1	67	G4	4	3031
146	146	583	583	1.0	3/4	3/4	4/4	5	1	1/4	1/4	1		1	67	G4	4	3043
146	146	583	583	1.0	3/4	3/4	4/4	7	1	1/4	1/4	1		1	67	G4	4	3052
147	147	584	584	2.0	0	0	4/4	4	1	1/2	1/2	1		5	47	B2	2	3061
147	147	584	584	2.0	0	0	4/4	6	1	1/2	1/2	1		5	47	B2	2	3069
147	147	584	584	2.0	0	0	4/4	8	1	1/2	1/2	1		5	47	B2	2	3073
147	147	584	584	2.0	0	0	4/4	5	2	1/2	1/2	1		1	55	G3	3	3065
147	147	584	584	2.0	0	0	4/4	2	1	1/2	1/2	1		2	62	D4	4	3057
147	147	584	584	2.0	0	0	4/4	3	1	1/2	1/2	1		2	62	D4	4	3059
147	147	584	584	2.0	0	0	4/4	5	3	1/2	1/2	1		2	62	D4	4	3067
147	147	584	584	2.0	0	0	4/4	1	1	1/2	1/2	1		1	67	G4	4	3055
147	147	584	584	2.0	0	0	4/4	5	1	1/2	1/2	1		1	67	G4	4	3063
147	147	584	584	2.0	0	0	4/4	7	1	1/2	1/2	1		1	67	G4	4	3071
147	147	586	586	2.0	1/2	1/2	4/4	4	1	1/2	1/2	1		4	52	E3	3	3062
147	147	586	586	2.0	1/2	1/2	4/4	6	1	1/2	1/2	1		4	52	E3	3	3070
147	147	586	586	2.0	1/2	1/2	4/4	8	1	1/2	1/2	1		4	52	E3	3	3074
147	147	586	586	2.0	1/2	1/2	4/4	3	1	1/2	1/2	1		5	59	B3	3	3060
147	147	586	586	2.0	1/2	1/2	4/4	5	2	1/2	1/2	1		5	59	B3	3	3066
147	147	586	586	2.0	1/2	1/2	4/4	2	1	1/2	1/2	1		4	64	E4	4	3058
147	147	586	586	2.0	1/2	1/2	4/4	5	3	1/2	1/2	1		4	64	E4	4	3068
147	147	586	586	2.0	1/2	1/2	4/4	1	1	1/2	1/2	1		1	67	G4	4	3056
147	147	586	586	2.0	1/2	1/2	4/4	5	1	1/2	1/2	1		1	67	G4	4	3064
147	147	586	586	2.0	1/2	1/2	4/4	7	1	1/2	1/2	1		1	67	G4	4	3072
148	148	588	588	2.0	0	0	4/4	4	1	1/2	1/2	1		0	48	C3	3	3080
148	148	588	588	2.0	0	0	4/4	6	1	1/2	1/2	1		0	48	C3	3	3086
148	148	588	588	2.0	0	0	4/4	8	1	1/2	1/2	1		0	48	C3	3	3089
148	148	588	588	2.0	0	0	4/4	3	1	1/2	1/2	1		3	57	A3	3	3078
148	148	588	588	4.0	0	0	4/4	5	2	1	1	1		3	57	A3	3	3083
148	148	588	588	2.0	0	0	4/4	2	1	1/2	1/2	1		4	64	E4	4	3076
148	148	588	588	2.0	0	0	4/4	5	3	1/2	1/2	1		4	64	E4	4	3084
148	148	588	588	4.0	0	0	4/4	1	1	1	1	1		3	69	A4	4	3075
148	148	588	588	4.0	0	0	4/4	5	1	1	1	1		3	69	A4	4	3082
148	148	588	588	4.0	0	0	4/4	7	1	1	1	1		3	69	A4	4	3088
148	148	590	590	2.0	1/2	1/2	4/4	4	1	1/2	1/2	1		2	50	D3	3	3081
148	148	590	590	2.0	1/2	1/2	4/4	6	1	1/2	1/2	1		2	50	D3	3	3087
148	148	590	590	2.0	1/2	1/2	4/4	8	1	1/2	1/2	1		2	50	D3	3	3090
148	148	590	590	2.0	1/2	1/2	4/4	3	1	1/2	1/2	1		2	62	D4	4	3079
148	148	590	590	2.0	1/2	1/2	4/4	2	1	1/2	1/2	1		6	66	F#4	4	3077
148	148	590	590	2.0	1/2	1/2	4/4	5	3	1/2	1/2	1		6	66	F#4	4	3085
149	149	592	592	2.0	0	0	4/4	4	1	1/2	1/2	1		1	43	G2	2	3100
149	149	592	592	2.0	0	0	4/4	6	1	1/2	1/2	1		1	43	G2	2	3111
149	149	592	592	2.0	0	0	4/4	8	1	1/2	1/2	1		1	43	G2	2	3116
149	149	592	592	2.0	0	0	4/4	5	2	1/2	1/2	1		1	55	G3	3	3106
149	149	592	592	2.0	0	0	4/4	3	1	1/2	1/2	1		2	62	D4	4	3097
149	149	592	592	2.0	0	0	4/4	5	4	1/2	1/2	1		2	62	D4	4	3110
149	149	592	592	2.0	0	0	4/4	2	1	1/2	1/2	1		1	67	G4	4	3094
149	149	592	592	2.0	0	0	4/4	5	3	1/2	1/2	1		1	67	G4	4	3108
149	149	592	592	2.0	0	0	4/4	1	1	1/2	1/2	1		5	71	B4	4	3091
149	149	592	592	2.0	0	0	4/4	5	1	1/2	1/2	1		5	71	B4	4	3103
149	149	592	592	2.0	0	0	4/4	7	1	1/2	1/2	1		5	71	B4	4	3113
149	149	594	594	1.0	1/2	1/2	4/4	4	1	1/4	1/4	1		4	52	E3	3	3101
149	149	594	594	2.0	1/2	1/2	4/4	6	1	1/2	1/2	1		4	52	E3	3	3112
149	149	594	594	2.0	1/2	1/2	4/4	8	1	1/2	1/2	1		4	52	E3	3	3117
149	149	594	594	1.0	1/2	1/2	4/4	3	1	1/4	1/4	1		4	64	E4	4	3098
149	149	594	594	2.0	1/2	1/2	4/4	5	2	1/2	1/2	1		4	64	E4	4	3107
149	149	594	594	1.0	1/2	1/2	4/4	2	1	1/4	1/4	1		1	67	G4	4	3095
149	149	594	594	2.0	1/2	1/2	4/4	5	3	1/2	1/2	1		1	67	G4	4	3109
149	149	594	594	1.0	1/2	1/2	4/4	1	1	1/4	1/4	1		5	71	B4	4	3092
149	149	594	594	1.0	1/2	1/2	4/4	5	1	1/4	1/4	1		5	71	B4	4	3104
149	149	594	594	1.0	1/2	1/2	4/4	7	1	1/4	1/4	1		5	71	B4	4	3114
149	149	595	595	1.0	3/4	3/4	4/4	4	1	1/4	1/4	1		4	52	E3	3	3102
149	149	595	595	1.0	3/4	3/4	4/4	3	1	1/4	1/4	1		4	64	E4	4	3099
149	149	595	595	1.0	3/4	3/4	4/4	2	1	1/4	1/4	1		1	67	G4	4	3096
149	149	595	595	1.0	3/4	3/4	4/4	1	1	1/4	1/4	1		5	71	B4	4	3093
149	149	595	595	1.0	3/4	3/4	4/4	5	1	1/4	1/4	1		5	71	B4	4	3105
149	149	595	595	1.0	3/4	3/4	4/4	7	1	1/4	1/4	1		5	71	B4	4	3115
150	150	596	596	2.0	0	0	4/4	4	1	1/2	1/2	1		5	47	B2	2	3124
150	150	596	596	2.0	0	0	4/4	6	1	1/2	1/2	1		5	47	B2	2	3132
150	150	596	596	2.0	0	0	4/4	8	1	1/2	1/2	1		5	47	B2	2	3136
150	150	596	596	2.0	0	0	4/4	3	1	1/2	1/2	1		2	62	D4	4	3122
150	150	596	596	2.0	0	0	4/4	5	2	1/2	1/2	1		2	62	D4	4	3128
150	150	596	596	2.0	0	0	4/4	2	1	1/2	1/2	1		1	67	G4	4	3120
150	150	596	596	2.0	0	0	4/4	5	3	1/2	1/2	1		1	67	G4	4	3130
150	150	596	596	2.0	0	0	4/4	1	1	1/2	1/2	1		5	71	B4	4	3118
150	150	596	596	2.0	0	0	4/4	5	1	1/2	1/2	1		5	71	B4	4	3126
150	150	596	596	2.0	0	0	4/4	7	1	1/2	1/2	1		5	71	B4	4	3134
150	150	598	598	2.0	1/2	1/2	4/4	4	1	1/2	1/2	1		-1	53	F3	3	3125
150	150	598	598	2.0	1/2	1/2	4/4	6	1	1/2	1/2	1		-1	53	F3	3	3133
150	150	598	598	2.0	1/2	1/2	4/4	8	1	1/2	1/2	1		-1	53	F3	3	3137
150	150	598	598	2.0	1/2	1/2	4/4	3	1	1/2	1/2	1		2	62	D4	4	3123
150	150	598	598	2.0	1/2	1/2	4/4	5	2	1/2	1/2	1		2	62	D4	4	3129
150	150	598	598	2.0	1/2	1/2	4/4	2	1	1/2	1/2	1		-1	65	F4	4	3121
150	150	598	598	2.0	1/2	1/2	4/4	5	3	1/2	1/2	1		-1	65	F4	4	3131
150	150	598	598	2.0	1/2	1/2	4/4	1	1	1/2	1/2	1		3	69	A4	4	3119
150	150	598	598	2.0	1/2	1/2	4/4	5	1	1/2	1/2	1		3	69	A4	4	3127
150	150	598	598	2.0	1/2	1/2	4/4	7	1	1/2	1/2	1		3	69	A4	4	3135
151	151	600	600	2.0	0	0	4/4	4	1	1/2	1/2	1		2	50	D3	3	3144
151	151	600	600	2.0	0	0	4/4	6	1	1/2	1/2	1		2	50	D3	3	3151
151	151	600	600	2.0	0	0	4/4	8	1	1/2	1/2	1		2	50	D3	3	3155
151	151	600	600	2.0	0	0	4/4	3	1	1/2	1/2	1		5	59	B3	3	3142
151	151	600	600	4.0	0	0	4/4	5	2	1	1	1		5	59	B3	3	3148
151	151	600	600	2.0	0	0	4/4	2	1	1/2	1/2	1		-1	65	F4	4	3140
151	151	600	600	2.0	0	0	4/4	5	3	1/2	1/2	1		-1	65	F4	4	3149
151	151	600	600	2.0	0	0	4/4	1	1	1/2	1/2	1		3	69	A4	4	3138
151	151	600	600	2.0	0	0	4/4	5	1	1/2	1/2	1		3	69	A4	4	3146
151	151	600	600	2.0	0	0	4/4	7	1	1/2	1/2	1		3	69	A4	4	3153
151	151	602	602	2.0	1/2	1/2	4/4	4	1	1/2	1/2	1		4	52	E3	3	3145
151	151	602	602	2.0	1/2	1/2	4/4	6	1	1/2	1/2	1		4	52	E3	3	3152
151	151	602	602	2.0	1/2	1/2	4/4	8	1	1/2	1/2	1		4	52	E3	3	3156
151	151	602	602	2.0	1/2	1/2	4/4	3	1	1/2	1/2	1		5	59	B3	3	3143
151	151	602	602	2.0	1/2	1/2	4/4	2	1	1/2	1/2	1		4	64	E4	4	3141
151	151	602	602	2.0	1/2	1/2	4/4	5	3	1/2	1/2	1		4	64	E4	4	3150
151	151	602	602	2.0	1/2	1/2	4/4	1	1	1/2	1/2	1		8	68	G#4	4	3139
151	151	602	602	2.0	1/2	1/2	4/4	5	1	1/2	1/2	1		8	68	G#4	4	3147
151	151	602	602	2.0	1/2	1/2	4/4	7	1	1/2	1/2	1		8	68	G#4	4	3154
152	152	604	604	2.0	0	0	4/4	4	1	1/2	1/2	1		3	45	A2	2	3166
152	152	604	604	2.0	0	0	4/4	6	1	1/2	1/2	1		3	45	A2	2	3177
152	152	604	604	2.0	0	0	4/4	8	1	1/2	1/2	1		3	45	A2	2	3182
152	152	604	604	2.0	0	0	4/4	5	2	1/2	1/2	1		3	57	A3	3	3172
152	152	604	604	2.0	0	0	4/4	3	1	1/2	1/2	1		0	60	C4	4	3163
152	152	604	604	2.0	0	0	4/4	5	4	1/2	1/2	1		0	60	C4	4	3176
152	152	604	604	2.0	0	0	4/4	2	1	1/2	1/2	1		4	64	E4	4	3160
152	152	604	604	2.0	0	0	4/4	5	3	1/2	1/2	1		4	64	E4	4	3174
152	152	604	604	2.0	0	0	4/4	1	1	1/2	1/2	1		3	69	A4	4	3157
152	152	604	604	2.0	0	0	4/4	5	1	1/2	1/2	1		3	69	A4	4	3169
152	152	604	604	2.0	0	0	4/4	7	1	1/2	1/2	1		3	69	A4	4	3179
152	152	606	606	1.0	1/2	1/2	4/4	4	1	1/4	1/4	1		4	52	E3	3	3167
152	152	606	606	2.0	1/2	1/2	4/4	6	1	1/2	1/2	1		4	52	E3	3	3178
152	152	606	606	2.0	1/2	1/2	4/4	8	1	1/2	1/2	1		4	52	E3	3	3183
152	152	606	606	1.0	1/2	1/2	4/4	3	1	1/4	1/4	1		5	59	B3	3	3164
152	152	606	606	2.0	1/2	1/2	4/4	5	2	1/2	1/2	1		5	59	B3	3	3173
152	152	606	606	1.0	1/2	1/2	4/4	2	1	1/4	1/4	1		4	64	E4	4	3161
152	152	606	606	2.0	1/2	1/2	4/4	5	3	1/2	1/2	1		4	64	E4	4	3175
152	152	606	606	1.0	1/2	1/2	4/4	1	1	1/4	1/4	1		1	67	G4	4	3158
152	152	606	606	1.0	1/2	1/2	4/4	5	1	1/4	1/4	1		1	67	G4	4	3170
152	152	606	606	1.0	1/2	1/2	4/4	7	1	1/4	1/4	1		1	67	G4	4	3180
152	152	607	607	1.0	3/4	3/4	4/4	4	1	1/4	1/4	1		4	52	E3	3	3168
152	152	607	607	1.0	3/4	3/4	4/4	3	1	1/4	1/4	1		5	59	B3	3	3165
152	152	607	607	1.0	3/4	3/4	4/4	2	1	1/4	1/4	1		4	64	E4	4	3162
152	152	607	607	1.0	3/4	3/4	4/4	1	1	1/4	1/4	1		1	67	G4	4	3159
152	152	607	607	1.0	3/4	3/4	4/4	5	1	1/4	1/4	1		1	67	G4	4	3171
152	152	607	607	1.0	3/4	3/4	4/4	7	1	1/4	1/4	1		1	67	G4	4	3181
153	153	608	608	2.0	0	0	4/4	4	1	1/2	1/2	1		2	50	D3	3	3193
153	153	608	608	2.0	0	0	4/4	6	1	1/2	1/2	1		2	50	D3	3	3203
153	153	608	608	2.0	0	0	4/4	8	1	1/2	1/2	1		2	50	D3	3	3208
153	153	608	608	2.0	0	0	4/4	3	1	1/2	1/2	1		5	59	B3	3	3190
153	153	608	608	2.0	0	0	4/4	5	2	1/2	1/2	1		5	59	B3	3	3199
153	153	608	608	2.0	0	0	4/4	2	1	1/2	1/2	1		4	64	E4	4	3187
153	153	608	608	2.0	0	0	4/4	5	3	1/2	1/2	1		4	64	E4	4	3201
153	153	608	608	2.0	0	0	4/4	1	1	1/2	1/2	1		1	67	G4	4	3184
153	153	608	608	2.0	0	0	4/4	5	1	1/2	1/2	1		1	67	G4	4	3196
153	153	608	608	2.0	0	0	4/4	7	1	1/2	1/2	1		1	67	G4	4	3205
153	153	610	610	1.0	1/2	1/2	4/4	4	1	1/4	1/4	1		0	48	C3	3	3194
153	153	610	610	2.0	1/2	1/2	4/4	6	1	1/2	1/2	1		0	48	C3	3	3204
153	153	610	610	2.0	1/2	1/2	4/4	8	1	1/2	1/2	1		0	48	C3	3	3209
153	153	610	610	2.0	1/2	1/2	4/4	5	2	1/2	1/2	1	1	1	55	G3	3	3200
153	153	610	610	1.0	1/2	1/2	4/4	3	1	1/4	1/4	1		0	60	C4	4	3191
153	153	610	610	1.0	1/2	1/2	4/4	2	1	1/4	1/4	1		4	64	E4	4	3188
153	153	610	610	2.0	1/2	1/2	4/4	5	3	1/2	1/2	1		4	64	E4	4	3202
153	153	610	610	1.0	1/2	1/2	4/4	1	1	1/4	1/4	1		1	67	G4	4	3185
153	153	610	610	1.0	1/2	1/2	4/4	5	1	1/4	1/4	1		1	67	G4	4	3197
153	153	610	610	1.0	1/2	1/2	4/4	7	1	1/4	1/4	1		1	67	G4	4	3206
153	153	611	611	1.0	3/4	3/4	4/4	4	1	1/4	1/4	1		0	48	C3	3	3195
153	153	611	611	1.0	3/4	3/4	4/4	3	1	1/4	1/4	1		4	64	E4	4	3192
153	153	611	611	1.0	3/4	3/4	4/4	1	1	1/4	1/4	1		1	67	G4	4	3186
153	153	611	611	1.0	3/4	3/4	4/4	2	1	1/4	1/4	1		1	67	G4	4	3189
153	153	611	611	1.0	3/4	3/4	4/4	5	1	1/4	1/4	1		1	67	G4	4	3198
153	153	611	611	1.0	3/4	3/4	4/4	7	1	1/4	1/4	1		1	67	G4	4	3207
154	154	612	612	2.0	0	0	4/4	4	1	1/2	1/2	1		7	49	C#3	3	3216
154	154	612	612	2.0	0	0	4/4	6	1	1/2	1/2	1		7	49	C#3	3	3224
154	154	612	612	2.0	0	0	4/4	8	1	1/2	1/2	1		7	49	C#3	3	3228
154	154	612	612	2.0	0	0	4/4	5	2	1/2	1/2	1	-1	1	55	G3	3	3220
154	154	612	612	2.0	0	0	4/4	3	1	1/2	1/2	1		4	64	E4	4	3214
154	154	612	612	2.0	0	0	4/4	5	3	1/2	1/2	1		4	64	E4	4	3222
154	154	612	612	2.0	0	0	4/4	2	1	1/2	1/2	1		1	67	G4	4	3212
154	154	612	612	2.0	0	0	4/4	1	1	1/2	1/2	1		3	69	A4	4	3210
154	154	612	612	2.0	0	0	4/4	5	1	1/2	1/2	1		3	69	A4	4	3218
154	154	612	612	2.0	0	0	4/4	7	1	1/2	1/2	1		3	69	A4	4	3226
154	154	614	614	2.0	1/2	1/2	4/4	4	1	1/2	1/2	1		2	50	D3	3	3217
154	154	614	614	2.0	1/2	1/2	4/4	6	1	1/2	1/2	1		2	50	D3	3	3225
154	154	614	614	2.0	1/2	1/2	4/4	8	1	1/2	1/2	1		2	50	D3	3	3229
154	154	614	614	2.0	1/2	1/2	4/4	5	2	1/2	1/2	1		6	54	F#3	3	3221
154	154	614	614	2.0	1/2	1/2	4/4	3	1	1/2	1/2	1		2	62	D4	4	3215
154	154	614	614	2.0	1/2	1/2	4/4	5	3	1/2	1/2	1		2	62	D4	4	3223
154	154	614	614	2.0	1/2	1/2	4/4	2	1	1/2	1/2	1		6	66	F#4	4	3213
154	154	614	614	2.0	1/2	1/2	4/4	1	1	1/2	1/2	1		3	69	A4	4	3211
154	154	614	614	2.0	1/2	1/2	4/4	5	1	1/2	1/2	1		3	69	A4	4	3219
154	154	614	614	2.0	1/2	1/2	4/4	7	1	1/2	1/2	1		3	69	A4	4	3227
155	155	616	616	2.0	0	0	4/4	4	1	1/2	1/2	1		1	43	G2	2	3239
155	155	616	616	2.0	0	0	4/4	6	1	1/2	1/2	1		1	43	G2	2	3249
155	155	616	616	2.0	0	0	4/4	8	1	1/2	1/2	1		1	43	G2	2	3254
155	155	616	616	2.0	0	0	4/4	5	2	1/2	1/2	1		1	55	G3	3	3245
155	155	616	616	2.0	0	0	4/4	3	1	1/2	1/2	1		2	62	D4	4	3236
155	155	616	616	2.0	0	0	4/4	5	3	1/2	1/2	1		2	62	D4	4	3247
155	155	616	616	2.0	0	0	4/4	2	1	1/2	1/2	1		1	67	G4	4	3233
155	155	616	616	2.0	0	0	4/4	1	1	1/2	1/2	1		5	71	B4	4	3230
155	155	616	616	2.0	0	0	4/4	5	1	1/2	1/2	1		5	71	B4	4	3242
155	155	616	616	2.0	0	0	4/4	7	1	1/2	1/2	1		5	71	B4	4	3251
155	155	618	618	1.0	1/2	1/2	4/4	4	1	1/4	1/4	1		1	55	G3	3	3240
155	155	618	618	2.0	1/2	1/2	4/4	6	1	1/2	1/2	1		1	55	G3	3	3250
155	155	618	618	2.0	1/2	1/2	4/4	8	1	1/2	1/2	1		1	55	G3	3	3255
155	155	618	618	1.0	1/2	1/2	4/4	3	1	1/4	1/4	1		2	62	D4	4	3237
155	155	618	618	2.0	1/2	1/2	4/4	5	2	1/2	1/2	1	1	2	62	D4	4	3246
155	155	618	618	1.0	1/2	1/2	4/4	2	1	1/4	1/4	1		1	67	G4	4	3234
155	155	618	618	2.0	1/2	1/2	4/4	5	3	1/2	1/2	1		1	67	G4	4	3248
155	155	618	618	1.0	1/2	1/2	4/4	1	1	1/4	1/4	1		5	71	B4	4	3231
155	155	618	618	1.0	1/2	1/2	4/4	5	1	1/4	1/4	1		5	71	B4	4	3243
155	155	618	618	1.0	1/2	1/2	4/4	7	1	1/4	1/4	1		5	71	B4	4	3252
155	155	619	619	1.0	3/4	3/4	4/4	4	1	1/4	1/4	1		1	55	G3	3	3241
155	155	619	619	1.0	3/4	3/4	4/4	3	1	1/4	1/4	1		2	62	D4	4	3238
155	155	619	619	1.0	3/4	3/4	4/4	2	1	1/4	1/4	1		1	67	G4	4	3235
155	155	619	619	1.0	3/4	3/4	4/4	1	1	1/4	1/4	1		5	71	B4	4	3232
155	155	619	619	1.0	3/4	3/4	4/4	5	1	1/4	1/4	1		5	71	B4	4	3244
155	155	619	619	1.0	3/4	3/4	4/4	7	1	1/4	1/4	1		5	71	B4	4	3253
156	156	620	620	2.0	0	0	4/4	4	1	1/2	1/2	1		8	56	G#3	3	3262
156	156	620	620	2.0	0	0	4/4	6	1	1/2	1/2	1		8	56	G#3	3	3269
156	156	620	620	2.0	0	0	4/4	8	1	1/2	1/2	1		8	56	G#3	3	3273
156	156	620	620	2.0	0	0	4/4	3	1	1/2	1/2	1		2	62	D4	4	3260
156	156	620	620	2.0	0	0	4/4	5	2	1/2	1/2	1	-1	2	62	D4	4	3266
156	156	620	620	2.0	0	0	4/4	2	1	1/2	1/2	1		4	64	E4	4	3258
156	156	620	620	4.0	0	0	4/4	5	3	1	1	1		4	64	E4	4	3268
156	156	620	620	2.0	0	0	4/4	1	1	1/2	1/2	1		5	71	B4	4	3256
156	156	620	620	2.0	0	0	4/4	5	1	1/2	1/2	1		5	71	B4	4	3264
156	156	620	620	2.0	0	0	4/4	7	1	1/2	1/2	1		5	71	B4	4	3271
156	156	622	622	2.0	1/2	1/2	4/4	4	1	1/2	1/2	1		3	57	A3	3	3263
156	156	622	622	2.0	1/2	1/2	4/4	6	1	1/2	1/2	1		3	57	A3	3	3270
156	156	622	622	2.0	1/2	1/2	4/4	8	1	1/2	1/2	1		3	57	A3	3	3274
156	156	622	622	2.0	1/2	1/2	4/4	3	1	1/2	1/2	1		0	60	C4	4	3261
156	156	622	622	2.0	1/2	1/2	4/4	5	2	1/2	1/2	1		0	60	C4	4	3267
156	156	622	622	2.0	1/2	1/2	4/4	2	1	1/2	1/2	1		4	64	E4	4	3259
156	156	622	622	2.0	1/2	1/2	4/4	1	1	1/2	1/2	1		3	69	A4	4	3257
156	156	622	622	2.0	1/2	1/2	4/4	5	1	1/2	1/2	1		3	69	A4	4	3265
156	156	622	622	2.0	1/2	1/2	4/4	7	1	1/2	1/2	1		3	69	A4	4	3272
157	157	624	624	2.0	0	0	4/4	4	1	1/2	1/2	1		4	52	E3	3	3281
157	157	624	624	4.0	0	0	4/4	6	1	1	1	1		4	52	E3	3	3288
157	157	624	624	4.0	0	0	4/4	8	1	1	1	1		4	52	E3	3	3291
157	157	624	624	2.0	0	0	4/4	3	1	1/2	1/2	1		0	60	C4	4	3279
157	157	624	624	2.0	0	0	4/4	5	2	1/2	1/2	1		0	60	C4	4	3285
157	157	624	624	2.0	0	0	4/4	2	1	1/2	1/2	1		4	64	E4	4	3277
157	157	624	624	4.0	0	0	4/4	5	3	1	1	1		4	64	E4	4	3287
157	157	624	624	2.0	0	0	4/4	1	1	1/2	1/2	1		3	69	A4	4	3275
157	157	624	624	2.0	0	0	4/4	5	1	1/2	1/2	1		3	69	A4	4	3283
157	157	624	624	2.0	0	0	4/4	7	1	1/2	1/2	1		3	69	A4	4	3289
157	157	626	626	2.0	1/2	1/2	4/4	4	1	1/2	1/2	1		4	52	E3	3	3282
157	157	626	626	2.0	1/2	1/2	4/4	3	1	1/2	1/2	1		5	59	B3	3	3280
157	157	626	626	2.0	1/2	1/2	4/4	5	2	1/2	1/2	1		5	59	B3	3	3286
157	157	626	626	2.0	1/2	1/2	4/4	2	1	1/2	1/2	1		4	64	E4	4	3278
157	157	626	626	2.0	1/2	1/2	4/4	1	1	1/2	1/2	1		8	68	G#4	4	3276
157	157	626	626	2.0	1/2	1/2	4/4	5	1	1/2	1/2	1		8	68	G#4	4	3284
157	157	626	626	2.0	1/2	1/2	4/4	7	1	1/2	1/2	1		8	68	G#4	4	3290
158	158	628	628	4.0	0	0	4/4	4	1	1	1	1		3	45	A2	2	3295
158	158	628	628	4.0	0	0	4/4	6	1	1	1	1		3	45	A2	2	3300
158	158	628	628	4.0	0	0	4/4	8	1	1	1	1		3	45	A2	2	3302
158	158	628	628	4.0	0	0	4/4	5	2	1	1	1		3	57	A3	3	3297
158	158	628	628	4.0	0	0	4/4	3	1	1	1	1		0	60	C4	4	3294
158	158	628	628	4.0	0	0	4/4	5	4	1	1	1		0	60	C4	4	3299
158	158	628	628	4.0	0	0	4/4	2	1	1	1	1		4	64	E4	4	3293
158	158	628	628	4.0	0	0	4/4	5	3	1	1	1		4	64	E4	4	3298
158	158	628	628	4.0	0	0	4/4	1	1	1	1	1		3	69	A4	4	3292
158	158	628	628	4.0	0	0	4/4	5	1	1	1	1		3	69	A4	4	3296
158	158	628	628	4.0	0	0	4/4	7	1	1	1	1		3	69	A4	4	3301
159	159	634	634	2.0	1/2	1/2	4/4	4	1	1/2	1/2	1		1	43	G2	2	3306
159	159	634	634	2.0	1/2	1/2	4/4	6	1	1/2	1/2	1		1	43	G2	2	3310
159	159	634	634	2.0	1/2	1/2	4/4	8	1	1/2	1/2	1		1	43	G2	2	3312
159	159	634	634	2.0	1/2	1/2	4/4	3	1	1/2	1/2	1		2	62	D4	4	3305
159	159	634	634	2.0	1/2	1/2	4/4	5	2	1/2	1/2	1		2	62	D4	4	3308
159	159	634	634	2.0	1/2	1/2	4/4	2	1	1/2	1/2	1		1	67	G4	4	3304
159	159	634	634	2.0	1/2	1/2	4/4	5	3	1/2	1/2	1		1	67	G4	4	3309
159	159	634	634	2.0	1/2	1/2	4/4	1	1	1/2	1/2	1		5	71	B4	4	3303
159	159	634	634	2.0	1/2	1/2	4/4	5	1	1/2	1/2	1		5	71	B4	4	3307
159	159	634	634	2.0	1/2	1/2	4/4	7	1	1/2	1/2	1		5	71	B4	4	3311
160	160	636	636	2.0	0	0	4/4	4	1	1/2	1/2	1		1	55	G3	3	3319
160	160	636	636	2.0	0	0	4/4	6	1	1/2	1/2	1		1	55	G3	3	3327
160	160	636	636	2.0	0	0	4/4	8	1	1/2	1/2	1		1	55	G3	3	3331
160	160	636	636	2.0	0	0	4/4	3	1	1/2	1/2	1		2	62	D4	4	3317
160	160	636	636	2.0	0	0	4/4	5	2	1/2	1/2	1		2	62	D4	4	3323
160	160	636	636	2.0	0	0	4/4	2	1	1/2	1/2	1		1	67	G4	4	3315
160	160	636	636	2.0	0	0	4/4	5	3	1/2	1/2	1		1	67	G4	4	3325
160	160	636	636	2.0	0	0	4/4	1	1	1/2	1/2	1		5	71	B4	4	3313
160	160	636	636	2.0	0	0	4/4	5	1	1/2	1/2	1		5	71	B4	4	3321
160	160	636	636	2.0	0	0	4/4	7	1	1/2	1/2	1		5	71	B4	4	3329
160	160	638	638	2.0	1/2	1/2	4/4	4	1	1/2	1/2	1		-1	53	F3	3	3320
160	160	638	638	2.0	1/2	1/2	4/4	6	1	1/2	1/2	1		-1	53	F3	3	3328
160	160	638	638	2.0	1/2	1/2	4/4	8	1	1/2	1/2	1		-1	53	F3	3	3332
160	160	638	638	2.0	1/2	1/2	4/4	3	1	1/2	1/2	1		2	62	D4	4	3318
160	160	638	638	2.0	1/2	1/2	4/4	5	2	1/2	1/2	1		2	62	D4	4	3324
160	160	638	638	2.0	1/2	1/2	4/4	2	1	1/2	1/2	1		1	67	G4	4	3316
160	160	638	638	2.0	1/2	1/2	4/4	5	3	1/2	1/2	1		1	67	G4	4	3326
160	160	638	638	2.0	1/2	1/2	4/4	1	1	1/2	1/2	1		5	71	B4	4	3314
160	160	638	638	2.0	1/2	1/2	4/4	5	1	1/2	1/2	1		5	71	B4	4	3322
160	160	638	638	2.0	1/2	1/2	4/4	7	1	1/2	1/2	1		5	71	B4	4	3330
161	161	640	640	2.0	0	0	4/4	4	1	1/2	1/2	1		4	52	E3	3	3342
161	161	640	640	2.0	0	0	4/4	6	1	1/2	1/2	1		4	52	E3	3	3352
161	161	640	640	2.0	0	0	4/4	8	1	1/2	1/2	1		4	52	E3	3	3357
161	161	640	640	2.0	0	0	4/4	3	1	1/2	1/2	1		4	64	E4	4	3339
161	161	640	640	2.0	0	0	4/4	5	2	1/2	1/2	1		4	64	E4	4	3348
161	161	640	640	2.0	0	0	4/4	2	1	1/2	1/2	1		1	67	G4	4	3336
161	161	640	640	2.0	0	0	4/4	5	3	1/2	1/2	1		1	67	G4	4	3350
161	161	640	640	2.0	0	0	4/4	1	1	1/2	1/2	1		5	71	B4	4	3333
161	161	640	640	2.0	0	0	4/4	5	1	1/2	1/2	1		5	71	B4	4	3345
161	161	640	640	2.0	0	0	4/4	7	1	1/2	1/2	1		5	71	B4	4	3354
161	161	642	642	1.0	1/2	1/2	4/4	4	1	1/4	1/4	1		2	50	D3	3	3343
161	161	642	642	2.0	1/2	1/2	4/4	6	1	1/2	1/2	1		2	50	D3	3	3353
161	161	642	642	2.0	1/2	1/2	4/4	8	1	1/2	1/2	1		2	50	D3	3	3358
161	161	642	642	1.0	1/2	1/2	4/4	3	1	1/4	1/4	1		4	64	E4	4	3340
161	161	642	642	2.0	1/2	1/2	4/4	5	2	1/2	1/2	1		4	64	E4	4	3349
161	161	642	642	1.0	1/2	1/2	4/4	2	1	1/4	1/4	1		1	67	G4	4	3337
161	161	642	642	2.0	1/2	1/2	4/4	5	3	1/2	1/2	1		1	67	G4	4	3351
161	161	642	642	1.0	1/2	1/2	4/4	1	1	1/4	1/4	1		5	71	B4	4	3334
161	161	642	642	1.0	1/2	1/2	4/4	5	1	1/4	1/4	1		5	71	B4	4	3346
161	161	642	642	1.0	1/2	1/2	4/4	7	1	1/4	1/4	1		5	71	B4	4	3355
161	161	643	643	1.0	3/4	3/4	4/4	4	1	1/4	1/4	1		2	50	D3	3	3344
161	161	643	643	1.0	3/4	3/4	4/4	3	1	1/4	1/4	1		4	64	E4	4	3341
161	161	643	643	1.0	3/4	3/4	4/4	2	1	1/4	1/4	1		1	67	G4	4	3338
161	161	643	643	1.0	3/4	3/4	4/4	1	1	1/4	1/4	1		5	71	B4	4	3335
161	161	643	643	1.0	3/4	3/4	4/4	5	1	1/4	1/4	1		5	71	B4	4	3347
161	161	643	643	1.0	3/4	3/4	4/4	7	1	1/4	1/4	1		5	71	B4	4	3356
162	162	644	644	2.0	0	0	4/4	4	1	1/2	1/2	1		0	48	C3	3	3368
162	162	644	644	2.0	0	0	4/4	6	1	1/2	1/2	1		0	48	C3	3	3378
162	162	644	644	2.0	0	0	4/4	8	1	1/2	1/2	1		0	48	C3	3	3383
162	162	644	644	2.0	0	0	4/4	3	1	1/2	1/2	1		4	64	E4	4	3365
162	162	644	644	2.0	0	0	4/4	5	2	1/2	1/2	1		4	64	E4	4	3374
162	162	644	644	2.0	0	0	4/4	2	1	1/2	1/2	1		1	67	G4	4	3362
162	162	644	644	2.0	0	0	4/4	5	3	1/2	1/2	1		1	67	G4	4	3376
162	162	644	644	2.0	0	0	4/4	1	1	1/2	1/2	1		5	71	B4	4	3359
162	162	644	644	2.0	0	0	4/4	5	1	1/2	1/2	1		5	71	B4	4	3371
162	162	644	644	2.0	0	0	4/4	7	1	1/2	1/2	1		5	71	B4	4	3380
162	162	646	646	1.0	1/2	1/2	4/4	4	1	1/4	1/4	1		5	47	B2	2	3369
162	162	646	646	2.0	1/2	1/2	4/4	6	1	1/2	1/2	1		5	47	B2	2	3379
162	162	646	646	2.0	1/2	1/2	4/4	8	1	1/2	1/2	1		5	47	B2	2	3384
162	162	646	646	1.0	1/2	1/2	4/4	3	1	1/4	1/4	1		2	62	D4	4	3366
162	162	646	646	2.0	1/2	1/2	4/4	5	2	1/2	1/2	1		2	62	D4	4	3375
162	162	646	646	1.0	1/2	1/2	4/4	2	1	1/4	1/4	1		1	67	G4	4	3363
162	162	646	646	2.0	1/2	1/2	4/4	5	3	1/2	1/2	1	1	1	67	G4	4	3377
162	162	646	646	1.0	1/2	1/2	4/4	1	1	1/4	1/4	1		5	71	B4	4	3360
162	162	646	646	1.0	1/2	1/2	4/4	5	1	1/4	1/4	1		5	71	B4	4	3372
162	162	646	646	1.0	1/2	1/2	4/4	7	1	1/4	1/4	1		5	71	B4	4	3381
162	162	647	647	1.0	3/4	3/4	4/4	4	1	1/4	1/4	1		5	47	B2	2	3370
162	162	647	647	1.0	3/4	3/4	4/4	3	1	1/4	1/4	1		2	62	D4	4	3367
162	162	647	647	1.0	3/4	3/4	4/4	2	1	1/4	1/4	1		1	67	G4	4	3364
162	162	647	647	1.0	3/4	3/4	4/4	1	1	1/4	1/4	1		5	71	B4	4	3361
162	162	647	647	1.0	3/4	3/4	4/4	5	1	1/4	1/4	1		5	71	B4	4	3373
162	162	647	647	1.0	3/4	3/4	4/4	7	1	1/4	1/4	1		5	71	B4	4	3382
163	163	648	648	2.0	0	0	4/4	4	1	1/2	1/2	1		0	48	C3	3	3392
163	163	648	648	2.0	0	0	4/4	6	1	1/2	1/2	1		0	48	C3	3	3401
163	163	648	648	2.0	0	0	4/4	8	1	1/2	1/2	1		0	48	C3	3	3405
163	163	648	648	2.0	0	0	4/4	3	1	1/2	1/2	1		4	64	E4	4	3389
163	163	648	648	2.0	0	0	4/4	5	2	1/2	1/2	1		4	64	E4	4	3396
163	163	648	648	2.0	0	0	4/4	2	1	1/2	1/2	1		1	67	G4	4	3387
163	163	648	648	2.0	0	0	4/4	5	3	1/2	1/2	1	-1	1	67	G4	4	3399
163	163	648	648	2.0	0	0	4/4	1	1	1/2	1/2	1		3	69	A4	4	3385
163	163	648	648	2.0	0	0	4/4	5	1	1/2	1/2	1		3	69	A4	4	3394
163	163	648	648	2.0	0	0	4/4	7	1	1/2	1/2	1		3	69	A4	4	3403
163	163	650	650	2.0	1/2	1/2	4/4	4	1	1/2	1/2	1		2	50	D3	3	3393
163	163	650	650	2.0	1/2	1/2	4/4	6	1	1/2	1/2	1		2	50	D3	3	3402
163	163	650	650	2.0	1/2	1/2	4/4	8	1	1/2	1/2	1		2	50	D3	3	3406
163	163	650	650	1.0	1/2	1/2	4/4	3	1	1/4	1/4	1		2	62	D4	4	3390
163	163	650	650	1.0	1/2	1/2	4/4	5	2	1/4	1/4	1		2	62	D4	4	3397
163	163	650	650	2.0	1/2	1/2	4/4	2	1	1/2	1/2	1		6	66	F#4	4	3388
163	163	650	650	2.0	1/2	1/2	4/4	5	3	1/2	1/2	1		6	66	F#4	4	3400
163	163	650	650	2.0	1/2	1/2	4/4	1	1	1/2	1/2	1		3	69	A4	4	3386
163	163	650	650	2.0	1/2	1/2	4/4	5	1	1/2	1/2	1		3	69	A4	4	3395
163	163	650	650	2.0	1/2	1/2	4/4	7	1	1/2	1/2	1		3	69	A4	4	3404
163	163	651	651	1.0	3/4	3/4	4/4	3	1	1/4	1/4	1		0	60	C4	4	3391
163	163	651	651	1.0	3/4	3/4	4/4	5	2	1/4	1/4	1		0	60	C4	4	3398
164	164	652	652	2.0	0	0	4/4	4	1	1/2	1/2	1		1	43	G2	2	3416
164	164	652	652	2.0	0	0	4/4	6	1	1/2	1/2	1		1	43	G2	2	3426
164	164	652	652	2.0	0	0	4/4	8	1	1/2	1/2	1		1	43	G2	2	3431
164	164	652	652	2.0	0	0	4/4	3	1	1/2	1/2	1		5	59	B3	3	3413
164	164	652	652	2.0	0	0	4/4	5	2	1/2	1/2	1		5	59	B3	3	3422
164	164	652	652	2.0	0	0	4/4	5	3	1/2	1/2	1		2	62	D4	4	3424
164	164	652	652	2.0	0	0	4/4	1	1	1/2	1/2	1		1	67	G4	4	3407
164	164	652	652	2.0	0	0	4/4	2	1	1/2	1/2	1		1	67	G4	4	3410
164	164	652	652	2.0	0	0	4/4	5	1	1/2	1/2	1		1	67	G4	4	3419
164	164	652	652	2.0	0	0	4/4	7	1	1/2	1/2	1		1	67	G4	4	3428
164	164	654	654	1.0	1/2	1/2	4/4	4	1	1/4	1/4	1		1	55	G3	3	3417
164	164	654	654	2.0	1/2	1/2	4/4	6	1	1/2	1/2	1		1	55	G3	3	3427
164	164	654	654	2.0	1/2	1/2	4/4	8	1	1/2	1/2	1		1	55	G3	3	3432
164	164	654	654	1.0	1/2	1/2	4/4	3	1	1/4	1/4	1		5	59	B3	3	3414
164	164	654	654	2.0	1/2	1/2	4/4	5	2	1/2	1/2	1		5	59	B3	3	3423
164	164	654	654	1.0	1/2	1/2	4/4	2	1	1/4	1/4	1		2	62	D4	4	3411
164	164	654	654	2.0	1/2	1/2	4/4	5	3	1/2	1/2	1		2	62	D4	4	3425
164	164	654	654	1.0	1/2	1/2	4/4	1	1	1/4	1/4	1		1	67	G4	4	3408
164	164	654	654	1.0	1/2	1/2	4/4	5	1	1/4	1/4	1		1	67	G4	4	3420
164	164	654	654	1.0	1/2	1/2	4/4	7	1	1/4	1/4	1		1	67	G4	4	3429
164	164	655	655	1.0	3/4	3/4	4/4	4	1	1/4	1/4	1		1	55	G3	3	3418
164	164	655	655	1.0	3/4	3/4	4/4	3	1	1/4	1/4	1		5	59	B3	3	3415
164	164	655	655	1.0	3/4	3/4	4/4	2	1	1/4	1/4	1		2	62	D4	4	3412
164	164	655	655	1.0	3/4	3/4	4/4	1	1	1/4	1/4	1		1	67	G4	4	3409
164	164	655	655	1.0	3/4	3/4	4/4	5	1	1/4	1/4	1		1	67	G4	4	3421
164	164	655	655	1.0	3/4	3/4	4/4	7	1	1/4	1/4	1		1	67	G4	4	3430
165	165	656	656	2.0	0	0	4/4	4	1	1/2	1/2	1		4	52	E3	3	3439
165	165	656	656	2.0	0	0	4/4	6	1	1/2	1/2	1		4	52	E3	3	3446
165	165	656	656	2.0	0	0	4/4	8	1	1/2	1/2	1		4	52	E3	3	3450
165	165	656	656	2.0	0	0	4/4	3	1	1/2	1/2	1		5	59	B3	3	3437
165	165	656	656	2.0	0	0	4/4	5	2	1/2	1/2	1		5	59	B3	3	3443
165	165	656	656	2.0	0	0	4/4	2	1	1/2	1/2	1		4	64	E4	4	3435
165	165	656	656	4.0	0	0	4/4	5	3	1	1	1		4	64	E4	4	3445
165	165	656	656	2.0	0	0	4/4	1	1	1/2	1/2	1		1	67	G4	4	3433
165	165	656	656	2.0	0	0	4/4	5	1	1/2	1/2	1		1	67	G4	4	3441
165	165	656	656	2.0	0	0	4/4	7	1	1/2	1/2	1		1	67	G4	4	3448
165	165	658	658	2.0	1/2	1/2	4/4	4	1	1/2	1/2	1		0	48	C3	3	3440
165	165	658	658	2.0	1/2	1/2	4/4	6	1	1/2	1/2	1		0	48	C3	3	3447
165	165	658	658	2.0	1/2	1/2	4/4	8	1	1/2	1/2	1		0	48	C3	3	3451
165	165	658	658	2.0	1/2	1/2	4/4	3	1	1/2	1/2	1		0	60	C4	4	3438
165	165	658	658	2.0	1/2	1/2	4/4	5	2	1/2	1/2	1		0	60	C4	4	3444
165	165	658	658	2.0	1/2	1/2	4/4	2	1	1/2	1/2	1		4	64	E4	4	3436
165	165	658	658	2.0	1/2	1/2	4/4	1	1	1/2	1/2	1		3	69	A4	4	3434
165	165	658	658	2.0	1/2	1/2	4/4	5	1	1/2	1/2	1		3	69	A4	4	3442
165	165	658	658	2.0	1/2	1/2	4/4	7	1	1/2	1/2	1		3	69	A4	4	3449
166	166	660	660	2.0	0	0	4/4	4	1	1/2	1/2	1		2	50	D3	3	3458
166	166	660	660	2.0	0	0	4/4	6	1	1/2	1/2	1		2	50	D3	3	3465
166	166	660	660	2.0	0	0	4/4	8	1	1/2	1/2	1		2	50	D3	3	3469
166	166	660	660	2.0	0	0	4/4	3	1	1/2	1/2	1		5	59	B3	3	3456
166	166	660	660	4.0	0	0	4/4	5	2	1	1	1		5	59	B3	3	3462
166	166	660	660	2.0	0	0	4/4	2	1	1/2	1/2	1		-1	65	F4	4	3454
166	166	660	660	2.0	0	0	4/4	5	3	1/2	1/2	1		-1	65	F4	4	3463
166	166	660	660	2.0	0	0	4/4	1	1	1/2	1/2	1		3	69	A4	4	3452
166	166	660	660	2.0	0	0	4/4	5	1	1/2	1/2	1		3	69	A4	4	3460
166	166	660	660	2.0	0	0	4/4	7	1	1/2	1/2	1		3	69	A4	4	3467
166	166	662	662	2.0	1/2	1/2	4/4	4	1	1/2	1/2	1		4	52	E3	3	3459
166	166	662	662	2.0	1/2	1/2	4/4	6	1	1/2	1/2	1		4	52	E3	3	3466
166	166	662	662	2.0	1/2	1/2	4/4	8	1	1/2	1/2	1		4	52	E3	3	3470
166	166	662	662	2.0	1/2	1/2	4/4	3	1	1/2	1/2	1		5	59	B3	3	3457
166	166	662	662	2.0	1/2	1/2	4/4	2	1	1/2	1/2	1		4	64	E4	4	3455
166	166	662	662	2.0	1/2	1/2	4/4	5	3	1/2	1/2	1		4	64	E4	4	3464
166	166	662	662	2.0	1/2	1/2	4/4	1	1	1/2	1/2	1		8	68	G#4	4	3453
166	166	662	662	2.0	1/2	1/2	4/4	5	1	1/2	1/2	1		8	68	G#4	4	3461
166	166	662	662	2.0	1/2	1/2	4/4	7	1	1/2	1/2	1		8	68	G#4	4	3468
167	167	664	664	2.0	0	0	4/4	4	1	1/2	1/2	1		3	45	A2	2	3477
167	167	664	664	2.0	0	0	4/4	6	1	1/2	1/2	1		3	45	A2	2	3485
167	167	664	664	2.0	0	0	4/4	8	1	1/2	1/2	1		3	45	A2	2	3489
167	167	664	664	2.0	0	0	4/4	3	1	1/2	1/2	1		0	60	C4	4	3475
167	167	664	664	2.0	0	0	4/4	5	2	1/2	1/2	1		0	60	C4	4	3481
167	167	664	664	2.0	0	0	4/4	2	1	1/2	1/2	1		4	64	E4	4	3473
167	167	664	664	2.0	0	0	4/4	5	3	1/2	1/2	1		4	64	E4	4	3483
167	167	664	664	2.0	0	0	4/4	1	1	1/2	1/2	1		3	69	A4	4	3471
167	167	664	664	2.0	0	0	4/4	5	1	1/2	1/2	1		3	69	A4	4	3479
167	167	664	664	2.0	0	0	4/4	7	1	1/2	1/2	1		3	69	A4	4	3487
167	167	666	666	2.0	1/2	1/2	4/4	4	1	1/2	1/2	1		1	43	G2	2	3478
167	167	666	666	2.0	1/2	1/2	4/4	6	1	1/2	1/2	1		1	43	G2	2	3486
167	167	666	666	2.0	1/2	1/2	4/4	8	1	1/2	1/2	1		1	43	G2	2	3490
167	167	666	666	2.0	1/2	1/2	4/4	3	1	1/2	1/2	1		2	62	D4	4	3476
167	167	666	666	2.0	1/2	1/2	4/4	5	2	1/2	1/2	1		2	62	D4	4	3482
167	167	666	666	2.0	1/2	1/2	4/4	2	1	1/2	1/2	1		1	67	G4	4	3474
167	167	666	666	2.0	1/2	1/2	4/4	5	3	1/2	1/2	1		1	67	G4	4	3484
167	167	666	666	2.0	1/2	1/2	4/4	1	1	1/2	1/2	1		5	71	B4	4	3472
167	167	666	666	2.0	1/2	1/2	4/4	5	1	1/2	1/2	1		5	71	B4	4	3480
167	167	666	666	2.0	1/2	1/2	4/4	7	1	1/2	1/2	1		5	71	B4	4	3488
168	168	668	668	2.0	0	0	4/4	4	1	1/2	1/2	1		4	52	E3	3	3497
168	168	668	668	2.0	0	0	4/4	6	1	1/2	1/2	1		4	52	E3	3	3505
168	168	668	668	2.0	0	0	4/4	8	1	1/2	1/2	1		4	52	E3	3	3509
168	168	668	668	2.0	0	0	4/4	3	1	1/2	1/2	1		4	64	E4	4	3495
168	168	668	668	2.0	0	0	4/4	5	2	1/2	1/2	1		4	64	E4	4	3501
168	168	668	668	2.0	0	0	4/4	2	1	1/2	1/2	1		1	67	G4	4	3493
168	168	668	668	2.0	0	0	4/4	5	3	1/2	1/2	1		1	67	G4	4	3503
168	168	668	668	2.0	0	0	4/4	1	1	1/2	1/2	1		5	71	B4	4	3491
168	168	668	668	2.0	0	0	4/4	5	1	1/2	1/2	1		5	71	B4	4	3499
168	168	668	668	2.0	0	0	4/4	7	1	1/2	1/2	1		5	71	B4	4	3507
168	168	670	670	2.0	1/2	1/2	4/4	4	1	1/2	1/2	1		1	55	G3	3	3498
168	168	670	670	2.0	1/2	1/2	4/4	6	1	1/2	1/2	1		1	55	G3	3	3506
168	168	670	670	2.0	1/2	1/2	4/4	8	1	1/2	1/2	1		1	55	G3	3	3510
168	168	670	670	2.0	1/2	1/2	4/4	3	1	1/2	1/2	1		2	62	D4	4	3496
168	168	670	670	2.0	1/2	1/2	4/4	5	2	1/2	1/2	1		2	62	D4	4	3502
168	168	670	670	2.0	1/2	1/2	4/4	2	1	1/2	1/2	1		1	67	G4	4	3494
168	168	670	670	2.0	1/2	1/2	4/4	5	3	1/2	1/2	1		1	67	G4	4	3504
168	168	670	670	2.0	1/2	1/2	4/4	1	1	1/2	1/2	1		5	71	B4	4	3492
168	168	670	670	2.0	1/2	1/2	4/4	5	1	1/2	1/2	1		5	71	B4	4	3500
168	168	670	670	2.0	1/2	1/2	4/4	7	1	1/2	1/2	1		5	71	B4	4	3508
169	169	672	672	2.0	0	0	4/4	4	1	1/2	1/2	1		5	47	B2	2	3517
169	169	672	672	2.0	0	0	4/4	6	1	1/2	1/2	1		5	47	B2	2	3525
169	169	672	672	2.0	0	0	4/4	8	1	1/2	1/2	1		5	47	B2	2	3529
169	169	672	672	2.0	0	0	4/4	3	1	1/2	1/2	1		2	62	D4	4	3515
169	169	672	672	2.0	0	0	4/4	5	2	1/2	1/2	1		2	62	D4	4	3521
169	169	672	672	2.0	0	0	4/4	2	1	1/2	1/2	1		1	67	G4	4	3513
169	169	672	672	2.0	0	0	4/4	5	3	1/2	1/2	1		1	67	G4	4	3523
169	169	672	672	2.0	0	0	4/4	1	1	1/2	1/2	1		5	71	B4	4	3511
169	169	672	672	2.0	0	0	4/4	5	1	1/2	1/2	1		5	71	B4	4	3519
169	169	672	672	2.0	0	0	4/4	7	1	1/2	1/2	1		5	71	B4	4	3527
169	169	674	674	2.0	1/2	1/2	4/4	4	1	1/2	1/2	1		1	55	G3	3	3518
169	169	674	674	2.0	1/2	1/2	4/4	6	1	1/2	1/2	1		1	55	G3	3	3526
169	169	674	674	2.0	1/2	1/2	4/4	8	1	1/2	1/2	1		1	55	G3	3	3530
169	169	674	674	2.0	1/2	1/2	4/4	3	1	1/2	1/2	1		2	62	D4	4	3516
169	169	674	674	2.0	1/2	1/2	4/4	5	2	1/2	1/2	1		2	62	D4	4	3522
169	169	674	674	2.0	1/2	1/2	4/4	2	1	1/2	1/2	1		1	67	G4	4	3514
169	169	674	674	2.0	1/2	1/2	4/4	5	3	1/2	1/2	1		1	67	G4	4	3524
169	169	674	674	2.0	1/2	1/2	4/4	1	1	1/2	1/2	1		5	71	B4	4	3512
169	169	674	674	2.0	1/2	1/2	4/4	5	1	1/2	1/2	1		5	71	B4	4	3520
169	169	674	674	2.0	1/2	1/2	4/4	7	1	1/2	1/2	1		5	71	B4	4	3528
170	170	676	676	2.0	0	0	4/4	4	1	1/2	1/2	1		1	43	G2	2	3540
170	170	676	676	2.0	0	0	4/4	6	1	1/2	1/2	1		1	43	G2	2	3550
170	170	676	676	2.0	0	0	4/4	8	1	1/2	1/2	1		1	43	G2	2	3555
170	170	676	676	2.0	0	0	4/4	3	1	1/2	1/2	1		2	62	D4	4	3537
170	170	676	676	2.0	0	0	4/4	5	2	1/2	1/2	1		2	62	D4	4	3546
170	170	676	676	2.0	0	0	4/4	2	1	1/2	1/2	1		1	67	G4	4	3534
170	170	676	676	2.0	0	0	4/4	5	3	1/2	1/2	1		1	67	G4	4	3548
170	170	676	676	2.0	0	0	4/4	1	1	1/2	1/2	1		5	71	B4	4	3531
170	170	676	676	2.0	0	0	4/4	5	1	1/2	1/2	1		5	71	B4	4	3543
170	170	676	676	2.0	0	0	4/4	7	1	1/2	1/2	1		5	71	B4	4	3552
170	170	678	678	1.0	1/2	1/2	4/4	4	1	1/4	1/4	1		5	47	B2	2	3541
170	170	678	678	2.0	1/2	1/2	4/4	6	1	1/2	1/2	1		5	47	B2	2	3551
170	170	678	678	2.0	1/2	1/2	4/4	8	1	1/2	1/2	1		5	47	B2	2	3556
170	170	678	678	1.0	1/2	1/2	4/4	3	1	1/4	1/4	1		2	62	D4	4	3538
170	170	678	678	2.0	1/2	1/2	4/4	5	2	1/2	1/2	1		2	62	D4	4	3547
170	170	678	678	1.0	1/2	1/2	4/4	2	1	1/4	1/4	1		1	67	G4	4	3535
170	170	678	678	2.0	1/2	1/2	4/4	5	3	1/2	1/2	1		1	67	G4	4	3549
170	170	678	678	1.0	1/2	1/2	4/4	1	1	1/4	1/4	1		5	71	B4	4	3532
170	170	678	678	1.0	1/2	1/2	4/4	5	1	1/4	1/4	1		5	71	B4	4	3544
170	170	678	678	1.0	1/2	1/2	4/4	7	1	1/4	1/4	1		5	71	B4	4	3553
170	170	679	679	1.0	3/4	3/4	4/4	4	1	1/4	1/4	1		5	47	B2	2	3542
170	170	679	679	1.0	3/4	3/4	4/4	3	1	1/4	1/4	1		2	62	D4	4	3539
170	170	679	679	1.0	3/4	3/4	4/4	2	1	1/4	1/4	1		1	67	G4	4	3536
170	170	679	679	1.0	3/4	3/4	4/4	1	1	1/4	1/4	1		5	71	B4	4	3533
170	170	679	679	1.0	3/4	3/4	4/4	5	1	1/4	1/4	1		5	71	B4	4	3545
170	170	679	679	1.0	3/4	3/4	4/4	7	1	1/4	1/4	1		5	71	B4	4	3554
171	171	680	680	1.0	0	0	4/4	4	1	1/4	1/4	1		0	48	C3	3	3569
171	171	680	680	2.0	0	0	4/4	6	1	1/2	1/2	1		0	48	C3	3	3581
171	171	680	680	2.0	0	0	4/4	8	1	1/2	1/2	1		0	48	C3	3	3587
171	171	680	680	1.0	0	0	4/4	3	1	1/4	1/4	1		4	64	E4	4	3565
171	171	680	680	2.0	0	0	4/4	5	2	1/2	1/2	1		4	64	E4	4	3577
171	171	680	680	1.0	0	0	4/4	2	1	1/4	1/4	1		1	67	G4	4	3561
171	171	680	680	2.0	0	0	4/4	5	3	1/2	1/2	1		1	67	G4	4	3579
171	171	680	680	1.0	0	0	4/4	1	1	1/4	1/4	1		5	71	B4	4	3557
171	171	680	680	1.0	0	0	4/4	5	1	1/4	1/4	1		5	71	B4	4	3573
171	171	680	680	1.0	0	0	4/4	7	1	1/4	1/4	1		5	71	B4	4	3583
171	171	681	681	1.0	1/4	1/4	4/4	4	1	1/4	1/4	1		0	48	C3	3	3570
171	171	681	681	1.0	1/4	1/4	4/4	3	1	1/4	1/4	1		4	64	E4	4	3566
171	171	681	681	1.0	1/4	1/4	4/4	2	1	1/4	1/4	1		1	67	G4	4	3562
171	171	681	681	1.0	1/4	1/4	4/4	1	1	1/4	1/4	1		5	71	B4	4	3558
171	171	681	681	1.0	1/4	1/4	4/4	5	1	1/4	1/4	1		5	71	B4	4	3574
171	171	681	681	1.0	1/4	1/4	4/4	7	1	1/4	1/4	1		5	71	B4	4	3584
171	171	682	682	1.0	1/2	1/2	4/4	4	1	1/4	1/4	1		7	49	C#3	3	3571
171	171	682	682	2.0	1/2	1/2	4/4	6	1	1/2	1/2	1		7	49	C#3	3	3582
171	171	682	682	2.0	1/2	1/2	4/4	8	1	1/2	1/2	1		7	49	C#3	3	3588
171	171	682	682	1.0	1/2	1/2	4/4	3	1	1/4	1/4	1		4	64	E4	4	3567
171	171	682	682	2.0	1/2	1/2	4/4	5	2	1/2	1/2	1		4	64	E4	4	3578
171	171	682	682	1.0	1/2	1/2	4/4	2	1	1/4	1/4	1		1	67	G4	4	3563
171	171	682	682	2.0	1/2	1/2	4/4	5	3	1/2	1/2	1	1	1	67	G4	4	3580
171	171	682	682	1.0	1/2	1/2	4/4	1	1	1/4	1/4	1		5	71	B4	4	3559
171	171	682	682	1.0	1/2	1/2	4/4	5	1	1/4	1/4	1		5	71	B4	4	3575
171	171	682	682	1.0	1/2	1/2	4/4	7	1	1/4	1/4	1		5	71	B4	4	3585
171	171	683	683	1.0	3/4	3/4	4/4	4	1	1/4	1/4	1		7	49	C#3	3	3572
171	171	683	683	1.0	3/4	3/4	4/4	3	1	1/4	1/4	1		4	64	E4	4	3568
171	171	683	683	1.0	3/4	3/4	4/4	2	1	1/4	1/4	1		1	67	G4	4	3564
171	171	683	683	1.0	3/4	3/4	4/4	1	1	1/4	1/4	1		5	71	B4	4	3560
171	171	683	683	1.0	3/4	3/4	4/4	5	1	1/4	1/4	1		5	71	B4	4	3576
171	171	683	683	1.0	3/4	3/4	4/4	7	1	1/4	1/4	1		5	71	B4	4	3586
172	172	684	684	4.0	0	0	4/4	4	1	1	1	1		2	50	D3	3	3595
172	172	684	684	4.0	0	0	4/4	6	1	1	1	1		2	50	D3	3	3602
172	172	684	684	4.0	0	0	4/4	8	1	1	1	1		2	50	D3	3	3604
172	172	684	684	2.0	0	0	4/4	3	1	1/2	1/2	1		4	64	E4	4	3592
172	172	684	684	2.0	0	0	4/4	5	2	1/2	1/2	1		4	64	E4	4	3597
172	172	684	684	2.0	0	0	4/4	2	1	1/2	1/2	1		1	67	G4	4	3590
172	172	684	684	2.0	0	0	4/4	5	3	1/2	1/2	1	-1	1	67	G4	4	3600
172	172	684	684	4.0	0	0	4/4	1	1	1	1	1		3	69	A4	4	3589
172	172	684	684	4.0	0	0	4/4	5	1	1	1	1		3	69	A4	4	3596
172	172	684	684	4.0	0	0	4/4	7	1	1	1	1		3	69	A4	4	3603
172	172	686	686	1.0	1/2	1/2	4/4	3	1	1/4	1/4	1		2	62	D4	4	3593
172	172	686	686	1.0	1/2	1/2	4/4	5	2	1/4	1/4	1		2	62	D4	4	3598
172	172	686	686	2.0	1/2	1/2	4/4	2	1	1/2	1/2	1		6	66	F#4	4	3591
172	172	686	686	2.0	1/2	1/2	4/4	5	3	1/2	1/2	1		6	66	F#4	4	3601
172	172	687	687	1.0	3/4	3/4	4/4	3	1	1/4	1/4	1		0	60	C4	4	3594
172	172	687	687	1.0	3/4	3/4	4/4	5	2	1/4	1/4	1		0	60	C4	4	3599
173	173	688	688	2.0	0	0	4/4	4	1	1/2	1/2	1		1	43	G2	2	3614
173	173	688	688	2.0	0	0	4/4	6	1	1/2	1/2	1		1	43	G2	2	3624
173	173	688	688	2.0	0	0	4/4	8	1	1/2	1/2	1		1	43	G2	2	3629
173	173	688	688	2.0	0	0	4/4	3	1	1/2	1/2	1		5	59	B3	3	3611
173	173	688	688	2.0	0	0	4/4	5	2	1/2	1/2	1		5	59	B3	3	3620
173	173	688	688	2.0	0	0	4/4	5	3	1/2	1/2	1		2	62	D4	4	3622
173	173	688	688	2.0	0	0	4/4	1	1	1/2	1/2	1		1	67	G4	4	3605
173	173	688	688	2.0	0	0	4/4	2	1	1/2	1/2	1		1	67	G4	4	3608
173	173	688	688	2.0	0	0	4/4	5	1	1/2	1/2	1		1	67	G4	4	3617
173	173	688	688	2.0	0	0	4/4	7	1	1/2	1/2	1		1	67	G4	4	3626
173	173	690	690	1.0	1/2	1/2	4/4	4	1	1/4	1/4	1		4	52	E3	3	3615
173	173	690	690	2.0	1/2	1/2	4/4	6	1	1/2	1/2	1		4	52	E3	3	3625
173	173	690	690	2.0	1/2	1/2	4/4	8	1	1/2	1/2	1		4	52	E3	3	3630
173	173	690	690	1.0	1/2	1/2	4/4	3	1	1/4	1/4	1		5	59	B3	3	3612
173	173	690	690	2.0	1/2	1/2	4/4	5	2	1/2	1/2	1		5	59	B3	3	3621
173	173	690	690	1.0	1/2	1/2	4/4	2	1	1/4	1/4	1		4	64	E4	4	3609
173	173	690	690	2.0	1/2	1/2	4/4	5	3	1/2	1/2	1		4	64	E4	4	3623
173	173	690	690	1.0	1/2	1/2	4/4	1	1	1/4	1/4	1		1	67	G4	4	3606
173	173	690	690	1.0	1/2	1/2	4/4	5	1	1/4	1/4	1		1	67	G4	4	3618
173	173	690	690	1.0	1/2	1/2	4/4	7	1	1/4	1/4	1		1	67	G4	4	3627
173	173	691	691	1.0	3/4	3/4	4/4	4	1	1/4	1/4	1		4	52	E3	3	3616
173	173	691	691	1.0	3/4	3/4	4/4	3	1	1/4	1/4	1		5	59	B3	3	3613
173	173	691	691	1.0	3/4	3/4	4/4	2	1	1/4	1/4	1		4	64	E4	4	3610
173	173	691	691	1.0	3/4	3/4	4/4	1	1	1/4	1/4	1		1	67	G4	4	3607
173	173	691	691	1.0	3/4	3/4	4/4	5	1	1/4	1/4	1		1	67	G4	4	3619
173	173	691	691	1.0	3/4	3/4	4/4	7	1	1/4	1/4	1		1	67	G4	4	3628
174	174	692	692	2.0	0	0	4/4	4	1	1/2	1/2	1		5	47	B2	2	3637
174	174	692	692	2.0	0	0	4/4	6	1	1/2	1/2	1		5	47	B2	2	3645
174	174	692	692	2.0	0	0	4/4	8	1	1/2	1/2	1		5	47	B2	2	3649
174	174	692	692	2.0	0	0	4/4	5	2	1/2	1/2	1		1	55	G3	3	3641
174	174	692	692	2.0	0	0	4/4	2	1	1/2	1/2	1		2	62	D4	4	3633
174	174	692	692	2.0	0	0	4/4	3	1	1/2	1/2	1		2	62	D4	4	3635
174	174	692	692	2.0	0	0	4/4	5	3	1/2	1/2	1		2	62	D4	4	3643
174	174	692	692	2.0	0	0	4/4	1	1	1/2	1/2	1		1	67	G4	4	3631
174	174	692	692	2.0	0	0	4/4	5	1	1/2	1/2	1		1	67	G4	4	3639
174	174	692	692	2.0	0	0	4/4	7	1	1/2	1/2	1		1	67	G4	4	3647
174	174	694	694	2.0	1/2	1/2	4/4	4	1	1/2	1/2	1		0	48	C3	3	3638
174	174	694	694	2.0	1/2	1/2	4/4	6	1	1/2	1/2	1		0	48	C3	3	3646
174	174	694	694	2.0	1/2	1/2	4/4	8	1	1/2	1/2	1		0	48	C3	3	3650
174	174	694	694	2.0	1/2	1/2	4/4	3	1	1/2	1/2	1		0	60	C4	4	3636
174	174	694	694	2.0	1/2	1/2	4/4	5	2	1/2	1/2	1		0	60	C4	4	3642
174	174	694	694	2.0	1/2	1/2	4/4	2	1	1/2	1/2	1		4	64	E4	4	3634
174	174	694	694	2.0	1/2	1/2	4/4	5	3	1/2	1/2	1		4	64	E4	4	3644
174	174	694	694	2.0	1/2	1/2	4/4	1	1	1/2	1/2	1		3	69	A4	4	3632
174	174	694	694	2.0	1/2	1/2	4/4	5	1	1/2	1/2	1		3	69	A4	4	3640
174	174	694	694	2.0	1/2	1/2	4/4	7	1	1/2	1/2	1		3	69	A4	4	3648
175	175	696	696	2.0	0	0	4/4	4	1	1/2	1/2	1		2	50	D3	3	3657
175	175	696	696	2.0	0	0	4/4	6	1	1/2	1/2	1		2	50	D3	3	3664
175	175	696	696	2.0	0	0	4/4	8	1	1/2	1/2	1		2	50	D3	3	3668
175	175	696	696	2.0	0	0	4/4	3	1	1/2	1/2	1		5	59	B3	3	3655
175	175	696	696	4.0	0	0	4/4	5	2	1	1	1		5	59	B3	3	3661
175	175	696	696	2.0	0	0	4/4	2	1	1/2	1/2	1		-1	65	F4	4	3653
175	175	696	696	2.0	0	0	4/4	5	3	1/2	1/2	1		-1	65	F4	4	3662
175	175	696	696	2.0	0	0	4/4	1	1	1/2	1/2	1		3	69	A4	4	3651
175	175	696	696	2.0	0	0	4/4	5	1	1/2	1/2	1		3	69	A4	4	3659
175	175	696	696	2.0	0	0	4/4	7	1	1/2	1/2	1		3	69	A4	4	3666
175	175	698	698	2.0	1/2	1/2	4/4	4	1	1/2	1/2	1		4	52	E3	3	3658
175	175	698	698	2.0	1/2	1/2	4/4	6	1	1/2	1/2	1		4	52	E3	3	3665
175	175	698	698	2.0	1/2	1/2	4/4	8	1	1/2	1/2	1		4	52	E3	3	3669
175	175	698	698	2.0	1/2	1/2	4/4	3	1	1/2	1/2	1		5	59	B3	3	3656
175	175	698	698	2.0	1/2	1/2	4/4	2	1	1/2	1/2	1		4	64	E4	4	3654
175	175	698	698	2.0	1/2	1/2	4/4	5	3	1/2	1/2	1		4	64	E4	4	3663
175	175	698	698	2.0	1/2	1/2	4/4	1	1	1/2	1/2	1		8	68	G#4	4	3652
175	175	698	698	2.0	1/2	1/2	4/4	5	1	1/2	1/2	1		8	68	G#4	4	3660
175	175	698	698	2.0	1/2	1/2	4/4	7	1	1/2	1/2	1		8	68	G#4	4	3667
176	176	700	700	2.0	0	0	4/4	4	1	1/2	1/2	1		3	45	A2	2	3676
176	176	700	700	2.0	0	0	4/4	6	1	1/2	1/2	1		3	45	A2	2	3684
176	176	700	700	2.0	0	0	4/4	8	1	1/2	1/2	1		3	45	A2	2	3688
176	176	700	700	2.0	0	0	4/4	3	1	1/2	1/2	1		0	60	C4	4	3674
176	176	700	700	2.0	0	0	4/4	5	2	1/2	1/2	1		0	60	C4	4	3680
176	176	700	700	2.0	0	0	4/4	2	1	1/2	1/2	1		4	64	E4	4	3672
176	176	700	700	2.0	0	0	4/4	5	3	1/2	1/2	1		4	64	E4	4	3682
176	176	700	700	2.0	0	0	4/4	1	1	1/2	1/2	1		3	69	A4	4	3670
176	176	700	700	2.0	0	0	4/4	5	1	1/2	1/2	1		3	69	A4	4	3678
176	176	700	700	2.0	0	0	4/4	7	1	1/2	1/2	1		3	69	A4	4	3686
176	176	702	702	2.0	1/2	1/2	4/4	4	1	1/2	1/2	1		1	43	G2	2	3677
176	176	702	702	2.0	1/2	1/2	4/4	6	1	1/2	1/2	1		1	43	G2	2	3685
176	176	702	702	2.0	1/2	1/2	4/4	8	1	1/2	1/2	1		1	43	G2	2	3689
176	176	702	702	2.0	1/2	1/2	4/4	3	1	1/2	1/2	1		2	62	D4	4	3675
176	176	702	702	2.0	1/2	1/2	4/4	5	2	1/2	1/2	1		2	62	D4	4	3681
176	176	702	702	2.0	1/2	1/2	4/4	2	1	1/2	1/2	1		1	67	G4	4	3673
176	176	702	702	2.0	1/2	1/2	4/4	5	3	1/2	1/2	1		1	67	G4	4	3683
176	176	702	702	2.0	1/2	1/2	4/4	1	1	1/2	1/2	1		5	71	B4	4	3671
176	176	702	702	2.0	1/2	1/2	4/4	5	1	1/2	1/2	1		5	71	B4	4	3679
176	176	702	702	2.0	1/2	1/2	4/4	7	1	1/2	1/2	1		5	71	B4	4	3687
177	177	704	704	2.0	0	0	4/4	4	1	1/2	1/2	1		5	47	B2	2	3696
177	177	704	704	2.0	0	0	4/4	6	1	1/2	1/2	1		5	47	B2	2	3704
177	177	704	704	2.0	0	0	4/4	8	1	1/2	1/2	1		5	47	B2	2	3708
177	177	704	704	2.0	0	0	4/4	3	1	1/2	1/2	1		2	62	D4	4	3694
177	177	704	704	2.0	0	0	4/4	5	2	1/2	1/2	1		2	62	D4	4	3700
177	177	704	704	2.0	0	0	4/4	2	1	1/2	1/2	1		1	67	G4	4	3692
177	177	704	704	2.0	0	0	4/4	5	3	1/2	1/2	1		1	67	G4	4	3702
177	177	704	704	2.0	0	0	4/4	1	1	1/2	1/2	1		5	71	B4	4	3690
177	177	704	704	2.0	0	0	4/4	5	1	1/2	1/2	1		5	71	B4	4	3698
177	177	704	704	2.0	0	0	4/4	7	1	1/2	1/2	1		5	71	B4	4	3706
177	177	706	706	2.0	1/2	1/2	4/4	4	1	1/2	1/2	1		2	50	D3	3	3697
177	177	706	706	2.0	1/2	1/2	4/4	6	1	1/2	1/2	1		2	50	D3	3	3705
177	177	706	706	2.0	1/2	1/2	4/4	8	1	1/2	1/2	1		2	50	D3	3	3709
177	177	706	706	2.0	1/2	1/2	4/4	3	1	1/2	1/2	1		2	62	D4	4	3695
177	177	706	706	2.0	1/2	1/2	4/4	5	2	1/2	1/2	1		2	62	D4	4	3701
177	177	706	706	2.0	1/2	1/2	4/4	2	1	1/2	1/2	1		1	67	G4	4	3693
177	177	706	706	2.0	1/2	1/2	4/4	5	3	1/2	1/2	1		1	67	G4	4	3703
177	177	706	706	2.0	1/2	1/2	4/4	1	1	1/2	1/2	1		5	71	B4	4	3691
177	177	706	706	2.0	1/2	1/2	4/4	5	1	1/2	1/2	1		5	71	B4	4	3699
177	177	706	706	2.0	1/2	1/2	4/4	7	1	1/2	1/2	1		5	71	B4	4	3707
178	178	708	708	2.0	0	0	4/4	4	1	1/2	1/2	1		1	55	G3	3	3719
178	178	708	708	2.0	0	0	4/4	6	1	1/2	1/2	1		1	55	G3	3	3729
178	178	708	708	2.0	0	0	4/4	8	1	1/2	1/2	1		1	55	G3	3	3734
178	178	708	708	2.0	0	0	4/4	3	1	1/2	1/2	1		2	62	D4	4	3716
178	178	708	708	2.0	0	0	4/4	5	2	1/2	1/2	1		2	62	D4	4	3725
178	178	708	708	2.0	0	0	4/4	2	1	1/2	1/2	1		1	67	G4	4	3713
178	178	708	708	2.0	0	0	4/4	5	3	1/2	1/2	1		1	67	G4	4	3727
178	178	708	708	2.0	0	0	4/4	1	1	1/2	1/2	1		5	71	B4	4	3710
178	178	708	708	2.0	0	0	4/4	5	1	1/2	1/2	1		5	71	B4	4	3722
178	178	708	708	2.0	0	0	4/4	7	1	1/2	1/2	1		5	71	B4	4	3731
178	178	710	710	1.0	1/2	1/2	4/4	4	1	1/4	1/4	1		2	50	D3	3	3720
178	178	710	710	2.0	1/2	1/2	4/4	6	1	1/2	1/2	1		2	50	D3	3	3730
178	178	710	710	2.0	1/2	1/2	4/4	8	1	1/2	1/2	1		2	50	D3	3	3735
178	178	710	710	1.0	1/2	1/2	4/4	3	1	1/4	1/4	1		2	62	D4	4	3717
178	178	710	710	2.0	1/2	1/2	4/4	5	2	1/2	1/2	1		2	62	D4	4	3726
178	178	710	710	1.0	1/2	1/2	4/4	2	1	1/4	1/4	1		1	67	G4	4	3714
178	178	710	710	2.0	1/2	1/2	4/4	5	3	1/2	1/2	1		1	67	G4	4	3728
178	178	710	710	1.0	1/2	1/2	4/4	1	1	1/4	1/4	1		5	71	B4	4	3711
178	178	710	710	1.0	1/2	1/2	4/4	5	1	1/4	1/4	1		5	71	B4	4	3723
178	178	710	710	1.0	1/2	1/2	4/4	7	1	1/4	1/4	1		5	71	B4	4	3732
178	178	711	711	1.0	3/4	3/4	4/4	4	1	1/4	1/4	1		2	50	D3	3	3721
178	178	711	711	1.0	3/4	3/4	4/4	3	1	1/4	1/4	1		2	62	D4	4	3718
178	178	711	711	1.0	3/4	3/4	4/4	2	1	1/4	1/4	1		1	67	G4	4	3715
178	178	711	711	1.0	3/4	3/4	4/4	1	1	1/4	1/4	1		5	71	B4	4	3712
178	178	711	711	1.0	3/4	3/4	4/4	5	1	1/4	1/4	1		5	71	B4	4	3724
178	178	711	711	1.0	3/4	3/4	4/4	7	1	1/4	1/4	1		5	71	B4	4	3733
179	179	712	712	2.0	0	0	4/4	4	1	1/2	1/2	1		5	47	B2	2	3742
179	179	712	712	2.0	0	0	4/4	6	1	1/2	1/2	1		5	47	B2	2	3750
179	179	712	712	2.0	0	0	4/4	8	1	1/2	1/2	1		5	47	B2	2	3754
179	179	712	712	2.0	0	0	4/4	3	1	1/2	1/2	1		2	62	D4	4	3740
179	179	712	712	2.0	0	0	4/4	5	2	1/2	1/2	1		2	62	D4	4	3746
179	179	712	712	2.0	0	0	4/4	2	1	1/2	1/2	1		1	67	G4	4	3738
179	179	712	712	2.0	0	0	4/4	5	3	1/2	1/2	1		1	67	G4	4	3748
179	179	712	712	2.0	0	0	4/4	1	1	1/2	1/2	1		5	71	B4	4	3736
179	179	712	712	2.0	0	0	4/4	5	1	1/2	1/2	1		5	71	B4	4	3744
179	179	712	712	2.0	0	0	4/4	7	1	1/2	1/2	1		5	71	B4	4	3752
179	179	714	714	2.0	1/2	1/2	4/4	4	1	1/2	1/2	1		1	43	G2	2	3743
179	179	714	714	2.0	1/2	1/2	4/4	6	1	1/2	1/2	1		1	43	G2	2	3751
179	179	714	714	2.0	1/2	1/2	4/4	8	1	1/2	1/2	1		1	43	G2	2	3755
179	179	714	714	2.0	1/2	1/2	4/4	3	1	1/2	1/2	1		2	62	D4	4	3741
179	179	714	714	2.0	1/2	1/2	4/4	5	2	1/2	1/2	1		2	62	D4	4	3747
179	179	714	714	2.0	1/2	1/2	4/4	2	1	1/2	1/2	1		1	67	G4	4	3739
179	179	714	714	2.0	1/2	1/2	4/4	5	3	1/2	1/2	1		1	67	G4	4	3749
179	179	714	714	2.0	1/2	1/2	4/4	1	1	1/2	1/2	1		5	71	B4	4	3737
179	179	714	714	2.0	1/2	1/2	4/4	5	1	1/2	1/2	1		5	71	B4	4	3745
179	179	714	714	2.0	1/2	1/2	4/4	7	1	1/2	1/2	1		5	71	B4	4	3753
180	180	716	716	2.0	0	0	4/4	4	1	1/2	1/2	1		4	52	E3	3	3765
180	180	716	716	2.0	0	0	4/4	6	1	1/2	1/2	1		4	52	E3	3	3775
180	180	716	716	2.0	0	0	4/4	8	1	1/2	1/2	1		4	52	E3	3	3780
180	180	716	716	2.0	0	0	4/4	3	1	1/2	1/2	1		4	64	E4	4	3762
180	180	716	716	2.0	0	0	4/4	5	2	1/2	1/2	1		4	64	E4	4	3771
180	180	716	716	2.0	0	0	4/4	2	1	1/2	1/2	1		1	67	G4	4	3759
180	180	716	716	2.0	0	0	4/4	5	3	1/2	1/2	1		1	67	G4	4	3773
180	180	716	716	2.0	0	0	4/4	1	1	1/2	1/2	1		5	71	B4	4	3756
180	180	716	716	2.0	0	0	4/4	5	1	1/2	1/2	1		5	71	B4	4	3768
180	180	716	716	2.0	0	0	4/4	7	1	1/2	1/2	1		5	71	B4	4	3777
180	180	718	718	1.0	1/2	1/2	4/4	4	1	1/4	1/4	1		9	51	D#3	3	3766
180	180	718	718	2.0	1/2	1/2	4/4	6	1	1/2	1/2	1		9	51	D#3	3	3776
180	180	718	718	2.0	1/2	1/2	4/4	8	1	1/2	1/2	1		9	51	D#3	3	3781
180	180	718	718	1.0	1/2	1/2	4/4	3	1	1/4	1/4	1		6	66	F#4	4	3763
180	180	718	718	2.0	1/2	1/2	4/4	5	2	1/2	1/2	1		6	66	F#4	4	3772
180	180	718	718	1.0	1/2	1/2	4/4	2	1	1/4	1/4	1		3	69	A4	4	3760
180	180	718	718	2.0	1/2	1/2	4/4	5	3	1/2	1/2	1		3	69	A4	4	3774
180	180	718	718	1.0	1/2	1/2	4/4	1	1	1/4	1/4	1		5	71	B4	4	3757
180	180	718	718	1.0	1/2	1/2	4/4	5	1	1/4	1/4	1		5	71	B4	4	3769
180	180	718	718	1.0	1/2	1/2	4/4	7	1	1/4	1/4	1		5	71	B4	4	3778
180	180	719	719	1.0	3/4	3/4	4/4	4	1	1/4	1/4	1		9	51	D#3	3	3767
180	180	719	719	1.0	3/4	3/4	4/4	3	1	1/4	1/4	1		6	66	F#4	4	3764
180	180	719	719	1.0	3/4	3/4	4/4	2	1	1/4	1/4	1		3	69	A4	4	3761
180	180	719	719	1.0	3/4	3/4	4/4	1	1	1/4	1/4	1		5	71	B4	4	3758
180	180	719	719	1.0	3/4	3/4	4/4	5	1	1/4	1/4	1		5	71	B4	4	3770
180	180	719	719	1.0	3/4	3/4	4/4	7	1	1/4	1/4	1		5	71	B4	4	3779
181	181	720	720	3.0	0	0	4/4	4	1	3/4	1/2	3/2		4	52	E3	3	3788
181	181	720	720	3.0	0	0	4/4	6	1	3/4	1/2	3/2		4	52	E3	3	3796
181	181	720	720	3.0	0	0	4/4	8	1	3/4	1/2	3/2		4	52	E3	3	3800
181	181	720	720	3.0	0	0	4/4	3	1	3/4	1/2	3/2		4	64	E4	4	3786
181	181	720	720	3.0	0	0	4/4	5	2	3/4	1/2	3/2		4	64	E4	4	3792
181	181	720	720	3.0	0	0	4/4	2	1	3/4	1/2	3/2		1	67	G4	4	3784
181	181	720	720	3.0	0	0	4/4	5	3	3/4	1/2	3/2		1	67	G4	4	3794
181	181	720	720	3.0	0	0	4/4	1	1	3/4	1/2	3/2		5	71	B4	4	3782
181	181	720	720	3.0	0	0	4/4	5	1	3/4	1/2	3/2		5	71	B4	4	3790
181	181	720	720	3.0	0	0	4/4	7	1	3/4	1/2	3/2		5	71	B4	4	3798
181	181	723	723	1.0	3/4	3/4	4/4	4	1	1/4	1/4	1		4	52	E3	3	3789
181	181	723	723	1.0	3/4	3/4	4/4	6	1	1/4	1/4	1		4	52	E3	3	3797
181	181	723	723	1.0	3/4	3/4	4/4	8	1	1/4	1/4	1		4	52	E3	3	3801
181	181	723	723	1.0	3/4	3/4	4/4	3	1	1/4	1/4	1		4	64	E4	4	3787
181	181	723	723	1.0	3/4	3/4	4/4	5	2	1/4	1/4	1		4	64	E4	4	3793
181	181	723	723	1.0	3/4	3/4	4/4	2	1	1/4	1/4	1		1	67	G4	4	3785
181	181	723	723	1.0	3/4	3/4	4/4	5	3	1/4	1/4	1		1	67	G4	4	3795
181	181	723	723	1.0	3/4	3/4	4/4	1	1	1/4	1/4	1		5	71	B4	4	3783
181	181	723	723	1.0	3/4	3/4	4/4	5	1	1/4	1/4	1		5	71	B4	4	3791
181	181	723	723	1.0	3/4	3/4	4/4	7	1	1/4	1/4	1		5	71	B4	4	3799
182	182	724	724	1.0	0	0	4/4	4	1	1/4	1/4	1		5	47	B2	2	3814
182	182	724	724	2.0	0	0	4/4	6	1	1/2	1/2	1		5	47	B2	2	3826
182	182	724	724	2.0	0	0	4/4	8	1	1/2	1/2	1		5	47	B2	2	3832
182	182	724	724	1.0	0	0	4/4	3	1	1/4	1/4	1		2	62	D4	4	3810
182	182	724	724	2.0	0	0	4/4	5	2	1/2	1/2	1		2	62	D4	4	3822
182	182	724	724	1.0	0	0	4/4	2	1	1/4	1/4	1		1	67	G4	4	3806
182	182	724	724	2.0	0	0	4/4	5	3	1/2	1/2	1		1	67	G4	4	3824
182	182	724	724	1.0	0	0	4/4	1	1	1/4	1/4	1		5	71	B4	4	3802
182	182	724	724	1.0	0	0	4/4	5	1	1/4	1/4	1		5	71	B4	4	3818
182	182	724	724	1.0	0	0	4/4	7	1	1/4	1/4	1		5	71	B4	4	3828
182	182	725	725	1.0	1/4	1/4	4/4	4	1	1/4	1/4	1		5	47	B2	2	3815
182	182	725	725	1.0	1/4	1/4	4/4	3	1	1/4	1/4	1		2	62	D4	4	3811
182	182	725	725	1.0	1/4	1/4	4/4	2	1	1/4	1/4	1		1	67	G4	4	3807
182	182	725	725	1.0	1/4	1/4	4/4	1	1	1/4	1/4	1		5	71	B4	4	3803
182	182	725	725	1.0	1/4	1/4	4/4	5	1	1/4	1/4	1		5	71	B4	4	3819
182	182	725	725	1.0	1/4	1/4	4/4	7	1	1/4	1/4	1		5	71	B4	4	3829
182	182	726	726	1.0	1/2	1/2	4/4	4	1	1/4	1/4	1		1	43	G2	2	3816
182	182	726	726	2.0	1/2	1/2	4/4	6	1	1/2	1/2	1		1	43	G2	2	3827
182	182	726	726	2.0	1/2	1/2	4/4	8	1	1/2	1/2	1		1	43	G2	2	3833
182	182	726	726	1.0	1/2	1/2	4/4	3	1	1/4	1/4	1		2	62	D4	4	3812
182	182	726	726	2.0	1/2	1/2	4/4	5	2	1/2	1/2	1		2	62	D4	4	3823
182	182	726	726	1.0	1/2	1/2	4/4	2	1	1/4	1/4	1		1	67	G4	4	3808
182	182	726	726	2.0	1/2	1/2	4/4	5	3	1/2	1/2	1		1	67	G4	4	3825
182	182	726	726	1.0	1/2	1/2	4/4	1	1	1/4	1/4	1		5	71	B4	4	3804
182	182	726	726	1.0	1/2	1/2	4/4	5	1	1/4	1/4	1		5	71	B4	4	3820
182	182	726	726	1.0	1/2	1/2	4/4	7	1	1/4	1/4	1		5	71	B4	4	3830
182	182	727	727	1.0	3/4	3/4	4/4	4	1	1/4	1/4	1		1	43	G2	2	3817
182	182	727	727	1.0	3/4	3/4	4/4	3	1	1/4	1/4	1		2	62	D4	4	3813
182	182	727	727	1.0	3/4	3/4	4/4	2	1	1/4	1/4	1		1	67	G4	4	3809
182	182	727	727	1.0	3/4	3/4	4/4	1	1	1/4	1/4	1		5	71	B4	4	3805
182	182	727	727	1.0	3/4	3/4	4/4	5	1	1/4	1/4	1		5	71	B4	4	3821
182	182	727	727	1.0	3/4	3/4	4/4	7	1	1/4	1/4	1		5	71	B4	4	3831
183	183	728	728	2.0	0	0	4/4	4	1	1/2	1/2	1		0	48	C3	3	3840
183	183	728	728	2.0	0	0	4/4	6	1	1/2	1/2	1		0	48	C3	3	3848
183	183	728	728	2.0	0	0	4/4	8	1	1/2	1/2	1		0	48	C3	3	3851
183	183	728	728	2.0	0	0	4/4	3	1	1/2	1/2	1		4	64	E4	4	3837
183	183	728	728	2.0	0	0	4/4	5	2	1/2	1/2	1		4	64	E4	4	3843
183	183	728	728	2.0	0	0	4/4	2	1	1/2	1/2	1		1	67	G4	4	3835
183	183	728	728	2.0	0	0	4/4	5	3	1/2	1/2	1		1	67	G4	4	3846
183	183	728	728	4.0	0	0	4/4	1	1	1	1	1		3	69	A4	4	3834
183	183	728	728	4.0	0	0	4/4	5	1	1	1	1		3	69	A4	4	3842
183	183	728	728	4.0	0	0	4/4	7	1	1	1	1		3	69	A4	4	3850
183	183	730	730	2.0	1/2	1/2	4/4	4	1	1/2	1/2	1		2	50	D3	3	3841
183	183	730	730	2.0	1/2	1/2	4/4	6	1	1/2	1/2	1		2	50	D3	3	3849
183	183	730	730	2.0	1/2	1/2	4/4	8	1	1/2	1/2	1		2	50	D3	3	3852
183	183	730	730	1.0	1/2	1/2	4/4	3	1	1/4	1/4	1		2	62	D4	4	3838
183	183	730	730	1.0	1/2	1/2	4/4	5	2	1/4	1/4	1		2	62	D4	4	3844
183	183	730	730	2.0	1/2	1/2	4/4	2	1	1/2	1/2	1		6	66	F#4	4	3836
183	183	730	730	2.0	1/2	1/2	4/4	5	3	1/2	1/2	1		6	66	F#4	4	3847
183	183	731	731	1.0	3/4	3/4	4/4	3	1	1/4	1/4	1		0	60	C4	4	3839
183	183	731	731	1.0	3/4	3/4	4/4	5	2	1/4	1/4	1		0	60	C4	4	3845
184	184	732	732	2.0	0	0	4/4	4	1	1/2	1/2	1		1	43	G2	2	3862
184	184	732	732	2.0	0	0	4/4	6	1	1/2	1/2	1		1	43	G2	2	3872
184	184	732	732	2.0	0	0	4/4	8	1	1/2	1/2	1		1	43	G2	2	3877
184	184	732	732	2.0	0	0	4/4	3	1	1/2	1/2	1		5	59	B3	3	3859
184	184	732	732	2.0	0	0	4/4	5	2	1/2	1/2	1		5	59	B3	3	3868
184	184	732	732	2.0	0	0	4/4	5	3	1/2	1/2	1		2	62	D4	4	3870
184	184	732	732	2.0	0	0	4/4	1	1	1/2	1/2	1		1	67	G4	4	3853
184	184	732	732	2.0	0	0	4/4	2	1	1/2	1/2	1		1	67	G4	4	3856
184	184	732	732	2.0	0	0	4/4	5	1	1/2	1/2	1		1	67	G4	4	3865
184	184	732	732	2.0	0	0	4/4	7	1	1/2	1/2	1		1	67	G4	4	3874
184	184	734	734	1.0	1/2	1/2	4/4	4	1	1/4	1/4	1		0	48	C3	3	3863
184	184	734	734	2.0	1/2	1/2	4/4	6	1	1/2	1/2	1		0	48	C3	3	3873
184	184	734	734	2.0	1/2	1/2	4/4	8	1	1/2	1/2	1		0	48	C3	3	3878
184	184	734	734	1.0	1/2	1/2	4/4	3	1	1/4	1/4	1		0	60	C4	4	3860
184	184	734	734	2.0	1/2	1/2	4/4	5	2	1/2	1/2	1		0	60	C4	4	3869
184	184	734	734	1.0	1/2	1/2	4/4	2	1	1/4	1/4	1		4	64	E4	4	3857
184	184	734	734	2.0	1/2	1/2	4/4	5	3	1/2	1/2	1		4	64	E4	4	3871
184	184	734	734	1.0	1/2	1/2	4/4	1	1	1/4	1/4	1		1	67	G4	4	3854
184	184	734	734	1.0	1/2	1/2	4/4	5	1	1/4	1/4	1		1	67	G4	4	3866
184	184	734	734	1.0	1/2	1/2	4/4	7	1	1/4	1/4	1		1	67	G4	4	3875
184	184	735	735	1.0	3/4	3/4	4/4	4	1	1/4	1/4	1		0	48	C3	3	3864
184	184	735	735	1.0	3/4	3/4	4/4	3	1	1/4	1/4	1		0	60	C4	4	3861
184	184	735	735	1.0	3/4	3/4	4/4	2	1	1/4	1/4	1		4	64	E4	4	3858
184	184	735	735	1.0	3/4	3/4	4/4	1	1	1/4	1/4	1		1	67	G4	4	3855
184	184	735	735	1.0	3/4	3/4	4/4	5	1	1/4	1/4	1		1	67	G4	4	3867
184	184	735	735	1.0	3/4	3/4	4/4	7	1	1/4	1/4	1		1	67	G4	4	3876
185	185	736	736	2.0	0	0	4/4	4	1	1/2	1/2	1		5	47	B2	2	3885
185	185	736	736	2.0	0	0	4/4	6	1	1/2	1/2	1		5	47	B2	2	3893
185	185	736	736	2.0	0	0	4/4	8	1	1/2	1/2	1		5	47	B2	2	3897
185	185	736	736	2.0	0	0	4/4	5	2	1/2	1/2	1		1	55	G3	3	3889
185	185	736	736	2.0	0	0	4/4	2	1	1/2	1/2	1		2	62	D4	4	3881
185	185	736	736	2.0	0	0	4/4	3	1	1/2	1/2	1		2	62	D4	4	3883
185	185	736	736	2.0	0	0	4/4	5	3	1/2	1/2	1		2	62	D4	4	3891
185	185	736	736	2.0	0	0	4/4	1	1	1/2	1/2	1		1	67	G4	4	3879
185	185	736	736	2.0	0	0	4/4	5	1	1/2	1/2	1		1	67	G4	4	3887
185	185	736	736	2.0	0	0	4/4	7	1	1/2	1/2	1		1	67	G4	4	3895
185	185	738	738	2.0	1/2	1/2	4/4	4	1	1/2	1/2	1		0	48	C3	3	3886
185	185	738	738	2.0	1/2	1/2	4/4	6	1	1/2	1/2	1		0	48	C3	3	3894
185	185	738	738	2.0	1/2	1/2	4/4	8	1	1/2	1/2	1		0	48	C3	3	3898
185	185	738	738	2.0	1/2	1/2	4/4	3	1	1/2	1/2	1		0	60	C4	4	3884
185	185	738	738	2.0	1/2	1/2	4/4	5	2	1/2	1/2	1		0	60	C4	4	3890
185	185	738	738	2.0	1/2	1/2	4/4	2	1	1/2	1/2	1		4	64	E4	4	3882
185	185	738	738	2.0	1/2	1/2	4/4	5	3	1/2	1/2	1		4	64	E4	4	3892
185	185	738	738	2.0	1/2	1/2	4/4	1	1	1/2	1/2	1		3	69	A4	4	3880
185	185	738	738	2.0	1/2	1/2	4/4	5	1	1/2	1/2	1		3	69	A4	4	3888
185	185	738	738	2.0	1/2	1/2	4/4	7	1	1/2	1/2	1		3	69	A4	4	3896
186	186	740	740	2.0	0	0	4/4	4	1	1/2	1/2	1		2	50	D3	3	3905
186	186	740	740	2.0	0	0	4/4	6	1	1/2	1/2	1		2	50	D3	3	3912
186	186	740	740	2.0	0	0	4/4	8	1	1/2	1/2	1		2	50	D3	3	3916
186	186	740	740	2.0	0	0	4/4	3	1	1/2	1/2	1		5	59	B3	3	3903
186	186	740	740	4.0	0	0	4/4	5	2	1	1	1		5	59	B3	3	3909
186	186	740	740	2.0	0	0	4/4	2	1	1/2	1/2	1		-1	65	F4	4	3901
186	186	740	740	2.0	0	0	4/4	5	3	1/2	1/2	1		-1	65	F4	4	3910
186	186	740	740	2.0	0	0	4/4	1	1	1/2	1/2	1		3	69	A4	4	3899
186	186	740	740	2.0	0	0	4/4	5	1	1/2	1/2	1		3	69	A4	4	3907
186	186	740	740	2.0	0	0	4/4	7	1	1/2	1/2	1		3	69	A4	4	3914
186	186	742	742	2.0	1/2	1/2	4/4	4	1	1/2	1/2	1		4	52	E3	3	3906
186	186	742	742	2.0	1/2	1/2	4/4	6	1	1/2	1/2	1		4	52	E3	3	3913
186	186	742	742	2.0	1/2	1/2	4/4	8	1	1/2	1/2	1		4	52	E3	3	3917
186	186	742	742	2.0	1/2	1/2	4/4	3	1	1/2	1/2	1		5	59	B3	3	3904
186	186	742	742	2.0	1/2	1/2	4/4	2	1	1/2	1/2	1		4	64	E4	4	3902
186	186	742	742	2.0	1/2	1/2	4/4	5	3	1/2	1/2	1		4	64	E4	4	3911
186	186	742	742	2.0	1/2	1/2	4/4	1	1	1/2	1/2	1		8	68	G#4	4	3900
186	186	742	742	2.0	1/2	1/2	4/4	5	1	1/2	1/2	1		8	68	G#4	4	3908
186	186	742	742	2.0	1/2	1/2	4/4	7	1	1/2	1/2	1		8	68	G#4	4	3915
187	187	744	744	2.0	0	0	4/4	4	1	1/2	1/2	1		3	45	A2	2	3924
187	187	744	744	2.0	0	0	4/4	6	1	1/2	1/2	1		3	45	A2	2	3932
187	187	744	744	2.0	0	0	4/4	8	1	1/2	1/2	1		3	45	A2	2	3936
187	187	744	744	2.0	0	0	4/4	3	1	1/2	1/2	1		0	60	C4	4	3922
187	187	744	744	2.0	0	0	4/4	5	2	1/2	1/2	1		0	60	C4	4	3928
187	187	744	744	2.0	0	0	4/4	2	1	1/2	1/2	1		4	64	E4	4	3920
187	187	744	744	2.0	0	0	4/4	5	3	1/2	1/2	1		4	64	E4	4	3930
187	187	744	744	2.0	0	0	4/4	1	1	1/2	1/2	1		3	69	A4	4	3918
187	187	744	744	2.0	0	0	4/4	5	1	1/2	1/2	1		3	69	A4	4	3926
187	187	744	744	2.0	0	0	4/4	7	1	1/2	1/2	1		3	69	A4	4	3934
187	187	746	746	2.0	1/2	1/2	4/4	4	1	1/2	1/2	1		1	43	G2	2	3925
187	187	746	746	2.0	1/2	1/2	4/4	6	1	1/2	1/2	1		1	43	G2	2	3933
187	187	746	746	2.0	1/2	1/2	4/4	8	1	1/2	1/2	1		1	43	G2	2	3937
187	187	746	746	2.0	1/2	1/2	4/4	3	1	1/2	1/2	1		2	62	D4	4	3923
187	187	746	746	2.0	1/2	1/2	4/4	5	2	1/2	1/2	1		2	62	D4	4	3929
187	187	746	746	2.0	1/2	1/2	4/4	2	1	1/2	1/2	1		1	67	G4	4	3921
187	187	746	746	2.0	1/2	1/2	4/4	5	3	1/2	1/2	1		1	67	G4	4	3931
187	187	746	746	2.0	1/2	1/2	4/4	1	1	1/2	1/2	1		5	71	B4	4	3919
187	187	746	746	2.0	1/2	1/2	4/4	5	1	1/2	1/2	1		5	71	B4	4	3927
187	187	746	746	2.0	1/2	1/2	4/4	7	1	1/2	1/2	1		5	71	B4	4	3935
188	188	748	748	2.0	0	0	4/4	4	1	1/2	1/2	1		4	52	E3	3	3947
188	188	748	748	2.0	0	0	4/4	6	1	1/2	1/2	1		4	52	E3	3	3957
188	188	748	748	2.0	0	0	4/4	8	1	1/2	1/2	1		4	52	E3	3	3962
188	188	748	748	2.0	0	0	4/4	3	1	1/2	1/2	1		4	64	E4	4	3944
188	188	748	748	2.0	0	0	4/4	5	2	1/2	1/2	1		4	64	E4	4	3953
188	188	748	748	2.0	0	0	4/4	2	1	1/2	1/2	1		1	67	G4	4	3941
188	188	748	748	2.0	0	0	4/4	5	3	1/2	1/2	1		1	67	G4	4	3955
188	188	748	748	2.0	0	0	4/4	1	1	1/2	1/2	1		5	71	B4	4	3938
188	188	748	748	2.0	0	0	4/4	5	1	1/2	1/2	1		5	71	B4	4	3950
188	188	748	748	2.0	0	0	4/4	7	1	1/2	1/2	1		5	71	B4	4	3959
188	188	750	750	1.0	1/2	1/2	4/4	4	1	1/4	1/4	1		1	55	G3	3	3948
188	188	750	750	2.0	1/2	1/2	4/4	6	1	1/2	1/2	1		1	55	G3	3	3958
188	188	750	750	2.0	1/2	1/2	4/4	8	1	1/2	1/2	1		1	55	G3	3	3963
188	188	750	750	1.0	1/2	1/2	4/4	3	1	1/4	1/4	1		2	62	D4	4	3945
188	188	750	750	2.0	1/2	1/2	4/4	5	2	1/2	1/2	1		2	62	D4	4	3954
188	188	750	750	1.0	1/2	1/2	4/4	2	1	1/4	1/4	1		1	67	G4	4	3942
188	188	750	750	2.0	1/2	1/2	4/4	5	3	1/2	1/2	1		1	67	G4	4	3956
188	188	750	750	1.0	1/2	1/2	4/4	1	1	1/4	1/4	1		5	71	B4	4	3939
188	188	750	750	1.0	1/2	1/2	4/4	5	1	1/4	1/4	1		5	71	B4	4	3951
188	188	750	750	1.0	1/2	1/2	4/4	7	1	1/4	1/4	1		5	71	B4	4	3960
188	188	751	751	1.0	3/4	3/4	4/4	4	1	1/4	1/4	1		1	55	G3	3	3949
188	188	751	751	1.0	3/4	3/4	4/4	3	1	1/4	1/4	1		2	62	D4	4	3946
188	188	751	751	1.0	3/4	3/4	4/4	2	1	1/4	1/4	1		1	67	G4	4	3943
188	188	751	751	1.0	3/4	3/4	4/4	1	1	1/4	1/4	1		5	71	B4	4	3940
188	188	751	751	1.0	3/4	3/4	4/4	5	1	1/4	1/4	1		5	71	B4	4	3952
188	188	751	751	1.0	3/4	3/4	4/4	7	1	1/4	1/4	1		5	71	B4	4	3961
189	189	752	752	2.0	0	0	4/4	4	1	1/2	1/2	1		5	47	B2	2	3970
189	189	752	752	2.0	0	0	4/4	6	1	1/2	1/2	1		5	47	B2	2	3978
189	189	752	752	2.0	0	0	4/4	8	1	1/2	1/2	1		5	47	B2	2	3982
189	189	752	752	2.0	0	0	4/4	3	1	1/2	1/2	1		2	62	D4	4	3968
189	189	752	752	2.0	0	0	4/4	5	2	1/2	1/2	1		2	62	D4	4	3974
189	189	752	752	2.0	0	0	4/4	2	1	1/2	1/2	1		1	67	G4	4	3966
189	189	752	752	2.0	0	0	4/4	5	3	1/2	1/2	1		1	67	G4	4	3976
189	189	752	752	2.0	0	0	4/4	1	1	1/2	1/2	1		5	71	B4	4	3964
189	189	752	752	2.0	0	0	4/4	5	1	1/2	1/2	1		5	71	B4	4	3972
189	189	752	752	2.0	0	0	4/4	7	1	1/2	1/2	1		5	71	B4	4	3980
189	189	754	754	2.0	1/2	1/2	4/4	4	1	1/2	1/2	1		1	55	G3	3	3971
189	189	754	754	2.0	1/2	1/2	4/4	6	1	1/2	1/2	1		1	55	G3	3	3979
189	189	754	754	2.0	1/2	1/2	4/4	8	1	1/2	1/2	1		1	55	G3	3	3983
189	189	754	754	2.0	1/2	1/2	4/4	3	1	1/2	1/2	1		2	62	D4	4	3969
189	189	754	754	2.0	1/2	1/2	4/4	5	2	1/2	1/2	1		2	62	D4	4	3975
189	189	754	754	2.0	1/2	1/2	4/4	2	1	1/2	1/2	1		1	67	G4	4	3967
189	189	754	754	2.0	1/2	1/2	4/4	5	3	1/2	1/2	1		1	67	G4	4	3977
189	189	754	754	2.0	1/2	1/2	4/4	1	1	1/2	1/2	1		5	71	B4	4	3965
189	189	754	754	2.0	1/2	1/2	4/4	5	1	1/2	1/2	1		5	71	B4	4	3973
189	189	754	754	2.0	1/2	1/2	4/4	7	1	1/2	1/2	1		5	71	B4	4	3981
190	190	756	756	2.0	0	0	4/4	4	1	1/2	1/2	1		1	43	G2	2	3993
190	190	756	756	2.0	0	0	4/4	6	1	1/2	1/2	1		1	43	G2	2	4003
190	190	756	756	2.0	0	0	4/4	8	1	1/2	1/2	1		1	43	G2	2	4008
190	190	756	756	2.0	0	0	4/4	3	1	1/2	1/2	1		2	62	D4	4	3990
190	190	756	756	2.0	0	0	4/4	5	2	1/2	1/2	1		2	62	D4	4	3999
190	190	756	756	2.0	0	0	4/4	2	1	1/2	1/2	1		1	67	G4	4	3987
190	190	756	756	2.0	0	0	4/4	5	3	1/2	1/2	1		1	67	G4	4	4001
190	190	756	756	2.0	0	0	4/4	1	1	1/2	1/2	1		5	71	B4	4	3984
190	190	756	756	2.0	0	0	4/4	5	1	1/2	1/2	1		5	71	B4	4	3996
190	190	756	756	2.0	0	0	4/4	7	1	1/2	1/2	1		5	71	B4	4	4005
190	190	758	758	1.0	1/2	1/2	4/4	4	1	1/4	1/4	1		4	52	E3	3	3994
190	190	758	758	2.0	1/2	1/2	4/4	6	1	1/2	1/2	1		4	52	E3	3	4004
190	190	758	758	2.0	1/2	1/2	4/4	8	1	1/2	1/2	1		4	52	E3	3	4009
190	190	758	758	1.0	1/2	1/2	4/4	3	1	1/4	1/4	1		4	64	E4	4	3991
190	190	758	758	2.0	1/2	1/2	4/4	5	2	1/2	1/2	1		4	64	E4	4	4000
190	190	758	758	1.0	1/2	1/2	4/4	2	1	1/4	1/4	1		1	67	G4	4	3988
190	190	758	758	2.0	1/2	1/2	4/4	5	3	1/2	1/2	1	1	1	67	G4	4	4002
190	190	758	758	1.0	1/2	1/2	4/4	1	1	1/4	1/4	1		5	71	B4	4	3985
190	190	758	758	1.0	1/2	1/2	4/4	5	1	1/4	1/4	1		5	71	B4	4	3997
190	190	758	758	1.0	1/2	1/2	4/4	7	1	1/4	1/4	1		5	71	B4	4	4006
190	190	759	759	1.0	3/4	3/4	4/4	4	1	1/4	1/4	1		4	52	E3	3	3995
190	190	759	759	1.0	3/4	3/4	4/4	3	1	1/4	1/4	1		4	64	E4	4	3992
190	190	759	759	1.0	3/4	3/4	4/4	2	1	1/4	1/4	1		1	67	G4	4	3989
190	190	759	759	1.0	3/4	3/4	4/4	1	1	1/4	1/4	1		5	71	B4	4	3986
190	190	759	759	1.0	3/4	3/4	4/4	5	1	1/4	1/4	1		5	71	B4	4	3998
190	190	759	759	1.0	3/4	3/4	4/4	7	1	1/4	1/4	1		5	71	B4	4	4007
191	191	760	760	2.0	0	0	4/4	4	1	1/2	1/2	1		0	48	C3	3	4016
191	191	760	760	2.0	0	0	4/4	6	1	1/2	1/2	1		0	48	C3	3	4024
191	191	760	760	2.0	0	0	4/4	8	1	1/2	1/2	1		0	48	C3	3	4028
191	191	760	760	2.0	0	0	4/4	3	1	1/2	1/2	1		4	64	E4	4	4014
191	191	760	760	2.0	0	0	4/4	5	2	1/2	1/2	1		4	64	E4	4	4020
191	191	760	760	2.0	0	0	4/4	2	1	1/2	1/2	1		1	67	G4	4	4012
191	191	760	760	2.0	0	0	4/4	5	3	1/2	1/2	1	-1	1	67	G4	4	4022
191	191	760	760	2.0	0	0	4/4	1	1	1/2	1/2	1		3	69	A4	4	4010
191	191	760	760	2.0	0	0	4/4	5	1	1/2	1/2	1		3	69	A4	4	4018
191	191	760	760	2.0	0	0	4/4	7	1	1/2	1/2	1		3	69	A4	4	4026
191	191	762	762	2.0	1/2	1/2	4/4	4	1	1/2	1/2	1		2	50	D3	3	4017
191	191	762	762	2.0	1/2	1/2	4/4	6	1	1/2	1/2	1		2	50	D3	3	4025
191	191	762	762	2.0	1/2	1/2	4/4	8	1	1/2	1/2	1		2	50	D3	3	4029
191	191	762	762	2.0	1/2	1/2	4/4	3	1	1/2	1/2	1		2	62	D4	4	4015
191	191	762	762	2.0	1/2	1/2	4/4	5	2	1/2	1/2	1		2	62	D4	4	4021
191	191	762	762	2.0	1/2	1/2	4/4	2	1	1/2	1/2	1		6	66	F#4	4	4013
191	191	762	762	2.0	1/2	1/2	4/4	5	3	1/2	1/2	1		6	66	F#4	4	4023
191	191	762	762	2.0	1/2	1/2	4/4	1	1	1/2	1/2	1		3	69	A4	4	4011
191	191	762	762	2.0	1/2	1/2	4/4	5	1	1/2	1/2	1		3	69	A4	4	4019
191	191	762	762	2.0	1/2	1/2	4/4	7	1	1/2	1/2	1		3	69	A4	4	4027
192	192	764	764	2.0	0	0	4/4	4	1	1/2	1/2	1		1	43	G2	2	4039
192	192	764	764	2.0	0	0	4/4	6	1	1/2	1/2	1		1	43	G2	2	4049
192	192	764	764	2.0	0	0	4/4	8	1	1/2	1/2	1		1	43	G2	2	4054
192	192	764	764	2.0	0	0	4/4	3	1	1/2	1/2	1		5	59	B3	3	4036
192	192	764	764	2.0	0	0	4/4	5	2	1/2	1/2	1		5	59	B3	3	4045
192	192	764	764	2.0	0	0	4/4	5	3	1/2	1/2	1		2	62	D4	4	4047
192	192	764	764	2.0	0	0	4/4	1	1	1/2	1/2	1		1	67	G4	4	4030
192	192	764	764	2.0	0	0	4/4	2	1	1/2	1/2	1		1	67	G4	4	4033
192	192	764	764	2.0	0	0	4/4	5	1	1/2	1/2	1		1	67	G4	4	4042
192	192	764	764	2.0	0	0	4/4	7	1	1/2	1/2	1		1	67	G4	4	4051
192	192	766	766	1.0	1/2	1/2	4/4	4	1	1/4	1/4	1		5	47	B2	2	4040
192	192	766	766	2.0	1/2	1/2	4/4	6	1	1/2	1/2	1		5	47	B2	2	4050
192	192	766	766	2.0	1/2	1/2	4/4	8	1	1/2	1/2	1		5	47	B2	2	4055
192	192	766	766	1.0	1/2	1/2	4/4	3	1	1/4	1/4	1		1	55	G3	3	4037
192	192	766	766	2.0	1/2	1/2	4/4	5	2	1/2	1/2	1		1	55	G3	3	4046
192	192	766	766	1.0	1/2	1/2	4/4	2	1	1/4	1/4	1		2	62	D4	4	4034
192	192	766	766	2.0	1/2	1/2	4/4	5	3	1/2	1/2	1		2	62	D4	4	4048
192	192	766	766	1.0	1/2	1/2	4/4	1	1	1/4	1/4	1		1	67	G4	4	4031
192	192	766	766	1.0	1/2	1/2	4/4	5	1	1/4	1/4	1		1	67	G4	4	4043
192	192	766	766	1.0	1/2	1/2	4/4	7	1	1/4	1/4	1		1	67	G4	4	4052
192	192	767	767	1.0	3/4	3/4	4/4	4	1	1/4	1/4	1		5	47	B2	2	4041
192	192	767	767	1.0	3/4	3/4	4/4	3	1	1/4	1/4	1		1	55	G3	3	4038
192	192	767	767	1.0	3/4	3/4	4/4	2	1	1/4	1/4	1		2	62	D4	4	4035
192	192	767	767	1.0	3/4	3/4	4/4	1	1	1/4	1/4	1		1	67	G4	4	4032
192	192	767	767	1.0	3/4	3/4	4/4	5	1	1/4	1/4	1		1	67	G4	4	4044
192	192	767	767	1.0	3/4	3/4	4/4	7	1	1/4	1/4	1		1	67	G4	4	4053
193	193	768	768	2.0	0	0	4/4	4	1	1/2	1/2	1		0	48	C3	3	4062
193	193	768	768	2.0	0	0	4/4	8	1	1/2	1/2	1		0	48	C3	3	4071
193	193	768	768	4.0	0	0	4/4	6	1	1	1	1		0	48	C3	3	4068
193	193	768	768	2.0	0	0	4/4	3	1	1/2	1/2	1		0	60	C4	4	4060
193	193	768	768	4.0	0	0	4/4	5	2	1	1	1		0	60	C4	4	4066
193	193	768	768	2.0	0	0	4/4	2	1	1/2	1/2	1		4	64	E4	4	4058
193	193	768	768	4.0	0	0	4/4	5	3	1	1	1		4	64	E4	4	4067
193	193	768	768	2.0	0	0	4/4	1	1	1/2	1/2	1		1	67	G4	4	4056
193	193	768	768	2.0	0	0	4/4	5	1	1/2	1/2	1		1	67	G4	4	4064
193	193	768	768	2.0	0	0	4/4	7	1	1/2	1/2	1		1	67	G4	4	4069
193	193	770	770	2.0	1/2	1/2	4/4	4	1	1/2	1/2	1		0	48	C3	3	4063
193	193	770	770	2.0	1/2	1/2	4/4	8	1	1/2	1/2	1		0	48	C3	3	4072
193	193	770	770	2.0	1/2	1/2	4/4	3	1	1/2	1/2	1		0	60	C4	4	4061
193	193	770	770	2.0	1/2	1/2	4/4	2	1	1/2	1/2	1		4	64	E4	4	4059
193	193	770	770	2.0	1/2	1/2	4/4	1	1	1/2	1/2	1		3	69	A4	4	4057
193	193	770	770	2.0	1/2	1/2	4/4	5	1	1/2	1/2	1		3	69	A4	4	4065
193	193	770	770	2.0	1/2	1/2	4/4	7	1	1/2	1/2	1		3	69	A4	4	4070
194	194	772	772	2.0	0	0	4/4	4	1	1/2	1/2	1		2	50	D3	3	4079
194	194	772	772	2.0	0	0	4/4	6	1	1/2	1/2	1		2	50	D3	3	4086
194	194	772	772	2.0	0	0	4/4	8	1	1/2	1/2	1		2	50	D3	3	4090
194	194	772	772	2.0	0	0	4/4	3	1	1/2	1/2	1		5	59	B3	3	4077
194	194	772	772	4.0	0	0	4/4	5	2	1	1	1		5	59	B3	3	4083
194	194	772	772	2.0	0	0	4/4	2	1	1/2	1/2	1		-1	65	F4	4	4075
194	194	772	772	2.0	0	0	4/4	5	3	1/2	1/2	1		-1	65	F4	4	4084
194	194	772	772	2.0	0	0	4/4	1	1	1/2	1/2	1		3	69	A4	4	4073
194	194	772	772	2.0	0	0	4/4	5	1	1/2	1/2	1		3	69	A4	4	4081
194	194	772	772	2.0	0	0	4/4	7	1	1/2	1/2	1		3	69	A4	4	4088
194	194	774	774	2.0	1/2	1/2	4/4	4	1	1/2	1/2	1		4	52	E3	3	4080
194	194	774	774	2.0	1/2	1/2	4/4	6	1	1/2	1/2	1		4	52	E3	3	4087
194	194	774	774	2.0	1/2	1/2	4/4	8	1	1/2	1/2	1		4	52	E3	3	4091
194	194	774	774	2.0	1/2	1/2	4/4	3	1	1/2	1/2	1		5	59	B3	3	4078
194	194	774	774	2.0	1/2	1/2	4/4	2	1	1/2	1/2	1		4	64	E4	4	4076
194	194	774	774	2.0	1/2	1/2	4/4	5	3	1/2	1/2	1		4	64	E4	4	4085
194	194	774	774	2.0	1/2	1/2	4/4	1	1	1/2	1/2	1		8	68	G#4	4	4074
194	194	774	774	2.0	1/2	1/2	4/4	5	1	1/2	1/2	1		8	68	G#4	4	4082
194	194	774	774	2.0	1/2	1/2	4/4	7	1	1/2	1/2	1		8	68	G#4	4	4089
195	195	776	776	2.0	0	0	4/4	4	1	1/2	1/2	1		3	45	A2	2	4098
195	195	776	776	2.0	0	0	4/4	6	1	1/2	1/2	1		3	45	A2	2	4106
195	195	776	776	2.0	0	0	4/4	8	1	1/2	1/2	1		3	45	A2	2	4110
195	195	776	776	2.0	0	0	4/4	3	1	1/2	1/2	1		0	60	C4	4	4096
195	195	776	776	2.0	0	0	4/4	5	2	1/2	1/2	1		0	60	C4	4	4102
195	195	776	776	2.0	0	0	4/4	2	1	1/2	1/2	1		4	64	E4	4	4094
195	195	776	776	2.0	0	0	4/4	5	3	1/2	1/2	1		4	64	E4	4	4104
195	195	776	776	2.0	0	0	4/4	1	1	1/2	1/2	1		3	69	A4	4	4092
195	195	776	776	2.0	0	0	4/4	5	1	1/2	1/2	1		3	69	A4	4	4100
195	195	776	776	2.0	0	0	4/4	7	1	1/2	1/2	1		3	69	A4	4	4108
195	195	778	778	2.0	1/2	1/2	4/4	4	1	1/2	1/2	1		1	43	G2	2	4099
195	195	778	778	2.0	1/2	1/2	4/4	6	1	1/2	1/2	1		1	43	G2	2	4107
195	195	778	778	2.0	1/2	1/2	4/4	8	1	1/2	1/2	1		1	43	G2	2	4111
195	195	778	778	2.0	1/2	1/2	4/4	3	1	1/2	1/2	1		2	62	D4	4	4097
195	195	778	778	2.0	1/2	1/2	4/4	5	2	1/2	1/2	1		2	62	D4	4	4103
195	195	778	778	2.0	1/2	1/2	4/4	2	1	1/2	1/2	1		1	67	G4	4	4095
195	195	778	778	2.0	1/2	1/2	4/4	5	3	1/2	1/2	1		1	67	G4	4	4105
195	195	778	778	2.0	1/2	1/2	4/4	1	1	1/2	1/2	1		5	71	B4	4	4093
195	195	778	778	2.0	1/2	1/2	4/4	5	1	1/2	1/2	1		5	71	B4	4	4101
195	195	778	778	2.0	1/2	1/2	4/4	7	1	1/2	1/2	1		5	71	B4	4	4109
196	196	780	780	1.0	0	0	4/4	4	1	1/4	1/4	1		1	55	G3	3	4124
196	196	780	780	2.0	0	0	4/4	6	1	1/2	1/2	1		1	55	G3	3	4136
196	196	780	780	2.0	0	0	4/4	8	1	1/2	1/2	1		1	55	G3	3	4142
196	196	780	780	1.0	0	0	4/4	3	1	1/4	1/4	1		2	62	D4	4	4120
196	196	780	780	2.0	0	0	4/4	5	2	1/2	1/2	1		2	62	D4	4	4132
196	196	780	780	1.0	0	0	4/4	2	1	1/4	1/4	1		1	67	G4	4	4116
196	196	780	780	2.0	0	0	4/4	5	3	1/2	1/2	1		1	67	G4	4	4134
196	196	780	780	1.0	0	0	4/4	1	1	1/4	1/4	1		5	71	B4	4	4112
196	196	780	780	1.0	0	0	4/4	5	1	1/4	1/4	1		5	71	B4	4	4128
196	196	780	780	1.0	0	0	4/4	7	1	1/4	1/4	1		5	71	B4	4	4138
196	196	781	781	1.0	1/4	1/4	4/4	4	1	1/4	1/4	1		1	55	G3	3	4125
196	196	781	781	1.0	1/4	1/4	4/4	3	1	1/4	1/4	1		2	62	D4	4	4121
196	196	781	781	1.0	1/4	1/4	4/4	2	1	1/4	1/4	1		1	67	G4	4	4117
196	196	781	781	1.0	1/4	1/4	4/4	1	1	1/4	1/4	1		5	71	B4	4	4113
196	196	781	781	1.0	1/4	1/4	4/4	5	1	1/4	1/4	1		5	71	B4	4	4129
196	196	781	781	1.0	1/4	1/4	4/4	7	1	1/4	1/4	1		5	71	B4	4	4139
196	196	782	782	1.0	1/2	1/2	4/4	4	1	1/4	1/4	1		6	54	F#3	3	4126
196	196	782	782	2.0	1/2	1/2	4/4	6	1	1/2	1/2	1		6	54	F#3	3	4137
196	196	782	782	2.0	1/2	1/2	4/4	8	1	1/2	1/2	1		6	54	F#3	3	4143
196	196	782	782	1.0	1/2	1/2	4/4	3	1	1/4	1/4	1		2	62	D4	4	4122
196	196	782	782	2.0	1/2	1/2	4/4	5	2	1/2	1/2	1		2	62	D4	4	4133
196	196	782	782	1.0	1/2	1/2	4/4	2	1	1/4	1/4	1		1	67	G4	4	4118
196	196	782	782	2.0	1/2	1/2	4/4	5	3	1/2	1/2	1		1	67	G4	4	4135
196	196	782	782	1.0	1/2	1/2	4/4	1	1	1/4	1/4	1		5	71	B4	4	4114
196	196	782	782	1.0	1/2	1/2	4/4	5	1	1/4	1/4	1		5	71	B4	4	4130
196	196	782	782	1.0	1/2	1/2	4/4	7	1	1/4	1/4	1		5	71	B4	4	4140
196	196	783	783	1.0	3/4	3/4	4/4	4	1	1/4	1/4	1		6	54	F#3	3	4127
196	196	783	783	1.0	3/4	3/4	4/4	3	1	1/4	1/4	1		2	62	D4	4	4123
196	196	783	783	1.0	3/4	3/4	4/4	2	1	1/4	1/4	1		1	67	G4	4	4119
196	196	783	783	1.0	3/4	3/4	4/4	1	1	1/4	1/4	1		5	71	B4	4	4115
196	196	783	783	1.0	3/4	3/4	4/4	5	1	1/4	1/4	1		5	71	B4	4	4131
196	196	783	783	1.0	3/4	3/4	4/4	7	1	1/4	1/4	1		5	71	B4	4	4141
197	197	784	784	2.0	0	0	4/4	4	1	1/2	1/2	1		4	52	E3	3	4150
197	197	784	784	2.0	0	0	4/4	6	1	1/2	1/2	1		4	52	E3	3	4158
197	197	784	784	2.0	0	0	4/4	8	1	1/2	1/2	1		4	52	E3	3	4162
197	197	784	784	2.0	0	0	4/4	3	1	1/2	1/2	1		4	64	E4	4	4148
197	197	784	784	2.0	0	0	4/4	5	2	1/2	1/2	1		4	64	E4	4	4154
197	197	784	784	2.0	0	0	4/4	2	1	1/2	1/2	1		1	67	G4	4	4146
197	197	784	784	2.0	0	0	4/4	5	3	1/2	1/2	1		1	67	G4	4	4156
197	197	784	784	2.0	0	0	4/4	1	1	1/2	1/2	1		5	71	B4	4	4144
197	197	784	784	2.0	0	0	4/4	5	1	1/2	1/2	1		5	71	B4	4	4152
197	197	784	784	2.0	0	0	4/4	7	1	1/2	1/2	1		5	71	B4	4	4160
197	197	786	786	2.0	1/2	1/2	4/4	4	1	1/2	1/2	1		1	55	G3	3	4151
197	197	786	786	2.0	1/2	1/2	4/4	6	1	1/2	1/2	1		1	55	G3	3	4159
197	197	786	786	2.0	1/2	1/2	4/4	8	1	1/2	1/2	1		1	55	G3	3	4163
197	197	786	786	2.0	1/2	1/2	4/4	3	1	1/2	1/2	1		2	62	D4	4	4149
197	197	786	786	2.0	1/2	1/2	4/4	5	2	1/2	1/2	1		2	62	D4	4	4155
197	197	786	786	2.0	1/2	1/2	4/4	2	1	1/2	1/2	1		1	67	G4	4	4147
197	197	786	786	2.0	1/2	1/2	4/4	5	3	1/2	1/2	1		1	67	G4	4	4157
197	197	786	786	2.0	1/2	1/2	4/4	1	1	1/2	1/2	1		5	71	B4	4	4145
197	197	786	786	2.0	1/2	1/2	4/4	5	1	1/2	1/2	1		5	71	B4	4	4153
197	197	786	786	2.0	1/2	1/2	4/4	7	1	1/2	1/2	1		5	71	B4	4	4161
198	198	788	788	3.0	0	0	4/4	4	1	3/4	1/2	3/2		1	43	G2	2	4170
198	198	788	788	3.0	0	0	4/4	6	1	3/4	1/2	3/2		1	43	G2	2	4178
198	198	788	788	3.0	0	0	4/4	8	1	3/4	1/2	3/2		1	43	G2	2	4182
198	198	788	788	3.0	0	0	4/4	3	1	3/4	1/2	3/2		2	62	D4	4	4168
198	198	788	788	3.0	0	0	4/4	5	2	3/4	1/2	3/2		2	62	D4	4	4174
198	198	788	788	3.0	0	0	4/4	2	1	3/4	1/2	3/2		1	67	G4	4	4166
198	198	788	788	3.0	0	0	4/4	5	3	3/4	1/2	3/2		1	67	G4	4	4176
198	198	788	788	3.0	0	0	4/4	1	1	3/4	1/2	3/2		5	71	B4	4	4164
198	198	788	788	3.0	0	0	4/4	5	1	3/4	1/2	3/2		5	71	B4	4	4172
198	198	788	788	3.0	0	0	4/4	7	1	3/4	1/2	3/2		5	71	B4	4	4180
198	198	791	791	1.0	3/4	3/4	4/4	4	1	1/4	1/4	1		9	51	D#3	3	4171
198	198	791	791	1.0	3/4	3/4	4/4	6	1	1/4	1/4	1		9	51	D#3	3	4179
198	198	791	791	1.0	3/4	3/4	4/4	8	1	1/4	1/4	1		9	51	D#3	3	4183
198	198	791	791	1.0	3/4	3/4	4/4	3	1	1/4	1/4	1		6	66	F#4	4	4169
198	198	791	791	1.0	3/4	3/4	4/4	5	2	1/4	1/4	1		6	66	F#4	4	4175
198	198	791	791	1.0	3/4	3/4	4/4	2	1	1/4	1/4	1		3	69	A4	4	4167
198	198	791	791	1.0	3/4	3/4	4/4	5	3	1/4	1/4	1		3	69	A4	4	4177
198	198	791	791	1.0	3/4	3/4	4/4	1	1	1/4	1/4	1		5	71	B4	4	4165
198	198	791	791	1.0	3/4	3/4	4/4	5	1	1/4	1/4	1		5	71	B4	4	4173
198	198	791	791	1.0	3/4	3/4	4/4	7	1	1/4	1/4	1		5	71	B4	4	4181
199	199	792	792	2.0	0	0	4/4	4	1	1/2	1/2	1		4	52	E3	3	4193
199	199	792	792	2.0	0	0	4/4	6	1	1/2	1/2	1		4	52	E3	3	4203
199	199	792	792	2.0	0	0	4/4	8	1	1/2	1/2	1		4	52	E3	3	4208
199	199	792	792	2.0	0	0	4/4	3	1	1/2	1/2	1		4	64	E4	4	4190
199	199	792	792	2.0	0	0	4/4	5	2	1/2	1/2	1		4	64	E4	4	4199
199	199	792	792	2.0	0	0	4/4	2	1	1/2	1/2	1		1	67	G4	4	4187
199	199	792	792	2.0	0	0	4/4	5	3	1/2	1/2	1		1	67	G4	4	4201
199	199	792	792	2.0	0	0	4/4	1	1	1/2	1/2	1		5	71	B4	4	4184
199	199	792	792	2.0	0	0	4/4	5	1	1/2	1/2	1		5	71	B4	4	4196
199	199	792	792	2.0	0	0	4/4	7	1	1/2	1/2	1		5	71	B4	4	4205
199	199	794	794	1.0	1/2	1/2	4/4	4	1	1/4	1/4	1		2	50	D3	3	4194
199	199	794	794	2.0	1/2	1/2	4/4	6	1	1/2	1/2	1		2	50	D3	3	4204
199	199	794	794	2.0	1/2	1/2	4/4	8	1	1/2	1/2	1		2	50	D3	3	4209
199	199	794	794	1.0	1/2	1/2	4/4	3	1	1/4	1/4	1		4	64	E4	4	4191
199	199	794	794	2.0	1/2	1/2	4/4	5	2	1/2	1/2	1		4	64	E4	4	4200
199	199	794	794	1.0	1/2	1/2	4/4	2	1	1/4	1/4	1		1	67	G4	4	4188
199	199	794	794	2.0	1/2	1/2	4/4	5	3	1/2	1/2	1	1	1	67	G4	4	4202
199	199	794	794	1.0	1/2	1/2	4/4	1	1	1/4	1/4	1		5	71	B4	4	4185
199	199	794	794	1.0	1/2	1/2	4/4	5	1	1/4	1/4	1		5	71	B4	4	4197
199	199	794	794	1.0	1/2	1/2	4/4	7	1	1/4	1/4	1		5	71	B4	4	4206
199	199	795	795	1.0	3/4	3/4	4/4	4	1	1/4	1/4	1		2	50	D3	3	4195
199	199	795	795	1.0	3/4	3/4	4/4	3	1	1/4	1/4	1		4	64	E4	4	4192
199	199	795	795	1.0	3/4	3/4	4/4	2	1	1/4	1/4	1		1	67	G4	4	4189
199	199	795	795	1.0	3/4	3/4	4/4	1	1	1/4	1/4	1		5	71	B4	4	4186
199	199	795	795	1.0	3/4	3/4	4/4	5	1	1/4	1/4	1		5	71	B4	4	4198
199	199	795	795	1.0	3/4	3/4	4/4	7	1	1/4	1/4	1		5	71	B4	4	4207
200	200	796	796	2.0	0	0	4/4	4	1	1/2	1/2	1		0	48	C3	3	4216
200	200	796	796	2.0	0	0	4/4	6	1	1/2	1/2	1		0	48	C3	3	4224
200	200	796	796	2.0	0	0	4/4	8	1	1/2	1/2	1		0	48	C3	3	4227
200	200	796	796	2.0	0	0	4/4	3	1	1/2	1/2	1		4	64	E4	4	4213
200	200	796	796	2.0	0	0	4/4	5	2	1/2	1/2	1		4	64	E4	4	4219
200	200	796	796	2.0	0	0	4/4	2	1	1/2	1/2	1		1	67	G4	4	4211
200	200	796	796	2.0	0	0	4/4	5	3	1/2	1/2	1	-1	1	67	G4	4	4222
200	200	796	796	4.0	0	0	4/4	1	1	1	1	1		3	69	A4	4	4210
200	200	796	796	4.0	0	0	4/4	5	1	1	1	1		3	69	A4	4	4218
200	200	796	796	4.0	0	0	4/4	7	1	1	1	1		3	69	A4	4	4226
200	200	798	798	2.0	1/2	1/2	4/4	4	1	1/2	1/2	1		2	50	D3	3	4217
200	200	798	798	2.0	1/2	1/2	4/4	6	1	1/2	1/2	1		2	50	D3	3	4225
200	200	798	798	2.0	1/2	1/2	4/4	8	1	1/2	1/2	1		2	50	D3	3	4228
200	200	798	798	1.0	1/2	1/2	4/4	3	1	1/4	1/4	1		2	62	D4	4	4214
200	200	798	798	1.0	1/2	1/2	4/4	5	2	1/4	1/4	1		2	62	D4	4	4220
200	200	798	798	2.0	1/2	1/2	4/4	2	1	1/2	1/2	1		6	66	F#4	4	4212
200	200	798	798	2.0	1/2	1/2	4/4	5	3	1/2	1/2	1		6	66	F#4	4	4223
200	200	799	799	1.0	3/4	3/4	4/4	3	1	1/4	1/4	1		0	60	C4	4	4215
200	200	799	799	1.0	3/4	3/4	4/4	5	2	1/4	1/4	1		0	60	C4	4	4221
201	201	800	800	2.0	0	0	4/4	4	1	1/2	1/2	1		1	43	G2	2	4238
201	201	800	800	2.0	0	0	4/4	6	1	1/2	1/2	1		1	43	G2	2	4248
201	201	800	800	2.0	0	0	4/4	8	1	1/2	1/2	1		1	43	G2	2	4253
201	201	800	800	2.0	0	0	4/4	3	1	1/2	1/2	1		5	59	B3	3	4235
201	201	800	800	2.0	0	0	4/4	5	2	1/2	1/2	1		5	59	B3	3	4244
201	201	800	800	2.0	0	0	4/4	5	3	1/2	1/2	1		2	62	D4	4	4246
201	201	800	800	2.0	0	0	4/4	1	1	1/2	1/2	1		1	67	G4	4	4229
201	201	800	800	2.0	0	0	4/4	2	1	1/2	1/2	1		1	67	G4	4	4232
201	201	800	800	2.0	0	0	4/4	5	1	1/2	1/2	1		1	67	G4	4	4241
201	201	800	800	2.0	0	0	4/4	7	1	1/2	1/2	1		1	67	G4	4	4250
201	201	802	802	1.0	1/2	1/2	4/4	4	1	1/4	1/4	1		4	52	E3	3	4239
201	201	802	802	2.0	1/2	1/2	4/4	6	1	1/2	1/2	1		4	52	E3	3	4249
201	201	802	802	2.0	1/2	1/2	4/4	8	1	1/2	1/2	1		4	52	E3	3	4254
201	201	802	802	1.0	1/2	1/2	4/4	3	1	1/4	1/4	1		5	59	B3	3	4236
201	201	802	802	2.0	1/2	1/2	4/4	5	2	1/2	1/2	1		5	59	B3	3	4245
201	201	802	802	1.0	1/2	1/2	4/4	2	1	1/4	1/4	1		4	64	E4	4	4233
201	201	802	802	2.0	1/2	1/2	4/4	5	3	1/2	1/2	1		4	64	E4	4	4247
201	201	802	802	1.0	1/2	1/2	4/4	1	1	1/4	1/4	1		1	67	G4	4	4230
201	201	802	802	1.0	1/2	1/2	4/4	5	1	1/4	1/4	1		1	67	G4	4	4242
201	201	802	802	1.0	1/2	1/2	4/4	7	1	1/4	1/4	1		1	67	G4	4	4251
201	201	803	803	1.0	3/4	3/4	4/4	4	1	1/4	1/4	1		4	52	E3	3	4240
201	201	803	803	1.0	3/4	3/4	4/4	3	1	1/4	1/4	1		5	59	B3	3	4237
201	201	803	803	1.0	3/4	3/4	4/4	2	1	1/4	1/4	1		4	64	E4	4	4234
201	201	803	803	1.0	3/4	3/4	4/4	1	1	1/4	1/4	1		1	67	G4	4	4231
201	201	803	803	1.0	3/4	3/4	4/4	5	1	1/4	1/4	1		1	67	G4	4	4243
201	201	803	803	1.0	3/4	3/4	4/4	7	1	1/4	1/4	1		1	67	G4	4	4252
202	202	804	804	2.0	0	0	4/4	4	1	1/2	1/2	1		0	48	C3	3	4261
202	202	804	804	2.0	0	0	4/4	6	1	1/2	1/2	1		0	48	C3	3	4269
202	202	804	804	2.0	0	0	4/4	8	1	1/2	1/2	1		0	48	C3	3	4273
202	202	804	804	2.0	0	0	4/4	3	1	1/2	1/2	1		0	60	C4	4	4259
202	202	804	804	2.0	0	0	4/4	5	2	1/2	1/2	1		0	60	C4	4	4265
202	202	804	804	2.0	0	0	4/4	2	1	1/2	1/2	1		4	64	E4	4	4257
202	202	804	804	2.0	0	0	4/4	5	3	1/2	1/2	1		4	64	E4	4	4267
202	202	804	804	2.0	0	0	4/4	1	1	1/2	1/2	1		1	67	G4	4	4255
202	202	804	804	2.0	0	0	4/4	5	1	1/2	1/2	1		1	67	G4	4	4263
202	202	804	804	2.0	0	0	4/4	7	1	1/2	1/2	1		1	67	G4	4	4271
202	202	806	806	2.0	1/2	1/2	4/4	4	1	1/2	1/2	1		-1	53	F3	3	4262
202	202	806	806	2.0	1/2	1/2	4/4	6	1	1/2	1/2	1		-1	53	F3	3	4270
202	202	806	806	2.0	1/2	1/2	4/4	8	1	1/2	1/2	1		-1	53	F3	3	4274
202	202	806	806	2.0	1/2	1/2	4/4	3	1	1/2	1/2	1		0	60	C4	4	4260
202	202	806	806	2.0	1/2	1/2	4/4	5	2	1/2	1/2	1		0	60	C4	4	4266
202	202	806	806	2.0	1/2	1/2	4/4	2	1	1/2	1/2	1	1	-1	65	F4	4	4258
202	202	806	806	2.0	1/2	1/2	4/4	5	3	1/2	1/2	1	1	-1	65	F4	4	4268
202	202	806	806	2.0	1/2	1/2	4/4	1	1	1/2	1/2	1		3	69	A4	4	4256
202	202	806	806	2.0	1/2	1/2	4/4	5	1	1/2	1/2	1		3	69	A4	4	4264
202	202	806	806	2.0	1/2	1/2	4/4	7	1	1/2	1/2	1		3	69	A4	4	4272
203	203	808	808	2.0	0	0	4/4	4	1	1/2	1/2	1		5	47	B2	2	4281
203	203	808	808	2.0	0	0	4/4	6	1	1/2	1/2	1		5	47	B2	2	4289
203	203	808	808	2.0	0	0	4/4	8	1	1/2	1/2	1		5	47	B2	2	4293
203	203	808	808	2.0	0	0	4/4	3	1	1/2	1/2	1		2	62	D4	4	4279
203	203	808	808	2.0	0	0	4/4	5	2	1/2	1/2	1		2	62	D4	4	4285
203	203	808	808	2.0	0	0	4/4	2	1	1/2	1/2	1	-1	-1	65	F4	4	4277
203	203	808	808	2.0	0	0	4/4	5	3	1/2	1/2	1	-1	-1	65	F4	4	4287
203	203	808	808	2.0	0	0	4/4	1	1	1/2	1/2	1		3	69	A4	4	4275
203	203	808	808	2.0	0	0	4/4	5	1	1/2	1/2	1		3	69	A4	4	4283
203	203	808	808	2.0	0	0	4/4	7	1	1/2	1/2	1		3	69	A4	4	4291
203	203	810	810	2.0	1/2	1/2	4/4	4	1	1/2	1/2	1		4	52	E3	3	4282
203	203	810	810	2.0	1/2	1/2	4/4	6	1	1/2	1/2	1		4	52	E3	3	4290
203	203	810	810	2.0	1/2	1/2	4/4	8	1	1/2	1/2	1		4	52	E3	3	4294
203	203	810	810	2.0	1/2	1/2	4/4	3	1	1/2	1/2	1		5	59	B3	3	4280
203	203	810	810	2.0	1/2	1/2	4/4	5	2	1/2	1/2	1		5	59	B3	3	4286
203	203	810	810	2.0	1/2	1/2	4/4	2	1	1/2	1/2	1		4	64	E4	4	4278
203	203	810	810	2.0	1/2	1/2	4/4	5	3	1/2	1/2	1		4	64	E4	4	4288
203	203	810	810	2.0	1/2	1/2	4/4	1	1	1/2	1/2	1		8	68	G#4	4	4276
203	203	810	810	2.0	1/2	1/2	4/4	5	1	1/2	1/2	1		8	68	G#4	4	4284
203	203	810	810	2.0	1/2	1/2	4/4	7	1	1/2	1/2	1		8	68	G#4	4	4292
204	204	812	812	2.0	0	0	4/4	4	1	1/2	1/2	1		3	45	A2	2	4301
204	204	812	812	2.0	0	0	4/4	6	1	1/2	1/2	1		3	45	A2	2	4309
204	204	812	812	2.0	0	0	4/4	8	1	1/2	1/2	1		3	45	A2	2	4313
204	204	812	812	2.0	0	0	4/4	3	1	1/2	1/2	1		0	60	C4	4	4299
204	204	812	812	2.0	0	0	4/4	5	2	1/2	1/2	1		0	60	C4	4	4305
204	204	812	812	2.0	0	0	4/4	2	1	1/2	1/2	1		4	64	E4	4	4297
204	204	812	812	2.0	0	0	4/4	5	3	1/2	1/2	1		4	64	E4	4	4307
204	204	812	812	2.0	0	0	4/4	1	1	1/2	1/2	1		3	69	A4	4	4295
204	204	812	812	2.0	0	0	4/4	5	1	1/2	1/2	1		3	69	A4	4	4303
204	204	812	812	2.0	0	0	4/4	7	1	1/2	1/2	1		3	69	A4	4	4311
204	204	814	814	2.0	1/2	1/2	4/4	4	1	1/2	1/2	1		4	52	E3	3	4302
204	204	814	814	2.0	1/2	1/2	4/4	6	1	1/2	1/2	1		4	52	E3	3	4310
204	204	814	814	2.0	1/2	1/2	4/4	8	1	1/2	1/2	1		4	52	E3	3	4314
204	204	814	814	2.0	1/2	1/2	4/4	3	1	1/2	1/2	1		4	64	E4	4	4300
204	204	814	814	2.0	1/2	1/2	4/4	5	2	1/2	1/2	1		4	64	E4	4	4306
204	204	814	814	2.0	1/2	1/2	4/4	2	1	1/2	1/2	1		1	67	G4	4	4298
204	204	814	814	2.0	1/2	1/2	4/4	5	3	1/2	1/2	1		1	67	G4	4	4308
204	204	814	814	2.0	1/2	1/2	4/4	1	1	1/2	1/2	1		5	71	B4	4	4296
204	204	814	814	2.0	1/2	1/2	4/4	5	1	1/2	1/2	1		5	71	B4	4	4304
204	204	814	814	2.0	1/2	1/2	4/4	7	1	1/2	1/2	1		5	71	B4	4	4312
205	205	816	816	2.0	0	0	4/4	4	1	1/2	1/2	1		9	51	D#3	3	4324
205	205	816	816	2.0	0	0	4/4	6	1	1/2	1/2	1		9	51	D#3	3	4334
205	205	816	816	2.0	0	0	4/4	8	1	1/2	1/2	1		9	51	D#3	3	4339
205	205	816	816	2.0	0	0	4/4	2	1	1/2	1/2	1		6	66	F#4	4	4318
205	205	816	816	2.0	0	0	4/4	3	1	1/2	1/2	1		6	66	F#4	4	4321
205	205	816	816	2.0	0	0	4/4	5	2	1/2	1/2	1		6	66	F#4	4	4330
205	205	816	816	2.0	0	0	4/4	5	3	1/2	1/2	1		6	66	F#4	4	4332
205	205	816	816	2.0	0	0	4/4	1	1	1/2	1/2	1		5	71	B4	4	4315
205	205	816	816	2.0	0	0	4/4	5	1	1/2	1/2	1		5	71	B4	4	4327
205	205	816	816	2.0	0	0	4/4	7	1	1/2	1/2	1		5	71	B4	4	4336
205	205	818	818	1.0	1/2	1/2	4/4	4	1	1/4	1/4	1		5	47	B2	2	4325
205	205	818	818	2.0	1/2	1/2	4/4	6	1	1/2	1/2	1		5	47	B2	2	4335
205	205	818	818	2.0	1/2	1/2	4/4	8	1	1/2	1/2	1		5	47	B2	2	4340
205	205	818	818	1.0	1/2	1/2	4/4	3	1	1/4	1/4	1		9	63	D#4	4	4322
205	205	818	818	2.0	1/2	1/2	4/4	5	2	1/2	1/2	1		9	63	D#4	4	4331
205	205	818	818	1.0	1/2	1/2	4/4	2	1	1/4	1/4	1		3	69	A4	4	4319
205	205	818	818	2.0	1/2	1/2	4/4	5	3	1/2	1/2	1		3	69	A4	4	4333
205	205	818	818	1.0	1/2	1/2	4/4	1	1	1/4	1/4	1		5	71	B4	4	4316
205	205	818	818	1.0	1/2	1/2	4/4	5	1	1/4	1/4	1		5	71	B4	4	4328
205	205	818	818	1.0	1/2	1/2	4/4	7	1	1/4	1/4	1		5	71	B4	4	4337
205	205	819	819	1.0	3/4	3/4	4/4	4	1	1/4	1/4	1		5	47	B2	2	4326
205	205	819	819	1.0	3/4	3/4	4/4	3	1	1/4	1/4	1		9	63	D#4	4	4323
205	205	819	819	1.0	3/4	3/4	4/4	2	1	1/4	1/4	1		3	69	A4	4	4320
205	205	819	819	1.0	3/4	3/4	4/4	1	1	1/4	1/4	1		5	71	B4	4	4317
205	205	819	819	1.0	3/4	3/4	4/4	5	1	1/4	1/4	1		5	71	B4	4	4329
205	205	819	819	1.0	3/4	3/4	4/4	7	1	1/4	1/4	1		5	71	B4	4	4338
206	206	820	820	2.0	0	0	4/4	4	1	1/2	1/2	1		4	52	E3	3	4347
206	206	820	820	2.0	0	0	4/4	6	1	1/2	1/2	1		4	52	E3	3	4355
206	206	820	820	2.0	0	0	4/4	8	1	1/2	1/2	1		4	52	E3	3	4359
206	206	820	820	2.0	0	0	4/4	3	1	1/2	1/2	1		4	64	E4	4	4345
206	206	820	820	2.0	0	0	4/4	5	2	1/2	1/2	1		4	64	E4	4	4351
206	206	820	820	2.0	0	0	4/4	2	1	1/2	1/2	1		1	67	G4	4	4343
206	206	820	820	2.0	0	0	4/4	5	3	1/2	1/2	1		1	67	G4	4	4353
206	206	820	820	2.0	0	0	4/4	1	1	1/2	1/2	1		5	71	B4	4	4341
206	206	820	820	2.0	0	0	4/4	5	1	1/2	1/2	1		5	71	B4	4	4349
206	206	820	820	2.0	0	0	4/4	7	1	1/2	1/2	1		5	71	B4	4	4357
206	206	822	822	2.0	1/2	1/2	4/4	4	1	1/2	1/2	1		6	54	F#3	3	4348
206	206	822	822	2.0	1/2	1/2	4/4	6	1	1/2	1/2	1		6	54	F#3	3	4356
206	206	822	822	2.0	1/2	1/2	4/4	8	1	1/2	1/2	1		6	54	F#3	3	4360
206	206	822	822	2.0	1/2	1/2	4/4	3	1	1/2	1/2	1		9	63	D#4	4	4346
206	206	822	822	2.0	1/2	1/2	4/4	5	2	1/2	1/2	1		9	63	D#4	4	4352
206	206	822	822	2.0	1/2	1/2	4/4	2	1	1/2	1/2	1		3	69	A4	4	4344
206	206	822	822	2.0	1/2	1/2	4/4	5	3	1/2	1/2	1		3	69	A4	4	4354
206	206	822	822	2.0	1/2	1/2	4/4	1	1	1/2	1/2	1		5	71	B4	4	4342
206	206	822	822	2.0	1/2	1/2	4/4	5	1	1/2	1/2	1		5	71	B4	4	4350
206	206	822	822	2.0	1/2	1/2	4/4	7	1	1/2	1/2	1		5	71	B4	4	4358
207	207	824	824	2.0	0	0	4/4	4	1	1/2	1/2	1		1	55	G3	3	4367
207	207	824	824	2.0	0	0	4/4	6	1	1/2	1/2	1		1	55	G3	3	4375
207	207	824	824	2.0	0	0	4/4	8	1	1/2	1/2	1		1	55	G3	3	4379
207	207	824	824	2.0	0	0	4/4	3	1	1/2	1/2	1		4	64	E4	4	4365
207	207	824	824	2.0	0	0	4/4	5	2	1/2	1/2	1		4	64	E4	4	4371
207	207	824	824	2.0	0	0	4/4	2	1	1/2	1/2	1		1	67	G4	4	4363
207	207	824	824	2.0	0	0	4/4	5	3	1/2	1/2	1		1	67	G4	4	4373
207	207	824	824	2.0	0	0	4/4	1	1	1/2	1/2	1		5	71	B4	4	4361
207	207	824	824	2.0	0	0	4/4	5	1	1/2	1/2	1		5	71	B4	4	4369
207	207	824	824	2.0	0	0	4/4	7	1	1/2	1/2	1		5	71	B4	4	4377
207	207	826	826	2.0	1/2	1/2	4/4	4	1	1/2	1/2	1		4	52	E3	3	4368
207	207	826	826	2.0	1/2	1/2	4/4	6	1	1/2	1/2	1		4	52	E3	3	4376
207	207	826	826	2.0	1/2	1/2	4/4	8	1	1/2	1/2	1		4	52	E3	3	4380
207	207	826	826	2.0	1/2	1/2	4/4	3	1	1/2	1/2	1		4	64	E4	4	4366
207	207	826	826	2.0	1/2	1/2	4/4	5	2	1/2	1/2	1		4	64	E4	4	4372
207	207	826	826	2.0	1/2	1/2	4/4	2	1	1/2	1/2	1		1	67	G4	4	4364
207	207	826	826	2.0	1/2	1/2	4/4	5	3	1/2	1/2	1		1	67	G4	4	4374
207	207	826	826	2.0	1/2	1/2	4/4	1	1	1/2	1/2	1		5	71	B4	4	4362
207	207	826	826	2.0	1/2	1/2	4/4	5	1	1/2	1/2	1		5	71	B4	4	4370
207	207	826	826	2.0	1/2	1/2	4/4	7	1	1/2	1/2	1		5	71	B4	4	4378
208	208	828	828	1.0	0	0	4/4	4	1	1/4	1/4	1		5	47	B2	2	4393
208	208	828	828	2.0	0	0	4/4	6	1	1/2	1/2	1		5	47	B2	2	4405
208	208	828	828	2.0	0	0	4/4	8	1	1/2	1/2	1		5	47	B2	2	4411
208	208	828	828	1.0	0	0	4/4	3	1	1/4	1/4	1		2	62	D4	4	4389
208	208	828	828	2.0	0	0	4/4	5	2	1/2	1/2	1		2	62	D4	4	4401
208	208	828	828	1.0	0	0	4/4	2	1	1/4	1/4	1		1	67	G4	4	4385
208	208	828	828	2.0	0	0	4/4	5	3	1/2	1/2	1		1	67	G4	4	4403
208	208	828	828	1.0	0	0	4/4	1	1	1/4	1/4	1		5	71	B4	4	4381
208	208	828	828	1.0	0	0	4/4	5	1	1/4	1/4	1		5	71	B4	4	4397
208	208	828	828	1.0	0	0	4/4	7	1	1/4	1/4	1		5	71	B4	4	4407
208	208	829	829	1.0	1/4	1/4	4/4	4	1	1/4	1/4	1		5	47	B2	2	4394
208	208	829	829	1.0	1/4	1/4	4/4	3	1	1/4	1/4	1		2	62	D4	4	4390
208	208	829	829	1.0	1/4	1/4	4/4	2	1	1/4	1/4	1		1	67	G4	4	4386
208	208	829	829	1.0	1/4	1/4	4/4	1	1	1/4	1/4	1		5	71	B4	4	4382
208	208	829	829	1.0	1/4	1/4	4/4	5	1	1/4	1/4	1		5	71	B4	4	4398
208	208	829	829	1.0	1/4	1/4	4/4	7	1	1/4	1/4	1		5	71	B4	4	4408
208	208	830	830	1.0	1/2	1/2	4/4	4	1	1/4	1/4	1		1	43	G2	2	4395
208	208	830	830	2.0	1/2	1/2	4/4	6	1	1/2	1/2	1		1	43	G2	2	4406
208	208	830	830	2.0	1/2	1/2	4/4	8	1	1/2	1/2	1		1	43	G2	2	4412
208	208	830	830	1.0	1/2	1/2	4/4	3	1	1/4	1/4	1		2	62	D4	4	4391
208	208	830	830	2.0	1/2	1/2	4/4	5	2	1/2	1/2	1		2	62	D4	4	4402
208	208	830	830	1.0	1/2	1/2	4/4	2	1	1/4	1/4	1		1	67	G4	4	4387
208	208	830	830	2.0	1/2	1/2	4/4	5	3	1/2	1/2	1	1	1	67	G4	4	4404
208	208	830	830	1.0	1/2	1/2	4/4	1	1	1/4	1/4	1		5	71	B4	4	4383
208	208	830	830	1.0	1/2	1/2	4/4	5	1	1/4	1/4	1		5	71	B4	4	4399
208	208	830	830	1.0	1/2	1/2	4/4	7	1	1/4	1/4	1		5	71	B4	4	4409
208	208	831	831	1.0	3/4	3/4	4/4	4	1	1/4	1/4	1		1	43	G2	2	4396
208	208	831	831	1.0	3/4	3/4	4/4	3	1	1/4	1/4	1		2	62	D4	4	4392
208	208	831	831	1.0	3/4	3/4	4/4	2	1	1/4	1/4	1		1	67	G4	4	4388
208	208	831	831	1.0	3/4	3/4	4/4	1	1	1/4	1/4	1		5	71	B4	4	4384
208	208	831	831	1.0	3/4	3/4	4/4	5	1	1/4	1/4	1		5	71	B4	4	4400
208	208	831	831	1.0	3/4	3/4	4/4	7	1	1/4	1/4	1		5	71	B4	4	4410
209	209	832	832	2.0	0	0	4/4	4	1	1/2	1/2	1		2	50	D3	3	4419
209	209	832	832	2.0	0	0	4/4	6	1	1/2	1/2	1		2	50	D3	3	4427
209	209	832	832	2.0	0	0	4/4	8	1	1/2	1/2	1		2	50	D3	3	4431
209	209	832	832	2.0	0	0	4/4	3	1	1/2	1/2	1		2	62	D4	4	4417
209	209	832	832	2.0	0	0	4/4	5	2	1/2	1/2	1		2	62	D4	4	4423
209	209	832	832	2.0	0	0	4/4	2	1	1/2	1/2	1		1	67	G4	4	4415
209	209	832	832	2.0	0	0	4/4	5	3	1/2	1/2	1	-1	1	67	G4	4	4425
209	209	832	832	2.0	0	0	4/4	1	1	1/2	1/2	1		3	69	A4	4	4413
209	209	832	832	2.0	0	0	4/4	5	1	1/2	1/2	1		3	69	A4	4	4421
209	209	832	832	2.0	0	0	4/4	7	1	1/2	1/2	1		3	69	A4	4	4429
209	209	834	834	2.0	1/2	1/2	4/4	4	1	1/2	1/2	1		2	50	D3	3	4420
209	209	834	834	2.0	1/2	1/2	4/4	6	1	1/2	1/2	1		2	50	D3	3	4428
209	209	834	834	2.0	1/2	1/2	4/4	8	1	1/2	1/2	1		2	50	D3	3	4432
209	209	834	834	2.0	1/2	1/2	4/4	3	1	1/2	1/2	1		2	62	D4	4	4418
209	209	834	834	2.0	1/2	1/2	4/4	5	2	1/2	1/2	1		2	62	D4	4	4424
209	209	834	834	2.0	1/2	1/2	4/4	2	1	1/2	1/2	1		6	66	F#4	4	4416
209	209	834	834	2.0	1/2	1/2	4/4	5	3	1/2	1/2	1		6	66	F#4	4	4426
209	209	834	834	2.0	1/2	1/2	4/4	1	1	1/2	1/2	1		3	69	A4	4	4414
209	209	834	834	2.0	1/2	1/2	4/4	5	1	1/2	1/2	1		3	69	A4	4	4422
209	209	834	834	2.0	1/2	1/2	4/4	7	1	1/2	1/2	1		3	69	A4	4	4430
210	210	836	836	2.0	0	0	4/4	4	1	1/2	1/2	1		1	43	G2	2	4439
210	210	836	836	2.0	0	0	4/4	6	1	1/2	1/2	1		1	43	G2	2	4447
210	210	836	836	2.0	0	0	4/4	8	1	1/2	1/2	1		1	43	G2	2	4451
210	210	836	836	2.0	0	0	4/4	3	1	1/2	1/2	1		2	62	D4	4	4437
210	210	836	836	2.0	0	0	4/4	5	2	1/2	1/2	1		2	62	D4	4	4443
210	210	836	836	2.0	0	0	4/4	2	1	1/2	1/2	1		1	67	G4	4	4435
210	210	836	836	2.0	0	0	4/4	5	3	1/2	1/2	1		1	67	G4	4	4445
210	210	836	836	2.0	0	0	4/4	1	1	1/2	1/2	1		5	71	B4	4	4433
210	210	836	836	2.0	0	0	4/4	5	1	1/2	1/2	1		5	71	B4	4	4441
210	210	836	836	2.0	0	0	4/4	7	1	1/2	1/2	1		5	71	B4	4	4449
210	210	838	838	2.0	1/2	1/2	4/4	4	1	1/2	1/2	1		1	55	G3	3	4440
210	210	838	838	2.0	1/2	1/2	4/4	6	1	1/2	1/2	1		1	55	G3	3	4448
210	210	838	838	2.0	1/2	1/2	4/4	8	1	1/2	1/2	1		1	55	G3	3	4452
210	210	838	838	2.0	1/2	1/2	4/4	3	1	1/2	1/2	1		2	62	D4	4	4438
210	210	838	838	2.0	1/2	1/2	4/4	5	2	1/2	1/2	1		2	62	D4	4	4444
210	210	838	838	2.0	1/2	1/2	4/4	2	1	1/2	1/2	1		1	67	G4	4	4436
210	210	838	838	2.0	1/2	1/2	4/4	5	3	1/2	1/2	1		1	67	G4	4	4446
210	210	838	838	2.0	1/2	1/2	4/4	1	1	1/2	1/2	1		5	71	B4	4	4434
210	210	838	838	2.0	1/2	1/2	4/4	5	1	1/2	1/2	1		5	71	B4	4	4442
210	210	838	838	2.0	1/2	1/2	4/4	7	1	1/2	1/2	1		5	71	B4	4	4450
211	211	840	840	2.0	0	0	4/4	4	1	1/2	1/2	1		6	54	F#3	3	4459
211	211	840	840	2.0	0	0	4/4	6	1	1/2	1/2	1		6	54	F#3	3	4467
211	211	840	840	2.0	0	0	4/4	8	1	1/2	1/2	1		6	54	F#3	3	4471
211	211	840	840	2.0	0	0	4/4	3	1	1/2	1/2	1		2	62	D4	4	4457
211	211	840	840	2.0	0	0	4/4	5	2	1/2	1/2	1		2	62	D4	4	4463
211	211	840	840	2.0	0	0	4/4	2	1	1/2	1/2	1		3	69	A4	4	4455
211	211	840	840	2.0	0	0	4/4	5	3	1/2	1/2	1		3	69	A4	4	4465
211	211	840	840	2.0	0	0	4/4	1	1	1/2	1/2	1		0	72	C5	5	4453
211	211	840	840	2.0	0	0	4/4	5	1	1/2	1/2	1		0	72	C5	5	4461
211	211	840	840	2.0	0	0	4/4	7	1	1/2	1/2	1		0	72	C5	5	4469
211	211	842	842	2.0	1/2	1/2	4/4	4	1	1/2	1/2	1		1	55	G3	3	4460
211	211	842	842	2.0	1/2	1/2	4/4	6	1	1/2	1/2	1		1	55	G3	3	4468
211	211	842	842	2.0	1/2	1/2	4/4	8	1	1/2	1/2	1		1	55	G3	3	4472
211	211	842	842	2.0	1/2	1/2	4/4	3	1	1/2	1/2	1		2	62	D4	4	4458
211	211	842	842	2.0	1/2	1/2	4/4	5	2	1/2	1/2	1		2	62	D4	4	4464
211	211	842	842	2.0	1/2	1/2	4/4	2	1	1/2	1/2	1		1	67	G4	4	4456
211	211	842	842	2.0	1/2	1/2	4/4	5	3	1/2	1/2	1		1	67	G4	4	4466
211	211	842	842	2.0	1/2	1/2	4/4	1	1	1/2	1/2	1		5	71	B4	4	4454
211	211	842	842	2.0	1/2	1/2	4/4	5	1	1/2	1/2	1		5	71	B4	4	4462
211	211	842	842	2.0	1/2	1/2	4/4	7	1	1/2	1/2	1		5	71	B4	4	4470
212	212	844	844	1.0	0	0	4/4	4	1	1/4	1/4	1		4	52	E3	3	4485
212	212	844	844	2.0	0	0	4/4	6	1	1/2	1/2	1		4	52	E3	3	4497
212	212	844	844	2.0	0	0	4/4	8	1	1/2	1/2	1		4	52	E3	3	4503
212	212	844	844	1.0	0	0	4/4	3	1	1/4	1/4	1		4	64	E4	4	4481
212	212	844	844	2.0	0	0	4/4	5	2	1/2	1/2	1		4	64	E4	4	4493
212	212	844	844	1.0	0	0	4/4	2	1	1/4	1/4	1		1	67	G4	4	4477
212	212	844	844	2.0	0	0	4/4	5	3	1/2	1/2	1		1	67	G4	4	4495
212	212	844	844	1.0	0	0	4/4	1	1	1/4	1/4	1		5	71	B4	4	4473
212	212	844	844	1.0	0	0	4/4	5	1	1/4	1/4	1		5	71	B4	4	4489
212	212	844	844	1.0	0	0	4/4	7	1	1/4	1/4	1		5	71	B4	4	4499
212	212	845	845	1.0	1/4	1/4	4/4	4	1	1/4	1/4	1		4	52	E3	3	4486
212	212	845	845	1.0	1/4	1/4	4/4	3	1	1/4	1/4	1		4	64	E4	4	4482
212	212	845	845	1.0	1/4	1/4	4/4	2	1	1/4	1/4	1		1	67	G4	4	4478
212	212	845	845	1.0	1/4	1/4	4/4	1	1	1/4	1/4	1		5	71	B4	4	4474
212	212	845	845	1.0	1/4	1/4	4/4	5	1	1/4	1/4	1		5	71	B4	4	4490
212	212	845	845	1.0	1/4	1/4	4/4	7	1	1/4	1/4	1		5	71	B4	4	4500
212	212	846	846	1.0	1/2	1/2	4/4	4	1	1/4	1/4	1		2	50	D3	3	4487
212	212	846	846	2.0	1/2	1/2	4/4	6	1	1/2	1/2	1		2	50	D3	3	4498
212	212	846	846	2.0	1/2	1/2	4/4	8	1	1/2	1/2	1		2	50	D3	3	4504
212	212	846	846	1.0	1/2	1/2	4/4	3	1	1/4	1/4	1		4	64	E4	4	4483
212	212	846	846	2.0	1/2	1/2	4/4	5	2	1/2	1/2	1		4	64	E4	4	4494
212	212	846	846	1.0	1/2	1/2	4/4	2	1	1/4	1/4	1		1	67	G4	4	4479
212	212	846	846	2.0	1/2	1/2	4/4	5	3	1/2	1/2	1	1	1	67	G4	4	4496
212	212	846	846	1.0	1/2	1/2	4/4	1	1	1/4	1/4	1		5	71	B4	4	4475
212	212	846	846	1.0	1/2	1/2	4/4	5	1	1/4	1/4	1		5	71	B4	4	4491
212	212	846	846	1.0	1/2	1/2	4/4	7	1	1/4	1/4	1		5	71	B4	4	4501
212	212	847	847	1.0	3/4	3/4	4/4	4	1	1/4	1/4	1		2	50	D3	3	4488
212	212	847	847	1.0	3/4	3/4	4/4	3	1	1/4	1/4	1		4	64	E4	4	4484
212	212	847	847	1.0	3/4	3/4	4/4	2	1	1/4	1/4	1		1	67	G4	4	4480
212	212	847	847	1.0	3/4	3/4	4/4	1	1	1/4	1/4	1		5	71	B4	4	4476
212	212	847	847	1.0	3/4	3/4	4/4	5	1	1/4	1/4	1		5	71	B4	4	4492
212	212	847	847	1.0	3/4	3/4	4/4	7	1	1/4	1/4	1		5	71	B4	4	4502
213	213	848	848	2.0	0	0	4/4	4	1	1/2	1/2	1		0	48	C3	3	4511
213	213	848	848	2.0	0	0	4/4	6	1	1/2	1/2	1		0	48	C3	3	4519
213	213	848	848	2.0	0	0	4/4	8	1	1/2	1/2	1		0	48	C3	3	4522
213	213	848	848	2.0	0	0	4/4	3	1	1/2	1/2	1		4	64	E4	4	4508
213	213	848	848	2.0	0	0	4/4	5	2	1/2	1/2	1		4	64	E4	4	4514
213	213	848	848	2.0	0	0	4/4	2	1	1/2	1/2	1		1	67	G4	4	4506
213	213	848	848	2.0	0	0	4/4	5	3	1/2	1/2	1	-1	1	67	G4	4	4517
213	213	848	848	4.0	0	0	4/4	1	1	1	1	1		3	69	A4	4	4505
213	213	848	848	4.0	0	0	4/4	5	1	1	1	1		3	69	A4	4	4513
213	213	848	848	4.0	0	0	4/4	7	1	1	1	1		3	69	A4	4	4521
213	213	850	850	2.0	1/2	1/2	4/4	4	1	1/2	1/2	1		2	50	D3	3	4512
213	213	850	850	2.0	1/2	1/2	4/4	6	1	1/2	1/2	1		2	50	D3	3	4520
213	213	850	850	2.0	1/2	1/2	4/4	8	1	1/2	1/2	1		2	50	D3	3	4523
213	213	850	850	1.0	1/2	1/2	4/4	3	1	1/4	1/4	1		2	62	D4	4	4509
213	213	850	850	1.0	1/2	1/2	4/4	5	2	1/4	1/4	1		2	62	D4	4	4515
213	213	850	850	2.0	1/2	1/2	4/4	2	1	1/2	1/2	1		6	66	F#4	4	4507
213	213	850	850	2.0	1/2	1/2	4/4	5	3	1/2	1/2	1		6	66	F#4	4	4518
213	213	851	851	1.0	3/4	3/4	4/4	3	1	1/4	1/4	1		0	60	C4	4	4510
213	213	851	851	1.0	3/4	3/4	4/4	5	2	1/4	1/4	1		0	60	C4	4	4516
214	214	852	852	2.0	0	0	4/4	4	1	1/2	1/2	1		1	43	G2	2	4533
214	214	852	852	2.0	0	0	4/4	6	1	1/2	1/2	1		1	43	G2	2	4543
214	214	852	852	2.0	0	0	4/4	8	1	1/2	1/2	1		1	43	G2	2	4548
214	214	852	852	2.0	0	0	4/4	3	1	1/2	1/2	1		5	59	B3	3	4530
214	214	852	852	2.0	0	0	4/4	5	2	1/2	1/2	1		5	59	B3	3	4539
214	214	852	852	2.0	0	0	4/4	5	3	1/2	1/2	1		2	62	D4	4	4541
214	214	852	852	2.0	0	0	4/4	1	1	1/2	1/2	1		1	67	G4	4	4524
214	214	852	852	2.0	0	0	4/4	2	1	1/2	1/2	1		1	67	G4	4	4527
214	214	852	852	2.0	0	0	4/4	5	1	1/2	1/2	1		1	67	G4	4	4536
214	214	852	852	2.0	0	0	4/4	7	1	1/2	1/2	1		1	67	G4	4	4545
214	214	854	854	1.0	1/2	1/2	4/4	4	1	1/4	1/4	1		5	47	B2	2	4534
214	214	854	854	2.0	1/2	1/2	4/4	6	1	1/2	1/2	1		5	47	B2	2	4544
214	214	854	854	2.0	1/2	1/2	4/4	8	1	1/2	1/2	1		5	47	B2	2	4549
214	214	854	854	1.0	1/2	1/2	4/4	3	1	1/4	1/4	1		1	55	G3	3	4531
214	214	854	854	2.0	1/2	1/2	4/4	5	2	1/2	1/2	1		1	55	G3	3	4540
214	214	854	854	1.0	1/2	1/2	4/4	2	1	1/4	1/4	1		2	62	D4	4	4528
214	214	854	854	2.0	1/2	1/2	4/4	5	3	1/2	1/2	1		2	62	D4	4	4542
214	214	854	854	1.0	1/2	1/2	4/4	1	1	1/4	1/4	1		1	67	G4	4	4525
214	214	854	854	1.0	1/2	1/2	4/4	5	1	1/4	1/4	1		1	67	G4	4	4537
214	214	854	854	1.0	1/2	1/2	4/4	7	1	1/4	1/4	1		1	67	G4	4	4546
214	214	855	855	1.0	3/4	3/4	4/4	4	1	1/4	1/4	1		5	47	B2	2	4535
214	214	855	855	1.0	3/4	3/4	4/4	3	1	1/4	1/4	1		1	55	G3	3	4532
214	214	855	855	1.0	3/4	3/4	4/4	2	1	1/4	1/4	1		2	62	D4	4	4529
214	214	855	855	1.0	3/4	3/4	4/4	1	1	1/4	1/4	1		1	67	G4	4	4526
214	214	855	855	1.0	3/4	3/4	4/4	5	1	1/4	1/4	1		1	67	G4	4	4538
214	214	855	855	1.0	3/4	3/4	4/4	7	1	1/4	1/4	1		1	67	G4	4	4547
215	215	856	856	2.0	0	0	4/4	4	1	1/2	1/2	1		0	48	C3	3	4556
215	215	856	856	2.0	0	0	4/4	8	1	1/2	1/2	1		0	48	C3	3	4565
215	215	856	856	4.0	0	0	4/4	6	1	1	1	1		0	48	C3	3	4562
215	215	856	856	2.0	0	0	4/4	3	1	1/2	1/2	1		0	60	C4	4	4554
215	215	856	856	4.0	0	0	4/4	5	2	1	1	1		0	60	C4	4	4560
215	215	856	856	2.0	0	0	4/4	2	1	1/2	1/2	1		4	64	E4	4	4552
215	215	856	856	4.0	0	0	4/4	5	3	1	1	1		4	64	E4	4	4561
215	215	856	856	2.0	0	0	4/4	1	1	1/2	1/2	1		1	67	G4	4	4550
215	215	856	856	2.0	0	0	4/4	5	1	1/2	1/2	1		1	67	G4	4	4558
215	215	856	856	2.0	0	0	4/4	7	1	1/2	1/2	1		1	67	G4	4	4563
215	215	858	858	2.0	1/2	1/2	4/4	4	1	1/2	1/2	1		0	48	C3	3	4557
215	215	858	858	2.0	1/2	1/2	4/4	8	1	1/2	1/2	1		0	48	C3	3	4566
215	215	858	858	2.0	1/2	1/2	4/4	3	1	1/2	1/2	1		0	60	C4	4	4555
215	215	858	858	2.0	1/2	1/2	4/4	2	1	1/2	1/2	1		4	64	E4	4	4553
215	215	858	858	2.0	1/2	1/2	4/4	1	1	1/2	1/2	1		3	69	A4	4	4551
215	215	858	858	2.0	1/2	1/2	4/4	5	1	1/2	1/2	1		3	69	A4	4	4559
215	215	858	858	2.0	1/2	1/2	4/4	7	1	1/2	1/2	1		3	69	A4	4	4564
216	216	860	860	2.0	0	0	4/4	4	1	1/2	1/2	1		2	50	D3	3	4573
216	216	860	860	2.0	0	0	4/4	6	1	1/2	1/2	1		2	50	D3	3	4580
216	216	860	860	2.0	0	0	4/4	8	1	1/2	1/2	1		2	50	D3	3	4584
216	216	860	860	2.0	0	0	4/4	3	1	1/2	1/2	1		5	59	B3	3	4571
216	216	860	860	4.0	0	0	4/4	5	2	1	1	1		5	59	B3	3	4577
216	216	860	860	2.0	0	0	4/4	2	1	1/2	1/2	1		-1	65	F4	4	4569
216	216	860	860	2.0	0	0	4/4	5	3	1/2	1/2	1		-1	65	F4	4	4578
216	216	860	860	2.0	0	0	4/4	1	1	1/2	1/2	1		3	69	A4	4	4567
216	216	860	860	2.0	0	0	4/4	5	1	1/2	1/2	1		3	69	A4	4	4575
216	216	860	860	2.0	0	0	4/4	7	1	1/2	1/2	1		3	69	A4	4	4582
216	216	862	862	2.0	1/2	1/2	4/4	4	1	1/2	1/2	1		4	52	E3	3	4574
216	216	862	862	2.0	1/2	1/2	4/4	6	1	1/2	1/2	1		4	52	E3	3	4581
216	216	862	862	2.0	1/2	1/2	4/4	8	1	1/2	1/2	1		4	52	E3	3	4585
216	216	862	862	2.0	1/2	1/2	4/4	3	1	1/2	1/2	1		5	59	B3	3	4572
216	216	862	862	2.0	1/2	1/2	4/4	2	1	1/2	1/2	1		4	64	E4	4	4570
216	216	862	862	2.0	1/2	1/2	4/4	5	3	1/2	1/2	1		4	64	E4	4	4579
216	216	862	862	2.0	1/2	1/2	4/4	1	1	1/2	1/2	1		8	68	G#4	4	4568
216	216	862	862	2.0	1/2	1/2	4/4	5	1	1/2	1/2	1		8	68	G#4	4	4576
216	216	862	862	2.0	1/2	1/2	4/4	7	1	1/2	1/2	1		8	68	G#4	4	4583
217	217	864	864	2.0	0	0	4/4	4	1	1/2	1/2	1		3	45	A2	2	4592
217	217	864	864	2.0	0	0	4/4	6	1	1/2	1/2	1		3	45	A2	2	4600
217	217	864	864	2.0	0	0	4/4	8	1	1/2	1/2	1		3	45	A2	2	4604
217	217	864	864	2.0	0	0	4/4	3	1	1/2	1/2	1		0	60	C4	4	4590
217	217	864	864	2.0	0	0	4/4	5	2	1/2	1/2	1		0	60	C4	4	4596
217	217	864	864	2.0	0	0	4/4	2	1	1/2	1/2	1		4	64	E4	4	4588
217	217	864	864	2.0	0	0	4/4	5	3	1/2	1/2	1		4	64	E4	4	4598
217	217	864	864	2.0	0	0	4/4	1	1	1/2	1/2	1		3	69	A4	4	4586
217	217	864	864	2.0	0	0	4/4	5	1	1/2	1/2	1		3	69	A4	4	4594
217	217	864	864	2.0	0	0	4/4	7	1	1/2	1/2	1		3	69	A4	4	4602
217	217	866	866	2.0	1/2	1/2	4/4	4	1	1/2	1/2	1		1	43	G2	2	4593
217	217	866	866	2.0	1/2	1/2	4/4	6	1	1/2	1/2	1		1	43	G2	2	4601
217	217	866	866	2.0	1/2	1/2	4/4	8	1	1/2	1/2	1		1	43	G2	2	4605
217	217	866	866	2.0	1/2	1/2	4/4	3	1	1/2	1/2	1		2	62	D4	4	4591
217	217	866	866	2.0	1/2	1/2	4/4	5	2	1/2	1/2	1		2	62	D4	4	4597
217	217	866	866	2.0	1/2	1/2	4/4	2	1	1/2	1/2	1		1	67	G4	4	4589
217	217	866	866	2.0	1/2	1/2	4/4	5	3	1/2	1/2	1		1	67	G4	4	4599
217	217	866	866	2.0	1/2	1/2	4/4	1	1	1/2	1/2	1		5	71	B4	4	4587
217	217	866	866	2.0	1/2	1/2	4/4	5	1	1/2	1/2	1		5	71	B4	4	4595
217	217	866	866	2.0	1/2	1/2	4/4	7	1	1/2	1/2	1		5	71	B4	4	4603
218	218	868	868	1.0	0	0	4/4	4	1	1/4	1/4	1		5	47	B2	2	4618
218	218	868	868	2.0	0	0	4/4	6	1	1/2	1/2	1		5	47	B2	2	4630
218	218	868	868	2.0	0	0	4/4	8	1	1/2	1/2	1		5	47	B2	2	4636
218	218	868	868	1.0	0	0	4/4	3	1	1/4	1/4	1		2	62	D4	4	4614
218	218	868	868	2.0	0	0	4/4	5	2	1/2	1/2	1		2	62	D4	4	4626
218	218	868	868	1.0	0	0	4/4	2	1	1/4	1/4	1		1	67	G4	4	4610
218	218	868	868	2.0	0	0	4/4	5	3	1/2	1/2	1		1	67	G4	4	4628
218	218	868	868	1.0	0	0	4/4	1	1	1/4	1/4	1		5	71	B4	4	4606
218	218	868	868	1.0	0	0	4/4	5	1	1/4	1/4	1		5	71	B4	4	4622
218	218	868	868	1.0	0	0	4/4	7	1	1/4	1/4	1		5	71	B4	4	4632
218	218	869	869	1.0	1/4	1/4	4/4	4	1	1/4	1/4	1		5	47	B2	2	4619
218	218	869	869	1.0	1/4	1/4	4/4	3	1	1/4	1/4	1		2	62	D4	4	4615
218	218	869	869	1.0	1/4	1/4	4/4	2	1	1/4	1/4	1		1	67	G4	4	4611
218	218	869	869	1.0	1/4	1/4	4/4	1	1	1/4	1/4	1		5	71	B4	4	4607
218	218	869	869	1.0	1/4	1/4	4/4	5	1	1/4	1/4	1		5	71	B4	4	4623
218	218	869	869	1.0	1/4	1/4	4/4	7	1	1/4	1/4	1		5	71	B4	4	4633
218	218	870	870	1.0	1/2	1/2	4/4	4	1	1/4	1/4	1		1	43	G2	2	4620
218	218	870	870	2.0	1/2	1/2	4/4	6	1	1/2	1/2	1		1	43	G2	2	4631
218	218	870	870	2.0	1/2	1/2	4/4	8	1	1/2	1/2	1		1	43	G2	2	4637
218	218	870	870	1.0	1/2	1/2	4/4	3	1	1/4	1/4	1		2	62	D4	4	4616
218	218	870	870	2.0	1/2	1/2	4/4	5	2	1/2	1/2	1		2	62	D4	4	4627
218	218	870	870	1.0	1/2	1/2	4/4	2	1	1/4	1/4	1		1	67	G4	4	4612
218	218	870	870	2.0	1/2	1/2	4/4	5	3	1/2	1/2	1	1	1	67	G4	4	4629
218	218	870	870	1.0	1/2	1/2	4/4	1	1	1/4	1/4	1		5	71	B4	4	4608
218	218	870	870	1.0	1/2	1/2	4/4	5	1	1/4	1/4	1		5	71	B4	4	4624
218	218	870	870	1.0	1/2	1/2	4/4	7	1	1/4	1/4	1		5	71	B4	4	4634
218	218	871	871	1.0	3/4	3/4	4/4	4	1	1/4	1/4	1		1	43	G2	2	4621
218	218	871	871	1.0	3/4	3/4	4/4	3	1	1/4	1/4	1		2	62	D4	4	4617
218	218	871	871	1.0	3/4	3/4	4/4	2	1	1/4	1/4	1		1	67	G4	4	4613
218	218	871	871	1.0	3/4	3/4	4/4	1	1	1/4	1/4	1		5	71	B4	4	4609
218	218	871	871	1.0	3/4	3/4	4/4	5	1	1/4	1/4	1		5	71	B4	4	4625
218	218	871	871	1.0	3/4	3/4	4/4	7	1	1/4	1/4	1		5	71	B4	4	4635
219	219	872	872	2.0	0	0	4/4	4	1	1/2	1/2	1		2	50	D3	3	4644
219	219	872	872	2.0	0	0	4/4	6	1	1/2	1/2	1		2	50	D3	3	4652
219	219	872	872	2.0	0	0	4/4	8	1	1/2	1/2	1		2	50	D3	3	4656
219	219	872	872	2.0	0	0	4/4	3	1	1/2	1/2	1		2	62	D4	4	4642
219	219	872	872	2.0	0	0	4/4	5	2	1/2	1/2	1		2	62	D4	4	4648
219	219	872	872	2.0	0	0	4/4	2	1	1/2	1/2	1		1	67	G4	4	4640
219	219	872	872	2.0	0	0	4/4	5	3	1/2	1/2	1	-1	1	67	G4	4	4650
219	219	872	872	2.0	0	0	4/4	1	1	1/2	1/2	1		3	69	A4	4	4638
219	219	872	872	2.0	0	0	4/4	5	1	1/2	1/2	1		3	69	A4	4	4646
219	219	872	872	2.0	0	0	4/4	7	1	1/2	1/2	1		3	69	A4	4	4654
219	219	874	874	2.0	1/2	1/2	4/4	4	1	1/2	1/2	1		2	50	D3	3	4645
219	219	874	874	2.0	1/2	1/2	4/4	6	1	1/2	1/2	1		2	50	D3	3	4653
219	219	874	874	2.0	1/2	1/2	4/4	8	1	1/2	1/2	1		2	50	D3	3	4657
219	219	874	874	2.0	1/2	1/2	4/4	3	1	1/2	1/2	1		2	62	D4	4	4643
219	219	874	874	2.0	1/2	1/2	4/4	5	2	1/2	1/2	1		2	62	D4	4	4649
219	219	874	874	2.0	1/2	1/2	4/4	2	1	1/2	1/2	1		6	66	F#4	4	4641
219	219	874	874	2.0	1/2	1/2	4/4	5	3	1/2	1/2	1		6	66	F#4	4	4651
219	219	874	874	2.0	1/2	1/2	4/4	1	1	1/2	1/2	1		3	69	A4	4	4639
219	219	874	874	2.0	1/2	1/2	4/4	5	1	1/2	1/2	1		3	69	A4	4	4647
219	219	874	874	2.0	1/2	1/2	4/4	7	1	1/2	1/2	1		3	69	A4	4	4655
220	220	876	876	3.0	0	0	4/4	4	1	3/4	1/2	3/2		1	43	G2	2	4664
220	220	876	876	3.0	0	0	4/4	6	1	3/4	1/2	3/2		1	43	G2	2	4672
220	220	876	876	3.0	0	0	4/4	8	1	3/4	1/2	3/2		1	43	G2	2	4676
220	220	876	876	3.0	0	0	4/4	3	1	3/4	1/2	3/2		2	62	D4	4	4662
220	220	876	876	3.0	0	0	4/4	5	2	3/4	1/2	3/2		2	62	D4	4	4668
220	220	876	876	3.0	0	0	4/4	2	1	3/4	1/2	3/2		1	67	G4	4	4660
220	220	876	876	3.0	0	0	4/4	5	3	3/4	1/2	3/2		1	67	G4	4	4670
220	220	876	876	3.0	0	0	4/4	1	1	3/4	1/2	3/2		5	71	B4	4	4658
220	220	876	876	3.0	0	0	4/4	5	1	3/4	1/2	3/2		5	71	B4	4	4666
220	220	876	876	3.0	0	0	4/4	7	1	3/4	1/2	3/2		5	71	B4	4	4674
220	220	879	879	1.0	3/4	3/4	4/4	4	1	1/4	1/4	1		1	55	G3	3	4665
220	220	879	879	1.0	3/4	3/4	4/4	6	1	1/4	1/4	1		1	55	G3	3	4673
220	220	879	879	1.0	3/4	3/4	4/4	8	1	1/4	1/4	1		1	55	G3	3	4677
220	220	879	879	1.0	3/4	3/4	4/4	3	1	1/4	1/4	1		2	62	D4	4	4663
220	220	879	879	1.0	3/4	3/4	4/4	5	2	1/4	1/4	1		2	62	D4	4	4669
220	220	879	879	1.0	3/4	3/4	4/4	2	1	1/4	1/4	1		1	67	G4	4	4661
220	220	879	879	1.0	3/4	3/4	4/4	5	3	1/4	1/4	1		1	67	G4	4	4671
220	220	879	879	1.0	3/4	3/4	4/4	1	1	1/4	1/4	1		5	71	B4	4	4659
220	220	879	879	1.0	3/4	3/4	4/4	5	1	1/4	1/4	1		5	71	B4	4	4667
220	220	879	879	1.0	3/4	3/4	4/4	7	1	1/4	1/4	1		5	71	B4	4	4675
221	221	880	880	2.0	0	0	4/4	4	1	1/2	1/2	1		0	48	C3	3	4687
221	221	880	880	2.0	0	0	4/4	6	1	1/2	1/2	1		0	48	C3	3	4698
221	221	880	880	2.0	0	0	4/4	8	1	1/2	1/2	1		0	48	C3	3	4703
221	221	880	880	2.0	0	0	4/4	3	1	1/2	1/2	1		4	64	E4	4	4684
221	221	880	880	2.0	0	0	4/4	5	2	1/2	1/2	1		4	64	E4	4	4693
221	221	880	880	2.0	0	0	4/4	2	1	1/2	1/2	1		1	67	G4	4	4681
221	221	880	880	2.0	0	0	4/4	5	3	1/2	1/2	1		1	67	G4	4	4696
221	221	880	880	2.0	0	0	4/4	1	1	1/2	1/2	1		3	69	A4	4	4678
221	221	880	880	2.0	0	0	4/4	5	1	1/2	1/2	1		3	69	A4	4	4690
221	221	880	880	2.0	0	0	4/4	7	1	1/2	1/2	1		3	69	A4	4	4700
221	221	882	882	1.0	1/2	1/2	4/4	4	1	1/4	1/4	1		2	50	D3	3	4688
221	221	882	882	2.0	1/2	1/2	4/4	6	1	1/2	1/2	1		2	50	D3	3	4699
221	221	882	882	2.0	1/2	1/2	4/4	8	1	1/2	1/2	1		2	50	D3	3	4704
221	221	882	882	1.0	1/2	1/2	4/4	3	1	1/4	1/4	1		2	62	D4	4	4685
221	221	882	882	1.0	1/2	1/2	4/4	5	2	1/4	1/4	1		2	62	D4	4	4694
221	221	882	882	1.0	1/2	1/2	4/4	2	1	1/4	1/4	1		6	66	F#4	4	4682
221	221	882	882	2.0	1/2	1/2	4/4	5	3	1/2	1/2	1		6	66	F#4	4	4697
221	221	882	882	1.0	1/2	1/2	4/4	1	1	1/4	1/4	1		3	69	A4	4	4679
221	221	882	882	1.0	1/2	1/2	4/4	5	1	1/4	1/4	1		3	69	A4	4	4691
221	221	882	882	1.0	1/2	1/2	4/4	7	1	1/4	1/4	1		3	69	A4	4	4701
221	221	883	883	1.0	3/4	3/4	4/4	4	1	1/4	1/4	1		2	50	D3	3	4689
221	221	883	883	1.0	3/4	3/4	4/4	3	1	1/4	1/4	1		0	60	C4	4	4686
221	221	883	883	1.0	3/4	3/4	4/4	5	2	1/4	1/4	1		0	60	C4	4	4695
221	221	883	883	1.0	3/4	3/4	4/4	2	1	1/4	1/4	1		6	66	F#4	4	4683
221	221	883	883	1.0	3/4	3/4	4/4	1	1	1/4	1/4	1		3	69	A4	4	4680
221	221	883	883	1.0	3/4	3/4	4/4	5	1	1/4	1/4	1		3	69	A4	4	4692
221	221	883	883	1.0	3/4	3/4	4/4	7	1	1/4	1/4	1		3	69	A4	4	4702
222	222	884	884	2.0	0	0	4/4	4	1	1/2	1/2	1		1	43	G2	2	4714
222	222	884	884	2.0	0	0	4/4	6	1	1/2	1/2	1		1	43	G2	2	4724
222	222	884	884	2.0	0	0	4/4	8	1	1/2	1/2	1		1	43	G2	2	4729
222	222	884	884	2.0	0	0	4/4	3	1	1/2	1/2	1		5	59	B3	3	4711
222	222	884	884	2.0	0	0	4/4	5	2	1/2	1/2	1		5	59	B3	3	4720
222	222	884	884	2.0	0	0	4/4	5	3	1/2	1/2	1		2	62	D4	4	4722
222	222	884	884	2.0	0	0	4/4	1	1	1/2	1/2	1		1	67	G4	4	4705
222	222	884	884	2.0	0	0	4/4	2	1	1/2	1/2	1		1	67	G4	4	4708
222	222	884	884	2.0	0	0	4/4	5	1	1/2	1/2	1		1	67	G4	4	4717
222	222	884	884	2.0	0	0	4/4	7	1	1/2	1/2	1		1	67	G4	4	4726
222	222	886	886	1.0	1/2	1/2	4/4	4	1	1/4	1/4	1		4	52	E3	3	4715
222	222	886	886	2.0	1/2	1/2	4/4	6	1	1/2	1/2	1		4	52	E3	3	4725
222	222	886	886	2.0	1/2	1/2	4/4	8	1	1/2	1/2	1		4	52	E3	3	4730
222	222	886	886	1.0	1/2	1/2	4/4	3	1	1/4	1/4	1		5	59	B3	3	4712
222	222	886	886	2.0	1/2	1/2	4/4	5	2	1/2	1/2	1		5	59	B3	3	4721
222	222	886	886	1.0	1/2	1/2	4/4	2	1	1/4	1/4	1		4	64	E4	4	4709
222	222	886	886	2.0	1/2	1/2	4/4	5	3	1/2	1/2	1		4	64	E4	4	4723
222	222	886	886	1.0	1/2	1/2	4/4	1	1	1/4	1/4	1		1	67	G4	4	4706
222	222	886	886	1.0	1/2	1/2	4/4	5	1	1/4	1/4	1		1	67	G4	4	4718
222	222	886	886	1.0	1/2	1/2	4/4	7	1	1/4	1/4	1		1	67	G4	4	4727
222	222	887	887	1.0	3/4	3/4	4/4	4	1	1/4	1/4	1		4	52	E3	3	4716
222	222	887	887	1.0	3/4	3/4	4/4	3	1	1/4	1/4	1		5	59	B3	3	4713
222	222	887	887	1.0	3/4	3/4	4/4	2	1	1/4	1/4	1		4	64	E4	4	4710
222	222	887	887	1.0	3/4	3/4	4/4	1	1	1/4	1/4	1		1	67	G4	4	4707
222	222	887	887	1.0	3/4	3/4	4/4	5	1	1/4	1/4	1		1	67	G4	4	4719
222	222	887	887	1.0	3/4	3/4	4/4	7	1	1/4	1/4	1		1	67	G4	4	4728
223	223	888	888	2.0	0	0	4/4	4	1	1/2	1/2	1		0	48	C3	3	4737
223	223	888	888	2.0	0	0	4/4	6	1	1/2	1/2	1		0	48	C3	3	4745
223	223	888	888	2.0	0	0	4/4	8	1	1/2	1/2	1		0	48	C3	3	4749
223	223	888	888	2.0	0	0	4/4	3	1	1/2	1/2	1		0	60	C4	4	4735
223	223	888	888	2.0	0	0	4/4	5	2	1/2	1/2	1		0	60	C4	4	4741
223	223	888	888	2.0	0	0	4/4	2	1	1/2	1/2	1		4	64	E4	4	4733
223	223	888	888	2.0	0	0	4/4	5	3	1/2	1/2	1		4	64	E4	4	4743
223	223	888	888	2.0	0	0	4/4	1	1	1/2	1/2	1		1	67	G4	4	4731
223	223	888	888	2.0	0	0	4/4	5	1	1/2	1/2	1		1	67	G4	4	4739
223	223	888	888	2.0	0	0	4/4	7	1	1/2	1/2	1		1	67	G4	4	4747
223	223	890	890	2.0	1/2	1/2	4/4	4	1	1/2	1/2	1		-1	53	F3	3	4738
223	223	890	890	2.0	1/2	1/2	4/4	6	1	1/2	1/2	1		-1	53	F3	3	4746
223	223	890	890	2.0	1/2	1/2	4/4	8	1	1/2	1/2	1		-1	53	F3	3	4750
223	223	890	890	2.0	1/2	1/2	4/4	5	2	1/2	1/2	1		3	57	A3	3	4742
223	223	890	890	2.0	1/2	1/2	4/4	3	1	1/2	1/2	1		0	60	C4	4	4736
223	223	890	890	2.0	1/2	1/2	4/4	5	3	1/2	1/2	1		0	60	C4	4	4744
223	223	890	890	2.0	1/2	1/2	4/4	2	1	1/2	1/2	1		-1	65	F4	4	4734
223	223	890	890	2.0	1/2	1/2	4/4	1	1	1/2	1/2	1		3	69	A4	4	4732
223	223	890	890	2.0	1/2	1/2	4/4	5	1	1/2	1/2	1		3	69	A4	4	4740
223	223	890	890	2.0	1/2	1/2	4/4	7	1	1/2	1/2	1		3	69	A4	4	4748
224	224	892	892	2.0	0	0	4/4	4	1	1/2	1/2	1		2	50	D3	3	4757
224	224	892	892	2.0	0	0	4/4	6	1	1/2	1/2	1		2	50	D3	3	4764
224	224	892	892	2.0	0	0	4/4	8	1	1/2	1/2	1		2	50	D3	3	4768
224	224	892	892	2.0	0	0	4/4	3	1	1/2	1/2	1		5	59	B3	3	4755
224	224	892	892	4.0	0	0	4/4	5	2	1	1	1		5	59	B3	3	4761
224	224	892	892	2.0	0	0	4/4	2	1	1/2	1/2	1		-1	65	F4	4	4753
224	224	892	892	2.0	0	0	4/4	5	3	1/2	1/2	1		-1	65	F4	4	4762
224	224	892	892	2.0	0	0	4/4	1	1	1/2	1/2	1		3	69	A4	4	4751
224	224	892	892	2.0	0	0	4/4	5	1	1/2	1/2	1		3	69	A4	4	4759
224	224	892	892	2.0	0	0	4/4	7	1	1/2	1/2	1		3	69	A4	4	4766
224	224	894	894	2.0	1/2	1/2	4/4	4	1	1/2	1/2	1		4	52	E3	3	4758
224	224	894	894	2.0	1/2	1/2	4/4	6	1	1/2	1/2	1		4	52	E3	3	4765
224	224	894	894	2.0	1/2	1/2	4/4	8	1	1/2	1/2	1		4	52	E3	3	4769
224	224	894	894	2.0	1/2	1/2	4/4	3	1	1/2	1/2	1		5	59	B3	3	4756
224	224	894	894	2.0	1/2	1/2	4/4	2	1	1/2	1/2	1		4	64	E4	4	4754
224	224	894	894	2.0	1/2	1/2	4/4	5	3	1/2	1/2	1		4	64	E4	4	4763
224	224	894	894	2.0	1/2	1/2	4/4	1	1	1/2	1/2	1		8	68	G#4	4	4752
224	224	894	894	2.0	1/2	1/2	4/4	5	1	1/2	1/2	1		8	68	G#4	4	4760
224	224	894	894	2.0	1/2	1/2	4/4	7	1	1/2	1/2	1		8	68	G#4	4	4767
225	225	896	896	2.0	0	0	4/4	4	1	1/2	1/2	1		3	45	A2	2	4776
225	225	896	896	2.0	0	0	4/4	6	1	1/2	1/2	1		3	45	A2	2	4784
225	225	896	896	2.0	0	0	4/4	8	1	1/2	1/2	1		3	45	A2	2	4788
225	225	896	896	2.0	0	0	4/4	3	1	1/2	1/2	1		0	60	C4	4	4774
225	225	896	896	2.0	0	0	4/4	5	2	1/2	1/2	1		0	60	C4	4	4780
225	225	896	896	2.0	0	0	4/4	2	1	1/2	1/2	1		4	64	E4	4	4772
225	225	896	896	2.0	0	0	4/4	5	3	1/2	1/2	1		4	64	E4	4	4782
225	225	896	896	2.0	0	0	4/4	1	1	1/2	1/2	1		3	69	A4	4	4770
225	225	896	896	2.0	0	0	4/4	5	1	1/2	1/2	1		3	69	A4	4	4778
225	225	896	896	2.0	0	0	4/4	7	1	1/2	1/2	1		3	69	A4	4	4786
225	225	898	898	2.0	1/2	1/2	4/4	4	1	1/2	1/2	1		1	43	G2	2	4777
225	225	898	898	2.0	1/2	1/2	4/4	6	1	1/2	1/2	1		1	43	G2	2	4785
225	225	898	898	2.0	1/2	1/2	4/4	8	1	1/2	1/2	1		1	43	G2	2	4789
225	225	898	898	2.0	1/2	1/2	4/4	3	1	1/2	1/2	1		2	62	D4	4	4775
225	225	898	898	2.0	1/2	1/2	4/4	5	2	1/2	1/2	1		2	62	D4	4	4781
225	225	898	898	2.0	1/2	1/2	4/4	2	1	1/2	1/2	1		1	67	G4	4	4773
225	225	898	898	2.0	1/2	1/2	4/4	5	3	1/2	1/2	1		1	67	G4	4	4783
225	225	898	898	2.0	1/2	1/2	4/4	1	1	1/2	1/2	1		5	71	B4	4	4771
225	225	898	898	2.0	1/2	1/2	4/4	5	1	1/2	1/2	1		5	71	B4	4	4779
225	225	898	898	2.0	1/2	1/2	4/4	7	1	1/2	1/2	1		5	71	B4	4	4787
226	226	900	900	1.0	0	0	4/4	4	1	1/4	1/4	1		5	47	B2	2	4802
226	226	900	900	2.0	0	0	4/4	6	1	1/2	1/2	1		5	47	B2	2	4814
226	226	900	900	2.0	0	0	4/4	8	1	1/2	1/2	1		5	47	B2	2	4820
226	226	900	900	1.0	0	0	4/4	3	1	1/4	1/4	1		2	62	D4	4	4798
226	226	900	900	2.0	0	0	4/4	5	2	1/2	1/2	1		2	62	D4	4	4810
226	226	900	900	1.0	0	0	4/4	2	1	1/4	1/4	1		1	67	G4	4	4794
226	226	900	900	2.0	0	0	4/4	5	3	1/2	1/2	1		1	67	G4	4	4812
226	226	900	900	1.0	0	0	4/4	1	1	1/4	1/4	1		5	71	B4	4	4790
226	226	900	900	1.0	0	0	4/4	5	1	1/4	1/4	1		5	71	B4	4	4806
226	226	900	900	1.0	0	0	4/4	7	1	1/4	1/4	1		5	71	B4	4	4816
226	226	901	901	1.0	1/4	1/4	4/4	4	1	1/4	1/4	1		5	47	B2	2	4803
226	226	901	901	1.0	1/4	1/4	4/4	3	1	1/4	1/4	1		2	62	D4	4	4799
226	226	901	901	1.0	1/4	1/4	4/4	2	1	1/4	1/4	1		1	67	G4	4	4795
226	226	901	901	1.0	1/4	1/4	4/4	1	1	1/4	1/4	1		5	71	B4	4	4791
226	226	901	901	1.0	1/4	1/4	4/4	5	1	1/4	1/4	1		5	71	B4	4	4807
226	226	901	901	1.0	1/4	1/4	4/4	7	1	1/4	1/4	1		5	71	B4	4	4817
226	226	902	902	1.0	1/2	1/2	4/4	4	1	1/4	1/4	1		2	50	D3	3	4804
226	226	902	902	2.0	1/2	1/2	4/4	6	1	1/2	1/2	1		2	50	D3	3	4815
226	226	902	902	2.0	1/2	1/2	4/4	8	1	1/2	1/2	1		2	50	D3	3	4821
226	226	902	902	1.0	1/2	1/2	4/4	3	1	1/4	1/4	1		2	62	D4	4	4800
226	226	902	902	2.0	1/2	1/2	4/4	5	2	1/2	1/2	1		2	62	D4	4	4811
226	226	902	902	1.0	1/2	1/2	4/4	2	1	1/4	1/4	1		1	67	G4	4	4796
226	226	902	902	2.0	1/2	1/2	4/4	5	3	1/2	1/2	1		1	67	G4	4	4813
226	226	902	902	1.0	1/2	1/2	4/4	1	1	1/4	1/4	1		5	71	B4	4	4792
226	226	902	902	1.0	1/2	1/2	4/4	5	1	1/4	1/4	1		5	71	B4	4	4808
226	226	902	902	1.0	1/2	1/2	4/4	7	1	1/4	1/4	1		5	71	B4	4	4818
226	226	903	903	1.0	3/4	3/4	4/4	4	1	1/4	1/4	1		2	50	D3	3	4805
226	226	903	903	1.0	3/4	3/4	4/4	3	1	1/4	1/4	1		2	62	D4	4	4801
226	226	903	903	1.0	3/4	3/4	4/4	2	1	1/4	1/4	1		1	67	G4	4	4797
226	226	903	903	1.0	3/4	3/4	4/4	1	1	1/4	1/4	1		5	71	B4	4	4793
226	226	903	903	1.0	3/4	3/4	4/4	5	1	1/4	1/4	1		5	71	B4	4	4809
226	226	903	903	1.0	3/4	3/4	4/4	7	1	1/4	1/4	1		5	71	B4	4	4819
227	227	904	904	2.0	0	0	4/4	4	1	1/2	1/2	1		1	55	G3	3	4831
227	227	904	904	2.0	0	0	4/4	6	1	1/2	1/2	1		1	55	G3	3	4841
227	227	904	904	2.0	0	0	4/4	8	1	1/2	1/2	1		1	55	G3	3	4846
227	227	904	904	2.0	0	0	4/4	3	1	1/2	1/2	1		2	62	D4	4	4828
227	227	904	904	2.0	0	0	4/4	5	2	1/2	1/2	1		2	62	D4	4	4837
227	227	904	904	2.0	0	0	4/4	2	1	1/2	1/2	1		1	67	G4	4	4825
227	227	904	904	2.0	0	0	4/4	5	3	1/2	1/2	1		1	67	G4	4	4839
227	227	904	904	2.0	0	0	4/4	1	1	1/2	1/2	1		5	71	B4	4	4822
227	227	904	904	2.0	0	0	4/4	5	1	1/2	1/2	1		5	71	B4	4	4834
227	227	904	904	2.0	0	0	4/4	7	1	1/2	1/2	1		5	71	B4	4	4843
227	227	906	906	1.0	1/2	1/2	4/4	4	1	1/4	1/4	1		-1	53	F3	3	4832
227	227	906	906	2.0	1/2	1/2	4/4	6	1	1/2	1/2	1		-1	53	F3	3	4842
227	227	906	906	2.0	1/2	1/2	4/4	8	1	1/2	1/2	1		-1	53	F3	3	4847
227	227	906	906	1.0	1/2	1/2	4/4	3	1	1/4	1/4	1		2	62	D4	4	4829
227	227	906	906	2.0	1/2	1/2	4/4	5	2	1/2	1/2	1		2	62	D4	4	4838
227	227	906	906	1.0	1/2	1/2	4/4	2	1	1/4	1/4	1		1	67	G4	4	4826
227	227	906	906	2.0	1/2	1/2	4/4	5	3	1/2	1/2	1		1	67	G4	4	4840
227	227	906	906	1.0	1/2	1/2	4/4	1	1	1/4	1/4	1		5	71	B4	4	4823
227	227	906	906	1.0	1/2	1/2	4/4	5	1	1/4	1/4	1		5	71	B4	4	4835
227	227	906	906	1.0	1/2	1/2	4/4	7	1	1/4	1/4	1		5	71	B4	4	4844
227	227	907	907	1.0	3/4	3/4	4/4	4	1	1/4	1/4	1		-1	53	F3	3	4833
227	227	907	907	1.0	3/4	3/4	4/4	3	1	1/4	1/4	1		2	62	D4	4	4830
227	227	907	907	1.0	3/4	3/4	4/4	2	1	1/4	1/4	1		1	67	G4	4	4827
227	227	907	907	1.0	3/4	3/4	4/4	1	1	1/4	1/4	1		5	71	B4	4	4824
227	227	907	907	1.0	3/4	3/4	4/4	5	1	1/4	1/4	1		5	71	B4	4	4836
227	227	907	907	1.0	3/4	3/4	4/4	7	1	1/4	1/4	1		5	71	B4	4	4845
228	228	908	908	2.0	0	0	4/4	4	1	1/2	1/2	1		4	52	E3	3	4854
228	228	908	908	2.0	0	0	4/4	6	1	1/2	1/2	1		4	52	E3	3	4862
228	228	908	908	2.0	0	0	4/4	8	1	1/2	1/2	1		4	52	E3	3	4866
228	228	908	908	2.0	0	0	4/4	3	1	1/2	1/2	1		0	60	C4	4	4852
228	228	908	908	2.0	0	0	4/4	5	2	1/2	1/2	1		0	60	C4	4	4858
228	228	908	908	2.0	0	0	4/4	2	1	1/2	1/2	1		1	67	G4	4	4850
228	228	908	908	2.0	0	0	4/4	5	3	1/2	1/2	1		1	67	G4	4	4860
228	228	908	908	2.0	0	0	4/4	1	1	1/2	1/2	1		0	72	C5	5	4848
228	228	908	908	2.0	0	0	4/4	5	1	1/2	1/2	1		0	72	C5	5	4856
228	228	908	908	2.0	0	0	4/4	7	1	1/2	1/2	1		0	72	C5	5	4864
228	228	910	910	2.0	1/2	1/2	4/4	4	1	1/2	1/2	1		1	55	G3	3	4855
228	228	910	910	2.0	1/2	1/2	4/4	6	1	1/2	1/2	1		1	55	G3	3	4863
228	228	910	910	2.0	1/2	1/2	4/4	8	1	1/2	1/2	1		1	55	G3	3	4867
228	228	910	910	2.0	1/2	1/2	4/4	3	1	1/2	1/2	1		2	62	D4	4	4853
228	228	910	910	2.0	1/2	1/2	4/4	5	2	1/2	1/2	1		2	62	D4	4	4859
228	228	910	910	2.0	1/2	1/2	4/4	2	1	1/2	1/2	1		1	67	G4	4	4851
228	228	910	910	2.0	1/2	1/2	4/4	5	3	1/2	1/2	1		1	67	G4	4	4861
228	228	910	910	2.0	1/2	1/2	4/4	1	1	1/2	1/2	1		5	71	B4	4	4849
228	228	910	910	2.0	1/2	1/2	4/4	5	1	1/2	1/2	1		5	71	B4	4	4857
228	228	910	910	2.0	1/2	1/2	4/4	7	1	1/2	1/2	1		5	71	B4	4	4865
229	229	912	912	2.0	0	0	4/4	4	1	1/2	1/2	1		0	48	C3	3	4874
229	229	912	912	2.0	0	0	4/4	6	1	1/2	1/2	1		0	48	C3	3	4882
229	229	912	912	2.0	0	0	4/4	8	1	1/2	1/2	1		0	48	C3	3	4886
229	229	912	912	2.0	0	0	4/4	3	1	1/2	1/2	1		4	64	E4	4	4872
229	229	912	912	2.0	0	0	4/4	5	2	1/2	1/2	1		4	64	E4	4	4878
229	229	912	912	2.0	0	0	4/4	2	1	1/2	1/2	1		1	67	G4	4	4870
229	229	912	912	2.0	0	0	4/4	5	3	1/2	1/2	1		1	67	G4	4	4880
229	229	912	912	2.0	0	0	4/4	1	1	1/2	1/2	1		5	71	B4	4	4868
229	229	912	912	2.0	0	0	4/4	5	1	1/2	1/2	1		5	71	B4	4	4876
229	229	912	912	2.0	0	0	4/4	7	1	1/2	1/2	1		5	71	B4	4	4884
229	229	914	914	2.0	1/2	1/2	4/4	4	1	1/2	1/2	1		7	49	C#3	3	4875
229	229	914	914	2.0	1/2	1/2	4/4	6	1	1/2	1/2	1		7	49	C#3	3	4883
229	229	914	914	2.0	1/2	1/2	4/4	8	1	1/2	1/2	1		7	49	C#3	3	4887
229	229	914	914	2.0	1/2	1/2	4/4	3	1	1/2	1/2	1		4	64	E4	4	4873
229	229	914	914	2.0	1/2	1/2	4/4	5	2	1/2	1/2	1		4	64	E4	4	4879
229	229	914	914	2.0	1/2	1/2	4/4	2	1	1/2	1/2	1	1	1	67	G4	4	4871
229	229	914	914	2.0	1/2	1/2	4/4	5	3	1/2	1/2	1	1	1	67	G4	4	4881
229	229	914	914	2.0	1/2	1/2	4/4	1	1	1/2	1/2	1		5	71	B4	4	4869
229	229	914	914	2.0	1/2	1/2	4/4	5	1	1/2	1/2	1		5	71	B4	4	4877
229	229	914	914	2.0	1/2	1/2	4/4	7	1	1/2	1/2	1		5	71	B4	4	4885
230	230	916	916	4.0	0	0	4/4	4	1	1	1	1		2	50	D3	3	4892
230	230	916	916	4.0	0	0	4/4	6	1	1	1	1		2	50	D3	3	4897
230	230	916	916	4.0	0	0	4/4	8	1	1	1	1		2	50	D3	3	4899
230	230	916	916	4.0	0	0	4/4	3	1	1	1	1		3	57	A3	3	4891
230	230	916	916	4.0	0	0	4/4	5	2	1	1	1		3	57	A3	3	4894
230	230	916	916	2.0	0	0	4/4	2	1	1/2	1/2	1	-1	1	67	G4	4	4889
230	230	916	916	2.0	0	0	4/4	5	3	1/2	1/2	1	-1	1	67	G4	4	4895
230	230	916	916	4.0	0	0	4/4	1	1	1	1	1		3	69	A4	4	4888
230	230	916	916	4.0	0	0	4/4	5	1	1	1	1		3	69	A4	4	4893
230	230	916	916	4.0	0	0	4/4	7	1	1	1	1		3	69	A4	4	4898
230	230	918	918	2.0	1/2	1/2	4/4	2	1	1/2	1/2	1		6	66	F#4	4	4890
230	230	918	918	2.0	1/2	1/2	4/4	5	3	1/2	1/2	1		6	66	F#4	4	4896
231	231	920	920	2.0	0	0	4/4	4	1	1/2	1/2	1		1	43	G2	2	4909
231	231	920	920	2.0	0	0	4/4	6	1	1/2	1/2	1		1	43	G2	2	4919
231	231	920	920	2.0	0	0	4/4	8	1	1/2	1/2	1		1	43	G2	2	4924
231	231	920	920	2.0	0	0	4/4	3	1	1/2	1/2	1		5	59	B3	3	4906
231	231	920	920	2.0	0	0	4/4	5	2	1/2	1/2	1		5	59	B3	3	4915
231	231	920	920	2.0	0	0	4/4	5	3	1/2	1/2	1		2	62	D4	4	4917
231	231	920	920	2.0	0	0	4/4	1	1	1/2	1/2	1		1	67	G4	4	4900
231	231	920	920	2.0	0	0	4/4	2	1	1/2	1/2	1		1	67	G4	4	4903
231	231	920	920	2.0	0	0	4/4	5	1	1/2	1/2	1		1	67	G4	4	4912
231	231	920	920	2.0	0	0	4/4	7	1	1/2	1/2	1		1	67	G4	4	4921
231	231	922	922	1.0	1/2	1/2	4/4	4	1	1/4	1/4	1		0	48	C3	3	4910
231	231	922	922	2.0	1/2	1/2	4/4	6	1	1/2	1/2	1		0	48	C3	3	4920
231	231	922	922	2.0	1/2	1/2	4/4	8	1	1/2	1/2	1		0	48	C3	3	4925
231	231	922	922	1.0	1/2	1/2	4/4	3	1	1/4	1/4	1		0	60	C4	4	4907
231	231	922	922	2.0	1/2	1/2	4/4	5	2	1/2	1/2	1		0	60	C4	4	4916
231	231	922	922	1.0	1/2	1/2	4/4	2	1	1/4	1/4	1		4	64	E4	4	4904
231	231	922	922	2.0	1/2	1/2	4/4	5	3	1/2	1/2	1		4	64	E4	4	4918
231	231	922	922	1.0	1/2	1/2	4/4	1	1	1/4	1/4	1		1	67	G4	4	4901
231	231	922	922	1.0	1/2	1/2	4/4	5	1	1/4	1/4	1		1	67	G4	4	4913
231	231	922	922	1.0	1/2	1/2	4/4	7	1	1/4	1/4	1		1	67	G4	4	4922
231	231	923	923	1.0	3/4	3/4	4/4	4	1	1/4	1/4	1		0	48	C3	3	4911
231	231	923	923	1.0	3/4	3/4	4/4	3	1	1/4	1/4	1		0	60	C4	4	4908
231	231	923	923	1.0	3/4	3/4	4/4	2	1	1/4	1/4	1		4	64	E4	4	4905
231	231	923	923	1.0	3/4	3/4	4/4	1	1	1/4	1/4	1		1	67	G4	4	4902
231	231	923	923	1.0	3/4	3/4	4/4	5	1	1/4	1/4	1		1	67	G4	4	4914
231	231	923	923	1.0	3/4	3/4	4/4	7	1	1/4	1/4	1		1	67	G4	4	4923
232	232	924	924	2.0	0	0	4/4	4	1	1/2	1/2	1		5	47	B2	2	4932
232	232	924	924	2.0	0	0	4/4	6	1	1/2	1/2	1		5	47	B2	2	4940
232	232	924	924	2.0	0	0	4/4	8	1	1/2	1/2	1		5	47	B2	2	4944
232	232	924	924	2.0	0	0	4/4	5	2	1/2	1/2	1		1	55	G3	3	4936
232	232	924	924	2.0	0	0	4/4	2	1	1/2	1/2	1		2	62	D4	4	4928
232	232	924	924	2.0	0	0	4/4	3	1	1/2	1/2	1		2	62	D4	4	4930
232	232	924	924	2.0	0	0	4/4	5	3	1/2	1/2	1		2	62	D4	4	4938
232	232	924	924	2.0	0	0	4/4	1	1	1/2	1/2	1		1	67	G4	4	4926
232	232	924	924	2.0	0	0	4/4	5	1	1/2	1/2	1		1	67	G4	4	4934
232	232	924	924	2.0	0	0	4/4	7	1	1/2	1/2	1		1	67	G4	4	4942
232	232	926	926	2.0	1/2	1/2	4/4	4	1	1/2	1/2	1		0	48	C3	3	4933
232	232	926	926	2.0	1/2	1/2	4/4	6	1	1/2	1/2	1		0	48	C3	3	4941
232	232	926	926	2.0	1/2	1/2	4/4	8	1	1/2	1/2	1		0	48	C3	3	4945
232	232	926	926	2.0	1/2	1/2	4/4	3	1	1/2	1/2	1		0	60	C4	4	4931
232	232	926	926	2.0	1/2	1/2	4/4	5	2	1/2	1/2	1		0	60	C4	4	4937
232	232	926	926	2.0	1/2	1/2	4/4	2	1	1/2	1/2	1		4	64	E4	4	4929
232	232	926	926	2.0	1/2	1/2	4/4	5	3	1/2	1/2	1		4	64	E4	4	4939
232	232	926	926	2.0	1/2	1/2	4/4	1	1	1/2	1/2	1		3	69	A4	4	4927
232	232	926	926	2.0	1/2	1/2	4/4	5	1	1/2	1/2	1		3	69	A4	4	4935
232	232	926	926	2.0	1/2	1/2	4/4	7	1	1/2	1/2	1		3	69	A4	4	4943
233	233	928	928	2.0	0	0	4/4	4	1	1/2	1/2	1		2	50	D3	3	4952
233	233	928	928	2.0	0	0	4/4	6	1	1/2	1/2	1		2	50	D3	3	4959
233	233	928	928	2.0	0	0	4/4	8	1	1/2	1/2	1		2	50	D3	3	4963
233	233	928	928	2.0	0	0	4/4	3	1	1/2	1/2	1		5	59	B3	3	4950
233	233	928	928	4.0	0	0	4/4	5	2	1	1	1		5	59	B3	3	4956
233	233	928	928	2.0	0	0	4/4	2	1	1/2	1/2	1		-1	65	F4	4	4948
233	233	928	928	2.0	0	0	4/4	5	3	1/2	1/2	1		-1	65	F4	4	4957
233	233	928	928	2.0	0	0	4/4	1	1	1/2	1/2	1		3	69	A4	4	4946
233	233	928	928	2.0	0	0	4/4	5	1	1/2	1/2	1		3	69	A4	4	4954
233	233	928	928	2.0	0	0	4/4	7	1	1/2	1/2	1		3	69	A4	4	4961
233	233	930	930	2.0	1/2	1/2	4/4	4	1	1/2	1/2	1		4	52	E3	3	4953
233	233	930	930	2.0	1/2	1/2	4/4	6	1	1/2	1/2	1		4	52	E3	3	4960
233	233	930	930	2.0	1/2	1/2	4/4	8	1	1/2	1/2	1		4	52	E3	3	4964
233	233	930	930	2.0	1/2	1/2	4/4	3	1	1/2	1/2	1		5	59	B3	3	4951
233	233	930	930	2.0	1/2	1/2	4/4	2	1	1/2	1/2	1		4	64	E4	4	4949
233	233	930	930	2.0	1/2	1/2	4/4	5	3	1/2	1/2	1		4	64	E4	4	4958
233	233	930	930	2.0	1/2	1/2	4/4	1	1	1/2	1/2	1		8	68	G#4	4	4947
233	233	930	930	2.0	1/2	1/2	4/4	5	1	1/2	1/2	1		8	68	G#4	4	4955
233	233	930	930	2.0	1/2	1/2	4/4	7	1	1/2	1/2	1		8	68	G#4	4	4962
234	234	932	932	2.0	0	0	4/4	4	1	1/2	1/2	1		3	45	A2	2	4971
234	234	932	932	2.0	0	0	4/4	6	1	1/2	1/2	1		3	45	A2	2	4979
234	234	932	932	2.0	0	0	4/4	8	1	1/2	1/2	1		3	45	A2	2	4983
234	234	932	932	2.0	0	0	4/4	3	1	1/2	1/2	1		0	60	C4	4	4969
234	234	932	932	2.0	0	0	4/4	5	2	1/2	1/2	1		0	60	C4	4	4975
234	234	932	932	2.0	0	0	4/4	2	1	1/2	1/2	1		4	64	E4	4	4967
234	234	932	932	2.0	0	0	4/4	5	3	1/2	1/2	1		4	64	E4	4	4977
234	234	932	932	2.0	0	0	4/4	1	1	1/2	1/2	1		3	69	A4	4	4965
234	234	932	932	2.0	0	0	4/4	5	1	1/2	1/2	1		3	69	A4	4	4973
234	234	932	932	2.0	0	0	4/4	7	1	1/2	1/2	1		3	69	A4	4	4981
234	234	934	934	2.0	1/2	1/2	4/4	4	1	1/2	1/2	1		1	43	G2	2	4972
234	234	934	934	2.0	1/2	1/2	4/4	6	1	1/2	1/2	1		1	43	G2	2	4980
234	234	934	934	2.0	1/2	1/2	4/4	8	1	1/2	1/2	1		1	43	G2	2	4984
234	234	934	934	2.0	1/2	1/2	4/4	3	1	1/2	1/2	1		2	62	D4	4	4970
234	234	934	934	2.0	1/2	1/2	4/4	5	2	1/2	1/2	1		2	62	D4	4	4976
234	234	934	934	2.0	1/2	1/2	4/4	2	1	1/2	1/2	1		1	67	G4	4	4968
234	234	934	934	2.0	1/2	1/2	4/4	5	3	1/2	1/2	1		1	67	G4	4	4978
234	234	934	934	2.0	1/2	1/2	4/4	1	1	1/2	1/2	1		5	71	B4	4	4966
234	234	934	934	2.0	1/2	1/2	4/4	5	1	1/2	1/2	1		5	71	B4	4	4974
234	234	934	934	2.0	1/2	1/2	4/4	7	1	1/2	1/2	1		5	71	B4	4	4982
235	235	936	936	2.0	0	0	4/4	4	1	1/2	1/2	1		4	52	E3	3	4994
235	235	936	936	2.0	0	0	4/4	6	1	1/2	1/2	1		4	52	E3	3	5004
235	235	936	936	2.0	0	0	4/4	8	1	1/2	1/2	1		4	52	E3	3	5009
235	235	936	936	2.0	0	0	4/4	3	1	1/2	1/2	1		4	64	E4	4	4991
235	235	936	936	2.0	0	0	4/4	5	2	1/2	1/2	1		4	64	E4	4	5000
235	235	936	936	2.0	0	0	4/4	2	1	1/2	1/2	1		1	67	G4	4	4988
235	235	936	936	2.0	0	0	4/4	5	3	1/2	1/2	1		1	67	G4	4	5002
235	235	936	936	2.0	0	0	4/4	1	1	1/2	1/2	1		5	71	B4	4	4985
235	235	936	936	2.0	0	0	4/4	5	1	1/2	1/2	1		5	71	B4	4	4997
235	235	936	936	2.0	0	0	4/4	7	1	1/2	1/2	1		5	71	B4	4	5006
235	235	938	938	1.0	1/2	1/2	4/4	4	1	1/4	1/4	1		5	47	B2	2	4995
235	235	938	938	2.0	1/2	1/2	4/4	6	1	1/2	1/2	1		5	47	B2	2	5005
235	235	938	938	2.0	1/2	1/2	4/4	8	1	1/2	1/2	1		5	47	B2	2	5010
235	235	938	938	1.0	1/2	1/2	4/4	3	1	1/4	1/4	1		2	62	D4	4	4992
235	235	938	938	2.0	1/2	1/2	4/4	5	2	1/2	1/2	1		2	62	D4	4	5001
235	235	938	938	1.0	1/2	1/2	4/4	2	1	1/4	1/4	1		1	67	G4	4	4989
235	235	938	938	2.0	1/2	1/2	4/4	5	3	1/2	1/2	1	1	1	67	G4	4	5003
235	235	938	938	1.0	1/2	1/2	4/4	1	1	1/4	1/4	1		5	71	B4	4	4986
235	235	938	938	1.0	1/2	1/2	4/4	5	1	1/4	1/4	1		5	71	B4	4	4998
235	235	938	938	1.0	1/2	1/2	4/4	7	1	1/4	1/4	1		5	71	B4	4	5007
235	235	939	939	1.0	3/4	3/4	4/4	4	1	1/4	1/4	1		5	47	B2	2	4996
235	235	939	939	1.0	3/4	3/4	4/4	3	1	1/4	1/4	1		2	62	D4	4	4993
235	235	939	939	1.0	3/4	3/4	4/4	2	1	1/4	1/4	1		1	67	G4	4	4990
235	235	939	939	1.0	3/4	3/4	4/4	1	1	1/4	1/4	1		5	71	B4	4	4987
235	235	939	939	1.0	3/4	3/4	4/4	5	1	1/4	1/4	1		5	71	B4	4	4999
235	235	939	939	1.0	3/4	3/4	4/4	7	1	1/4	1/4	1		5	71	B4	4	5008
236	236	940	940	2.0	0	0	4/4	4	1	1/2	1/2	1		0	48	C3	3	5017
236	236	940	940	2.0	0	0	4/4	6	1	1/2	1/2	1		0	48	C3	3	5025
236	236	940	940	2.0	0	0	4/4	8	1	1/2	1/2	1		0	48	C3	3	5029
236	236	940	940	2.0	0	0	4/4	3	1	1/2	1/2	1		4	64	E4	4	5015
236	236	940	940	2.0	0	0	4/4	5	2	1/2	1/2	1		4	64	E4	4	5021
236	236	940	940	2.0	0	0	4/4	2	1	1/2	1/2	1		1	67	G4	4	5013
236	236	940	940	2.0	0	0	4/4	5	3	1/2	1/2	1	-1	1	67	G4	4	5023
236	236	940	940	2.0	0	0	4/4	1	1	1/2	1/2	1		3	69	A4	4	5011
236	236	940	940	2.0	0	0	4/4	5	1	1/2	1/2	1		3	69	A4	4	5019
236	236	940	940	2.0	0	0	4/4	7	1	1/2	1/2	1		3	69	A4	4	5027
236	236	942	942	2.0	1/2	1/2	4/4	4	1	1/2	1/2	1		2	50	D3	3	5018
236	236	942	942	2.0	1/2	1/2	4/4	6	1	1/2	1/2	1		2	50	D3	3	5026
236	236	942	942	2.0	1/2	1/2	4/4	8	1	1/2	1/2	1		2	50	D3	3	5030
236	236	942	942	2.0	1/2	1/2	4/4	3	1	1/2	1/2	1		2	62	D4	4	5016
236	236	942	942	2.0	1/2	1/2	4/4	5	2	1/2	1/2	1		2	62	D4	4	5022
236	236	942	942	2.0	1/2	1/2	4/4	2	1	1/2	1/2	1		6	66	F#4	4	5014
236	236	942	942	2.0	1/2	1/2	4/4	5	3	1/2	1/2	1		6	66	F#4	4	5024
236	236	942	942	2.0	1/2	1/2	4/4	1	1	1/2	1/2	1		3	69	A4	4	5012
236	236	942	942	2.0	1/2	1/2	4/4	5	1	1/2	1/2	1		3	69	A4	4	5020
236	236	942	942	2.0	1/2	1/2	4/4	7	1	1/2	1/2	1		3	69	A4	4	5028
237	237	944	944	2.0	0	0	4/4	4	1	1/2	1/2	1		1	43	G2	2	5040
237	237	944	944	2.0	0	0	4/4	6	1	1/2	1/2	1		1	43	G2	2	5050
237	237	944	944	2.0	0	0	4/4	8	1	1/2	1/2	1		1	43	G2	2	5055
237	237	944	944	2.0	0	0	4/4	3	1	1/2	1/2	1		2	62	D4	4	5037
237	237	944	944	2.0	0	0	4/4	5	2	1/2	1/2	1		2	62	D4	4	5046
237	237	944	944	2.0	0	0	4/4	2	1	1/2	1/2	1		1	67	G4	4	5034
237	237	944	944	2.0	0	0	4/4	5	3	1/2	1/2	1		1	67	G4	4	5048
237	237	944	944	2.0	0	0	4/4	1	1	1/2	1/2	1		5	71	B4	4	5031
237	237	944	944	2.0	0	0	4/4	5	1	1/2	1/2	1		5	71	B4	4	5043
237	237	944	944	2.0	0	0	4/4	7	1	1/2	1/2	1		5	71	B4	4	5052
237	237	946	946	1.0	1/2	1/2	4/4	4	1	1/4	1/4	1		1	55	G3	3	5041
237	237	946	946	2.0	1/2	1/2	4/4	6	1	1/2	1/2	1		1	55	G3	3	5051
237	237	946	946	2.0	1/2	1/2	4/4	8	1	1/2	1/2	1		1	55	G3	3	5056
237	237	946	946	1.0	1/2	1/2	4/4	3	1	1/4	1/4	1		2	62	D4	4	5038
237	237	946	946	2.0	1/2	1/2	4/4	5	2	1/2	1/2	1		2	62	D4	4	5047
237	237	946	946	1.0	1/2	1/2	4/4	2	1	1/4	1/4	1		1	67	G4	4	5035
237	237	946	946	2.0	1/2	1/2	4/4	5	3	1/2	1/2	1	1	1	67	G4	4	5049
237	237	946	946	1.0	1/2	1/2	4/4	1	1	1/4	1/4	1		5	71	B4	4	5032
237	237	946	946	1.0	1/2	1/2	4/4	5	1	1/4	1/4	1		5	71	B4	4	5044
237	237	946	946	1.0	1/2	1/2	4/4	7	1	1/4	1/4	1		5	71	B4	4	5053
237	237	947	947	1.0	3/4	3/4	4/4	4	1	1/4	1/4	1		1	55	G3	3	5042
237	237	947	947	1.0	3/4	3/4	4/4	3	1	1/4	1/4	1		2	62	D4	4	5039
237	237	947	947	1.0	3/4	3/4	4/4	2	1	1/4	1/4	1		1	67	G4	4	5036
237	237	947	947	1.0	3/4	3/4	4/4	1	1	1/4	1/4	1		5	71	B4	4	5033
237	237	947	947	1.0	3/4	3/4	4/4	5	1	1/4	1/4	1		5	71	B4	4	5045
237	237	947	947	1.0	3/4	3/4	4/4	7	1	1/4	1/4	1		5	71	B4	4	5054
238	238	948	948	2.0	0	0	4/4	4	1	1/2	1/2	1		2	50	D3	3	5064
238	238	948	948	2.0	0	0	4/4	6	1	1/2	1/2	1		2	50	D3	3	5073
238	238	948	948	2.0	0	0	4/4	8	1	1/2	1/2	1		2	50	D3	3	5077
238	238	948	948	2.0	0	0	4/4	3	1	1/2	1/2	1		2	62	D4	4	5061
238	238	948	948	2.0	0	0	4/4	5	2	1/2	1/2	1		2	62	D4	4	5068
238	238	948	948	2.0	0	0	4/4	2	1	1/2	1/2	1		1	67	G4	4	5059
238	238	948	948	2.0	0	0	4/4	5	3	1/2	1/2	1	-1	1	67	G4	4	5071
238	238	948	948	2.0	0	0	4/4	1	1	1/2	1/2	1		3	69	A4	4	5057
238	238	948	948	2.0	0	0	4/4	5	1	1/2	1/2	1		3	69	A4	4	5066
238	238	948	948	2.0	0	0	4/4	7	1	1/2	1/2	1		3	69	A4	4	5075
238	238	950	950	2.0	1/2	1/2	4/4	4	1	1/2	1/2	1		2	50	D3	3	5065
238	238	950	950	2.0	1/2	1/2	4/4	6	1	1/2	1/2	1		2	50	D3	3	5074
238	238	950	950	2.0	1/2	1/2	4/4	8	1	1/2	1/2	1		2	50	D3	3	5078
238	238	950	950	1.0	1/2	1/2	4/4	3	1	1/4	1/4	1		2	62	D4	4	5062
238	238	950	950	1.0	1/2	1/2	4/4	5	2	1/4	1/4	1		2	62	D4	4	5069
238	238	950	950	2.0	1/2	1/2	4/4	2	1	1/2	1/2	1		6	66	F#4	4	5060
238	238	950	950	2.0	1/2	1/2	4/4	5	3	1/2	1/2	1		6	66	F#4	4	5072
238	238	950	950	2.0	1/2	1/2	4/4	1	1	1/2	1/2	1		3	69	A4	4	5058
238	238	950	950	2.0	1/2	1/2	4/4	5	1	1/2	1/2	1		3	69	A4	4	5067
238	238	950	950	2.0	1/2	1/2	4/4	7	1	1/2	1/2	1		3	69	A4	4	5076
238	238	951	951	1.0	3/4	3/4	4/4	3	1	1/4	1/4	1		0	60	C4	4	5063
238	238	951	951	1.0	3/4	3/4	4/4	5	2	1/4	1/4	1		0	60	C4	4	5070
239	239	952	952	2.0	0	0	4/4	4	1	1/2	1/2	1		1	43	G2	2	5088
239	239	952	952	2.0	0	0	4/4	6	1	1/2	1/2	1		1	43	G2	2	5098
239	239	952	952	2.0	0	0	4/4	8	1	1/2	1/2	1		1	43	G2	2	5103
239	239	952	952	2.0	0	0	4/4	3	1	1/2	1/2	1		5	59	B3	3	5085
239	239	952	952	2.0	0	0	4/4	5	2	1/2	1/2	1		5	59	B3	3	5094
239	239	952	952	2.0	0	0	4/4	5	3	1/2	1/2	1		2	62	D4	4	5096
239	239	952	952	2.0	0	0	4/4	1	1	1/2	1/2	1		1	67	G4	4	5079
239	239	952	952	2.0	0	0	4/4	2	1	1/2	1/2	1		1	67	G4	4	5082
239	239	952	952	2.0	0	0	4/4	5	1	1/2	1/2	1		1	67	G4	4	5091
239	239	952	952	2.0	0	0	4/4	7	1	1/2	1/2	1		1	67	G4	4	5100
239	239	954	954	1.0	1/2	1/2	4/4	4	1	1/4	1/4	1		5	47	B2	2	5089
239	239	954	954	2.0	1/2	1/2	4/4	6	1	1/2	1/2	1		5	47	B2	2	5099
239	239	954	954	2.0	1/2	1/2	4/4	8	1	1/2	1/2	1		5	47	B2	2	5104
239	239	954	954	2.0	1/2	1/2	4/4	5	2	1/2	1/2	1		1	55	G3	3	5095
239	239	954	954	1.0	1/2	1/2	4/4	2	1	1/4	1/4	1		2	62	D4	4	5083
239	239	954	954	1.0	1/2	1/2	4/4	3	1	1/4	1/4	1		2	62	D4	4	5086
239	239	954	954	2.0	1/2	1/2	4/4	5	3	1/2	1/2	1		2	62	D4	4	5097
239	239	954	954	1.0	1/2	1/2	4/4	1	1	1/4	1/4	1		1	67	G4	4	5080
239	239	954	954	1.0	1/2	1/2	4/4	5	1	1/4	1/4	1		1	67	G4	4	5092
239	239	954	954	1.0	1/2	1/2	4/4	7	1	1/4	1/4	1		1	67	G4	4	5101
239	239	955	955	1.0	3/4	3/4	4/4	4	1	1/4	1/4	1		5	47	B2	2	5090
239	239	955	955	1.0	3/4	3/4	4/4	2	1	1/4	1/4	1		2	62	D4	4	5084
239	239	955	955	1.0	3/4	3/4	4/4	3	1	1/4	1/4	1		2	62	D4	4	5087
239	239	955	955	1.0	3/4	3/4	4/4	1	1	1/4	1/4	1		1	67	G4	4	5081
239	239	955	955	1.0	3/4	3/4	4/4	5	1	1/4	1/4	1		1	67	G4	4	5093
239	239	955	955	1.0	3/4	3/4	4/4	7	1	1/4	1/4	1		1	67	G4	4	5102
240	240	956	956	2.0	0	0	4/4	4	1	1/2	1/2	1		0	48	C3	3	5111
240	240	956	956	2.0	0	0	4/4	6	1	1/2	1/2	1		0	48	C3	3	5119
240	240	956	956	2.0	0	0	4/4	8	1	1/2	1/2	1		0	48	C3	3	5123
240	240	956	956	2.0	0	0	4/4	3	1	1/2	1/2	1		0	60	C4	4	5109
240	240	956	956	2.0	0	0	4/4	5	2	1/2	1/2	1		0	60	C4	4	5115
240	240	956	956	2.0	0	0	4/4	2	1	1/2	1/2	1		4	64	E4	4	5107
240	240	956	956	2.0	0	0	4/4	5	3	1/2	1/2	1		4	64	E4	4	5117
240	240	956	956	2.0	0	0	4/4	1	1	1/2	1/2	1		1	67	G4	4	5105
240	240	956	956	2.0	0	0	4/4	5	1	1/2	1/2	1		1	67	G4	4	5113
240	240	956	956	2.0	0	0	4/4	7	1	1/2	1/2	1		1	67	G4	4	5121
240	240	958	958	2.0	1/2	1/2	4/4	4	1	1/2	1/2	1		-1	53	F3	3	5112
240	240	958	958	2.0	1/2	1/2	4/4	6	1	1/2	1/2	1		-1	53	F3	3	5120
240	240	958	958	2.0	1/2	1/2	4/4	8	1	1/2	1/2	1		-1	53	F3	3	5124
240	240	958	958	2.0	1/2	1/2	4/4	5	2	1/2	1/2	1		3	57	A3	3	5116
240	240	958	958	2.0	1/2	1/2	4/4	3	1	1/2	1/2	1		0	60	C4	4	5110
240	240	958	958	2.0	1/2	1/2	4/4	5	3	1/2	1/2	1		0	60	C4	4	5118
240	240	958	958	2.0	1/2	1/2	4/4	2	1	1/2	1/2	1		-1	65	F4	4	5108
240	240	958	958	2.0	1/2	1/2	4/4	1	1	1/2	1/2	1		3	69	A4	4	5106
240	240	958	958	2.0	1/2	1/2	4/4	5	1	1/2	1/2	1		3	69	A4	4	5114
240	240	958	958	2.0	1/2	1/2	4/4	7	1	1/2	1/2	1		3	69	A4	4	5122
241	241	960	960	2.0	0	0	4/4	4	1	1/2	1/2	1		2	50	D3	3	5131
241	241	960	960	2.0	0	0	4/4	6	1	1/2	1/2	1		2	50	D3	3	5138
241	241	960	960	2.0	0	0	4/4	8	1	1/2	1/2	1		2	50	D3	3	5142
241	241	960	960	2.0	0	0	4/4	3	1	1/2	1/2	1		5	59	B3	3	5129
241	241	960	960	4.0	0	0	4/4	5	2	1	1	1		5	59	B3	3	5135
241	241	960	960	2.0	0	0	4/4	2	1	1/2	1/2	1		-1	65	F4	4	5127
241	241	960	960	2.0	0	0	4/4	5	3	1/2	1/2	1		-1	65	F4	4	5136
241	241	960	960	2.0	0	0	4/4	1	1	1/2	1/2	1		3	69	A4	4	5125
241	241	960	960	2.0	0	0	4/4	5	1	1/2	1/2	1		3	69	A4	4	5133
241	241	960	960	2.0	0	0	4/4	7	1	1/2	1/2	1		3	69	A4	4	5140
241	241	962	962	2.0	1/2	1/2	4/4	4	1	1/2	1/2	1		4	52	E3	3	5132
241	241	962	962	2.0	1/2	1/2	4/4	6	1	1/2	1/2	1		4	52	E3	3	5139
241	241	962	962	2.0	1/2	1/2	4/4	8	1	1/2	1/2	1		4	52	E3	3	5143
241	241	962	962	2.0	1/2	1/2	4/4	3	1	1/2	1/2	1		5	59	B3	3	5130
241	241	962	962	2.0	1/2	1/2	4/4	2	1	1/2	1/2	1		4	64	E4	4	5128
241	241	962	962	2.0	1/2	1/2	4/4	5	3	1/2	1/2	1		4	64	E4	4	5137
241	241	962	962	2.0	1/2	1/2	4/4	1	1	1/2	1/2	1		8	68	G#4	4	5126
241	241	962	962	2.0	1/2	1/2	4/4	5	1	1/2	1/2	1		8	68	G#4	4	5134
241	241	962	962	2.0	1/2	1/2	4/4	7	1	1/2	1/2	1		8	68	G#4	4	5141
242	242	964	964	2.0	0	0	4/4	4	1	1/2	1/2	1		3	45	A2	2	5153
242	242	964	964	2.0	0	0	4/4	6	1	1/2	1/2	1		3	45	A2	2	5163
242	242	964	964	2.0	0	0	4/4	8	1	1/2	1/2	1		3	45	A2	2	5168
242	242	964	964	2.0	0	0	4/4	3	1	1/2	1/2	1		0	60	C4	4	5150
242	242	964	964	2.0	0	0	4/4	5	2	1/2	1/2	1		0	60	C4	4	5159
242	242	964	964	2.0	0	0	4/4	2	1	1/2	1/2	1		4	64	E4	4	5147
242	242	964	964	2.0	0	0	4/4	5	3	1/2	1/2	1		4	64	E4	4	5161
242	242	964	964	2.0	0	0	4/4	1	1	1/2	1/2	1		3	69	A4	4	5144
242	242	964	964	2.0	0	0	4/4	5	1	1/2	1/2	1		3	69	A4	4	5156
242	242	964	964	2.0	0	0	4/4	7	1	1/2	1/2	1		3	69	A4	4	5165
242	242	966	966	1.0	1/2	1/2	4/4	4	1	1/4	1/4	1		1	43	G2	2	5154
242	242	966	966	2.0	1/2	1/2	4/4	6	1	1/2	1/2	1		1	43	G2	2	5164
242	242	966	966	2.0	1/2	1/2	4/4	8	1	1/2	1/2	1		1	43	G2	2	5169
242	242	966	966	1.0	1/2	1/2	4/4	3	1	1/4	1/4	1		2	62	D4	4	5151
242	242	966	966	2.0	1/2	1/2	4/4	5	2	1/2	1/2	1		2	62	D4	4	5160
242	242	966	966	1.0	1/2	1/2	4/4	2	1	1/4	1/4	1		1	67	G4	4	5148
242	242	966	966	2.0	1/2	1/2	4/4	5	3	1/2	1/2	1		1	67	G4	4	5162
242	242	966	966	1.0	1/2	1/2	4/4	1	1	1/4	1/4	1		5	71	B4	4	5145
242	242	966	966	1.0	1/2	1/2	4/4	5	1	1/4	1/4	1		5	71	B4	4	5157
242	242	966	966	1.0	1/2	1/2	4/4	7	1	1/4	1/4	1		5	71	B4	4	5166
242	242	967	967	1.0	3/4	3/4	4/4	4	1	1/4	1/4	1		1	43	G2	2	5155
242	242	967	967	1.0	3/4	3/4	4/4	3	1	1/4	1/4	1		2	62	D4	4	5152
242	242	967	967	1.0	3/4	3/4	4/4	2	1	1/4	1/4	1		1	67	G4	4	5149
242	242	967	967	1.0	3/4	3/4	4/4	1	1	1/4	1/4	1		5	71	B4	4	5146
242	242	967	967	1.0	3/4	3/4	4/4	5	1	1/4	1/4	1		5	71	B4	4	5158
242	242	967	967	1.0	3/4	3/4	4/4	7	1	1/4	1/4	1		5	71	B4	4	5167
243	243	968	968	2.0	0	0	4/4	4	1	1/2	1/2	1		1	55	G3	3	5179
243	243	968	968	2.0	0	0	4/4	6	1	1/2	1/2	1		1	55	G3	3	5189
243	243	968	968	2.0	0	0	4/4	8	1	1/2	1/2	1		1	55	G3	3	5194
243	243	968	968	2.0	0	0	4/4	3	1	1/2	1/2	1		2	62	D4	4	5176
243	243	968	968	2.0	0	0	4/4	5	2	1/2	1/2	1		2	62	D4	4	5185
243	243	968	968	2.0	0	0	4/4	2	1	1/2	1/2	1		1	67	G4	4	5173
243	243	968	968	2.0	0	0	4/4	5	3	1/2	1/2	1		1	67	G4	4	5187
243	243	968	968	2.0	0	0	4/4	1	1	1/2	1/2	1		5	71	B4	4	5170
243	243	968	968	2.0	0	0	4/4	5	1	1/2	1/2	1		5	71	B4	4	5182
243	243	968	968	2.0	0	0	4/4	7	1	1/2	1/2	1		5	71	B4	4	5191
243	243	970	970	1.0	1/2	1/2	4/4	4	1	1/4	1/4	1		9	51	D#3	3	5180
243	243	970	970	2.0	1/2	1/2	4/4	6	1	1/2	1/2	1		9	51	D#3	3	5190
243	243	970	970	2.0	1/2	1/2	4/4	8	1	1/2	1/2	1		9	51	D#3	3	5195
243	243	970	970	1.0	1/2	1/2	4/4	3	1	1/4	1/4	1		6	66	F#4	4	5177
243	243	970	970	2.0	1/2	1/2	4/4	5	2	1/2	1/2	1		6	66	F#4	4	5186
243	243	970	970	1.0	1/2	1/2	4/4	2	1	1/4	1/4	1		3	69	A4	4	5174
243	243	970	970	2.0	1/2	1/2	4/4	5	3	1/2	1/2	1		3	69	A4	4	5188
243	243	970	970	1.0	1/2	1/2	4/4	1	1	1/4	1/4	1		5	71	B4	4	5171
243	243	970	970	1.0	1/2	1/2	4/4	5	1	1/4	1/4	1		5	71	B4	4	5183
243	243	970	970	1.0	1/2	1/2	4/4	7	1	1/4	1/4	1		5	71	B4	4	5192
243	243	971	971	1.0	3/4	3/4	4/4	4	1	1/4	1/4	1		9	51	D#3	3	5181
243	243	971	971	1.0	3/4	3/4	4/4	3	1	1/4	1/4	1		6	66	F#4	4	5178
243	243	971	971	1.0	3/4	3/4	4/4	2	1	1/4	1/4	1		3	69	A4	4	5175
243	243	971	971	1.0	3/4	3/4	4/4	1	1	1/4	1/4	1		5	71	B4	4	5172
243	243	971	971	1.0	3/4	3/4	4/4	5	1	1/4	1/4	1		5	71	B4	4	5184
243	243	971	971	1.0	3/4	3/4	4/4	7	1	1/4	1/4	1		5	71	B4	4	5193
244	244	972	972	2.0	0	0	4/4	4	1	1/2	1/2	1		4	52	E3	3	5205
244	244	972	972	2.0	0	0	4/4	6	1	1/2	1/2	1		4	52	E3	3	5215
244	244	972	972	2.0	0	0	4/4	8	1	1/2	1/2	1		4	52	E3	3	5220
244	244	972	972	2.0	0	0	4/4	3	1	1/2	1/2	1		4	64	E4	4	5202
244	244	972	972	2.0	0	0	4/4	5	2	1/2	1/2	1		4	64	E4	4	5211
244	244	972	972	2.0	0	0	4/4	2	1	1/2	1/2	1		1	67	G4	4	5199
244	244	972	972	2.0	0	0	4/4	5	3	1/2	1/2	1		1	67	G4	4	5213
244	244	972	972	2.0	0	0	4/4	1	1	1/2	1/2	1		5	71	B4	4	5196
244	244	972	972	2.0	0	0	4/4	5	1	1/2	1/2	1		5	71	B4	4	5208
244	244	972	972	2.0	0	0	4/4	7	1	1/2	1/2	1		5	71	B4	4	5217
244	244	974	974	1.0	1/2	1/2	4/4	4	1	1/4	1/4	1		5	47	B2	2	5206
244	244	974	974	2.0	1/2	1/2	4/4	6	1	1/2	1/2	1		5	47	B2	2	5216
244	244	974	974	2.0	1/2	1/2	4/4	8	1	1/2	1/2	1		5	47	B2	2	5221
244	244	974	974	1.0	1/2	1/2	4/4	3	1	1/4	1/4	1		2	62	D4	4	5203
244	244	974	974	2.0	1/2	1/2	4/4	5	2	1/2	1/2	1		2	62	D4	4	5212
244	244	974	974	1.0	1/2	1/2	4/4	2	1	1/4	1/4	1		1	67	G4	4	5200
244	244	974	974	2.0	1/2	1/2	4/4	5	3	1/2	1/2	1	1	1	67	G4	4	5214
244	244	974	974	1.0	1/2	1/2	4/4	1	1	1/4	1/4	1		5	71	B4	4	5197
244	244	974	974	1.0	1/2	1/2	4/4	5	1	1/4	1/4	1		5	71	B4	4	5209
244	244	974	974	1.0	1/2	1/2	4/4	7	1	1/4	1/4	1		5	71	B4	4	5218
244	244	975	975	1.0	3/4	3/4	4/4	4	1	1/4	1/4	1		5	47	B2	2	5207
244	244	975	975	1.0	3/4	3/4	4/4	3	1	1/4	1/4	1		2	62	D4	4	5204
244	244	975	975	1.0	3/4	3/4	4/4	2	1	1/4	1/4	1		1	67	G4	4	5201
244	244	975	975	1.0	3/4	3/4	4/4	1	1	1/4	1/4	1		5	71	B4	4	5198
244	244	975	975	1.0	3/4	3/4	4/4	5	1	1/4	1/4	1		5	71	B4	4	5210
244	244	975	975	1.0	3/4	3/4	4/4	7	1	1/4	1/4	1		5	71	B4	4	5219
245	245	976	976	2.0	0	0	4/4	4	1	1/2	1/2	1		0	48	C3	3	5228
245	245	976	976	2.0	0	0	4/4	6	1	1/2	1/2	1		0	48	C3	3	5236
245	245	976	976	2.0	0	0	4/4	8	1	1/2	1/2	1		0	48	C3	3	5240
245	245	976	976	2.0	0	0	4/4	3	1	1/2	1/2	1		4	64	E4	4	5226
245	245	976	976	2.0	0	0	4/4	5	2	1/2	1/2	1		4	64	E4	4	5232
245	245	976	976	2.0	0	0	4/4	2	1	1/2	1/2	1		1	67	G4	4	5224
245	245	976	976	2.0	0	0	4/4	5	3	1/2	1/2	1	-1	1	67	G4	4	5234
245	245	976	976	2.0	0	0	4/4	1	1	1/2	1/2	1		3	69	A4	4	5222
245	245	976	976	2.0	0	0	4/4	5	1	1/2	1/2	1		3	69	A4	4	5230
245	245	976	976	2.0	0	0	4/4	7	1	1/2	1/2	1		3	69	A4	4	5238
245	245	978	978	2.0	1/2	1/2	4/4	4	1	1/2	1/2	1		2	50	D3	3	5229
245	245	978	978	2.0	1/2	1/2	4/4	6	1	1/2	1/2	1		2	50	D3	3	5237
245	245	978	978	2.0	1/2	1/2	4/4	8	1	1/2	1/2	1		2	50	D3	3	5241
245	245	978	978	2.0	1/2	1/2	4/4	3	1	1/2	1/2	1		2	62	D4	4	5227
245	245	978	978	2.0	1/2	1/2	4/4	5	2	1/2	1/2	1		2	62	D4	4	5233
245	245	978	978	2.0	1/2	1/2	4/4	2	1	1/2	1/2	1		6	66	F#4	4	5225
245	245	978	978	2.0	1/2	1/2	4/4	5	3	1/2	1/2	1		6	66	F#4	4	5235
245	245	978	978	2.0	1/2	1/2	4/4	1	1	1/2	1/2	1		3	69	A4	4	5223
245	245	978	978	2.0	1/2	1/2	4/4	5	1	1/2	1/2	1		3	69	A4	4	5231
245	245	978	978	2.0	1/2	1/2	4/4	7	1	1/2	1/2	1		3	69	A4	4	5239
246	246	980	980	1.0	0	0	4/4	4	1	1/4	1/4	1		1	43	G2	2	5254
246	246	980	980	2.0	0	0	4/4	6	1	1/2	1/2	1		1	43	G2	2	5266
246	246	980	980	2.0	0	0	4/4	8	1	1/2	1/2	1		1	43	G2	2	5272
246	246	980	980	1.0	0	0	4/4	3	1	1/4	1/4	1		2	62	D4	4	5250
246	246	980	980	2.0	0	0	4/4	5	2	1/2	1/2	1		2	62	D4	4	5262
246	246	980	980	1.0	0	0	4/4	2	1	1/4	1/4	1		1	67	G4	4	5246
246	246	980	980	2.0	0	0	4/4	5	3	1/2	1/2	1		1	67	G4	4	5264
246	246	980	980	1.0	0	0	4/4	1	1	1/4	1/4	1		5	71	B4	4	5242
246	246	980	980	1.0	0	0	4/4	5	1	1/4	1/4	1		5	71	B4	4	5258
246	246	980	980	1.0	0	0	4/4	7	1	1/4	1/4	1		5	71	B4	4	5268
246	246	981	981	1.0	1/4	1/4	4/4	4	1	1/4	1/4	1		1	43	G2	2	5255
246	246	981	981	1.0	1/4	1/4	4/4	3	1	1/4	1/4	1		2	62	D4	4	5251
246	246	981	981	1.0	1/4	1/4	4/4	2	1	1/4	1/4	1		1	67	G4	4	5247
246	246	981	981	1.0	1/4	1/4	4/4	1	1	1/4	1/4	1		5	71	B4	4	5243
246	246	981	981	1.0	1/4	1/4	4/4	5	1	1/4	1/4	1		5	71	B4	4	5259
246	246	981	981	1.0	1/4	1/4	4/4	7	1	1/4	1/4	1		5	71	B4	4	5269
246	246	982	982	1.0	1/2	1/2	4/4	4	1	1/4	1/4	1		1	55	G3	3	5256
246	246	982	982	2.0	1/2	1/2	4/4	6	1	1/2	1/2	1		1	55	G3	3	5267
246	246	982	982	2.0	1/2	1/2	4/4	8	1	1/2	1/2	1		1	55	G3	3	5273
246	246	982	982	1.0	1/2	1/2	4/4	3	1	1/4	1/4	1		2	62	D4	4	5252
246	246	982	982	2.0	1/2	1/2	4/4	5	2	1/2	1/2	1		2	62	D4	4	5263
246	246	982	982	1.0	1/2	1/2	4/4	2	1	1/4	1/4	1		1	67	G4	4	5248
246	246	982	982	2.0	1/2	1/2	4/4	5	3	1/2	1/2	1	1	1	67	G4	4	5265
246	246	982	982	1.0	1/2	1/2	4/4	1	1	1/4	1/4	1		5	71	B4	4	5244
246	246	982	982	1.0	1/2	1/2	4/4	5	1	1/4	1/4	1		5	71	B4	4	5260
246	246	982	982	1.0	1/2	1/2	4/4	7	1	1/4	1/4	1		5	71	B4	4	5270
246	246	983	983	1.0	3/4	3/4	4/4	4	1	1/4	1/4	1		1	55	G3	3	5257
246	246	983	983	1.0	3/4	3/4	4/4	3	1	1/4	1/4	1		2	62	D4	4	5253
246	246	983	983	1.0	3/4	3/4	4/4	2	1	1/4	1/4	1		1	67	G4	4	5249
246	246	983	983	1.0	3/4	3/4	4/4	1	1	1/4	1/4	1		5	71	B4	4	5245
246	246	983	983	1.0	3/4	3/4	4/4	5	1	1/4	1/4	1		5	71	B4	4	5261
246	246	983	983	1.0	3/4	3/4	4/4	7	1	1/4	1/4	1		5	71	B4	4	5271
247	247	984	984	2.0	0	0	4/4	4	1	1/2	1/2	1		2	50	D3	3	5281
247	247	984	984	2.0	0	0	4/4	6	1	1/2	1/2	1		2	50	D3	3	5290
247	247	984	984	2.0	0	0	4/4	8	1	1/2	1/2	1		2	50	D3	3	5294
247	247	984	984	2.0	0	0	4/4	3	1	1/2	1/2	1		2	62	D4	4	5279
247	247	984	984	2.0	0	0	4/4	5	2	1/2	1/2	1		2	62	D4	4	5285
247	247	984	984	1.0	0	0	4/4	2	1	1/4	1/4	1		1	67	G4	4	5276
247	247	984	984	1.0	0	0	4/4	5	3	1/4	1/4	1	-1	1	67	G4	4	5287
247	247	984	984	2.0	0	0	4/4	1	1	1/2	1/2	1		3	69	A4	4	5274
247	247	984	984	2.0	0	0	4/4	5	1	1/2	1/2	1		3	69	A4	4	5283
247	247	984	984	2.0	0	0	4/4	7	1	1/2	1/2	1		3	69	A4	4	5292
247	247	985	985	1.0	1/4	1/4	4/4	2	1	1/4	1/4	1		6	66	F#4	4	5277
247	247	985	985	1.0	1/4	1/4	4/4	5	3	1/4	1/4	1		6	66	F#4	4	5288
247	247	986	986	2.0	1/2	1/2	4/4	4	1	1/2	1/2	1		1	43	G2	2	5282
247	247	986	986	2.0	1/2	1/2	4/4	6	1	1/2	1/2	1		1	43	G2	2	5291
247	247	986	986	2.0	1/2	1/2	4/4	8	1	1/2	1/2	1		1	43	G2	2	5295
247	247	986	986	2.0	1/2	1/2	4/4	3	1	1/2	1/2	1		2	62	D4	4	5280
247	247	986	986	2.0	1/2	1/2	4/4	5	2	1/2	1/2	1		2	62	D4	4	5286
247	247	986	986	2.0	1/2	1/2	4/4	2	1	1/2	1/2	1		1	67	G4	4	5278
247	247	986	986	2.0	1/2	1/2	4/4	5	3	1/2	1/2	1		1	67	G4	4	5289
247	247	986	986	2.0	1/2	1/2	4/4	1	1	1/2	1/2	1		5	71	B4	4	5275
247	247	986	986	2.0	1/2	1/2	4/4	5	1	1/2	1/2	1		5	71	B4	4	5284
247	247	986	986	2.0	1/2	1/2	4/4	7	1	1/2	1/2	1		5	71	B4	4	5293
248	248	988	988	2.0	0	0	4/4	4	1	1/2	1/2	1		5	47	B2	2	5305
248	248	988	988	2.0	0	0	4/4	6	1	1/2	1/2	1		5	47	B2	2	5315
248	248	988	988	2.0	0	0	4/4	8	1	1/2	1/2	1		5	47	B2	2	5320
248	248	988	988	2.0	0	0	4/4	3	1	1/2	1/2	1		2	62	D4	4	5302
248	248	988	988	2.0	0	0	4/4	5	2	1/2	1/2	1		2	62	D4	4	5311
248	248	988	988	2.0	0	0	4/4	2	1	1/2	1/2	1		1	67	G4	4	5299
248	248	988	988	2.0	0	0	4/4	5	3	1/2	1/2	1		1	67	G4	4	5313
248	248	988	988	2.0	0	0	4/4	1	1	1/2	1/2	1		5	71	B4	4	5296
248	248	988	988	2.0	0	0	4/4	5	1	1/2	1/2	1		5	71	B4	4	5308
248	248	988	988	2.0	0	0	4/4	7	1	1/2	1/2	1		5	71	B4	4	5317
248	248	990	990	1.0	1/2	1/2	4/4	4	1	1/4	1/4	1		2	50	D3	3	5306
248	248	990	990	2.0	1/2	1/2	4/4	6	1	1/2	1/2	1		2	50	D3	3	5316
248	248	990	990	2.0	1/2	1/2	4/4	8	1	1/2	1/2	1		2	50	D3	3	5321
248	248	990	990	1.0	1/2	1/2	4/4	3	1	1/4	1/4	1		2	62	D4	4	5303
248	248	990	990	2.0	1/2	1/2	4/4	5	2	1/2	1/2	1		2	62	D4	4	5312
248	248	990	990	1.0	1/2	1/2	4/4	2	1	1/4	1/4	1		1	67	G4	4	5300
248	248	990	990	2.0	1/2	1/2	4/4	5	3	1/2	1/2	1		1	67	G4	4	5314
248	248	990	990	1.0	1/2	1/2	4/4	1	1	1/4	1/4	1		5	71	B4	4	5297
248	248	990	990	1.0	1/2	1/2	4/4	5	1	1/4	1/4	1		5	71	B4	4	5309
248	248	990	990	1.0	1/2	1/2	4/4	7	1	1/4	1/4	1		5	71	B4	4	5318
248	248	991	991	1.0	3/4	3/4	4/4	4	1	1/4	1/4	1		2	50	D3	3	5307
248	248	991	991	1.0	3/4	3/4	4/4	3	1	1/4	1/4	1		2	62	D4	4	5304
248	248	991	991	1.0	3/4	3/4	4/4	2	1	1/4	1/4	1		1	67	G4	4	5301
248	248	991	991	1.0	3/4	3/4	4/4	1	1	1/4	1/4	1		5	71	B4	4	5298
248	248	991	991	1.0	3/4	3/4	4/4	5	1	1/4	1/4	1		5	71	B4	4	5310
248	248	991	991	1.0	3/4	3/4	4/4	7	1	1/4	1/4	1		5	71	B4	4	5319
249	249	992	992	1.0	0	0	4/4	4	1	1/4	1/4	1		1	55	G3	3	5334
249	249	992	992	2.0	0	0	4/4	6	1	1/2	1/2	1		1	55	G3	3	5346
249	249	992	992	2.0	0	0	4/4	8	1	1/2	1/2	1		1	55	G3	3	5352
249	249	992	992	1.0	0	0	4/4	3	1	1/4	1/4	1		2	62	D4	4	5330
249	249	992	992	2.0	0	0	4/4	5	2	1/2	1/2	1		2	62	D4	4	5342
249	249	992	992	1.0	0	0	4/4	2	1	1/4	1/4	1		1	67	G4	4	5326
249	249	992	992	2.0	0	0	4/4	5	3	1/2	1/2	1		1	67	G4	4	5344
249	249	992	992	1.0	0	0	4/4	1	1	1/4	1/4	1		5	71	B4	4	5322
249	249	992	992	1.0	0	0	4/4	5	1	1/4	1/4	1		5	71	B4	4	5338
249	249	992	992	1.0	0	0	4/4	7	1	1/4	1/4	1		5	71	B4	4	5348
249	249	993	993	1.0	1/4	1/4	4/4	4	1	1/4	1/4	1		1	55	G3	3	5335
249	249	993	993	1.0	1/4	1/4	4/4	3	1	1/4	1/4	1		2	62	D4	4	5331
249	249	993	993	1.0	1/4	1/4	4/4	2	1	1/4	1/4	1		1	67	G4	4	5327
249	249	993	993	1.0	1/4	1/4	4/4	1	1	1/4	1/4	1		5	71	B4	4	5323
249	249	993	993	1.0	1/4	1/4	4/4	5	1	1/4	1/4	1		5	71	B4	4	5339
249	249	993	993	1.0	1/4	1/4	4/4	7	1	1/4	1/4	1		5	71	B4	4	5349
249	249	994	994	1.0	1/2	1/2	4/4	4	1	1/4	1/4	1		4	52	E3	3	5336
249	249	994	994	2.0	1/2	1/2	4/4	6	1	1/2	1/2	1		4	52	E3	3	5347
249	249	994	994	2.0	1/2	1/2	4/4	8	1	1/2	1/2	1		4	52	E3	3	5353
249	249	994	994	1.0	1/2	1/2	4/4	3	1	1/4	1/4	1		4	64	E4	4	5332
249	249	994	994	2.0	1/2	1/2	4/4	5	2	1/2	1/2	1		4	64	E4	4	5343
249	249	994	994	1.0	1/2	1/2	4/4	2	1	1/4	1/4	1		1	67	G4	4	5328
249	249	994	994	2.0	1/2	1/2	4/4	5	3	1/2	1/2	1	1	1	67	G4	4	5345
249	249	994	994	1.0	1/2	1/2	4/4	1	1	1/4	1/4	1		5	71	B4	4	5324
249	249	994	994	1.0	1/2	1/2	4/4	5	1	1/4	1/4	1		5	71	B4	4	5340
249	249	994	994	1.0	1/2	1/2	4/4	7	1	1/4	1/4	1		5	71	B4	4	5350
249	249	995	995	1.0	3/4	3/4	4/4	4	1	1/4	1/4	1		4	52	E3	3	5337
249	249	995	995	1.0	3/4	3/4	4/4	3	1	1/4	1/4	1		4	64	E4	4	5333
249	249	995	995	1.0	3/4	3/4	4/4	2	1	1/4	1/4	1		1	67	G4	4	5329
249	249	995	995	1.0	3/4	3/4	4/4	1	1	1/4	1/4	1		5	71	B4	4	5325
249	249	995	995	1.0	3/4	3/4	4/4	5	1	1/4	1/4	1		5	71	B4	4	5341
249	249	995	995	1.0	3/4	3/4	4/4	7	1	1/4	1/4	1		5	71	B4	4	5351
250	250	996	996	2.0	0	0	4/4	4	1	1/2	1/2	1		0	48	C3	3	5360
250	250	996	996	2.0	0	0	4/4	6	1	1/2	1/2	1		0	48	C3	3	5368
250	250	996	996	2.0	0	0	4/4	8	1	1/2	1/2	1		0	48	C3	3	5371
250	250	996	996	2.0	0	0	4/4	3	1	1/2	1/2	1		4	64	E4	4	5357
250	250	996	996	2.0	0	0	4/4	5	2	1/2	1/2	1		4	64	E4	4	5363
250	250	996	996	2.0	0	0	4/4	2	1	1/2	1/2	1		1	67	G4	4	5355
250	250	996	996	2.0	0	0	4/4	5	3	1/2	1/2	1	-1	1	67	G4	4	5366
250	250	996	996	4.0	0	0	4/4	1	1	1	1	1		3	69	A4	4	5354
250	250	996	996	4.0	0	0	4/4	5	1	1	1	1		3	69	A4	4	5362
250	250	996	996	4.0	0	0	4/4	7	1	1	1	1		3	69	A4	4	5370
250	250	998	998	2.0	1/2	1/2	4/4	4	1	1/2	1/2	1		2	50	D3	3	5361
250	250	998	998	2.0	1/2	1/2	4/4	6	1	1/2	1/2	1		2	50	D3	3	5369
250	250	998	998	2.0	1/2	1/2	4/4	8	1	1/2	1/2	1		2	50	D3	3	5372
250	250	998	998	1.0	1/2	1/2	4/4	3	1	1/4	1/4	1		2	62	D4	4	5358
250	250	998	998	1.0	1/2	1/2	4/4	5	2	1/4	1/4	1		2	62	D4	4	5364
250	250	998	998	2.0	1/2	1/2	4/4	2	1	1/2	1/2	1		6	66	F#4	4	5356
250	250	998	998	2.0	1/2	1/2	4/4	5	3	1/2	1/2	1		6	66	F#4	4	5367
250	250	999	999	1.0	3/4	3/4	4/4	3	1	1/4	1/4	1		0	60	C4	4	5359
250	250	999	999	1.0	3/4	3/4	4/4	5	2	1/4	1/4	1		0	60	C4	4	5365
251	251	1000	1000	2.0	0	0	4/4	4	1	1/2	1/2	1		1	43	G2	2	5382
251	251	1000	1000	2.0	0	0	4/4	6	1	1/2	1/2	1		1	43	G2	2	5392
251	251	1000	1000	2.0	0	0	4/4	8	1	1/2	1/2	1		1	43	G2	2	5397
251	251	1000	1000	2.0	0	0	4/4	3	1	1/2	1/2	1		5	59	B3	3	5379
251	251	1000	1000	2.0	0	0	4/4	5	2	1/2	1/2	1		5	59	B3	3	5388
251	251	1000	1000	2.0	0	0	4/4	5	3	1/2	1/2	1		2	62	D4	4	5390
251	251	1000	1000	2.0	0	0	4/4	1	1	1/2	1/2	1		1	67	G4	4	5373
251	251	1000	1000	2.0	0	0	4/4	2	1	1/2	1/2	1		1	67	G4	4	5376
251	251	1000	1000	2.0	0	0	4/4	5	1	1/2	1/2	1		1	67	G4	4	5385
251	251	1000	1000	2.0	0	0	4/4	7	1	1/2	1/2	1		1	67	G4	4	5394
251	251	1002	1002	1.0	1/2	1/2	4/4	4	1	1/4	1/4	1		0	48	C3	3	5383
251	251	1002	1002	2.0	1/2	1/2	4/4	6	1	1/2	1/2	1		0	48	C3	3	5393
251	251	1002	1002	2.0	1/2	1/2	4/4	8	1	1/2	1/2	1		0	48	C3	3	5398
251	251	1002	1002	1.0	1/2	1/2	4/4	3	1	1/4	1/4	1		0	60	C4	4	5380
251	251	1002	1002	2.0	1/2	1/2	4/4	5	2	1/2	1/2	1		0	60	C4	4	5389
251	251	1002	1002	1.0	1/2	1/2	4/4	2	1	1/4	1/4	1		4	64	E4	4	5377
251	251	1002	1002	2.0	1/2	1/2	4/4	5	3	1/2	1/2	1		4	64	E4	4	5391
251	251	1002	1002	1.0	1/2	1/2	4/4	1	1	1/4	1/4	1		1	67	G4	4	5374
251	251	1002	1002	1.0	1/2	1/2	4/4	5	1	1/4	1/4	1		1	67	G4	4	5386
251	251	1002	1002	1.0	1/2	1/2	4/4	7	1	1/4	1/4	1		1	67	G4	4	5395
251	251	1003	1003	1.0	3/4	3/4	4/4	4	1	1/4	1/4	1		0	48	C3	3	5384
251	251	1003	1003	1.0	3/4	3/4	4/4	3	1	1/4	1/4	1		0	60	C4	4	5381
251	251	1003	1003	1.0	3/4	3/4	4/4	2	1	1/4	1/4	1		4	64	E4	4	5378
251	251	1003	1003	1.0	3/4	3/4	4/4	1	1	1/4	1/4	1		1	67	G4	4	5375
251	251	1003	1003	1.0	3/4	3/4	4/4	5	1	1/4	1/4	1		1	67	G4	4	5387
251	251	1003	1003	1.0	3/4	3/4	4/4	7	1	1/4	1/4	1		1	67	G4	4	5396
252	252	1004	1004	2.0	0	0	4/4	4	1	1/2	1/2	1		5	47	B2	2	5405
252	252	1004	1004	2.0	0	0	4/4	6	1	1/2	1/2	1		5	47	B2	2	5413
252	252	1004	1004	2.0	0	0	4/4	8	1	1/2	1/2	1		5	47	B2	2	5417
252	252	1004	1004	2.0	0	0	4/4	5	2	1/2	1/2	1		1	55	G3	3	5409
252	252	1004	1004	2.0	0	0	4/4	2	1	1/2	1/2	1		2	62	D4	4	5401
252	252	1004	1004	2.0	0	0	4/4	3	1	1/2	1/2	1		2	62	D4	4	5403
252	252	1004	1004	2.0	0	0	4/4	5	3	1/2	1/2	1		2	62	D4	4	5411
252	252	1004	1004	2.0	0	0	4/4	1	1	1/2	1/2	1		1	67	G4	4	5399
252	252	1004	1004	2.0	0	0	4/4	5	1	1/2	1/2	1		1	67	G4	4	5407
252	252	1004	1004	2.0	0	0	4/4	7	1	1/2	1/2	1		1	67	G4	4	5415
252	252	1006	1006	2.0	1/2	1/2	4/4	4	1	1/2	1/2	1		0	48	C3	3	5406
252	252	1006	1006	2.0	1/2	1/2	4/4	6	1	1/2	1/2	1		0	48	C3	3	5414
252	252	1006	1006	2.0	1/2	1/2	4/4	8	1	1/2	1/2	1		0	48	C3	3	5418
252	252	1006	1006	2.0	1/2	1/2	4/4	3	1	1/2	1/2	1		0	60	C4	4	5404
252	252	1006	1006	2.0	1/2	1/2	4/4	5	2	1/2	1/2	1		0	60	C4	4	5410
252	252	1006	1006	2.0	1/2	1/2	4/4	2	1	1/2	1/2	1		4	64	E4	4	5402
252	252	1006	1006	2.0	1/2	1/2	4/4	5	3	1/2	1/2	1		4	64	E4	4	5412
252	252	1006	1006	2.0	1/2	1/2	4/4	1	1	1/2	1/2	1		3	69	A4	4	5400
252	252	1006	1006	2.0	1/2	1/2	4/4	5	1	1/2	1/2	1		3	69	A4	4	5408
252	252	1006	1006	2.0	1/2	1/2	4/4	7	1	1/2	1/2	1		3	69	A4	4	5416
253	253	1008	1008	2.0	0	0	4/4	4	1	1/2	1/2	1		2	50	D3	3	5425
253	253	1008	1008	2.0	0	0	4/4	6	1	1/2	1/2	1		2	50	D3	3	5432
253	253	1008	1008	2.0	0	0	4/4	8	1	1/2	1/2	1		2	50	D3	3	5436
253	253	1008	1008	2.0	0	0	4/4	3	1	1/2	1/2	1		5	59	B3	3	5423
253	253	1008	1008	4.0	0	0	4/4	5	2	1	1	1		5	59	B3	3	5429
253	253	1008	1008	2.0	0	0	4/4	2	1	1/2	1/2	1		-1	65	F4	4	5421
253	253	1008	1008	2.0	0	0	4/4	5	3	1/2	1/2	1		-1	65	F4	4	5430
253	253	1008	1008	2.0	0	0	4/4	1	1	1/2	1/2	1		3	69	A4	4	5419
253	253	1008	1008	2.0	0	0	4/4	5	1	1/2	1/2	1		3	69	A4	4	5427
253	253	1008	1008	2.0	0	0	4/4	7	1	1/2	1/2	1		3	69	A4	4	5434
253	253	1010	1010	2.0	1/2	1/2	4/4	4	1	1/2	1/2	1		4	52	E3	3	5426
253	253	1010	1010	2.0	1/2	1/2	4/4	6	1	1/2	1/2	1		4	52	E3	3	5433
253	253	1010	1010	2.0	1/2	1/2	4/4	8	1	1/2	1/2	1		4	52	E3	3	5437
253	253	1010	1010	2.0	1/2	1/2	4/4	3	1	1/2	1/2	1		5	59	B3	3	5424
253	253	1010	1010	2.0	1/2	1/2	4/4	2	1	1/2	1/2	1		4	64	E4	4	5422
253	253	1010	1010	2.0	1/2	1/2	4/4	5	3	1/2	1/2	1		4	64	E4	4	5431
253	253	1010	1010	2.0	1/2	1/2	4/4	1	1	1/2	1/2	1		8	68	G#4	4	5420
253	253	1010	1010	2.0	1/2	1/2	4/4	5	1	1/2	1/2	1		8	68	G#4	4	5428
253	253	1010	1010	2.0	1/2	1/2	4/4	7	1	1/2	1/2	1		8	68	G#4	4	5435
254	254	1012	1012	2.0	0	0	4/4	4	1	1/2	1/2	1		3	45	A2	2	5447
254	254	1012	1012	2.0	0	0	4/4	6	1	1/2	1/2	1		3	45	A2	2	5457
254	254	1012	1012	2.0	0	0	4/4	8	1	1/2	1/2	1		3	45	A2	2	5462
254	254	1012	1012	2.0	0	0	4/4	3	1	1/2	1/2	1		0	60	C4	4	5444
254	254	1012	1012	2.0	0	0	4/4	5	2	1/2	1/2	1		0	60	C4	4	5453
254	254	1012	1012	2.0	0	0	4/4	2	1	1/2	1/2	1		4	64	E4	4	5441
254	254	1012	1012	2.0	0	0	4/4	5	3	1/2	1/2	1		4	64	E4	4	5455
254	254	1012	1012	2.0	0	0	4/4	1	1	1/2	1/2	1		3	69	A4	4	5438
254	254	1012	1012	2.0	0	0	4/4	5	1	1/2	1/2	1		3	69	A4	4	5450
254	254	1012	1012	2.0	0	0	4/4	7	1	1/2	1/2	1		3	69	A4	4	5459
254	254	1014	1014	1.0	1/2	1/2	4/4	4	1	1/4	1/4	1		4	52	E3	3	5448
254	254	1014	1014	2.0	1/2	1/2	4/4	6	1	1/2	1/2	1		4	52	E3	3	5458
254	254	1014	1014	2.0	1/2	1/2	4/4	8	1	1/2	1/2	1		4	52	E3	3	5463
254	254	1014	1014	1.0	1/2	1/2	4/4	3	1	1/4	1/4	1		4	64	E4	4	5445
254	254	1014	1014	2.0	1/2	1/2	4/4	5	2	1/2	1/2	1		4	64	E4	4	5454
254	254	1014	1014	1.0	1/2	1/2	4/4	2	1	1/4	1/4	1		1	67	G4	4	5442
254	254	1014	1014	2.0	1/2	1/2	4/4	5	3	1/2	1/2	1		1	67	G4	4	5456
254	254	1014	1014	1.0	1/2	1/2	4/4	1	1	1/4	1/4	1		5	71	B4	4	5439
254	254	1014	1014	1.0	1/2	1/2	4/4	5	1	1/4	1/4	1		5	71	B4	4	5451
254	254	1014	1014	1.0	1/2	1/2	4/4	7	1	1/4	1/4	1		5	71	B4	4	5460
254	254	1015	1015	1.0	3/4	3/4	4/4	4	1	1/4	1/4	1		4	52	E3	3	5449
254	254	1015	1015	1.0	3/4	3/4	4/4	3	1	1/4	1/4	1		4	64	E4	4	5446
254	254	1015	1015	1.0	3/4	3/4	4/4	2	1	1/4	1/4	1		1	67	G4	4	5443
254	254	1015	1015	1.0	3/4	3/4	4/4	1	1	1/4	1/4	1		5	71	B4	4	5440
254	254	1015	1015	1.0	3/4	3/4	4/4	5	1	1/4	1/4	1		5	71	B4	4	5452
254	254	1015	1015	1.0	3/4	3/4	4/4	7	1	1/4	1/4	1		5	71	B4	4	5461
255	255	1016	1016	2.0	0	0	4/4	4	1	1/2	1/2	1		5	47	B2	2	5470
255	255	1016	1016	2.0	0	0	4/4	6	1	1/2	1/2	1		5	47	B2	2	5478
255	255	1016	1016	2.0	0	0	4/4	8	1	1/2	1/2	1		5	47	B2	2	5482
255	255	1016	1016	2.0	0	0	4/4	3	1	1/2	1/2	1		2	62	D4	4	5468
255	255	1016	1016	2.0	0	0	4/4	5	2	1/2	1/2	1		2	62	D4	4	5474
255	255	1016	1016	2.0	0	0	4/4	2	1	1/2	1/2	1		1	67	G4	4	5466
255	255	1016	1016	2.0	0	0	4/4	5	3	1/2	1/2	1		1	67	G4	4	5476
255	255	1016	1016	2.0	0	0	4/4	1	1	1/2	1/2	1		5	71	B4	4	5464
255	255	1016	1016	2.0	0	0	4/4	5	1	1/2	1/2	1		5	71	B4	4	5472
255	255	1016	1016	2.0	0	0	4/4	7	1	1/2	1/2	1		5	71	B4	4	5480
255	255	1018	1018	2.0	1/2	1/2	4/4	4	1	1/2	1/2	1		1	43	G2	2	5471
255	255	1018	1018	2.0	1/2	1/2	4/4	6	1	1/2	1/2	1		1	43	G2	2	5479
255	255	1018	1018	2.0	1/2	1/2	4/4	8	1	1/2	1/2	1		1	43	G2	2	5483
255	255	1018	1018	2.0	1/2	1/2	4/4	3	1	1/2	1/2	1		2	62	D4	4	5469
255	255	1018	1018	2.0	1/2	1/2	4/4	5	2	1/2	1/2	1		2	62	D4	4	5475
255	255	1018	1018	2.0	1/2	1/2	4/4	2	1	1/2	1/2	1	1	1	67	G4	4	5467
255	255	1018	1018	2.0	1/2	1/2	4/4	5	3	1/2	1/2	1	1	1	67	G4	4	5477
255	255	1018	1018	2.0	1/2	1/2	4/4	1	1	1/2	1/2	1		5	71	B4	4	5465
255	255	1018	1018	2.0	1/2	1/2	4/4	5	1	1/2	1/2	1		5	71	B4	4	5473
255	255	1018	1018	2.0	1/2	1/2	4/4	7	1	1/2	1/2	1		5	71	B4	4	5481
256	256	1020	1020	2.0	0	0	4/4	4	1	1/2	1/2	1		2	50	D3	3	5493
256	256	1020	1020	2.0	0	0	4/4	6	1	1/2	1/2	1		2	50	D3	3	5503
256	256	1020	1020	2.0	0	0	4/4	8	1	1/2	1/2	1		2	50	D3	3	5508
256	256	1020	1020	2.0	0	0	4/4	3	1	1/2	1/2	1		2	62	D4	4	5490
256	256	1020	1020	2.0	0	0	4/4	5	2	1/2	1/2	1		2	62	D4	4	5499
256	256	1020	1020	2.0	0	0	4/4	2	1	1/2	1/2	1	-1	1	67	G4	4	5487
256	256	1020	1020	2.0	0	0	4/4	5	3	1/2	1/2	1	-1	1	67	G4	4	5501
256	256	1020	1020	2.0	0	0	4/4	1	1	1/2	1/2	1		3	69	A4	4	5484
256	256	1020	1020	2.0	0	0	4/4	5	1	1/2	1/2	1		3	69	A4	4	5496
256	256	1020	1020	2.0	0	0	4/4	7	1	1/2	1/2	1		3	69	A4	4	5505
256	256	1022	1022	1.0	1/2	1/2	4/4	4	1	1/4	1/4	1		2	50	D3	3	5494
256	256	1022	1022	2.0	1/2	1/2	4/4	6	1	1/2	1/2	1		2	50	D3	3	5504
256	256	1022	1022	2.0	1/2	1/2	4/4	8	1	1/2	1/2	1		2	50	D3	3	5509
256	256	1022	1022	1.0	1/2	1/2	4/4	3	1	1/4	1/4	1		2	62	D4	4	5491
256	256	1022	1022	2.0	1/2	1/2	4/4	5	2	1/2	1/2	1		2	62	D4	4	5500
256	256	1022	1022	1.0	1/2	1/2	4/4	2	1	1/4	1/4	1		6	66	F#4	4	5488
256	256	1022	1022	2.0	1/2	1/2	4/4	5	3	1/2	1/2	1		6	66	F#4	4	5502
256	256	1022	1022	1.0	1/2	1/2	4/4	1	1	1/4	1/4	1		3	69	A4	4	5485
256	256	1022	1022	1.0	1/2	1/2	4/4	5	1	1/4	1/4	1		3	69	A4	4	5497
256	256	1022	1022	1.0	1/2	1/2	4/4	7	1	1/4	1/4	1		3	69	A4	4	5506
256	256	1023	1023	1.0	3/4	3/4	4/4	4	1	1/4	1/4	1		2	50	D3	3	5495
256	256	1023	1023	1.0	3/4	3/4	4/4	3	1	1/4	1/4	1		2	62	D4	4	5492
256	256	1023	1023	1.0	3/4	3/4	4/4	2	1	1/4	1/4	1		6	66	F#4	4	5489
256	256	1023	1023	1.0	3/4	3/4	4/4	1	1	1/4	1/4	1		3	69	A4	4	5486
256	256	1023	1023	1.0	3/4	3/4	4/4	5	1	1/4	1/4	1		3	69	A4	4	5498
256	256	1023	1023	1.0	3/4	3/4	4/4	7	1	1/4	1/4	1		3	69	A4	4	5507
257	257	1024	1024	2.0	0	0	4/4	4	1	1/2	1/2	1		1	43	G2	2	5519
257	257	1024	1024	2.0	0	0	4/4	6	1	1/2	1/2	1		1	43	G2	2	5529
257	257	1024	1024	2.0	0	0	4/4	8	1	1/2	1/2	1		1	43	G2	2	5534
257	257	1024	1024	2.0	0	0	4/4	3	1	1/2	1/2	1		2	62	D4	4	5516
257	257	1024	1024	2.0	0	0	4/4	5	2	1/2	1/2	1		2	62	D4	4	5525
257	257	1024	1024	2.0	0	0	4/4	2	1	1/2	1/2	1		1	67	G4	4	5513
257	257	1024	1024	2.0	0	0	4/4	5	3	1/2	1/2	1		1	67	G4	4	5527
257	257	1024	1024	2.0	0	0	4/4	1	1	1/2	1/2	1		5	71	B4	4	5510
257	257	1024	1024	2.0	0	0	4/4	5	1	1/2	1/2	1		5	71	B4	4	5522
257	257	1024	1024	2.0	0	0	4/4	7	1	1/2	1/2	1		5	71	B4	4	5531
257	257	1026	1026	1.0	1/2	1/2	4/4	4	1	1/4	1/4	1		5	47	B2	2	5520
257	257	1026	1026	2.0	1/2	1/2	4/4	6	1	1/2	1/2	1		5	47	B2	2	5530
257	257	1026	1026	2.0	1/2	1/2	4/4	8	1	1/2	1/2	1		5	47	B2	2	5535
257	257	1026	1026	1.0	1/2	1/2	4/4	3	1	1/4	1/4	1		2	62	D4	4	5517
257	257	1026	1026	2.0	1/2	1/2	4/4	5	2	1/2	1/2	1		2	62	D4	4	5526
257	257	1026	1026	1.0	1/2	1/2	4/4	2	1	1/4	1/4	1		1	67	G4	4	5514
257	257	1026	1026	2.0	1/2	1/2	4/4	5	3	1/2	1/2	1	1	1	67	G4	4	5528
257	257	1026	1026	1.0	1/2	1/2	4/4	1	1	1/4	1/4	1		5	71	B4	4	5511
257	257	1026	1026	1.0	1/2	1/2	4/4	5	1	1/4	1/4	1		5	71	B4	4	5523
257	257	1026	1026	1.0	1/2	1/2	4/4	7	1	1/4	1/4	1		5	71	B4	4	5532
257	257	1027	1027	1.0	3/4	3/4	4/4	4	1	1/4	1/4	1		5	47	B2	2	5521
257	257	1027	1027	1.0	3/4	3/4	4/4	3	1	1/4	1/4	1		2	62	D4	4	5518
257	257	1027	1027	1.0	3/4	3/4	4/4	2	1	1/4	1/4	1		1	67	G4	4	5515
257	257	1027	1027	1.0	3/4	3/4	4/4	1	1	1/4	1/4	1		5	71	B4	4	5512
257	257	1027	1027	1.0	3/4	3/4	4/4	5	1	1/4	1/4	1		5	71	B4	4	5524
257	257	1027	1027	1.0	3/4	3/4	4/4	7	1	1/4	1/4	1		5	71	B4	4	5533
258	258	1028	1028	2.0	0	0	4/4	4	1	1/2	1/2	1		0	48	C3	3	5541
258	258	1028	1028	2.0	0	0	4/4	6	1	1/2	1/2	1		0	48	C3	3	5548
258	258	1028	1028	2.0	0	0	4/4	8	1	1/2	1/2	1		0	48	C3	3	5551
258	258	1028	1028	2.0	0	0	4/4	3	1	1/2	1/2	1		4	64	E4	4	5539
258	258	1028	1028	2.0	0	0	4/4	5	2	1/2	1/2	1		4	64	E4	4	5544
258	258	1028	1028	2.0	0	0	4/4	2	1	1/2	1/2	1		1	67	G4	4	5537
258	258	1028	1028	2.0	0	0	4/4	5	3	1/2	1/2	1	-1	1	67	G4	4	5546
258	258	1028	1028	4.0	0	0	4/4	1	1	1	1	1		3	69	A4	4	5536
258	258	1028	1028	4.0	0	0	4/4	5	1	1	1	1		3	69	A4	4	5543
258	258	1028	1028	4.0	0	0	4/4	7	1	1	1	1		3	69	A4	4	5550
258	258	1030	1030	2.0	1/2	1/2	4/4	4	1	1/2	1/2	1		2	50	D3	3	5542
258	258	1030	1030	2.0	1/2	1/2	4/4	6	1	1/2	1/2	1		2	50	D3	3	5549
258	258	1030	1030	2.0	1/2	1/2	4/4	8	1	1/2	1/2	1		2	50	D3	3	5552
258	258	1030	1030	2.0	1/2	1/2	4/4	3	1	1/2	1/2	1		2	62	D4	4	5540
258	258	1030	1030	2.0	1/2	1/2	4/4	5	2	1/2	1/2	1		2	62	D4	4	5545
258	258	1030	1030	2.0	1/2	1/2	4/4	2	1	1/2	1/2	1		6	66	F#4	4	5538
258	258	1030	1030	2.0	1/2	1/2	4/4	5	3	1/2	1/2	1		6	66	F#4	4	5547
259	259	1032	1032	2.0	0	0	4/4	4	1	1/2	1/2	1		1	43	G2	2	5562
259	259	1032	1032	2.0	0	0	4/4	6	1	1/2	1/2	1		1	43	G2	2	5572
259	259	1032	1032	2.0	0	0	4/4	8	1	1/2	1/2	1		1	43	G2	2	5577
259	259	1032	1032	2.0	0	0	4/4	3	1	1/2	1/2	1		5	59	B3	3	5559
259	259	1032	1032	2.0	0	0	4/4	5	2	1/2	1/2	1		5	59	B3	3	5568
259	259	1032	1032	2.0	0	0	4/4	5	3	1/2	1/2	1		2	62	D4	4	5570
259	259	1032	1032	2.0	0	0	4/4	1	1	1/2	1/2	1		1	67	G4	4	5553
259	259	1032	1032	2.0	0	0	4/4	2	1	1/2	1/2	1		1	67	G4	4	5556
259	259	1032	1032	2.0	0	0	4/4	5	1	1/2	1/2	1		1	67	G4	4	5565
259	259	1032	1032	2.0	0	0	4/4	7	1	1/2	1/2	1		1	67	G4	4	5574
259	259	1034	1034	1.0	1/2	1/2	4/4	4	1	1/4	1/4	1		0	48	C3	3	5563
259	259	1034	1034	2.0	1/2	1/2	4/4	6	1	1/2	1/2	1		0	48	C3	3	5573
259	259	1034	1034	2.0	1/2	1/2	4/4	8	1	1/2	1/2	1		0	48	C3	3	5578
259	259	1034	1034	1.0	1/2	1/2	4/4	3	1	1/4	1/4	1		0	60	C4	4	5560
259	259	1034	1034	2.0	1/2	1/2	4/4	5	2	1/2	1/2	1		0	60	C4	4	5569
259	259	1034	1034	1.0	1/2	1/2	4/4	2	1	1/4	1/4	1		4	64	E4	4	5557
259	259	1034	1034	2.0	1/2	1/2	4/4	5	3	1/2	1/2	1		4	64	E4	4	5571
259	259	1034	1034	1.0	1/2	1/2	4/4	1	1	1/4	1/4	1		1	67	G4	4	5554
259	259	1034	1034	1.0	1/2	1/2	4/4	5	1	1/4	1/4	1		1	67	G4	4	5566
259	259	1034	1034	1.0	1/2	1/2	4/4	7	1	1/4	1/4	1		1	67	G4	4	5575
259	259	1035	1035	1.0	3/4	3/4	4/4	4	1	1/4	1/4	1		0	48	C3	3	5564
259	259	1035	1035	1.0	3/4	3/4	4/4	3	1	1/4	1/4	1		0	60	C4	4	5561
259	259	1035	1035	1.0	3/4	3/4	4/4	2	1	1/4	1/4	1		4	64	E4	4	5558
259	259	1035	1035	1.0	3/4	3/4	4/4	1	1	1/4	1/4	1		1	67	G4	4	5555
259	259	1035	1035	1.0	3/4	3/4	4/4	5	1	1/4	1/4	1		1	67	G4	4	5567
259	259	1035	1035	1.0	3/4	3/4	4/4	7	1	1/4	1/4	1		1	67	G4	4	5576
260	260	1036	1036	2.0	0	0	4/4	4	1	1/2	1/2	1		4	52	E3	3	5585
260	260	1036	1036	2.0	0	0	4/4	6	1	1/2	1/2	1		4	52	E3	3	5593
260	260	1036	1036	2.0	0	0	4/4	8	1	1/2	1/2	1		4	52	E3	3	5597
260	260	1036	1036	2.0	0	0	4/4	3	1	1/2	1/2	1		0	60	C4	4	5583
260	260	1036	1036	2.0	0	0	4/4	5	2	1/2	1/2	1		0	60	C4	4	5589
260	260	1036	1036	2.0	0	0	4/4	1	1	1/2	1/2	1		1	67	G4	4	5579
260	260	1036	1036	2.0	0	0	4/4	2	1	1/2	1/2	1		1	67	G4	4	5581
260	260	1036	1036	2.0	0	0	4/4	5	1	1/2	1/2	1		1	67	G4	4	5587
260	260	1036	1036	2.0	0	0	4/4	5	3	1/2	1/2	1		1	67	G4	4	5591
260	260	1036	1036	2.0	0	0	4/4	7	1	1/2	1/2	1		1	67	G4	4	5595
260	260	1038	1038	2.0	1/2	1/2	4/4	4	1	1/2	1/2	1		-1	53	F3	3	5586
260	260	1038	1038	2.0	1/2	1/2	4/4	6	1	1/2	1/2	1		-1	53	F3	3	5594
260	260	1038	1038	2.0	1/2	1/2	4/4	8	1	1/2	1/2	1		-1	53	F3	3	5598
260	260	1038	1038	2.0	1/2	1/2	4/4	3	1	1/2	1/2	1		0	60	C4	4	5584
260	260	1038	1038	2.0	1/2	1/2	4/4	5	2	1/2	1/2	1		0	60	C4	4	5590
260	260	1038	1038	2.0	1/2	1/2	4/4	2	1	1/2	1/2	1	1	-1	65	F4	4	5582
260	260	1038	1038	2.0	1/2	1/2	4/4	5	3	1/2	1/2	1	1	-1	65	F4	4	5592
260	260	1038	1038	2.0	1/2	1/2	4/4	1	1	1/2	1/2	1		3	69	A4	4	5580
260	260	1038	1038	2.0	1/2	1/2	4/4	5	1	1/2	1/2	1		3	69	A4	4	5588
260	260	1038	1038	2.0	1/2	1/2	4/4	7	1	1/2	1/2	1		3	69	A4	4	5596
261	261	1040	1040	2.0	0	0	4/4	4	1	1/2	1/2	1		5	47	B2	2	5605
261	261	1040	1040	2.0	0	0	4/4	6	1	1/2	1/2	1		5	47	B2	2	5613
261	261	1040	1040	2.0	0	0	4/4	8	1	1/2	1/2	1		5	47	B2	2	5617
261	261	1040	1040	2.0	0	0	4/4	3	1	1/2	1/2	1		2	62	D4	4	5603
261	261	1040	1040	2.0	0	0	4/4	5	2	1/2	1/2	1		2	62	D4	4	5609
261	261	1040	1040	2.0	0	0	4/4	2	1	1/2	1/2	1	-1	-1	65	F4	4	5601
261	261	1040	1040	2.0	0	0	4/4	5	3	1/2	1/2	1	-1	-1	65	F4	4	5611
261	261	1040	1040	2.0	0	0	4/4	1	1	1/2	1/2	1		3	69	A4	4	5599
261	261	1040	1040	2.0	0	0	4/4	5	1	1/2	1/2	1		3	69	A4	4	5607
261	261	1040	1040	2.0	0	0	4/4	7	1	1/2	1/2	1		3	69	A4	4	5615
261	261	1042	1042	2.0	1/2	1/2	4/4	4	1	1/2	1/2	1		4	52	E3	3	5606
261	261	1042	1042	2.0	1/2	1/2	4/4	6	1	1/2	1/2	1		4	52	E3	3	5614
261	261	1042	1042	2.0	1/2	1/2	4/4	8	1	1/2	1/2	1		4	52	E3	3	5618
261	261	1042	1042	2.0	1/2	1/2	4/4	3	1	1/2	1/2	1		5	59	B3	3	5604
261	261	1042	1042	2.0	1/2	1/2	4/4	5	2	1/2	1/2	1		5	59	B3	3	5610
261	261	1042	1042	2.0	1/2	1/2	4/4	2	1	1/2	1/2	1		4	64	E4	4	5602
261	261	1042	1042	2.0	1/2	1/2	4/4	5	3	1/2	1/2	1		4	64	E4	4	5612
261	261	1042	1042	2.0	1/2	1/2	4/4	1	1	1/2	1/2	1		8	68	G#4	4	5600
261	261	1042	1042	2.0	1/2	1/2	4/4	5	1	1/2	1/2	1		8	68	G#4	4	5608
261	261	1042	1042	2.0	1/2	1/2	4/4	7	1	1/2	1/2	1		8	68	G#4	4	5616
262	262	1044	1044	2.0	0	0	4/4	4	1	1/2	1/2	1		3	45	A2	2	5628
262	262	1044	1044	2.0	0	0	4/4	6	1	1/2	1/2	1		3	45	A2	2	5638
262	262	1044	1044	2.0	0	0	4/4	8	1	1/2	1/2	1		3	45	A2	2	5643
262	262	1044	1044	2.0	0	0	4/4	3	1	1/2	1/2	1		0	60	C4	4	5625
262	262	1044	1044	2.0	0	0	4/4	5	2	1/2	1/2	1		0	60	C4	4	5634
262	262	1044	1044	2.0	0	0	4/4	2	1	1/2	1/2	1		4	64	E4	4	5622
262	262	1044	1044	2.0	0	0	4/4	5	3	1/2	1/2	1		4	64	E4	4	5636
262	262	1044	1044	2.0	0	0	4/4	1	1	1/2	1/2	1		3	69	A4	4	5619
262	262	1044	1044	2.0	0	0	4/4	5	1	1/2	1/2	1		3	69	A4	4	5631
262	262	1044	1044	2.0	0	0	4/4	7	1	1/2	1/2	1		3	69	A4	4	5640
262	262	1046	1046	1.0	1/2	1/2	4/4	4	1	1/4	1/4	1		1	43	G2	2	5629
262	262	1046	1046	2.0	1/2	1/2	4/4	6	1	1/2	1/2	1		1	43	G2	2	5639
262	262	1046	1046	2.0	1/2	1/2	4/4	8	1	1/2	1/2	1		1	43	G2	2	5644
262	262	1046	1046	1.0	1/2	1/2	4/4	3	1	1/4	1/4	1		2	62	D4	4	5626
262	262	1046	1046	2.0	1/2	1/2	4/4	5	2	1/2	1/2	1		2	62	D4	4	5635
262	262	1046	1046	1.0	1/2	1/2	4/4	2	1	1/4	1/4	1		1	67	G4	4	5623
262	262	1046	1046	2.0	1/2	1/2	4/4	5	3	1/2	1/2	1		1	67	G4	4	5637
262	262	1046	1046	1.0	1/2	1/2	4/4	1	1	1/4	1/4	1		5	71	B4	4	5620
262	262	1046	1046	1.0	1/2	1/2	4/4	5	1	1/4	1/4	1		5	71	B4	4	5632
262	262	1046	1046	1.0	1/2	1/2	4/4	7	1	1/4	1/4	1		5	71	B4	4	5641
262	262	1047	1047	1.0	3/4	3/4	4/4	4	1	1/4	1/4	1		1	43	G2	2	5630
262	262	1047	1047	1.0	3/4	3/4	4/4	3	1	1/4	1/4	1		2	62	D4	4	5627
262	262	1047	1047	1.0	3/4	3/4	4/4	2	1	1/4	1/4	1		1	67	G4	4	5624
262	262	1047	1047	1.0	3/4	3/4	4/4	1	1	1/4	1/4	1		5	71	B4	4	5621
262	262	1047	1047	1.0	3/4	3/4	4/4	5	1	1/4	1/4	1		5	71	B4	4	5633
262	262	1047	1047	1.0	3/4	3/4	4/4	7	1	1/4	1/4	1		5	71	B4	4	5642
263	263	1048	1048	2.0	0	0	4/4	4	1	1/2	1/2	1		1	55	G3	3	5651
263	263	1048	1048	2.0	0	0	4/4	6	1	1/2	1/2	1		1	55	G3	3	5659
263	263	1048	1048	2.0	0	0	4/4	8	1	1/2	1/2	1		1	55	G3	3	5663
263	263	1048	1048	2.0	0	0	4/4	3	1	1/2	1/2	1		2	62	D4	4	5649
263	263	1048	1048	2.0	0	0	4/4	5	2	1/2	1/2	1		2	62	D4	4	5655
263	263	1048	1048	2.0	0	0	4/4	2	1	1/2	1/2	1		1	67	G4	4	5647
263	263	1048	1048	2.0	0	0	4/4	5	3	1/2	1/2	1		1	67	G4	4	5657
263	263	1048	1048	2.0	0	0	4/4	1	1	1/2	1/2	1		5	71	B4	4	5645
263	263	1048	1048	2.0	0	0	4/4	5	1	1/2	1/2	1		5	71	B4	4	5653
263	263	1048	1048	2.0	0	0	4/4	7	1	1/2	1/2	1		5	71	B4	4	5661
263	263	1050	1050	2.0	1/2	1/2	4/4	4	1	1/2	1/2	1		6	54	F#3	3	5652
263	263	1050	1050	2.0	1/2	1/2	4/4	6	1	1/2	1/2	1		6	54	F#3	3	5660
263	263	1050	1050	2.0	1/2	1/2	4/4	8	1	1/2	1/2	1		6	54	F#3	3	5664
263	263	1050	1050	2.0	1/2	1/2	4/4	3	1	1/2	1/2	1		2	62	D4	4	5650
263	263	1050	1050	2.0	1/2	1/2	4/4	5	2	1/2	1/2	1		2	62	D4	4	5656
263	263	1050	1050	2.0	1/2	1/2	4/4	2	1	1/2	1/2	1		1	67	G4	4	5648
263	263	1050	1050	2.0	1/2	1/2	4/4	5	3	1/2	1/2	1		1	67	G4	4	5658
263	263	1050	1050	2.0	1/2	1/2	4/4	1	1	1/2	1/2	1		5	71	B4	4	5646
263	263	1050	1050	2.0	1/2	1/2	4/4	5	1	1/2	1/2	1		5	71	B4	4	5654
263	263	1050	1050	2.0	1/2	1/2	4/4	7	1	1/2	1/2	1		5	71	B4	4	5662
264	264	1052	1052	2.0	0	0	4/4	4	1	1/2	1/2	1		4	52	E3	3	5671
264	264	1052	1052	2.0	0	0	4/4	6	1	1/2	1/2	1		4	52	E3	3	5679
264	264	1052	1052	2.0	0	0	4/4	8	1	1/2	1/2	1		4	52	E3	3	5683
264	264	1052	1052	2.0	0	0	4/4	3	1	1/2	1/2	1		4	64	E4	4	5669
264	264	1052	1052	2.0	0	0	4/4	5	2	1/2	1/2	1		4	64	E4	4	5675
264	264	1052	1052	2.0	0	0	4/4	2	1	1/2	1/2	1		1	67	G4	4	5667
264	264	1052	1052	2.0	0	0	4/4	5	3	1/2	1/2	1		1	67	G4	4	5677
264	264	1052	1052	2.0	0	0	4/4	1	1	1/2	1/2	1		5	71	B4	4	5665
264	264	1052	1052	2.0	0	0	4/4	5	1	1/2	1/2	1		5	71	B4	4	5673
264	264	1052	1052	2.0	0	0	4/4	7	1	1/2	1/2	1		5	71	B4	4	5681
264	264	1054	1054	2.0	1/2	1/2	4/4	4	1	1/2	1/2	1		2	50	D3	3	5672
264	264	1054	1054	2.0	1/2	1/2	4/4	6	1	1/2	1/2	1		2	50	D3	3	5680
264	264	1054	1054	2.0	1/2	1/2	4/4	8	1	1/2	1/2	1		2	50	D3	3	5684
264	264	1054	1054	2.0	1/2	1/2	4/4	3	1	1/2	1/2	1		4	64	E4	4	5670
264	264	1054	1054	2.0	1/2	1/2	4/4	5	2	1/2	1/2	1		4	64	E4	4	5676
264	264	1054	1054	2.0	1/2	1/2	4/4	2	1	1/2	1/2	1	1	1	67	G4	4	5668
264	264	1054	1054	2.0	1/2	1/2	4/4	5	3	1/2	1/2	1	1	1	67	G4	4	5678
264	264	1054	1054	2.0	1/2	1/2	4/4	1	1	1/2	1/2	1		5	71	B4	4	5666
264	264	1054	1054	2.0	1/2	1/2	4/4	5	1	1/2	1/2	1		5	71	B4	4	5674
264	264	1054	1054	2.0	1/2	1/2	4/4	7	1	1/2	1/2	1		5	71	B4	4	5682
265	265	1056	1056	2.0	0	0	4/4	4	1	1/2	1/2	1		0	48	C3	3	5691
265	265	1056	1056	2.0	0	0	4/4	6	1	1/2	1/2	1		0	48	C3	3	5699
265	265	1056	1056	2.0	0	0	4/4	8	1	1/2	1/2	1		0	48	C3	3	5703
265	265	1056	1056	2.0	0	0	4/4	3	1	1/2	1/2	1		4	64	E4	4	5689
265	265	1056	1056	2.0	0	0	4/4	5	2	1/2	1/2	1		4	64	E4	4	5695
265	265	1056	1056	2.0	0	0	4/4	2	1	1/2	1/2	1	-1	1	67	G4	4	5687
265	265	1056	1056	2.0	0	0	4/4	5	3	1/2	1/2	1	-1	1	67	G4	4	5697
265	265	1056	1056	2.0	0	0	4/4	1	1	1/2	1/2	1		3	69	A4	4	5685
265	265	1056	1056	2.0	0	0	4/4	5	1	1/2	1/2	1		3	69	A4	4	5693
265	265	1056	1056	2.0	0	0	4/4	7	1	1/2	1/2	1		3	69	A4	4	5701
265	265	1058	1058	2.0	1/2	1/2	4/4	4	1	1/2	1/2	1		2	50	D3	3	5692
265	265	1058	1058	2.0	1/2	1/2	4/4	6	1	1/2	1/2	1		2	50	D3	3	5700
265	265	1058	1058	2.0	1/2	1/2	4/4	8	1	1/2	1/2	1		2	50	D3	3	5704
265	265	1058	1058	2.0	1/2	1/2	4/4	3	1	1/2	1/2	1		2	62	D4	4	5690
265	265	1058	1058	2.0	1/2	1/2	4/4	5	2	1/2	1/2	1		2	62	D4	4	5696
265	265	1058	1058	2.0	1/2	1/2	4/4	2	1	1/2	1/2	1		6	66	F#4	4	5688
265	265	1058	1058	2.0	1/2	1/2	4/4	5	3	1/2	1/2	1		6	66	F#4	4	5698
265	265	1058	1058	2.0	1/2	1/2	4/4	1	1	1/2	1/2	1		3	69	A4	4	5686
265	265	1058	1058	2.0	1/2	1/2	4/4	5	1	1/2	1/2	1		3	69	A4	4	5694
265	265	1058	1058	2.0	1/2	1/2	4/4	7	1	1/2	1/2	1		3	69	A4	4	5702
266	266	1060	1060	2.0	0	0	4/4	4	1	1/2	1/2	1		1	43	G2	2	5711
266	266	1060	1060	2.0	0	0	4/4	6	1	1/2	1/2	1		1	43	G2	2	5719
266	266	1060	1060	2.0	0	0	4/4	8	1	1/2	1/2	1		1	43	G2	2	5723
266	266	1060	1060	2.0	0	0	4/4	3	1	1/2	1/2	1		2	62	D4	4	5709
266	266	1060	1060	2.0	0	0	4/4	5	2	1/2	1/2	1		2	62	D4	4	5715
266	266	1060	1060	2.0	0	0	4/4	2	1	1/2	1/2	1		1	67	G4	4	5707
266	266	1060	1060	2.0	0	0	4/4	5	3	1/2	1/2	1		1	67	G4	4	5717
266	266	1060	1060	2.0	0	0	4/4	1	1	1/2	1/2	1		5	71	B4	4	5705
266	266	1060	1060	2.0	0	0	4/4	5	1	1/2	1/2	1		5	71	B4	4	5713
266	266	1060	1060	2.0	0	0	4/4	7	1	1/2	1/2	1		5	71	B4	4	5721
266	266	1062	1062	2.0	1/2	1/2	4/4	4	1	1/2	1/2	1		4	52	E3	3	5712
266	266	1062	1062	2.0	1/2	1/2	4/4	6	1	1/2	1/2	1		4	52	E3	3	5720
266	266	1062	1062	2.0	1/2	1/2	4/4	8	1	1/2	1/2	1		4	52	E3	3	5724
266	266	1062	1062	2.0	1/2	1/2	4/4	3	1	1/2	1/2	1		4	64	E4	4	5710
266	266	1062	1062	2.0	1/2	1/2	4/4	5	2	1/2	1/2	1		4	64	E4	4	5716
266	266	1062	1062	2.0	1/2	1/2	4/4	2	1	1/2	1/2	1		1	67	G4	4	5708
266	266	1062	1062	2.0	1/2	1/2	4/4	5	3	1/2	1/2	1		1	67	G4	4	5718
266	266	1062	1062	2.0	1/2	1/2	4/4	1	1	1/2	1/2	1		5	71	B4	4	5706
266	266	1062	1062	2.0	1/2	1/2	4/4	5	1	1/2	1/2	1		5	71	B4	4	5714
266	266	1062	1062	2.0	1/2	1/2	4/4	7	1	1/2	1/2	1		5	71	B4	4	5722
267	267	1064	1064	2.0	0	0	4/4	4	1	1/2	1/2	1		5	47	B2	2	5734
267	267	1064	1064	2.0	0	0	4/4	6	1	1/2	1/2	1		5	47	B2	2	5744
267	267	1064	1064	2.0	0	0	4/4	8	1	1/2	1/2	1		5	47	B2	2	5749
267	267	1064	1064	2.0	0	0	4/4	3	1	1/2	1/2	1		2	62	D4	4	5731
267	267	1064	1064	2.0	0	0	4/4	5	2	1/2	1/2	1		2	62	D4	4	5740
267	267	1064	1064	2.0	0	0	4/4	2	1	1/2	1/2	1		1	67	G4	4	5728
267	267	1064	1064	2.0	0	0	4/4	5	3	1/2	1/2	1		1	67	G4	4	5742
267	267	1064	1064	2.0	0	0	4/4	1	1	1/2	1/2	1		5	71	B4	4	5725
267	267	1064	1064	2.0	0	0	4/4	5	1	1/2	1/2	1		5	71	B4	4	5737
267	267	1064	1064	2.0	0	0	4/4	7	1	1/2	1/2	1		5	71	B4	4	5746
267	267	1066	1066	1.0	1/2	1/2	4/4	4	1	1/4	1/4	1		0	48	C3	3	5735
267	267	1066	1066	2.0	1/2	1/2	4/4	6	1	1/2	1/2	1		0	48	C3	3	5745
267	267	1066	1066	2.0	1/2	1/2	4/4	8	1	1/2	1/2	1		0	48	C3	3	5750
267	267	1066	1066	1.0	1/2	1/2	4/4	3	1	1/4	1/4	1		4	64	E4	4	5732
267	267	1066	1066	2.0	1/2	1/2	4/4	5	2	1/2	1/2	1	1	4	64	E4	4	5741
267	267	1066	1066	1.0	1/2	1/2	4/4	2	1	1/4	1/4	1		1	67	G4	4	5729
267	267	1066	1066	2.0	1/2	1/2	4/4	5	3	1/2	1/2	1	1	1	67	G4	4	5743
267	267	1066	1066	1.0	1/2	1/2	4/4	1	1	1/4	1/4	1		5	71	B4	4	5726
267	267	1066	1066	1.0	1/2	1/2	4/4	5	1	1/4	1/4	1		5	71	B4	4	5738
267	267	1066	1066	1.0	1/2	1/2	4/4	7	1	1/4	1/4	1		5	71	B4	4	5747
267	267	1067	1067	1.0	3/4	3/4	4/4	4	1	1/4	1/4	1		0	48	C3	3	5736
267	267	1067	1067	1.0	3/4	3/4	4/4	3	1	1/4	1/4	1		4	64	E4	4	5733
267	267	1067	1067	1.0	3/4	3/4	4/4	2	1	1/4	1/4	1		1	67	G4	4	5730
267	267	1067	1067	1.0	3/4	3/4	4/4	1	1	1/4	1/4	1		5	71	B4	4	5727
267	267	1067	1067	1.0	3/4	3/4	4/4	5	1	1/4	1/4	1		5	71	B4	4	5739
267	267	1067	1067	1.0	3/4	3/4	4/4	7	1	1/4	1/4	1		5	71	B4	4	5748
268	268	1068	1068	2.0	0	0	4/4	4	1	1/2	1/2	1		2	50	D3	3	5758
268	268	1068	1068	2.0	0	0	4/4	6	1	1/2	1/2	1		2	50	D3	3	5767
268	268	1068	1068	2.0	0	0	4/4	8	1	1/2	1/2	1		2	50	D3	3	5771
268	268	1068	1068	2.0	0	0	4/4	3	1	1/2	1/2	1		4	64	E4	4	5755
268	268	1068	1068	2.0	0	0	4/4	5	2	1/2	1/2	1	-1	4	64	E4	4	5762
268	268	1068	1068	2.0	0	0	4/4	2	1	1/2	1/2	1		1	67	G4	4	5753
268	268	1068	1068	2.0	0	0	4/4	5	3	1/2	1/2	1	-1	1	67	G4	4	5765
268	268	1068	1068	2.0	0	0	4/4	1	1	1/2	1/2	1		3	69	A4	4	5751
268	268	1068	1068	2.0	0	0	4/4	5	1	1/2	1/2	1		3	69	A4	4	5760
268	268	1068	1068	2.0	0	0	4/4	7	1	1/2	1/2	1		3	69	A4	4	5769
268	268	1070	1070	2.0	1/2	1/2	4/4	4	1	1/2	1/2	1		2	50	D3	3	5759
268	268	1070	1070	2.0	1/2	1/2	4/4	6	1	1/2	1/2	1		2	50	D3	3	5768
268	268	1070	1070	2.0	1/2	1/2	4/4	8	1	1/2	1/2	1		2	50	D3	3	5772
268	268	1070	1070	1.0	1/2	1/2	4/4	3	1	1/4	1/4	1		2	62	D4	4	5756
268	268	1070	1070	1.0	1/2	1/2	4/4	5	2	1/4	1/4	1		2	62	D4	4	5763
268	268	1070	1070	2.0	1/2	1/2	4/4	2	1	1/2	1/2	1		6	66	F#4	4	5754
268	268	1070	1070	2.0	1/2	1/2	4/4	5	3	1/2	1/2	1		6	66	F#4	4	5766
268	268	1070	1070	2.0	1/2	1/2	4/4	1	1	1/2	1/2	1		3	69	A4	4	5752
268	268	1070	1070	2.0	1/2	1/2	4/4	5	1	1/2	1/2	1		3	69	A4	4	5761
268	268	1070	1070	2.0	1/2	1/2	4/4	7	1	1/2	1/2	1		3	69	A4	4	5770
268	268	1071	1071	1.0	3/4	3/4	4/4	3	1	1/4	1/4	1		0	60	C4	4	5757
268	268	1071	1071	1.0	3/4	3/4	4/4	5	2	1/4	1/4	1		0	60	C4	4	5764
269	269	1072	1072	2.0	0	0	4/4	4	1	1/2	1/2	1		1	43	G2	2	5782
269	269	1072	1072	2.0	0	0	4/4	6	1	1/2	1/2	1		1	43	G2	2	5792
269	269	1072	1072	2.0	0	0	4/4	8	1	1/2	1/2	1		1	43	G2	2	5797
269	269	1072	1072	2.0	0	0	4/4	3	1	1/2	1/2	1		5	59	B3	3	5779
269	269	1072	1072	2.0	0	0	4/4	5	2	1/2	1/2	1		5	59	B3	3	5788
269	269	1072	1072	2.0	0	0	4/4	5	3	1/2	1/2	1		2	62	D4	4	5790
269	269	1072	1072	2.0	0	0	4/4	1	1	1/2	1/2	1		1	67	G4	4	5773
269	269	1072	1072	2.0	0	0	4/4	2	1	1/2	1/2	1		1	67	G4	4	5776
269	269	1072	1072	2.0	0	0	4/4	5	1	1/2	1/2	1		1	67	G4	4	5785
269	269	1072	1072	2.0	0	0	4/4	7	1	1/2	1/2	1		1	67	G4	4	5794
269	269	1074	1074	1.0	1/2	1/2	4/4	4	1	1/4	1/4	1		5	47	B2	2	5783
269	269	1074	1074	2.0	1/2	1/2	4/4	6	1	1/2	1/2	1		5	47	B2	2	5793
269	269	1074	1074	2.0	1/2	1/2	4/4	8	1	1/2	1/2	1		5	47	B2	2	5798
269	269	1074	1074	1.0	1/2	1/2	4/4	2	1	1/4	1/4	1		2	62	D4	4	5777
269	269	1074	1074	1.0	1/2	1/2	4/4	3	1	1/4	1/4	1		2	62	D4	4	5780
269	269	1074	1074	2.0	1/2	1/2	4/4	5	2	1/2	1/2	1		2	62	D4	4	5789
269	269	1074	1074	2.0	1/2	1/2	4/4	5	3	1/2	1/2	1		2	62	D4	4	5791
269	269	1074	1074	1.0	1/2	1/2	4/4	1	1	1/4	1/4	1		1	67	G4	4	5774
269	269	1074	1074	1.0	1/2	1/2	4/4	5	1	1/4	1/4	1		1	67	G4	4	5786
269	269	1074	1074	1.0	1/2	1/2	4/4	7	1	1/4	1/4	1		1	67	G4	4	5795
269	269	1075	1075	1.0	3/4	3/4	4/4	4	1	1/4	1/4	1		5	47	B2	2	5784
269	269	1075	1075	1.0	3/4	3/4	4/4	2	1	1/4	1/4	1		2	62	D4	4	5778
269	269	1075	1075	1.0	3/4	3/4	4/4	3	1	1/4	1/4	1		2	62	D4	4	5781
269	269	1075	1075	1.0	3/4	3/4	4/4	1	1	1/4	1/4	1		1	67	G4	4	5775
269	269	1075	1075	1.0	3/4	3/4	4/4	5	1	1/4	1/4	1		1	67	G4	4	5787
269	269	1075	1075	1.0	3/4	3/4	4/4	7	1	1/4	1/4	1		1	67	G4	4	5796
270	270	1076	1076	2.0	0	0	4/4	4	1	1/2	1/2	1		0	48	C3	3	5805
270	270	1076	1076	2.0	0	0	4/4	8	1	1/2	1/2	1		0	48	C3	3	5814
270	270	1076	1076	4.0	0	0	4/4	6	1	1	1	1		0	48	C3	3	5811
270	270	1076	1076	2.0	0	0	4/4	3	1	1/2	1/2	1		0	60	C4	4	5803
270	270	1076	1076	4.0	0	0	4/4	5	2	1	1	1		0	60	C4	4	5809
270	270	1076	1076	2.0	0	0	4/4	2	1	1/2	1/2	1		4	64	E4	4	5801
270	270	1076	1076	4.0	0	0	4/4	5	3	1	1	1		4	64	E4	4	5810
270	270	1076	1076	2.0	0	0	4/4	1	1	1/2	1/2	1		1	67	G4	4	5799
270	270	1076	1076	2.0	0	0	4/4	5	1	1/2	1/2	1		1	67	G4	4	5807
270	270	1076	1076	2.0	0	0	4/4	7	1	1/2	1/2	1		1	67	G4	4	5812
270	270	1078	1078	2.0	1/2	1/2	4/4	4	1	1/2	1/2	1		0	48	C3	3	5806
270	270	1078	1078	2.0	1/2	1/2	4/4	8	1	1/2	1/2	1		0	48	C3	3	5815
270	270	1078	1078	2.0	1/2	1/2	4/4	3	1	1/2	1/2	1		0	60	C4	4	5804
270	270	1078	1078	2.0	1/2	1/2	4/4	2	1	1/2	1/2	1		4	64	E4	4	5802
270	270	1078	1078	2.0	1/2	1/2	4/4	1	1	1/2	1/2	1		3	69	A4	4	5800
270	270	1078	1078	2.0	1/2	1/2	4/4	5	1	1/2	1/2	1		3	69	A4	4	5808
270	270	1078	1078	2.0	1/2	1/2	4/4	7	1	1/2	1/2	1		3	69	A4	4	5813
271	271	1080	1080	2.0	0	0	4/4	4	1	1/2	1/2	1		2	50	D3	3	5822
271	271	1080	1080	2.0	0	0	4/4	6	1	1/2	1/2	1		2	50	D3	3	5829
271	271	1080	1080	2.0	0	0	4/4	8	1	1/2	1/2	1		2	50	D3	3	5833
271	271	1080	1080	2.0	0	0	4/4	3	1	1/2	1/2	1		5	59	B3	3	5820
271	271	1080	1080	4.0	0	0	4/4	5	2	1	1	1		5	59	B3	3	5826
271	271	1080	1080	2.0	0	0	4/4	2	1	1/2	1/2	1		-1	65	F4	4	5818
271	271	1080	1080	2.0	0	0	4/4	5	3	1/2	1/2	1		-1	65	F4	4	5827
271	271	1080	1080	2.0	0	0	4/4	1	1	1/2	1/2	1		3	69	A4	4	5816
271	271	1080	1080	2.0	0	0	4/4	5	1	1/2	1/2	1		3	69	A4	4	5824
271	271	1080	1080	2.0	0	0	4/4	7	1	1/2	1/2	1		3	69	A4	4	5831
271	271	1082	1082	2.0	1/2	1/2	4/4	4	1	1/2	1/2	1		4	52	E3	3	5823
271	271	1082	1082	2.0	1/2	1/2	4/4	6	1	1/2	1/2	1		4	52	E3	3	5830
271	271	1082	1082	2.0	1/2	1/2	4/4	8	1	1/2	1/2	1		4	52	E3	3	5834
271	271	1082	1082	2.0	1/2	1/2	4/4	3	1	1/2	1/2	1		5	59	B3	3	5821
271	271	1082	1082	2.0	1/2	1/2	4/4	2	1	1/2	1/2	1		4	64	E4	4	5819
271	271	1082	1082	2.0	1/2	1/2	4/4	5	3	1/2	1/2	1		4	64	E4	4	5828
271	271	1082	1082	2.0	1/2	1/2	4/4	1	1	1/2	1/2	1		8	68	G#4	4	5817
271	271	1082	1082	2.0	1/2	1/2	4/4	5	1	1/2	1/2	1		8	68	G#4	4	5825
271	271	1082	1082	2.0	1/2	1/2	4/4	7	1	1/2	1/2	1		8	68	G#4	4	5832
272	272	1084	1084	2.0	0	0	4/4	4	1	1/2	1/2	1		3	45	A2	2	5844
272	272	1084	1084	2.0	0	0	4/4	6	1	1/2	1/2	1		3	45	A2	2	5854
272	272	1084	1084	2.0	0	0	4/4	8	1	1/2	1/2	1		3	45	A2	2	5859
272	272	1084	1084	2.0	0	0	4/4	3	1	1/2	1/2	1		0	60	C4	4	5841
272	272	1084	1084	2.0	0	0	4/4	5	2	1/2	1/2	1		0	60	C4	4	5850
272	272	1084	1084	2.0	0	0	4/4	2	1	1/2	1/2	1		4	64	E4	4	5838
272	272	1084	1084	2.0	0	0	4/4	5	3	1/2	1/2	1		4	64	E4	4	5852
272	272	1084	1084	2.0	0	0	4/4	1	1	1/2	1/2	1		3	69	A4	4	5835
272	272	1084	1084	2.0	0	0	4/4	5	1	1/2	1/2	1		3	69	A4	4	5847
272	272	1084	1084	2.0	0	0	4/4	7	1	1/2	1/2	1		3	69	A4	4	5856
272	272	1086	1086	1.0	1/2	1/2	4/4	4	1	1/4	1/4	1		1	43	G2	2	5845
272	272	1086	1086	2.0	1/2	1/2	4/4	6	1	1/2	1/2	1		1	43	G2	2	5855
272	272	1086	1086	2.0	1/2	1/2	4/4	8	1	1/2	1/2	1		1	43	G2	2	5860
272	272	1086	1086	1.0	1/2	1/2	4/4	3	1	1/4	1/4	1		2	62	D4	4	5842
272	272	1086	1086	2.0	1/2	1/2	4/4	5	2	1/2	1/2	1		2	62	D4	4	5851
272	272	1086	1086	1.0	1/2	1/2	4/4	2	1	1/4	1/4	1		1	67	G4	4	5839
272	272	1086	1086	2.0	1/2	1/2	4/4	5	3	1/2	1/2	1		1	67	G4	4	5853
272	272	1086	1086	1.0	1/2	1/2	4/4	1	1	1/4	1/4	1		5	71	B4	4	5836
272	272	1086	1086	1.0	1/2	1/2	4/4	5	1	1/4	1/4	1		5	71	B4	4	5848
272	272	1086	1086	1.0	1/2	1/2	4/4	7	1	1/4	1/4	1		5	71	B4	4	5857
272	272	1087	1087	1.0	3/4	3/4	4/4	4	1	1/4	1/4	1		1	43	G2	2	5846
272	272	1087	1087	1.0	3/4	3/4	4/4	3	1	1/4	1/4	1		2	62	D4	4	5843
272	272	1087	1087	1.0	3/4	3/4	4/4	2	1	1/4	1/4	1		1	67	G4	4	5840
272	272	1087	1087	1.0	3/4	3/4	4/4	1	1	1/4	1/4	1		5	71	B4	4	5837
272	272	1087	1087	1.0	3/4	3/4	4/4	5	1	1/4	1/4	1		5	71	B4	4	5849
272	272	1087	1087	1.0	3/4	3/4	4/4	7	1	1/4	1/4	1		5	71	B4	4	5858
273	273	1088	1088	2.0	0	0	4/4	4	1	1/2	1/2	1		1	55	G3	3	5870
273	273	1088	1088	2.0	0	0	4/4	6	1	1/2	1/2	1		1	55	G3	3	5880
273	273	1088	1088	2.0	0	0	4/4	8	1	1/2	1/2	1		1	55	G3	3	5885
273	273	1088	1088	2.0	0	0	4/4	3	1	1/2	1/2	1		2	62	D4	4	5867
273	273	1088	1088	2.0	0	0	4/4	5	2	1/2	1/2	1		2	62	D4	4	5876
273	273	1088	1088	2.0	0	0	4/4	2	1	1/2	1/2	1		1	67	G4	4	5864
273	273	1088	1088	2.0	0	0	4/4	5	3	1/2	1/2	1		1	67	G4	4	5878
273	273	1088	1088	2.0	0	0	4/4	1	1	1/2	1/2	1		5	71	B4	4	5861
273	273	1088	1088	2.0	0	0	4/4	5	1	1/2	1/2	1		5	71	B4	4	5873
273	273	1088	1088	2.0	0	0	4/4	7	1	1/2	1/2	1		5	71	B4	4	5882
273	273	1090	1090	1.0	1/2	1/2	4/4	4	1	1/4	1/4	1		4	52	E3	3	5871
273	273	1090	1090	2.0	1/2	1/2	4/4	6	1	1/2	1/2	1		4	52	E3	3	5881
273	273	1090	1090	2.0	1/2	1/2	4/4	8	1	1/2	1/2	1		4	52	E3	3	5886
273	273	1090	1090	1.0	1/2	1/2	4/4	3	1	1/4	1/4	1		4	64	E4	4	5868
273	273	1090	1090	2.0	1/2	1/2	4/4	5	2	1/2	1/2	1		4	64	E4	4	5877
273	273	1090	1090	1.0	1/2	1/2	4/4	2	1	1/4	1/4	1		1	67	G4	4	5865
273	273	1090	1090	2.0	1/2	1/2	4/4	5	3	1/2	1/2	1	1	1	67	G4	4	5879
273	273	1090	1090	1.0	1/2	1/2	4/4	1	1	1/4	1/4	1		5	71	B4	4	5862
273	273	1090	1090	1.0	1/2	1/2	4/4	5	1	1/4	1/4	1		5	71	B4	4	5874
273	273	1090	1090	1.0	1/2	1/2	4/4	7	1	1/4	1/4	1		5	71	B4	4	5883
273	273	1091	1091	1.0	3/4	3/4	4/4	4	1	1/4	1/4	1		4	52	E3	3	5872
273	273	1091	1091	1.0	3/4	3/4	4/4	3	1	1/4	1/4	1		4	64	E4	4	5869
273	273	1091	1091	1.0	3/4	3/4	4/4	2	1	1/4	1/4	1		1	67	G4	4	5866
273	273	1091	1091	1.0	3/4	3/4	4/4	1	1	1/4	1/4	1		5	71	B4	4	5863
273	273	1091	1091	1.0	3/4	3/4	4/4	5	1	1/4	1/4	1		5	71	B4	4	5875
273	273	1091	1091	1.0	3/4	3/4	4/4	7	1	1/4	1/4	1		5	71	B4	4	5884
274	274	1092	1092	2.0	0	0	4/4	4	1	1/2	1/2	1		0	48	C3	3	5896
274	274	1092	1092	2.0	0	0	4/4	6	1	1/2	1/2	1		0	48	C3	3	5906
274	274	1092	1092	2.0	0	0	4/4	8	1	1/2	1/2	1		0	48	C3	3	5911
274	274	1092	1092	2.0	0	0	4/4	3	1	1/2	1/2	1		4	64	E4	4	5893
274	274	1092	1092	2.0	0	0	4/4	5	2	1/2	1/2	1		4	64	E4	4	5902
274	274	1092	1092	2.0	0	0	4/4	2	1	1/2	1/2	1		1	67	G4	4	5890
274	274	1092	1092	2.0	0	0	4/4	5	3	1/2	1/2	1	-1	1	67	G4	4	5904
274	274	1092	1092	2.0	0	0	4/4	1	1	1/2	1/2	1		3	69	A4	4	5887
274	274	1092	1092	2.0	0	0	4/4	5	1	1/2	1/2	1		3	69	A4	4	5899
274	274	1092	1092	2.0	0	0	4/4	7	1	1/2	1/2	1		3	69	A4	4	5908
274	274	1094	1094	1.0	1/2	1/2	4/4	4	1	1/4	1/4	1		2	50	D3	3	5897
274	274	1094	1094	2.0	1/2	1/2	4/4	6	1	1/2	1/2	1		2	50	D3	3	5907
274	274	1094	1094	2.0	1/2	1/2	4/4	8	1	1/2	1/2	1		2	50	D3	3	5912
274	274	1094	1094	1.0	1/2	1/2	4/4	3	1	1/4	1/4	1		2	62	D4	4	5894
274	274	1094	1094	2.0	1/2	1/2	4/4	5	2	1/2	1/2	1		2	62	D4	4	5903
274	274	1094	1094	1.0	1/2	1/2	4/4	2	1	1/4	1/4	1		6	66	F#4	4	5891
274	274	1094	1094	2.0	1/2	1/2	4/4	5	3	1/2	1/2	1		6	66	F#4	4	5905
274	274	1094	1094	1.0	1/2	1/2	4/4	1	1	1/4	1/4	1		3	69	A4	4	5888
274	274	1094	1094	1.0	1/2	1/2	4/4	5	1	1/4	1/4	1		3	69	A4	4	5900
274	274	1094	1094	1.0	1/2	1/2	4/4	7	1	1/4	1/4	1		3	69	A4	4	5909
274	274	1095	1095	1.0	3/4	3/4	4/4	4	1	1/4	1/4	1		2	50	D3	3	5898
274	274	1095	1095	1.0	3/4	3/4	4/4	3	1	1/4	1/4	1		2	62	D4	4	5895
274	274	1095	1095	1.0	3/4	3/4	4/4	2	1	1/4	1/4	1		6	66	F#4	4	5892
274	274	1095	1095	1.0	3/4	3/4	4/4	1	1	1/4	1/4	1		3	69	A4	4	5889
274	274	1095	1095	1.0	3/4	3/4	4/4	5	1	1/4	1/4	1		3	69	A4	4	5901
274	274	1095	1095	1.0	3/4	3/4	4/4	7	1	1/4	1/4	1		3	69	A4	4	5910
275	275	1096	1096	2.0	0	0	4/4	4	1	1/2	1/2	1		1	43	G2	2	5922
275	275	1096	1096	2.0	0	0	4/4	6	1	1/2	1/2	1		1	43	G2	2	5931
275	275	1096	1096	2.0	0	0	4/4	8	1	1/2	1/2	1		1	43	G2	2	5936
275	275	1096	1096	2.0	0	0	4/4	3	1	1/2	1/2	1		2	62	D4	4	5919
275	275	1096	1096	2.0	0	0	4/4	5	2	1/2	1/2	1		2	62	D4	4	5927
275	275	1096	1096	2.0	0	0	4/4	2	1	1/2	1/2	1		1	67	G4	4	5916
275	275	1096	1096	2.0	0	0	4/4	5	3	1/2	1/2	1		1	67	G4	4	5929
275	275	1096	1096	2.0	0	0	4/4	1	1	1/2	1/2	1		5	71	B4	4	5913
275	275	1096	1096	2.0	0	0	4/4	5	1	1/2	1/2	1		5	71	B4	4	5925
275	275	1096	1096	2.0	0	0	4/4	7	1	1/2	1/2	1		5	71	B4	4	5933
275	275	1098	1098	1.0	1/2	1/2	4/4	4	1	1/4	1/4	1		2	50	D3	3	5923
275	275	1098	1098	2.0	1/2	1/2	4/4	6	1	1/2	1/2	1		2	50	D3	3	5932
275	275	1098	1098	2.0	1/2	1/2	4/4	8	1	1/2	1/2	1		2	50	D3	3	5937
275	275	1098	1098	1.0	1/2	1/2	4/4	3	1	1/4	1/4	1		2	62	D4	4	5920
275	275	1098	1098	2.0	1/2	1/2	4/4	5	2	1/2	1/2	1		2	62	D4	4	5928
275	275	1098	1098	1.0	1/2	1/2	4/4	2	1	1/4	1/4	1		-1	65	F4	4	5917
275	275	1098	1098	2.0	1/2	1/2	4/4	5	3	1/2	1/2	1		-1	65	F4	4	5930
275	275	1098	1098	1.0	1/2	1/2	4/4	1	1	1/4	1/4	1		5	71	B4	4	5914
275	275	1098	1098	1.0	1/2	1/2	4/4	7	1	1/4	1/4	1		5	71	B4	4	5934
275	275	1098	1098	2.0	1/2	1/2	4/4	5	1	1/2	1/2	1		5	71	B4	4	5926
275	275	1099	1099	1.0	3/4	3/4	4/4	4	1	1/4	1/4	1		2	50	D3	3	5924
275	275	1099	1099	1.0	3/4	3/4	4/4	3	1	1/4	1/4	1		2	62	D4	4	5921
275	275	1099	1099	1.0	3/4	3/4	4/4	2	1	1/4	1/4	1		-1	65	F4	4	5918
275	275	1099	1099	1.0	3/4	3/4	4/4	1	1	1/4	1/4	1		5	71	B4	4	5915
275	275	1099	1099	1.0	3/4	3/4	4/4	7	1	1/4	1/4	1		5	71	B4	4	5935
276	276	1100	1100	2.0	0	0	4/4	4	1	1/2	1/2	1		0	48	C3	3	5944
276	276	1100	1100	2.0	0	0	4/4	6	1	1/2	1/2	1		0	48	C3	3	5952
276	276	1100	1100	2.0	0	0	4/4	8	1	1/2	1/2	1		0	48	C3	3	5956
276	276	1100	1100	2.0	0	0	4/4	3	1	1/2	1/2	1		4	64	E4	4	5942
276	276	1100	1100	2.0	0	0	4/4	5	2	1/2	1/2	1		4	64	E4	4	5948
276	276	1100	1100	2.0	0	0	4/4	2	1	1/2	1/2	1		1	67	G4	4	5940
276	276	1100	1100	2.0	0	0	4/4	5	3	1/2	1/2	1		1	67	G4	4	5950
276	276	1100	1100	2.0	0	0	4/4	1	1	1/2	1/2	1		0	72	C5	5	5938
276	276	1100	1100	2.0	0	0	4/4	5	1	1/2	1/2	1		0	72	C5	5	5946
276	276	1100	1100	2.0	0	0	4/4	7	1	1/2	1/2	1		0	72	C5	5	5954
276	276	1102	1102	2.0	1/2	1/2	4/4	4	1	1/2	1/2	1		1	55	G3	3	5945
276	276	1102	1102	2.0	1/2	1/2	4/4	6	1	1/2	1/2	1		1	55	G3	3	5953
276	276	1102	1102	2.0	1/2	1/2	4/4	8	1	1/2	1/2	1		1	55	G3	3	5957
276	276	1102	1102	2.0	1/2	1/2	4/4	3	1	1/2	1/2	1		2	62	D4	4	5943
276	276	1102	1102	2.0	1/2	1/2	4/4	5	2	1/2	1/2	1		2	62	D4	4	5949
276	276	1102	1102	2.0	1/2	1/2	4/4	2	1	1/2	1/2	1	1	1	67	G4	4	5941
276	276	1102	1102	2.0	1/2	1/2	4/4	5	3	1/2	1/2	1	1	1	67	G4	4	5951
276	276	1102	1102	2.0	1/2	1/2	4/4	1	1	1/2	1/2	1		5	71	B4	4	5939
276	276	1102	1102	2.0	1/2	1/2	4/4	5	1	1/2	1/2	1		5	71	B4	4	5947
276	276	1102	1102	2.0	1/2	1/2	4/4	7	1	1/2	1/2	1		5	71	B4	4	5955
277	277	1104	1104	4.0	0	0	4/4	4	1	1	1	1		2	50	D3	3	5963
277	277	1104	1104	4.0	0	0	4/4	6	1	1	1	1		2	50	D3	3	5969
277	277	1104	1104	4.0	0	0	4/4	8	1	1	1	1		2	50	D3	3	5971
277	277	1104	1104	2.0	0	0	4/4	3	1	1/2	1/2	1		2	62	D4	4	5961
277	277	1104	1104	2.0	0	0	4/4	5	2	1/2	1/2	1		2	62	D4	4	5965
277	277	1104	1104	2.0	0	0	4/4	2	1	1/2	1/2	1	-1	1	67	G4	4	5959
277	277	1104	1104	2.0	0	0	4/4	5	3	1/2	1/2	1	-1	1	67	G4	4	5967
277	277	1104	1104	4.0	0	0	4/4	1	1	1	1	1		3	69	A4	4	5958
277	277	1104	1104	4.0	0	0	4/4	5	1	1	1	1		3	69	A4	4	5964
277	277	1104	1104	4.0	0	0	4/4	7	1	1	1	1		3	69	A4	4	5970
277	277	1106	1106	2.0	1/2	1/2	4/4	3	1	1/2	1/2	1		0	60	C4	4	5962
277	277	1106	1106	2.0	1/2	1/2	4/4	5	2	1/2	1/2	1		0	60	C4	4	5966
277	277	1106	1106	2.0	1/2	1/2	4/4	2	1	1/2	1/2	1		6	66	F#4	4	5960
277	277	1106	1106	2.0	1/2	1/2	4/4	5	3	1/2	1/2	1		6	66	F#4	4	5968
278	278	1108	1108	2.0	0	0	4/4	4	1	1/2	1/2	1		1	43	G2	2	5981
278	278	1108	1108	2.0	0	0	4/4	6	1	1/2	1/2	1		1	43	G2	2	5991
278	278	1108	1108	2.0	0	0	4/4	8	1	1/2	1/2	1		1	43	G2	2	5996
278	278	1108	1108	2.0	0	0	4/4	3	1	1/2	1/2	1		5	59	B3	3	5978
278	278	1108	1108	2.0	0	0	4/4	5	2	1/2	1/2	1		5	59	B3	3	5987
278	278	1108	1108	2.0	0	0	4/4	5	3	1/2	1/2	1		2	62	D4	4	5989
278	278	1108	1108	2.0	0	0	4/4	1	1	1/2	1/2	1		1	67	G4	4	5972
278	278	1108	1108	2.0	0	0	4/4	2	1	1/2	1/2	1		1	67	G4	4	5975
278	278	1108	1108	2.0	0	0	4/4	5	1	1/2	1/2	1		1	67	G4	4	5984
278	278	1108	1108	2.0	0	0	4/4	7	1	1/2	1/2	1		1	67	G4	4	5993
278	278	1110	1110	1.0	1/2	1/2	4/4	4	1	1/4	1/4	1		4	52	E3	3	5982
278	278	1110	1110	2.0	1/2	1/2	4/4	6	1	1/2	1/2	1		4	52	E3	3	5992
278	278	1110	1110	2.0	1/2	1/2	4/4	8	1	1/2	1/2	1		4	52	E3	3	5997
278	278	1110	1110	1.0	1/2	1/2	4/4	3	1	1/4	1/4	1		5	59	B3	3	5979
278	278	1110	1110	2.0	1/2	1/2	4/4	5	2	1/2	1/2	1		5	59	B3	3	5988
278	278	1110	1110	1.0	1/2	1/2	4/4	2	1	1/4	1/4	1		4	64	E4	4	5976
278	278	1110	1110	2.0	1/2	1/2	4/4	5	3	1/2	1/2	1		4	64	E4	4	5990
278	278	1110	1110	1.0	1/2	1/2	4/4	1	1	1/4	1/4	1		1	67	G4	4	5973
278	278	1110	1110	1.0	1/2	1/2	4/4	5	1	1/4	1/4	1		1	67	G4	4	5985
278	278	1110	1110	1.0	1/2	1/2	4/4	7	1	1/4	1/4	1		1	67	G4	4	5994
278	278	1111	1111	1.0	3/4	3/4	4/4	4	1	1/4	1/4	1		4	52	E3	3	5983
278	278	1111	1111	1.0	3/4	3/4	4/4	3	1	1/4	1/4	1		5	59	B3	3	5980
278	278	1111	1111	1.0	3/4	3/4	4/4	2	1	1/4	1/4	1		4	64	E4	4	5977
278	278	1111	1111	1.0	3/4	3/4	4/4	1	1	1/4	1/4	1		1	67	G4	4	5974
278	278	1111	1111	1.0	3/4	3/4	4/4	5	1	1/4	1/4	1		1	67	G4	4	5986
278	278	1111	1111	1.0	3/4	3/4	4/4	7	1	1/4	1/4	1		1	67	G4	4	5995
279	279	1112	1112	2.0	0	0	4/4	4	1	1/2	1/2	1		2	50	D3	3	6004
279	279	1112	1112	2.0	0	0	4/4	6	1	1/2	1/2	1		2	50	D3	3	6012
279	279	1112	1112	2.0	0	0	4/4	8	1	1/2	1/2	1		2	50	D3	3	6016
279	279	1112	1112	2.0	0	0	4/4	3	1	1/2	1/2	1		5	59	B3	3	6002
279	279	1112	1112	2.0	0	0	4/4	5	2	1/2	1/2	1		5	59	B3	3	6008
279	279	1112	1112	2.0	0	0	4/4	2	1	1/2	1/2	1		4	64	E4	4	6000
279	279	1112	1112	2.0	0	0	4/4	5	3	1/2	1/2	1		4	64	E4	4	6010
279	279	1112	1112	2.0	0	0	4/4	1	1	1/2	1/2	1		1	67	G4	4	5998
279	279	1112	1112	2.0	0	0	4/4	5	1	1/2	1/2	1		1	67	G4	4	6006
279	279	1112	1112	2.0	0	0	4/4	7	1	1/2	1/2	1		1	67	G4	4	6014
279	279	1114	1114	2.0	1/2	1/2	4/4	4	1	1/2	1/2	1		0	48	C3	3	6005
279	279	1114	1114	2.0	1/2	1/2	4/4	6	1	1/2	1/2	1		0	48	C3	3	6013
279	279	1114	1114	2.0	1/2	1/2	4/4	8	1	1/2	1/2	1		0	48	C3	3	6017
279	279	1114	1114	2.0	1/2	1/2	4/4	3	1	1/2	1/2	1		0	60	C4	4	6003
279	279	1114	1114	2.0	1/2	1/2	4/4	5	2	1/2	1/2	1		0	60	C4	4	6009
279	279	1114	1114	2.0	1/2	1/2	4/4	2	1	1/2	1/2	1		4	64	E4	4	6001
279	279	1114	1114	2.0	1/2	1/2	4/4	5	3	1/2	1/2	1		4	64	E4	4	6011
279	279	1114	1114	2.0	1/2	1/2	4/4	1	1	1/2	1/2	1		3	69	A4	4	5999
279	279	1114	1114	2.0	1/2	1/2	4/4	5	1	1/2	1/2	1		3	69	A4	4	6007
279	279	1114	1114	2.0	1/2	1/2	4/4	7	1	1/2	1/2	1		3	69	A4	4	6015
280	280	1116	1116	2.0	0	0	4/4	4	1	1/2	1/2	1		5	47	B2	2	6024
280	280	1116	1116	2.0	0	0	4/4	6	1	1/2	1/2	1		5	47	B2	2	6032
280	280	1116	1116	2.0	0	0	4/4	8	1	1/2	1/2	1		5	47	B2	2	6036
280	280	1116	1116	2.0	0	0	4/4	3	1	1/2	1/2	1		2	62	D4	4	6022
280	280	1116	1116	2.0	0	0	4/4	5	2	1/2	1/2	1		2	62	D4	4	6028
280	280	1116	1116	2.0	0	0	4/4	2	1	1/2	1/2	1		-1	65	F4	4	6020
280	280	1116	1116	2.0	0	0	4/4	5	3	1/2	1/2	1		-1	65	F4	4	6030
280	280	1116	1116	2.0	0	0	4/4	1	1	1/2	1/2	1		3	69	A4	4	6018
280	280	1116	1116	2.0	0	0	4/4	5	1	1/2	1/2	1		3	69	A4	4	6026
280	280	1116	1116	2.0	0	0	4/4	7	1	1/2	1/2	1		3	69	A4	4	6034
280	280	1118	1118	2.0	1/2	1/2	4/4	4	1	1/2	1/2	1		4	52	E3	3	6025
280	280	1118	1118	2.0	1/2	1/2	4/4	6	1	1/2	1/2	1		4	52	E3	3	6033
280	280	1118	1118	2.0	1/2	1/2	4/4	8	1	1/2	1/2	1		4	52	E3	3	6037
280	280	1118	1118	2.0	1/2	1/2	4/4	3	1	1/2	1/2	1		5	59	B3	3	6023
280	280	1118	1118	2.0	1/2	1/2	4/4	5	2	1/2	1/2	1		5	59	B3	3	6029
280	280	1118	1118	2.0	1/2	1/2	4/4	2	1	1/2	1/2	1		4	64	E4	4	6021
280	280	1118	1118	2.0	1/2	1/2	4/4	5	3	1/2	1/2	1		4	64	E4	4	6031
280	280	1118	1118	2.0	1/2	1/2	4/4	1	1	1/2	1/2	1		8	68	G#4	4	6019
280	280	1118	1118	2.0	1/2	1/2	4/4	5	1	1/2	1/2	1		8	68	G#4	4	6027
280	280	1118	1118	2.0	1/2	1/2	4/4	7	1	1/2	1/2	1		8	68	G#4	4	6035
281	281	1120	1120	2.0	0	0	4/4	4	1	1/2	1/2	1		3	45	A2	2	6044
281	281	1120	1120	2.0	0	0	4/4	6	1	1/2	1/2	1		3	45	A2	2	6052
281	281	1120	1120	2.0	0	0	4/4	8	1	1/2	1/2	1		3	45	A2	2	6056
281	281	1120	1120	2.0	0	0	4/4	3	1	1/2	1/2	1		0	60	C4	4	6042
281	281	1120	1120	2.0	0	0	4/4	5	2	1/2	1/2	1		0	60	C4	4	6048
281	281	1120	1120	2.0	0	0	4/4	2	1	1/2	1/2	1		4	64	E4	4	6040
281	281	1120	1120	2.0	0	0	4/4	5	3	1/2	1/2	1		4	64	E4	4	6050
281	281	1120	1120	2.0	0	0	4/4	1	1	1/2	1/2	1		3	69	A4	4	6038
281	281	1120	1120	2.0	0	0	4/4	5	1	1/2	1/2	1		3	69	A4	4	6046
281	281	1120	1120	2.0	0	0	4/4	7	1	1/2	1/2	1		3	69	A4	4	6054
281	281	1122	1122	2.0	1/2	1/2	4/4	4	1	1/2	1/2	1		1	43	G2	2	6045
281	281	1122	1122	2.0	1/2	1/2	4/4	6	1	1/2	1/2	1		1	43	G2	2	6053
281	281	1122	1122	2.0	1/2	1/2	4/4	8	1	1/2	1/2	1		1	43	G2	2	6057
281	281	1122	1122	2.0	1/2	1/2	4/4	3	1	1/2	1/2	1		2	62	D4	4	6043
281	281	1122	1122	2.0	1/2	1/2	4/4	5	2	1/2	1/2	1		2	62	D4	4	6049
281	281	1122	1122	2.0	1/2	1/2	4/4	2	1	1/2	1/2	1		1	67	G4	4	6041
281	281	1122	1122	2.0	1/2	1/2	4/4	5	3	1/2	1/2	1		1	67	G4	4	6051
281	281	1122	1122	2.0	1/2	1/2	4/4	1	1	1/2	1/2	1		5	71	B4	4	6039
281	281	1122	1122	2.0	1/2	1/2	4/4	5	1	1/2	1/2	1		5	71	B4	4	6047
281	281	1122	1122	2.0	1/2	1/2	4/4	7	1	1/2	1/2	1		5	71	B4	4	6055
282	282	1124	1124	2.0	0	0	4/4	4	1	1/2	1/2	1		1	55	G3	3	6067
282	282	1124	1124	2.0	0	0	4/4	6	1	1/2	1/2	1		1	55	G3	3	6077
282	282	1124	1124	2.0	0	0	4/4	8	1	1/2	1/2	1		1	55	G3	3	6082
282	282	1124	1124	2.0	0	0	4/4	3	1	1/2	1/2	1		2	62	D4	4	6064
282	282	1124	1124	2.0	0	0	4/4	5	2	1/2	1/2	1		2	62	D4	4	6073
282	282	1124	1124	2.0	0	0	4/4	2	1	1/2	1/2	1		1	67	G4	4	6061
282	282	1124	1124	2.0	0	0	4/4	5	3	1/2	1/2	1		1	67	G4	4	6075
282	282	1124	1124	2.0	0	0	4/4	1	1	1/2	1/2	1		5	71	B4	4	6058
282	282	1124	1124	2.0	0	0	4/4	5	1	1/2	1/2	1		5	71	B4	4	6070
282	282	1124	1124	2.0	0	0	4/4	7	1	1/2	1/2	1		5	71	B4	4	6079
282	282	1126	1126	1.0	1/2	1/2	4/4	4	1	1/4	1/4	1		5	47	B2	2	6068
282	282	1126	1126	2.0	1/2	1/2	4/4	6	1	1/2	1/2	1		5	47	B2	2	6078
282	282	1126	1126	2.0	1/2	1/2	4/4	8	1	1/2	1/2	1		5	47	B2	2	6083
282	282	1126	1126	1.0	1/2	1/2	4/4	3	1	1/4	1/4	1		2	62	D4	4	6065
282	282	1126	1126	2.0	1/2	1/2	4/4	5	2	1/2	1/2	1		2	62	D4	4	6074
282	282	1126	1126	1.0	1/2	1/2	4/4	2	1	1/4	1/4	1		1	67	G4	4	6062
282	282	1126	1126	2.0	1/2	1/2	4/4	5	3	1/2	1/2	1	1	1	67	G4	4	6076
282	282	1126	1126	1.0	1/2	1/2	4/4	1	1	1/4	1/4	1		5	71	B4	4	6059
282	282	1126	1126	1.0	1/2	1/2	4/4	5	1	1/4	1/4	1		5	71	B4	4	6071
282	282	1126	1126	1.0	1/2	1/2	4/4	7	1	1/4	1/4	1		5	71	B4	4	6080
282	282	1127	1127	1.0	3/4	3/4	4/4	4	1	1/4	1/4	1		5	47	B2	2	6069
282	282	1127	1127	1.0	3/4	3/4	4/4	3	1	1/4	1/4	1		2	62	D4	4	6066
282	282	1127	1127	1.0	3/4	3/4	4/4	2	1	1/4	1/4	1		1	67	G4	4	6063
282	282	1127	1127	1.0	3/4	3/4	4/4	1	1	1/4	1/4	1		5	71	B4	4	6060
282	282	1127	1127	1.0	3/4	3/4	4/4	5	1	1/4	1/4	1		5	71	B4	4	6072
282	282	1127	1127	1.0	3/4	3/4	4/4	7	1	1/4	1/4	1		5	71	B4	4	6081
283	283	1128	1128	2.0	0	0	4/4	4	1	1/2	1/2	1		0	48	C3	3	6093
283	283	1128	1128	2.0	0	0	4/4	6	1	1/2	1/2	1		0	48	C3	3	6103
283	283	1128	1128	2.0	0	0	4/4	8	1	1/2	1/2	1		0	48	C3	3	6108
283	283	1128	1128	2.0	0	0	4/4	3	1	1/2	1/2	1		4	64	E4	4	6090
283	283	1128	1128	2.0	0	0	4/4	5	2	1/2	1/2	1		4	64	E4	4	6099
283	283	1128	1128	2.0	0	0	4/4	2	1	1/2	1/2	1		1	67	G4	4	6087
283	283	1128	1128	2.0	0	0	4/4	5	3	1/2	1/2	1	-1	1	67	G4	4	6101
283	283	1128	1128	2.0	0	0	4/4	1	1	1/2	1/2	1		3	69	A4	4	6084
283	283	1128	1128	2.0	0	0	4/4	5	1	1/2	1/2	1		3	69	A4	4	6096
283	283	1128	1128	2.0	0	0	4/4	7	1	1/2	1/2	1		3	69	A4	4	6105
283	283	1130	1130	1.0	1/2	1/2	4/4	4	1	1/4	1/4	1		2	50	D3	3	6094
283	283	1130	1130	2.0	1/2	1/2	4/4	6	1	1/2	1/2	1		2	50	D3	3	6104
283	283	1130	1130	2.0	1/2	1/2	4/4	8	1	1/2	1/2	1		2	50	D3	3	6109
283	283	1130	1130	1.0	1/2	1/2	4/4	3	1	1/4	1/4	1		2	62	D4	4	6091
283	283	1130	1130	2.0	1/2	1/2	4/4	5	2	1/2	1/2	1		2	62	D4	4	6100
283	283	1130	1130	1.0	1/2	1/2	4/4	2	1	1/4	1/4	1		6	66	F#4	4	6088
283	283	1130	1130	2.0	1/2	1/2	4/4	5	3	1/2	1/2	1		6	66	F#4	4	6102
283	283	1130	1130	1.0	1/2	1/2	4/4	1	1	1/4	1/4	1		3	69	A4	4	6085
283	283	1130	1130	1.0	1/2	1/2	4/4	5	1	1/4	1/4	1		3	69	A4	4	6097
283	283	1130	1130	1.0	1/2	1/2	4/4	7	1	1/4	1/4	1		3	69	A4	4	6106
283	283	1131	1131	1.0	3/4	3/4	4/4	4	1	1/4	1/4	1		2	50	D3	3	6095
283	283	1131	1131	1.0	3/4	3/4	4/4	3	1	1/4	1/4	1		2	62	D4	4	6092
283	283	1131	1131	1.0	3/4	3/4	4/4	2	1	1/4	1/4	1		6	66	F#4	4	6089
283	283	1131	1131	1.0	3/4	3/4	4/4	1	1	1/4	1/4	1		3	69	A4	4	6086
283	283	1131	1131	1.0	3/4	3/4	4/4	5	1	1/4	1/4	1		3	69	A4	4	6098
283	283	1131	1131	1.0	3/4	3/4	4/4	7	1	1/4	1/4	1		3	69	A4	4	6107
284	284	1132	1132	2.0	0	0	4/4	4	1	1/2	1/2	1		1	43	G2	2	6116
284	284	1132	1132	2.0	0	0	4/4	6	1	1/2	1/2	1		1	43	G2	2	6124
284	284	1132	1132	2.0	0	0	4/4	8	1	1/2	1/2	1		1	43	G2	2	6128
284	284	1132	1132	2.0	0	0	4/4	3	1	1/2	1/2	1		2	62	D4	4	6114
284	284	1132	1132	2.0	0	0	4/4	5	2	1/2	1/2	1		2	62	D4	4	6120
284	284	1132	1132	2.0	0	0	4/4	2	1	1/2	1/2	1		1	67	G4	4	6112
284	284	1132	1132	2.0	0	0	4/4	5	3	1/2	1/2	1		1	67	G4	4	6122
284	284	1132	1132	2.0	0	0	4/4	1	1	1/2	1/2	1		5	71	B4	4	6110
284	284	1132	1132	2.0	0	0	4/4	5	1	1/2	1/2	1		5	71	B4	4	6118
284	284	1132	1132	2.0	0	0	4/4	7	1	1/2	1/2	1		5	71	B4	4	6126
284	284	1134	1134	2.0	1/2	1/2	4/4	4	1	1/2	1/2	1		1	55	G3	3	6117
284	284	1134	1134	2.0	1/2	1/2	4/4	6	1	1/2	1/2	1		1	55	G3	3	6125
284	284	1134	1134	2.0	1/2	1/2	4/4	8	1	1/2	1/2	1		1	55	G3	3	6129
284	284	1134	1134	2.0	1/2	1/2	4/4	3	1	1/2	1/2	1		2	62	D4	4	6115
284	284	1134	1134	2.0	1/2	1/2	4/4	5	2	1/2	1/2	1		2	62	D4	4	6121
284	284	1134	1134	2.0	1/2	1/2	4/4	2	1	1/2	1/2	1		1	67	G4	4	6113
284	284	1134	1134	2.0	1/2	1/2	4/4	5	3	1/2	1/2	1		1	67	G4	4	6123
284	284	1134	1134	2.0	1/2	1/2	4/4	1	1	1/2	1/2	1		5	71	B4	4	6111
284	284	1134	1134	2.0	1/2	1/2	4/4	5	1	1/2	1/2	1		5	71	B4	4	6119
284	284	1134	1134	2.0	1/2	1/2	4/4	7	1	1/2	1/2	1		5	71	B4	4	6127
285	285	1136	1136	2.0	0	0	4/4	4	1	1/2	1/2	1		6	54	F#3	3	6136
285	285	1136	1136	2.0	0	0	4/4	6	1	1/2	1/2	1		6	54	F#3	3	6143
285	285	1136	1136	2.0	0	0	4/4	8	1	1/2	1/2	1		6	54	F#3	3	6147
285	285	1136	1136	2.0	0	0	4/4	3	1	1/2	1/2	1		2	62	D4	4	6134
285	285	1136	1136	4.0	0	0	4/4	5	2	1	1	1		2	62	D4	4	6140
285	285	1136	1136	2.0	0	0	4/4	2	1	1/2	1/2	1		3	69	A4	4	6132
285	285	1136	1136	2.0	0	0	4/4	5	3	1/2	1/2	1		3	69	A4	4	6141
285	285	1136	1136	2.0	0	0	4/4	1	1	1/2	1/2	1		0	72	C5	5	6130
285	285	1136	1136	2.0	0	0	4/4	5	1	1/2	1/2	1		0	72	C5	5	6138
285	285	1136	1136	2.0	0	0	4/4	7	1	1/2	1/2	1		0	72	C5	5	6145
285	285	1138	1138	2.0	1/2	1/2	4/4	4	1	1/2	1/2	1		1	55	G3	3	6137
285	285	1138	1138	2.0	1/2	1/2	4/4	6	1	1/2	1/2	1		1	55	G3	3	6144
285	285	1138	1138	2.0	1/2	1/2	4/4	8	1	1/2	1/2	1		1	55	G3	3	6148
285	285	1138	1138	2.0	1/2	1/2	4/4	3	1	1/2	1/2	1		2	62	D4	4	6135
285	285	1138	1138	2.0	1/2	1/2	4/4	2	1	1/2	1/2	1	1	1	67	G4	4	6133
285	285	1138	1138	2.0	1/2	1/2	4/4	5	3	1/2	1/2	1	1	1	67	G4	4	6142
285	285	1138	1138	2.0	1/2	1/2	4/4	1	1	1/2	1/2	1		5	71	B4	4	6131
285	285	1138	1138	2.0	1/2	1/2	4/4	5	1	1/2	1/2	1		5	71	B4	4	6139
285	285	1138	1138	2.0	1/2	1/2	4/4	7	1	1/2	1/2	1		5	71	B4	4	6146
286	286	1140	1140	4.0	0	0	4/4	4	1	1	1	1		2	50	D3	3	6154
286	286	1140	1140	4.0	0	0	4/4	6	1	1	1	1		2	50	D3	3	6160
286	286	1140	1140	4.0	0	0	4/4	8	1	1	1	1		2	50	D3	3	6162
286	286	1140	1140	2.0	0	0	4/4	3	1	1/2	1/2	1		2	62	D4	4	6152
286	286	1140	1140	2.0	0	0	4/4	5	2	1/2	1/2	1		2	62	D4	4	6156
286	286	1140	1140	2.0	0	0	4/4	2	1	1/2	1/2	1	-1	1	67	G4	4	6150
286	286	1140	1140	2.0	0	0	4/4	5	3	1/2	1/2	1	-1	1	67	G4	4	6158
286	286	1140	1140	4.0	0	0	4/4	1	1	1	1	1		3	69	A4	4	6149
286	286	1140	1140	4.0	0	0	4/4	5	1	1	1	1		3	69	A4	4	6155
286	286	1140	1140	4.0	0	0	4/4	7	1	1	1	1		3	69	A4	4	6161
286	286	1142	1142	2.0	1/2	1/2	4/4	3	1	1/2	1/2	1		0	60	C4	4	6153
286	286	1142	1142	2.0	1/2	1/2	4/4	5	2	1/2	1/2	1		0	60	C4	4	6157
286	286	1142	1142	2.0	1/2	1/2	4/4	2	1	1/2	1/2	1		6	66	F#4	4	6151
286	286	1142	1142	2.0	1/2	1/2	4/4	5	3	1/2	1/2	1		6	66	F#4	4	6159
287	287	1144	1144	2.0	0	0	4/4	4	1	1/2	1/2	1		1	43	G2	2	6172
287	287	1144	1144	2.0	0	0	4/4	6	1	1/2	1/2	1		1	43	G2	2	6182
287	287	1144	1144	2.0	0	0	4/4	8	1	1/2	1/2	1		1	43	G2	2	6187
287	287	1144	1144	2.0	0	0	4/4	3	1	1/2	1/2	1		5	59	B3	3	6169
287	287	1144	1144	2.0	0	0	4/4	5	2	1/2	1/2	1		5	59	B3	3	6178
287	287	1144	1144	2.0	0	0	4/4	5	3	1/2	1/2	1		2	62	D4	4	6180
287	287	1144	1144	2.0	0	0	4/4	1	1	1/2	1/2	1		1	67	G4	4	6163
287	287	1144	1144	2.0	0	0	4/4	2	1	1/2	1/2	1		1	67	G4	4	6166
287	287	1144	1144	2.0	0	0	4/4	5	1	1/2	1/2	1		1	67	G4	4	6175
287	287	1144	1144	2.0	0	0	4/4	7	1	1/2	1/2	1		1	67	G4	4	6184
287	287	1146	1146	1.0	1/2	1/2	4/4	4	1	1/4	1/4	1		0	48	C3	3	6173
287	287	1146	1146	2.0	1/2	1/2	4/4	6	1	1/2	1/2	1		0	48	C3	3	6183
287	287	1146	1146	2.0	1/2	1/2	4/4	8	1	1/2	1/2	1		0	48	C3	3	6188
287	287	1146	1146	1.0	1/2	1/2	4/4	3	1	1/4	1/4	1		0	60	C4	4	6170
287	287	1146	1146	2.0	1/2	1/2	4/4	5	2	1/2	1/2	1		0	60	C4	4	6179
287	287	1146	1146	1.0	1/2	1/2	4/4	2	1	1/4	1/4	1		4	64	E4	4	6167
287	287	1146	1146	2.0	1/2	1/2	4/4	5	3	1/2	1/2	1		4	64	E4	4	6181
287	287	1146	1146	1.0	1/2	1/2	4/4	1	1	1/4	1/4	1		1	67	G4	4	6164
287	287	1146	1146	1.0	1/2	1/2	4/4	5	1	1/4	1/4	1		1	67	G4	4	6176
287	287	1146	1146	1.0	1/2	1/2	4/4	7	1	1/4	1/4	1		1	67	G4	4	6185
287	287	1147	1147	1.0	3/4	3/4	4/4	4	1	1/4	1/4	1		0	48	C3	3	6174
287	287	1147	1147	1.0	3/4	3/4	4/4	3	1	1/4	1/4	1		0	60	C4	4	6171
287	287	1147	1147	1.0	3/4	3/4	4/4	2	1	1/4	1/4	1		4	64	E4	4	6168
287	287	1147	1147	1.0	3/4	3/4	4/4	1	1	1/4	1/4	1		1	67	G4	4	6165
287	287	1147	1147	1.0	3/4	3/4	4/4	5	1	1/4	1/4	1		1	67	G4	4	6177
287	287	1147	1147	1.0	3/4	3/4	4/4	7	1	1/4	1/4	1		1	67	G4	4	6186
288	288	1148	1148	2.0	0	0	4/4	4	1	1/2	1/2	1		5	47	B2	2	6195
288	288	1148	1148	2.0	0	0	4/4	6	1	1/2	1/2	1		5	47	B2	2	6203
288	288	1148	1148	2.0	0	0	4/4	8	1	1/2	1/2	1		5	47	B2	2	6207
288	288	1148	1148	2.0	0	0	4/4	2	1	1/2	1/2	1		2	62	D4	4	6191
288	288	1148	1148	2.0	0	0	4/4	3	1	1/2	1/2	1		2	62	D4	4	6193
288	288	1148	1148	2.0	0	0	4/4	5	2	1/2	1/2	1		2	62	D4	4	6199
288	288	1148	1148	2.0	0	0	4/4	5	3	1/2	1/2	1		2	62	D4	4	6201
288	288	1148	1148	2.0	0	0	4/4	1	1	1/2	1/2	1		1	67	G4	4	6189
288	288	1148	1148	2.0	0	0	4/4	5	1	1/2	1/2	1		1	67	G4	4	6197
288	288	1148	1148	2.0	0	0	4/4	7	1	1/2	1/2	1		1	67	G4	4	6205
288	288	1150	1150	2.0	1/2	1/2	4/4	4	1	1/2	1/2	1		3	45	A2	2	6196
288	288	1150	1150	2.0	1/2	1/2	4/4	6	1	1/2	1/2	1		3	45	A2	2	6204
288	288	1150	1150	2.0	1/2	1/2	4/4	8	1	1/2	1/2	1		3	45	A2	2	6208
288	288	1150	1150	2.0	1/2	1/2	4/4	3	1	1/2	1/2	1		0	60	C4	4	6194
288	288	1150	1150	2.0	1/2	1/2	4/4	5	2	1/2	1/2	1		0	60	C4	4	6200
288	288	1150	1150	2.0	1/2	1/2	4/4	2	1	1/2	1/2	1		4	64	E4	4	6192
288	288	1150	1150	2.0	1/2	1/2	4/4	5	3	1/2	1/2	1		4	64	E4	4	6202
288	288	1150	1150	2.0	1/2	1/2	4/4	1	1	1/2	1/2	1		3	69	A4	4	6190
288	288	1150	1150	2.0	1/2	1/2	4/4	5	1	1/2	1/2	1		3	69	A4	4	6198
288	288	1150	1150	2.0	1/2	1/2	4/4	7	1	1/2	1/2	1		3	69	A4	4	6206
289	289	1152	1152	2.0	0	0	4/4	4	1	1/2	1/2	1		4	52	E3	3	6215
289	289	1152	1152	4.0	0	0	4/4	6	1	1	1	1		4	52	E3	3	6222
289	289	1152	1152	4.0	0	0	4/4	8	1	1	1	1		4	52	E3	3	6225
289	289	1152	1152	2.0	0	0	4/4	3	1	1/2	1/2	1		0	60	C4	4	6213
289	289	1152	1152	2.0	0	0	4/4	5	2	1/2	1/2	1		0	60	C4	4	6219
289	289	1152	1152	2.0	0	0	4/4	2	1	1/2	1/2	1		4	64	E4	4	6211
289	289	1152	1152	4.0	0	0	4/4	5	3	1	1	1		4	64	E4	4	6221
289	289	1152	1152	2.0	0	0	4/4	1	1	1/2	1/2	1		3	69	A4	4	6209
289	289	1152	1152	2.0	0	0	4/4	5	1	1/2	1/2	1		3	69	A4	4	6217
289	289	1152	1152	2.0	0	0	4/4	7	1	1/2	1/2	1		3	69	A4	4	6223
289	289	1154	1154	2.0	1/2	1/2	4/4	4	1	1/2	1/2	1		4	52	E3	3	6216
289	289	1154	1154	2.0	1/2	1/2	4/4	3	1	1/2	1/2	1		5	59	B3	3	6214
289	289	1154	1154	2.0	1/2	1/2	4/4	5	2	1/2	1/2	1		5	59	B3	3	6220
289	289	1154	1154	2.0	1/2	1/2	4/4	2	1	1/2	1/2	1		4	64	E4	4	6212
289	289	1154	1154	2.0	1/2	1/2	4/4	1	1	1/2	1/2	1		8	68	G#4	4	6210
289	289	1154	1154	2.0	1/2	1/2	4/4	5	1	1/2	1/2	1		8	68	G#4	4	6218
289	289	1154	1154	2.0	1/2	1/2	4/4	7	1	1/2	1/2	1		8	68	G#4	4	6224
290	290	1156	1156	2.0	0	0	4/4	4	1	1/2	1/2	1		3	45	A2	2	6232
290	290	1156	1156	2.0	0	0	4/4	6	1	1/2	1/2	1		3	45	A2	2	6240
290	290	1156	1156	2.0	0	0	4/4	8	1	1/2	1/2	1		3	45	A2	2	6244
290	290	1156	1156	2.0	0	0	4/4	3	1	1/2	1/2	1		0	60	C4	4	6230
290	290	1156	1156	2.0	0	0	4/4	5	2	1/2	1/2	1		0	60	C4	4	6236
290	290	1156	1156	2.0	0	0	4/4	2	1	1/2	1/2	1		4	64	E4	4	6228
290	290	1156	1156	2.0	0	0	4/4	5	3	1/2	1/2	1		4	64	E4	4	6238
290	290	1156	1156	2.0	0	0	4/4	1	1	1/2	1/2	1		3	69	A4	4	6226
290	290	1156	1156	2.0	0	0	4/4	5	1	1/2	1/2	1		3	69	A4	4	6234
290	290	1156	1156	2.0	0	0	4/4	7	1	1/2	1/2	1		3	69	A4	4	6242
290	290	1158	1158	2.0	1/2	1/2	4/4	4	1	1/2	1/2	1		4	52	E3	3	6233
290	290	1158	1158	2.0	1/2	1/2	4/4	6	1	1/2	1/2	1		4	52	E3	3	6241
290	290	1158	1158	2.0	1/2	1/2	4/4	8	1	1/2	1/2	1		4	52	E3	3	6245
290	290	1158	1158	2.0	1/2	1/2	4/4	3	1	1/2	1/2	1		4	64	E4	4	6231
290	290	1158	1158	2.0	1/2	1/2	4/4	5	2	1/2	1/2	1		4	64	E4	4	6237
290	290	1158	1158	2.0	1/2	1/2	4/4	2	1	1/2	1/2	1		1	67	G4	4	6229
290	290	1158	1158	2.0	1/2	1/2	4/4	5	3	1/2	1/2	1		1	67	G4	4	6239
290	290	1158	1158	2.0	1/2	1/2	4/4	1	1	1/2	1/2	1		5	71	B4	4	6227
290	290	1158	1158	2.0	1/2	1/2	4/4	5	1	1/2	1/2	1		5	71	B4	4	6235
290	290	1158	1158	2.0	1/2	1/2	4/4	7	1	1/2	1/2	1		5	71	B4	4	6243
291	291	1160	1160	2.0	0	0	4/4	4	1	1/2	1/2	1		9	51	D#3	3	6255
291	291	1160	1160	2.0	0	0	4/4	6	1	1/2	1/2	1		9	51	D#3	3	6265
291	291	1160	1160	2.0	0	0	4/4	8	1	1/2	1/2	1		9	51	D#3	3	6270
291	291	1160	1160	2.0	0	0	4/4	3	1	1/2	1/2	1		6	66	F#4	4	6252
291	291	1160	1160	2.0	0	0	4/4	5	2	1/2	1/2	1		6	66	F#4	4	6261
291	291	1160	1160	2.0	0	0	4/4	2	1	1/2	1/2	1		3	69	A4	4	6249
291	291	1160	1160	2.0	0	0	4/4	5	3	1/2	1/2	1		3	69	A4	4	6263
291	291	1160	1160	2.0	0	0	4/4	1	1	1/2	1/2	1		5	71	B4	4	6246
291	291	1160	1160	2.0	0	0	4/4	5	1	1/2	1/2	1		5	71	B4	4	6258
291	291	1160	1160	2.0	0	0	4/4	7	1	1/2	1/2	1		5	71	B4	4	6267
291	291	1162	1162	1.0	1/2	1/2	4/4	4	1	1/4	1/4	1		5	47	B2	2	6256
291	291	1162	1162	2.0	1/2	1/2	4/4	6	1	1/2	1/2	1		5	47	B2	2	6266
291	291	1162	1162	2.0	1/2	1/2	4/4	8	1	1/2	1/2	1		5	47	B2	2	6271
291	291	1162	1162	1.0	1/2	1/2	4/4	3	1	1/4	1/4	1		9	63	D#4	4	6253
291	291	1162	1162	2.0	1/2	1/2	4/4	5	2	1/2	1/2	1		9	63	D#4	4	6262
291	291	1162	1162	1.0	1/2	1/2	4/4	2	1	1/4	1/4	1		3	69	A4	4	6250
291	291	1162	1162	2.0	1/2	1/2	4/4	5	3	1/2	1/2	1		3	69	A4	4	6264
291	291	1162	1162	1.0	1/2	1/2	4/4	1	1	1/4	1/4	1		5	71	B4	4	6247
291	291	1162	1162	1.0	1/2	1/2	4/4	5	1	1/4	1/4	1		5	71	B4	4	6259
291	291	1162	1162	1.0	1/2	1/2	4/4	7	1	1/4	1/4	1		5	71	B4	4	6268
291	291	1163	1163	1.0	3/4	3/4	4/4	4	1	1/4	1/4	1		5	47	B2	2	6257
291	291	1163	1163	1.0	3/4	3/4	4/4	3	1	1/4	1/4	1		9	63	D#4	4	6254
291	291	1163	1163	1.0	3/4	3/4	4/4	2	1	1/4	1/4	1		3	69	A4	4	6251
291	291	1163	1163	1.0	3/4	3/4	4/4	1	1	1/4	1/4	1		5	71	B4	4	6248
291	291	1163	1163	1.0	3/4	3/4	4/4	5	1	1/4	1/4	1		5	71	B4	4	6260
291	291	1163	1163	1.0	3/4	3/4	4/4	7	1	1/4	1/4	1		5	71	B4	4	6269
292	292	1164	1164	2.0	0	0	4/4	4	1	1/2	1/2	1		4	52	E3	3	6278
292	292	1164	1164	2.0	0	0	4/4	6	1	1/2	1/2	1		4	52	E3	3	6286
292	292	1164	1164	2.0	0	0	4/4	8	1	1/2	1/2	1		4	52	E3	3	6290
292	292	1164	1164	2.0	0	0	4/4	3	1	1/2	1/2	1		4	64	E4	4	6276
292	292	1164	1164	2.0	0	0	4/4	5	2	1/2	1/2	1		4	64	E4	4	6282
292	292	1164	1164	2.0	0	0	4/4	2	1	1/2	1/2	1		1	67	G4	4	6274
292	292	1164	1164	2.0	0	0	4/4	5	3	1/2	1/2	1		1	67	G4	4	6284
292	292	1164	1164	2.0	0	0	4/4	1	1	1/2	1/2	1		5	71	B4	4	6272
292	292	1164	1164	2.0	0	0	4/4	5	1	1/2	1/2	1		5	71	B4	4	6280
292	292	1164	1164	2.0	0	0	4/4	7	1	1/2	1/2	1		5	71	B4	4	6288
292	292	1166	1166	2.0	1/2	1/2	4/4	4	1	1/2	1/2	1		2	50	D3	3	6279
292	292	1166	1166	2.0	1/2	1/2	4/4	6	1	1/2	1/2	1		2	50	D3	3	6287
292	292	1166	1166	2.0	1/2	1/2	4/4	8	1	1/2	1/2	1		2	50	D3	3	6291
292	292	1166	1166	2.0	1/2	1/2	4/4	3	1	1/2	1/2	1		-1	65	F4	4	6277
292	292	1166	1166	2.0	1/2	1/2	4/4	5	2	1/2	1/2	1		-1	65	F4	4	6283
292	292	1166	1166	2.0	1/2	1/2	4/4	2	1	1/2	1/2	1		1	67	G4	4	6275
292	292	1166	1166	2.0	1/2	1/2	4/4	5	3	1/2	1/2	1		1	67	G4	4	6285
292	292	1166	1166	2.0	1/2	1/2	4/4	1	1	1/2	1/2	1		5	71	B4	4	6273
292	292	1166	1166	2.0	1/2	1/2	4/4	5	1	1/2	1/2	1		5	71	B4	4	6281
292	292	1166	1166	2.0	1/2	1/2	4/4	7	1	1/2	1/2	1		5	71	B4	4	6289
293	293	1168	1168	2.0	0	0	4/4	4	1	1/2	1/2	1		0	48	C3	3	6298
293	293	1168	1168	2.0	0	0	4/4	6	1	1/2	1/2	1		0	48	C3	3	6306
293	293	1168	1168	2.0	0	0	4/4	8	1	1/2	1/2	1		0	48	C3	3	6310
293	293	1168	1168	2.0	0	0	4/4	3	1	1/2	1/2	1		4	64	E4	4	6296
293	293	1168	1168	2.0	0	0	4/4	5	2	1/2	1/2	1		4	64	E4	4	6302
293	293	1168	1168	2.0	0	0	4/4	2	1	1/2	1/2	1		1	67	G4	4	6294
293	293	1168	1168	2.0	0	0	4/4	5	3	1/2	1/2	1		1	67	G4	4	6304
293	293	1168	1168	2.0	0	0	4/4	1	1	1/2	1/2	1		0	72	C5	5	6292
293	293	1168	1168	2.0	0	0	4/4	5	1	1/2	1/2	1		0	72	C5	5	6300
293	293	1168	1168	2.0	0	0	4/4	7	1	1/2	1/2	1		0	72	C5	5	6308
293	293	1170	1170	2.0	1/2	1/2	4/4	4	1	1/2	1/2	1		1	55	G3	3	6299
293	293	1170	1170	2.0	1/2	1/2	4/4	6	1	1/2	1/2	1		1	55	G3	3	6307
293	293	1170	1170	2.0	1/2	1/2	4/4	8	1	1/2	1/2	1		1	55	G3	3	6311
293	293	1170	1170	2.0	1/2	1/2	4/4	3	1	1/2	1/2	1		2	62	D4	4	6297
293	293	1170	1170	2.0	1/2	1/2	4/4	5	2	1/2	1/2	1		2	62	D4	4	6303
293	293	1170	1170	2.0	1/2	1/2	4/4	2	1	1/2	1/2	1	1	1	67	G4	4	6295
293	293	1170	1170	2.0	1/2	1/2	4/4	5	3	1/2	1/2	1	1	1	67	G4	4	6305
293	293	1170	1170	2.0	1/2	1/2	4/4	1	1	1/2	1/2	1		5	71	B4	4	6293
293	293	1170	1170	2.0	1/2	1/2	4/4	5	1	1/2	1/2	1		5	71	B4	4	6301
293	293	1170	1170	2.0	1/2	1/2	4/4	7	1	1/2	1/2	1		5	71	B4	4	6309
294	294	1172	1172	2.0	0	0	4/4	4	1	1/2	1/2	1		0	48	C3	3	6318
294	294	1172	1172	2.0	0	0	4/4	6	1	1/2	1/2	1		0	48	C3	3	6326
294	294	1172	1172	2.0	0	0	4/4	8	1	1/2	1/2	1		0	48	C3	3	6330
294	294	1172	1172	2.0	0	0	4/4	3	1	1/2	1/2	1		4	64	E4	4	6316
294	294	1172	1172	2.0	0	0	4/4	5	2	1/2	1/2	1		4	64	E4	4	6322
294	294	1172	1172	2.0	0	0	4/4	2	1	1/2	1/2	1	-1	1	67	G4	4	6314
294	294	1172	1172	2.0	0	0	4/4	5	3	1/2	1/2	1	-1	1	67	G4	4	6324
294	294	1172	1172	2.0	0	0	4/4	1	1	1/2	1/2	1		3	69	A4	4	6312
294	294	1172	1172	2.0	0	0	4/4	5	1	1/2	1/2	1		3	69	A4	4	6320
294	294	1172	1172	2.0	0	0	4/4	7	1	1/2	1/2	1		3	69	A4	4	6328
294	294	1174	1174	2.0	1/2	1/2	4/4	4	1	1/2	1/2	1		2	50	D3	3	6319
294	294	1174	1174	2.0	1/2	1/2	4/4	6	1	1/2	1/2	1		2	50	D3	3	6327
294	294	1174	1174	2.0	1/2	1/2	4/4	8	1	1/2	1/2	1		2	50	D3	3	6331
294	294	1174	1174	2.0	1/2	1/2	4/4	3	1	1/2	1/2	1		2	62	D4	4	6317
294	294	1174	1174	2.0	1/2	1/2	4/4	5	2	1/2	1/2	1		2	62	D4	4	6323
294	294	1174	1174	2.0	1/2	1/2	4/4	2	1	1/2	1/2	1		6	66	F#4	4	6315
294	294	1174	1174	2.0	1/2	1/2	4/4	5	3	1/2	1/2	1		6	66	F#4	4	6325
294	294	1174	1174	2.0	1/2	1/2	4/4	1	1	1/2	1/2	1		3	69	A4	4	6313
294	294	1174	1174	2.0	1/2	1/2	4/4	5	1	1/2	1/2	1		3	69	A4	4	6321
294	294	1174	1174	2.0	1/2	1/2	4/4	7	1	1/2	1/2	1		3	69	A4	4	6329
295	295	1176	1176	2.0	0	0	4/4	4	1	1/2	1/2	1		1	43	G2	2	6341
295	295	1176	1176	2.0	0	0	4/4	6	1	1/2	1/2	1		1	43	G2	2	6351
295	295	1176	1176	2.0	0	0	4/4	8	1	1/2	1/2	1		1	43	G2	2	6356
295	295	1176	1176	2.0	0	0	4/4	3	1	1/2	1/2	1		5	59	B3	3	6338
295	295	1176	1176	2.0	0	0	4/4	5	2	1/2	1/2	1		5	59	B3	3	6347
295	295	1176	1176	2.0	0	0	4/4	5	3	1/2	1/2	1		2	62	D4	4	6349
295	295	1176	1176	2.0	0	0	4/4	1	1	1/2	1/2	1		1	67	G4	4	6332
295	295	1176	1176	2.0	0	0	4/4	2	1	1/2	1/2	1		1	67	G4	4	6335
295	295	1176	1176	2.0	0	0	4/4	5	1	1/2	1/2	1		1	67	G4	4	6344
295	295	1176	1176	2.0	0	0	4/4	7	1	1/2	1/2	1		1	67	G4	4	6353
295	295	1178	1178	1.0	1/2	1/2	4/4	4	1	1/4	1/4	1		5	47	B2	2	6342
295	295	1178	1178	2.0	1/2	1/2	4/4	6	1	1/2	1/2	1		5	47	B2	2	6352
295	295	1178	1178	2.0	1/2	1/2	4/4	8	1	1/2	1/2	1		5	47	B2	2	6357
295	295	1178	1178	1.0	1/2	1/2	4/4	2	1	1/4	1/4	1		2	62	D4	4	6336
295	295	1178	1178	1.0	1/2	1/2	4/4	3	1	1/4	1/4	1		2	62	D4	4	6339
295	295	1178	1178	2.0	1/2	1/2	4/4	5	2	1/2	1/2	1		2	62	D4	4	6348
295	295	1178	1178	2.0	1/2	1/2	4/4	5	3	1/2	1/2	1		2	62	D4	4	6350
295	295	1178	1178	1.0	1/2	1/2	4/4	1	1	1/4	1/4	1		1	67	G4	4	6333
295	295	1178	1178	1.0	1/2	1/2	4/4	5	1	1/4	1/4	1		1	67	G4	4	6345
295	295	1178	1178	1.0	1/2	1/2	4/4	7	1	1/4	1/4	1		1	67	G4	4	6354
295	295	1179	1179	1.0	3/4	3/4	4/4	4	1	1/4	1/4	1		5	47	B2	2	6343
295	295	1179	1179	1.0	3/4	3/4	4/4	2	1	1/4	1/4	1		2	62	D4	4	6337
295	295	1179	1179	1.0	3/4	3/4	4/4	3	1	1/4	1/4	1		2	62	D4	4	6340
295	295	1179	1179	1.0	3/4	3/4	4/4	1	1	1/4	1/4	1		1	67	G4	4	6334
295	295	1179	1179	1.0	3/4	3/4	4/4	5	1	1/4	1/4	1		1	67	G4	4	6346
295	295	1179	1179	1.0	3/4	3/4	4/4	7	1	1/4	1/4	1		1	67	G4	4	6355
296	296	1180	1180	2.0	0	0	4/4	4	1	1/2	1/2	1		0	48	C3	3	6364
296	296	1180	1180	2.0	0	0	4/4	8	1	1/2	1/2	1		0	48	C3	3	6373
296	296	1180	1180	4.0	0	0	4/4	6	1	1	1	1		0	48	C3	3	6370
296	296	1180	1180	2.0	0	0	4/4	3	1	1/2	1/2	1		0	60	C4	4	6362
296	296	1180	1180	4.0	0	0	4/4	5	2	1	1	1		0	60	C4	4	6368
296	296	1180	1180	2.0	0	0	4/4	2	1	1/2	1/2	1		4	64	E4	4	6360
296	296	1180	1180	4.0	0	0	4/4	5	3	1	1	1		4	64	E4	4	6369
296	296	1180	1180	2.0	0	0	4/4	1	1	1/2	1/2	1		1	67	G4	4	6358
296	296	1180	1180	2.0	0	0	4/4	5	1	1/2	1/2	1		1	67	G4	4	6366
296	296	1180	1180	2.0	0	0	4/4	7	1	1/2	1/2	1		1	67	G4	4	6371
296	296	1182	1182	2.0	1/2	1/2	4/4	4	1	1/2	1/2	1		0	48	C3	3	6365
296	296	1182	1182	2.0	1/2	1/2	4/4	8	1	1/2	1/2	1		0	48	C3	3	6374
296	296	1182	1182	2.0	1/2	1/2	4/4	3	1	1/2	1/2	1		0	60	C4	4	6363
296	296	1182	1182	2.0	1/2	1/2	4/4	2	1	1/2	1/2	1		4	64	E4	4	6361
296	296	1182	1182	2.0	1/2	1/2	4/4	1	1	1/2	1/2	1		3	69	A4	4	6359
296	296	1182	1182	2.0	1/2	1/2	4/4	5	1	1/2	1/2	1		3	69	A4	4	6367
296	296	1182	1182	2.0	1/2	1/2	4/4	7	1	1/2	1/2	1		3	69	A4	4	6372
297	297	1184	1184	2.0	0	0	4/4	4	1	1/2	1/2	1		2	50	D3	3	6381
297	297	1184	1184	2.0	0	0	4/4	6	1	1/2	1/2	1		2	50	D3	3	6388
297	297	1184	1184	2.0	0	0	4/4	8	1	1/2	1/2	1		2	50	D3	3	6392
297	297	1184	1184	2.0	0	0	4/4	3	1	1/2	1/2	1		5	59	B3	3	6379
297	297	1184	1184	4.0	0	0	4/4	5	2	1	1	1		5	59	B3	3	6385
297	297	1184	1184	2.0	0	0	4/4	2	1	1/2	1/2	1		-1	65	F4	4	6377
297	297	1184	1184	2.0	0	0	4/4	5	3	1/2	1/2	1		-1	65	F4	4	6386
297	297	1184	1184	2.0	0	0	4/4	1	1	1/2	1/2	1		3	69	A4	4	6375
297	297	1184	1184	2.0	0	0	4/4	5	1	1/2	1/2	1		3	69	A4	4	6383
297	297	1184	1184	2.0	0	0	4/4	7	1	1/2	1/2	1		3	69	A4	4	6390
297	297	1186	1186	2.0	1/2	1/2	4/4	4	1	1/2	1/2	1		4	52	E3	3	6382
297	297	1186	1186	2.0	1/2	1/2	4/4	6	1	1/2	1/2	1		4	52	E3	3	6389
297	297	1186	1186	2.0	1/2	1/2	4/4	8	1	1/2	1/2	1		4	52	E3	3	6393
297	297	1186	1186	2.0	1/2	1/2	4/4	3	1	1/2	1/2	1		5	59	B3	3	6380
297	297	1186	1186	2.0	1/2	1/2	4/4	2	1	1/2	1/2	1		4	64	E4	4	6378
297	297	1186	1186	2.0	1/2	1/2	4/4	5	3	1/2	1/2	1		4	64	E4	4	6387
297	297	1186	1186	2.0	1/2	1/2	4/4	1	1	1/2	1/2	1		8	68	G#4	4	6376
297	297	1186	1186	2.0	1/2	1/2	4/4	5	1	1/2	1/2	1		8	68	G#4	4	6384
297	297	1186	1186	2.0	1/2	1/2	4/4	7	1	1/2	1/2	1		8	68	G#4	4	6391
298	298	1188	1188	2.0	0	0	4/4	4	1	1/2	1/2	1		3	45	A2	2	6400
298	298	1188	1188	2.0	0	0	4/4	6	1	1/2	1/2	1		3	45	A2	2	6408
298	298	1188	1188	2.0	0	0	4/4	8	1	1/2	1/2	1		3	45	A2	2	6412
298	298	1188	1188	2.0	0	0	4/4	3	1	1/2	1/2	1		0	60	C4	4	6398
298	298	1188	1188	2.0	0	0	4/4	5	2	1/2	1/2	1		0	60	C4	4	6404
298	298	1188	1188	2.0	0	0	4/4	2	1	1/2	1/2	1		4	64	E4	4	6396
298	298	1188	1188	2.0	0	0	4/4	5	3	1/2	1/2	1		4	64	E4	4	6406
298	298	1188	1188	2.0	0	0	4/4	1	1	1/2	1/2	1		3	69	A4	4	6394
298	298	1188	1188	2.0	0	0	4/4	5	1	1/2	1/2	1		3	69	A4	4	6402
298	298	1188	1188	2.0	0	0	4/4	7	1	1/2	1/2	1		3	69	A4	4	6410
298	298	1190	1190	2.0	1/2	1/2	4/4	4	1	1/2	1/2	1		1	43	G2	2	6401
298	298	1190	1190	2.0	1/2	1/2	4/4	6	1	1/2	1/2	1		1	43	G2	2	6409
298	298	1190	1190	2.0	1/2	1/2	4/4	8	1	1/2	1/2	1		1	43	G2	2	6413
298	298	1190	1190	2.0	1/2	1/2	4/4	3	1	1/2	1/2	1		2	62	D4	4	6399
298	298	1190	1190	2.0	1/2	1/2	4/4	5	2	1/2	1/2	1		2	62	D4	4	6405
298	298	1190	1190	2.0	1/2	1/2	4/4	2	1	1/2	1/2	1		1	67	G4	4	6397
298	298	1190	1190	2.0	1/2	1/2	4/4	5	3	1/2	1/2	1		1	67	G4	4	6407
298	298	1190	1190	2.0	1/2	1/2	4/4	1	1	1/2	1/2	1		5	71	B4	4	6395
298	298	1190	1190	2.0	1/2	1/2	4/4	5	1	1/2	1/2	1		5	71	B4	4	6403
298	298	1190	1190	2.0	1/2	1/2	4/4	7	1	1/2	1/2	1		5	71	B4	4	6411
299	299	1192	1192	2.0	0	0	4/4	4	1	1/2	1/2	1		1	55	G3	3	6423
299	299	1192	1192	2.0	0	0	4/4	6	1	1/2	1/2	1		1	55	G3	3	6433
299	299	1192	1192	2.0	0	0	4/4	8	1	1/2	1/2	1		1	55	G3	3	6438
299	299	1192	1192	2.0	0	0	4/4	3	1	1/2	1/2	1		2	62	D4	4	6420
299	299	1192	1192	2.0	0	0	4/4	5	2	1/2	1/2	1		2	62	D4	4	6429
299	299	1192	1192	2.0	0	0	4/4	2	1	1/2	1/2	1		1	67	G4	4	6417
299	299	1192	1192	2.0	0	0	4/4	5	3	1/2	1/2	1		1	67	G4	4	6431
299	299	1192	1192	2.0	0	0	4/4	1	1	1/2	1/2	1		5	71	B4	4	6414
299	299	1192	1192	2.0	0	0	4/4	5	1	1/2	1/2	1		5	71	B4	4	6426
299	299	1192	1192	2.0	0	0	4/4	7	1	1/2	1/2	1		5	71	B4	4	6435
299	299	1194	1194	1.0	1/2	1/2	4/4	4	1	1/4	1/4	1		6	54	F#3	3	6424
299	299	1194	1194	2.0	1/2	1/2	4/4	6	1	1/2	1/2	1		6	54	F#3	3	6434
299	299	1194	1194	2.0	1/2	1/2	4/4	8	1	1/2	1/2	1		6	54	F#3	3	6439
299	299	1194	1194	1.0	1/2	1/2	4/4	3	1	1/4	1/4	1		2	62	D4	4	6421
299	299	1194	1194	2.0	1/2	1/2	4/4	5	2	1/2	1/2	1		2	62	D4	4	6430
299	299	1194	1194	1.0	1/2	1/2	4/4	2	1	1/4	1/4	1		1	67	G4	4	6418
299	299	1194	1194	2.0	1/2	1/2	4/4	5	3	1/2	1/2	1		1	67	G4	4	6432
299	299	1194	1194	1.0	1/2	1/2	4/4	1	1	1/4	1/4	1		5	71	B4	4	6415
299	299	1194	1194	1.0	1/2	1/2	4/4	5	1	1/4	1/4	1		5	71	B4	4	6427
299	299	1194	1194	1.0	1/2	1/2	4/4	7	1	1/4	1/4	1		5	71	B4	4	6436
299	299	1195	1195	1.0	3/4	3/4	4/4	4	1	1/4	1/4	1		6	54	F#3	3	6425
299	299	1195	1195	1.0	3/4	3/4	4/4	3	1	1/4	1/4	1		2	62	D4	4	6422
299	299	1195	1195	1.0	3/4	3/4	4/4	2	1	1/4	1/4	1		1	67	G4	4	6419
299	299	1195	1195	1.0	3/4	3/4	4/4	1	1	1/4	1/4	1		5	71	B4	4	6416
299	299	1195	1195	1.0	3/4	3/4	4/4	5	1	1/4	1/4	1		5	71	B4	4	6428
299	299	1195	1195	1.0	3/4	3/4	4/4	7	1	1/4	1/4	1		5	71	B4	4	6437
300	300	1196	1196	2.0	0	0	4/4	4	1	1/2	1/2	1		4	52	E3	3	6446
300	300	1196	1196	2.0	0	0	4/4	6	1	1/2	1/2	1		4	52	E3	3	6454
300	300	1196	1196	2.0	0	0	4/4	8	1	1/2	1/2	1		4	52	E3	3	6458
300	300	1196	1196	2.0	0	0	4/4	3	1	1/2	1/2	1		4	64	E4	4	6444
300	300	1196	1196	2.0	0	0	4/4	5	2	1/2	1/2	1		4	64	E4	4	6450
300	300	1196	1196	2.0	0	0	4/4	2	1	1/2	1/2	1		1	67	G4	4	6442
300	300	1196	1196	2.0	0	0	4/4	5	3	1/2	1/2	1		1	67	G4	4	6452
300	300	1196	1196	2.0	0	0	4/4	1	1	1/2	1/2	1		5	71	B4	4	6440
300	300	1196	1196	2.0	0	0	4/4	5	1	1/2	1/2	1		5	71	B4	4	6448
300	300	1196	1196	2.0	0	0	4/4	7	1	1/2	1/2	1		5	71	B4	4	6456
300	300	1198	1198	2.0	1/2	1/2	4/4	4	1	1/2	1/2	1		2	50	D3	3	6447
300	300	1198	1198	2.0	1/2	1/2	4/4	6	1	1/2	1/2	1		2	50	D3	3	6455
300	300	1198	1198	2.0	1/2	1/2	4/4	8	1	1/2	1/2	1		2	50	D3	3	6459
300	300	1198	1198	2.0	1/2	1/2	4/4	3	1	1/2	1/2	1		4	64	E4	4	6445
300	300	1198	1198	2.0	1/2	1/2	4/4	5	2	1/2	1/2	1		4	64	E4	4	6451
300	300	1198	1198	2.0	1/2	1/2	4/4	2	1	1/2	1/2	1		8	68	G#4	4	6443
300	300	1198	1198	2.0	1/2	1/2	4/4	5	3	1/2	1/2	1		8	68	G#4	4	6453
300	300	1198	1198	2.0	1/2	1/2	4/4	1	1	1/2	1/2	1		5	71	B4	4	6441
300	300	1198	1198	2.0	1/2	1/2	4/4	5	1	1/2	1/2	1		5	71	B4	4	6449
300	300	1198	1198	2.0	1/2	1/2	4/4	7	1	1/2	1/2	1		5	71	B4	4	6457
301	301	1200	1200	2.0	0	0	4/4	4	1	1/2	1/2	1		0	48	C3	3	6469
301	301	1200	1200	2.0	0	0	4/4	6	1	1/2	1/2	1		0	48	C3	3	6479
301	301	1200	1200	2.0	0	0	4/4	8	1	1/2	1/2	1		0	48	C3	3	6484
301	301	1200	1200	2.0	0	0	4/4	3	1	1/2	1/2	1		4	64	E4	4	6466
301	301	1200	1200	2.0	0	0	4/4	5	2	1/2	1/2	1		4	64	E4	4	6475
301	301	1200	1200	2.0	0	0	4/4	1	1	1/2	1/2	1		3	69	A4	4	6460
301	301	1200	1200	2.0	0	0	4/4	2	1	1/2	1/2	1		3	69	A4	4	6463
301	301	1200	1200	2.0	0	0	4/4	5	1	1/2	1/2	1		3	69	A4	4	6472
301	301	1200	1200	2.0	0	0	4/4	5	3	1/2	1/2	1		3	69	A4	4	6477
301	301	1200	1200	2.0	0	0	4/4	7	1	1/2	1/2	1		3	69	A4	4	6481
301	301	1202	1202	1.0	1/2	1/2	4/4	4	1	1/4	1/4	1		2	50	D3	3	6470
301	301	1202	1202	2.0	1/2	1/2	4/4	6	1	1/2	1/2	1		2	50	D3	3	6480
301	301	1202	1202	2.0	1/2	1/2	4/4	8	1	1/2	1/2	1		2	50	D3	3	6485
301	301	1202	1202	1.0	1/2	1/2	4/4	3	1	1/4	1/4	1		2	62	D4	4	6467
301	301	1202	1202	2.0	1/2	1/2	4/4	5	2	1/2	1/2	1		2	62	D4	4	6476
301	301	1202	1202	1.0	1/2	1/2	4/4	2	1	1/4	1/4	1		6	66	F#4	4	6464
301	301	1202	1202	2.0	1/2	1/2	4/4	5	3	1/2	1/2	1		6	66	F#4	4	6478
301	301	1202	1202	1.0	1/2	1/2	4/4	1	1	1/4	1/4	1		3	69	A4	4	6461
301	301	1202	1202	1.0	1/2	1/2	4/4	5	1	1/4	1/4	1		3	69	A4	4	6473
301	301	1202	1202	1.0	1/2	1/2	4/4	7	1	1/4	1/4	1		3	69	A4	4	6482
301	301	1203	1203	1.0	3/4	3/4	4/4	4	1	1/4	1/4	1		2	50	D3	3	6471
301	301	1203	1203	1.0	3/4	3/4	4/4	3	1	1/4	1/4	1		2	62	D4	4	6468
301	301	1203	1203	1.0	3/4	3/4	4/4	2	1	1/4	1/4	1		6	66	F#4	4	6465
301	301	1203	1203	1.0	3/4	3/4	4/4	1	1	1/4	1/4	1		3	69	A4	4	6462
301	301	1203	1203	1.0	3/4	3/4	4/4	5	1	1/4	1/4	1		3	69	A4	4	6474
301	301	1203	1203	1.0	3/4	3/4	4/4	7	1	1/4	1/4	1		3	69	A4	4	6483
302	302	1204	1204	2.0	0	0	4/4	4	1	1/2	1/2	1		1	43	G2	2	6495
302	302	1204	1204	2.0	0	0	4/4	6	1	1/2	1/2	1		1	43	G2	2	6505
302	302	1204	1204	2.0	0	0	4/4	8	1	1/2	1/2	1		1	43	G2	2	6510
302	302	1204	1204	2.0	0	0	4/4	3	1	1/2	1/2	1		2	62	D4	4	6492
302	302	1204	1204	2.0	0	0	4/4	5	2	1/2	1/2	1		2	62	D4	4	6501
302	302	1204	1204	2.0	0	0	4/4	2	1	1/2	1/2	1		1	67	G4	4	6489
302	302	1204	1204	2.0	0	0	4/4	5	3	1/2	1/2	1		1	67	G4	4	6503
302	302	1204	1204	2.0	0	0	4/4	1	1	1/2	1/2	1		5	71	B4	4	6486
302	302	1204	1204	2.0	0	0	4/4	5	1	1/2	1/2	1		5	71	B4	4	6498
302	302	1204	1204	2.0	0	0	4/4	7	1	1/2	1/2	1		5	71	B4	4	6507
302	302	1206	1206	1.0	1/2	1/2	4/4	4	1	1/4	1/4	1		1	55	G3	3	6496
302	302	1206	1206	2.0	1/2	1/2	4/4	6	1	1/2	1/2	1		1	55	G3	3	6506
302	302	1206	1206	2.0	1/2	1/2	4/4	8	1	1/2	1/2	1		1	55	G3	3	6511
302	302	1206	1206	1.0	1/2	1/2	4/4	3	1	1/4	1/4	1		2	62	D4	4	6493
302	302	1206	1206	2.0	1/2	1/2	4/4	5	2	1/2	1/2	1		2	62	D4	4	6502
302	302	1206	1206	1.0	1/2	1/2	4/4	2	1	1/4	1/4	1		1	67	G4	4	6490
302	302	1206	1206	2.0	1/2	1/2	4/4	5	3	1/2	1/2	1		1	67	G4	4	6504
302	302	1206	1206	1.0	1/2	1/2	4/4	1	1	1/4	1/4	1		5	71	B4	4	6487
302	302	1206	1206	1.0	1/2	1/2	4/4	5	1	1/4	1/4	1		5	71	B4	4	6499
302	302	1206	1206	1.0	1/2	1/2	4/4	7	1	1/4	1/4	1		5	71	B4	4	6508
302	302	1207	1207	1.0	3/4	3/4	4/4	4	1	1/4	1/4	1		1	55	G3	3	6497
302	302	1207	1207	1.0	3/4	3/4	4/4	3	1	1/4	1/4	1		2	62	D4	4	6494
302	302	1207	1207	1.0	3/4	3/4	4/4	2	1	1/4	1/4	1		1	67	G4	4	6491
302	302	1207	1207	1.0	3/4	3/4	4/4	1	1	1/4	1/4	1		5	71	B4	4	6488
302	302	1207	1207	1.0	3/4	3/4	4/4	5	1	1/4	1/4	1		5	71	B4	4	6500
302	302	1207	1207	1.0	3/4	3/4	4/4	7	1	1/4	1/4	1		5	71	B4	4	6509
303	303	1208	1208	2.0	0	0	4/4	4	1	1/2	1/2	1		0	48	C3	3	6518
303	303	1208	1208	2.0	0	0	4/4	6	1	1/2	1/2	1		0	48	C3	3	6526
303	303	1208	1208	2.0	0	0	4/4	8	1	1/2	1/2	1		0	48	C3	3	6530
303	303	1208	1208	2.0	0	0	4/4	3	1	1/2	1/2	1		4	64	E4	4	6516
303	303	1208	1208	2.0	0	0	4/4	5	2	1/2	1/2	1		4	64	E4	4	6522
303	303	1208	1208	2.0	0	0	4/4	2	1	1/2	1/2	1		1	67	G4	4	6514
303	303	1208	1208	2.0	0	0	4/4	5	3	1/2	1/2	1		1	67	G4	4	6524
303	303	1208	1208	2.0	0	0	4/4	1	1	1/2	1/2	1		0	72	C5	5	6512
303	303	1208	1208	2.0	0	0	4/4	5	1	1/2	1/2	1		0	72	C5	5	6520
303	303	1208	1208	2.0	0	0	4/4	7	1	1/2	1/2	1		0	72	C5	5	6528
303	303	1210	1210	2.0	1/2	1/2	4/4	4	1	1/2	1/2	1		1	55	G3	3	6519
303	303	1210	1210	2.0	1/2	1/2	4/4	6	1	1/2	1/2	1		1	55	G3	3	6527
303	303	1210	1210	2.0	1/2	1/2	4/4	8	1	1/2	1/2	1		1	55	G3	3	6531
303	303	1210	1210	2.0	1/2	1/2	4/4	3	1	1/2	1/2	1		2	62	D4	4	6517
303	303	1210	1210	2.0	1/2	1/2	4/4	5	2	1/2	1/2	1		2	62	D4	4	6523
303	303	1210	1210	2.0	1/2	1/2	4/4	2	1	1/2	1/2	1	1	1	67	G4	4	6515
303	303	1210	1210	2.0	1/2	1/2	4/4	5	3	1/2	1/2	1	1	1	67	G4	4	6525
303	303	1210	1210	2.0	1/2	1/2	4/4	1	1	1/2	1/2	1		5	71	B4	4	6513
303	303	1210	1210	2.0	1/2	1/2	4/4	5	1	1/2	1/2	1		5	71	B4	4	6521
303	303	1210	1210	2.0	1/2	1/2	4/4	7	1	1/2	1/2	1		5	71	B4	4	6529
304	304	1212	1212	2.0	0	0	4/4	4	1	1/2	1/2	1		2	50	D3	3	6539
304	304	1212	1212	2.0	0	0	4/4	6	1	1/2	1/2	1		2	50	D3	3	6547
304	304	1212	1212	2.0	0	0	4/4	8	1	1/2	1/2	1		2	50	D3	3	6551
304	304	1212	1212	2.0	0	0	4/4	3	1	1/2	1/2	1		2	62	D4	4	6536
304	304	1212	1212	3.0	0	0	4/4	5	2	3/4	1/2	3/2		2	62	D4	4	6543
304	304	1212	1212	2.0	0	0	4/4	2	1	1/2	1/2	1	-1	1	67	G4	4	6534
304	304	1212	1212	2.0	0	0	4/4	5	3	1/2	1/2	1	-1	1	67	G4	4	6545
304	304	1212	1212	2.0	0	0	4/4	1	1	1/2	1/2	1		3	69	A4	4	6532
304	304	1212	1212	2.0	0	0	4/4	5	1	1/2	1/2	1		3	69	A4	4	6541
304	304	1212	1212	2.0	0	0	4/4	7	1	1/2	1/2	1		3	69	A4	4	6549
304	304	1214	1214	2.0	1/2	1/2	4/4	4	1	1/2	1/2	1		2	50	D3	3	6540
304	304	1214	1214	2.0	1/2	1/2	4/4	6	1	1/2	1/2	1		2	50	D3	3	6548
304	304	1214	1214	2.0	1/2	1/2	4/4	8	1	1/2	1/2	1		2	50	D3	3	6552
304	304	1214	1214	1.0	1/2	1/2	4/4	3	1	1/4	1/4	1		2	62	D4	4	6537
304	304	1214	1214	2.0	1/2	1/2	4/4	2	1	1/2	1/2	1		6	66	F#4	4	6535
304	304	1214	1214	2.0	1/2	1/2	4/4	5	3	1/2	1/2	1		6	66	F#4	4	6546
304	304	1214	1214	2.0	1/2	1/2	4/4	1	1	1/2	1/2	1		3	69	A4	4	6533
304	304	1214	1214	2.0	1/2	1/2	4/4	5	1	1/2	1/2	1		3	69	A4	4	6542
304	304	1214	1214	2.0	1/2	1/2	4/4	7	1	1/2	1/2	1		3	69	A4	4	6550
304	304	1215	1215	1.0	3/4	3/4	4/4	3	1	1/4	1/4	1		0	60	C4	4	6538
304	304	1215	1215	1.0	3/4	3/4	4/4	5	2	1/4	1/4	1		0	60	C4	4	6544
305	305	1216	1216	2.0	0	0	4/4	4	1	1/2	1/2	1		1	43	G2	2	6562
305	305	1216	1216	2.0	0	0	4/4	6	1	1/2	1/2	1		1	43	G2	2	6572
305	305	1216	1216	2.0	0	0	4/4	8	1	1/2	1/2	1		1	43	G2	2	6577
305	305	1216	1216	2.0	0	0	4/4	3	1	1/2	1/2	1		5	59	B3	3	6559
305	305	1216	1216	2.0	0	0	4/4	5	2	1/2	1/2	1		5	59	B3	3	6568
305	305	1216	1216	2.0	0	0	4/4	5	3	1/2	1/2	1		2	62	D4	4	6570
305	305	1216	1216	2.0	0	0	4/4	1	1	1/2	1/2	1		1	67	G4	4	6553
305	305	1216	1216	2.0	0	0	4/4	2	1	1/2	1/2	1		1	67	G4	4	6556
305	305	1216	1216	2.0	0	0	4/4	5	1	1/2	1/2	1		1	67	G4	4	6565
305	305	1216	1216	2.0	0	0	4/4	7	1	1/2	1/2	1		1	67	G4	4	6574
305	305	1218	1218	1.0	1/2	1/2	4/4	4	1	1/4	1/4	1		0	48	C3	3	6563
305	305	1218	1218	2.0	1/2	1/2	4/4	6	1	1/2	1/2	1		0	48	C3	3	6573
305	305	1218	1218	2.0	1/2	1/2	4/4	8	1	1/2	1/2	1		0	48	C3	3	6578
305	305	1218	1218	1.0	1/2	1/2	4/4	3	1	1/4	1/4	1		0	60	C4	4	6560
305	305	1218	1218	2.0	1/2	1/2	4/4	5	2	1/2	1/2	1		0	60	C4	4	6569
305	305	1218	1218	1.0	1/2	1/2	4/4	2	1	1/4	1/4	1		4	64	E4	4	6557
305	305	1218	1218	2.0	1/2	1/2	4/4	5	3	1/2	1/2	1		4	64	E4	4	6571
305	305	1218	1218	1.0	1/2	1/2	4/4	1	1	1/4	1/4	1		1	67	G4	4	6554
305	305	1218	1218	1.0	1/2	1/2	4/4	5	1	1/4	1/4	1		1	67	G4	4	6566
305	305	1218	1218	1.0	1/2	1/2	4/4	7	1	1/4	1/4	1		1	67	G4	4	6575
305	305	1219	1219	1.0	3/4	3/4	4/4	4	1	1/4	1/4	1		0	48	C3	3	6564
305	305	1219	1219	1.0	3/4	3/4	4/4	3	1	1/4	1/4	1		0	60	C4	4	6561
305	305	1219	1219	1.0	3/4	3/4	4/4	2	1	1/4	1/4	1		4	64	E4	4	6558
305	305	1219	1219	1.0	3/4	3/4	4/4	1	1	1/4	1/4	1		1	67	G4	4	6555
305	305	1219	1219	1.0	3/4	3/4	4/4	5	1	1/4	1/4	1		1	67	G4	4	6567
305	305	1219	1219	1.0	3/4	3/4	4/4	7	1	1/4	1/4	1		1	67	G4	4	6576
306	306	1220	1220	2.0	0	0	4/4	4	1	1/2	1/2	1		4	52	E3	3	6585
306	306	1220	1220	2.0	0	0	4/4	6	1	1/2	1/2	1		4	52	E3	3	6593
306	306	1220	1220	2.0	0	0	4/4	8	1	1/2	1/2	1		4	52	E3	3	6597
306	306	1220	1220	2.0	0	0	4/4	3	1	1/2	1/2	1		0	60	C4	4	6583
306	306	1220	1220	2.0	0	0	4/4	5	2	1/2	1/2	1		0	60	C4	4	6589
306	306	1220	1220	2.0	0	0	4/4	1	1	1/2	1/2	1		1	67	G4	4	6579
306	306	1220	1220	2.0	0	0	4/4	2	1	1/2	1/2	1		1	67	G4	4	6581
306	306	1220	1220	2.0	0	0	4/4	5	1	1/2	1/2	1		1	67	G4	4	6587
306	306	1220	1220	2.0	0	0	4/4	5	3	1/2	1/2	1		1	67	G4	4	6591
306	306	1220	1220	2.0	0	0	4/4	7	1	1/2	1/2	1		1	67	G4	4	6595
306	306	1222	1222	2.0	1/2	1/2	4/4	4	1	1/2	1/2	1		-1	53	F3	3	6586
306	306	1222	1222	2.0	1/2	1/2	4/4	6	1	1/2	1/2	1		-1	53	F3	3	6594
306	306	1222	1222	2.0	1/2	1/2	4/4	8	1	1/2	1/2	1		-1	53	F3	3	6598
306	306	1222	1222	2.0	1/2	1/2	4/4	3	1	1/2	1/2	1		0	60	C4	4	6584
306	306	1222	1222	2.0	1/2	1/2	4/4	5	2	1/2	1/2	1		0	60	C4	4	6590
306	306	1222	1222	2.0	1/2	1/2	4/4	2	1	1/2	1/2	1	1	-1	65	F4	4	6582
306	306	1222	1222	2.0	1/2	1/2	4/4	5	3	1/2	1/2	1		-1	65	F4	4	6592
306	306	1222	1222	2.0	1/2	1/2	4/4	1	1	1/2	1/2	1		3	69	A4	4	6580
306	306	1222	1222	2.0	1/2	1/2	4/4	5	1	1/2	1/2	1		3	69	A4	4	6588
306	306	1222	1222	2.0	1/2	1/2	4/4	7	1	1/2	1/2	1		3	69	A4	4	6596
307	307	1224	1224	2.0	0	0	4/4	4	1	1/2	1/2	1		5	47	B2	2	6605
307	307	1224	1224	2.0	0	0	4/4	6	1	1/2	1/2	1		5	47	B2	2	6613
307	307	1224	1224	2.0	0	0	4/4	8	1	1/2	1/2	1		5	47	B2	2	6617
307	307	1224	1224	2.0	0	0	4/4	3	1	1/2	1/2	1		2	62	D4	4	6603
307	307	1224	1224	2.0	0	0	4/4	5	2	1/2	1/2	1		2	62	D4	4	6609
307	307	1224	1224	2.0	0	0	4/4	2	1	1/2	1/2	1	-1	-1	65	F4	4	6601
307	307	1224	1224	2.0	0	0	4/4	5	3	1/2	1/2	1		-1	65	F4	4	6611
307	307	1224	1224	2.0	0	0	4/4	1	1	1/2	1/2	1		3	69	A4	4	6599
307	307	1224	1224	2.0	0	0	4/4	5	1	1/2	1/2	1		3	69	A4	4	6607
307	307	1224	1224	2.0	0	0	4/4	7	1	1/2	1/2	1		3	69	A4	4	6615
307	307	1226	1226	2.0	1/2	1/2	4/4	4	1	1/2	1/2	1		4	52	E3	3	6606
307	307	1226	1226	2.0	1/2	1/2	4/4	6	1	1/2	1/2	1		4	52	E3	3	6614
307	307	1226	1226	2.0	1/2	1/2	4/4	8	1	1/2	1/2	1		4	52	E3	3	6618
307	307	1226	1226	2.0	1/2	1/2	4/4	3	1	1/2	1/2	1		5	59	B3	3	6604
307	307	1226	1226	2.0	1/2	1/2	4/4	5	2	1/2	1/2	1		5	59	B3	3	6610
307	307	1226	1226	2.0	1/2	1/2	4/4	2	1	1/2	1/2	1		4	64	E4	4	6602
307	307	1226	1226	2.0	1/2	1/2	4/4	5	3	1/2	1/2	1		4	64	E4	4	6612
307	307	1226	1226	2.0	1/2	1/2	4/4	1	1	1/2	1/2	1		8	68	G#4	4	6600
307	307	1226	1226	2.0	1/2	1/2	4/4	5	1	1/2	1/2	1		8	68	G#4	4	6608
307	307	1226	1226	2.0	1/2	1/2	4/4	7	1	1/2	1/2	1		8	68	G#4	4	6616
308	308	1228	1228	2.0	0	0	4/4	4	1	1/2	1/2	1		3	45	A2	2	6625
308	308	1228	1228	2.0	0	0	4/4	6	1	1/2	1/2	1		3	45	A2	2	6633
308	308	1228	1228	2.0	0	0	4/4	8	1	1/2	1/2	1		3	45	A2	2	6637
308	308	1228	1228	2.0	0	0	4/4	3	1	1/2	1/2	1		0	60	C4	4	6623
308	308	1228	1228	2.0	0	0	4/4	5	2	1/2	1/2	1		0	60	C4	4	6629
308	308	1228	1228	2.0	0	0	4/4	2	1	1/2	1/2	1		4	64	E4	4	6621
308	308	1228	1228	2.0	0	0	4/4	5	3	1/2	1/2	1		4	64	E4	4	6631
308	308	1228	1228	2.0	0	0	4/4	1	1	1/2	1/2	1		3	69	A4	4	6619
308	308	1228	1228	2.0	0	0	4/4	5	1	1/2	1/2	1		3	69	A4	4	6627
308	308	1228	1228	2.0	0	0	4/4	7	1	1/2	1/2	1		3	69	A4	4	6635
308	308	1230	1230	2.0	1/2	1/2	4/4	4	1	1/2	1/2	1		4	52	E3	3	6626
308	308	1230	1230	2.0	1/2	1/2	4/4	6	1	1/2	1/2	1		4	52	E3	3	6634
308	308	1230	1230	2.0	1/2	1/2	4/4	8	1	1/2	1/2	1		4	52	E3	3	6638
308	308	1230	1230	2.0	1/2	1/2	4/4	3	1	1/2	1/2	1		4	64	E4	4	6624
308	308	1230	1230	2.0	1/2	1/2	4/4	5	2	1/2	1/2	1		4	64	E4	4	6630
308	308	1230	1230	2.0	1/2	1/2	4/4	2	1	1/2	1/2	1		1	67	G4	4	6622
308	308	1230	1230	2.0	1/2	1/2	4/4	5	3	1/2	1/2	1		1	67	G4	4	6632
308	308	1230	1230	2.0	1/2	1/2	4/4	1	1	1/2	1/2	1		5	71	B4	4	6620
308	308	1230	1230	2.0	1/2	1/2	4/4	5	1	1/2	1/2	1		5	71	B4	4	6628
308	308	1230	1230	2.0	1/2	1/2	4/4	7	1	1/2	1/2	1		5	71	B4	4	6636
309	309	1232	1232	2.0	0	0	4/4	4	1	1/2	1/2	1		1	55	G3	3	6645
309	309	1232	1232	2.0	0	0	4/4	6	1	1/2	1/2	1		1	55	G3	3	6653
309	309	1232	1232	2.0	0	0	4/4	8	1	1/2	1/2	1		1	55	G3	3	6657
309	309	1232	1232	2.0	0	0	4/4	3	1	1/2	1/2	1		4	64	E4	4	6643
309	309	1232	1232	2.0	0	0	4/4	5	2	1/2	1/2	1		4	64	E4	4	6649
309	309	1232	1232	2.0	0	0	4/4	2	1	1/2	1/2	1		1	67	G4	4	6641
309	309	1232	1232	2.0	0	0	4/4	5	3	1/2	1/2	1		1	67	G4	4	6651
309	309	1232	1232	2.0	0	0	4/4	1	1	1/2	1/2	1		5	71	B4	4	6639
309	309	1232	1232	2.0	0	0	4/4	5	1	1/2	1/2	1		5	71	B4	4	6647
309	309	1232	1232	2.0	0	0	4/4	7	1	1/2	1/2	1		5	71	B4	4	6655
309	309	1234	1234	2.0	1/2	1/2	4/4	4	1	1/2	1/2	1	1	4	52	E3	3	6646
309	309	1234	1234	2.0	1/2	1/2	4/4	6	1	1/2	1/2	1	1	4	52	E3	3	6654
309	309	1234	1234	2.0	1/2	1/2	4/4	8	1	1/2	1/2	1	1	4	52	E3	3	6658
309	309	1234	1234	2.0	1/2	1/2	4/4	3	1	1/2	1/2	1		4	64	E4	4	6644
309	309	1234	1234	2.0	1/2	1/2	4/4	5	2	1/2	1/2	1		4	64	E4	4	6650
309	309	1234	1234	2.0	1/2	1/2	4/4	2	1	1/2	1/2	1		1	67	G4	4	6642
309	309	1234	1234	2.0	1/2	1/2	4/4	5	3	1/2	1/2	1		1	67	G4	4	6652
309	309	1234	1234	2.0	1/2	1/2	4/4	1	1	1/2	1/2	1		5	71	B4	4	6640
309	309	1234	1234	2.0	1/2	1/2	4/4	5	1	1/2	1/2	1		5	71	B4	4	6648
309	309	1234	1234	2.0	1/2	1/2	4/4	7	1	1/2	1/2	1		5	71	B4	4	6656
310	310	1236	1236	2.0	0	0	4/4	4	1	1/2	1/2	1	-1	4	52	E3	3	6665
310	310	1236	1236	2.0	0	0	4/4	6	1	1/2	1/2	1	-1	4	52	E3	3	6673
310	310	1236	1236	2.0	0	0	4/4	8	1	1/2	1/2	1	-1	4	52	E3	3	6677
310	310	1236	1236	2.0	0	0	4/4	3	1	1/2	1/2	1		0	60	C4	4	6663
310	310	1236	1236	2.0	0	0	4/4	5	2	1/2	1/2	1		0	60	C4	4	6669
310	310	1236	1236	2.0	0	0	4/4	2	1	1/2	1/2	1		6	66	F#4	4	6661
310	310	1236	1236	2.0	0	0	4/4	5	3	1/2	1/2	1		6	66	F#4	4	6671
310	310	1236	1236	2.0	0	0	4/4	1	1	1/2	1/2	1		3	69	A4	4	6659
310	310	1236	1236	2.0	0	0	4/4	5	1	1/2	1/2	1		3	69	A4	4	6667
310	310	1236	1236	2.0	0	0	4/4	7	1	1/2	1/2	1		3	69	A4	4	6675
310	310	1238	1238	2.0	1/2	1/2	4/4	4	1	1/2	1/2	1		2	50	D3	3	6666
310	310	1238	1238	2.0	1/2	1/2	4/4	6	1	1/2	1/2	1		2	50	D3	3	6674
310	310	1238	1238	2.0	1/2	1/2	4/4	8	1	1/2	1/2	1		2	50	D3	3	6678
310	310	1238	1238	2.0	1/2	1/2	4/4	3	1	1/2	1/2	1		2	62	D4	4	6664
310	310	1238	1238	2.0	1/2	1/2	4/4	5	2	1/2	1/2	1		2	62	D4	4	6670
310	310	1238	1238	2.0	1/2	1/2	4/4	2	1	1/2	1/2	1		6	66	F#4	4	6662
310	310	1238	1238	2.0	1/2	1/2	4/4	5	3	1/2	1/2	1		6	66	F#4	4	6672
310	310	1238	1238	2.0	1/2	1/2	4/4	1	1	1/2	1/2	1		3	69	A4	4	6660
310	310	1238	1238	2.0	1/2	1/2	4/4	5	1	1/2	1/2	1		3	69	A4	4	6668
310	310	1238	1238	2.0	1/2	1/2	4/4	7	1	1/2	1/2	1		3	69	A4	4	6676
311	311	1240	1240	2.0	0	0	4/4	4	1	1/2	1/2	1		1	43	G2	2	6685
311	311	1240	1240	2.0	0	0	4/4	6	1	1/2	1/2	1		1	43	G2	2	6693
311	311	1240	1240	2.0	0	0	4/4	8	1	1/2	1/2	1		1	43	G2	2	6697
311	311	1240	1240	2.0	0	0	4/4	3	1	1/2	1/2	1		2	62	D4	4	6683
311	311	1240	1240	2.0	0	0	4/4	5	2	1/2	1/2	1		2	62	D4	4	6689
311	311	1240	1240	2.0	0	0	4/4	2	1	1/2	1/2	1		1	67	G4	4	6681
311	311	1240	1240	2.0	0	0	4/4	5	3	1/2	1/2	1		1	67	G4	4	6691
311	311	1240	1240	2.0	0	0	4/4	1	1	1/2	1/2	1		5	71	B4	4	6679
311	311	1240	1240	2.0	0	0	4/4	5	1	1/2	1/2	1		5	71	B4	4	6687
311	311	1240	1240	2.0	0	0	4/4	7	1	1/2	1/2	1		5	71	B4	4	6695
311	311	1242	1242	2.0	1/2	1/2	4/4	4	1	1/2	1/2	1		5	47	B2	2	6686
311	311	1242	1242	2.0	1/2	1/2	4/4	6	1	1/2	1/2	1		5	47	B2	2	6694
311	311	1242	1242	2.0	1/2	1/2	4/4	8	1	1/2	1/2	1		5	47	B2	2	6698
311	311	1242	1242	2.0	1/2	1/2	4/4	3	1	1/2	1/2	1		2	62	D4	4	6684
311	311	1242	1242	2.0	1/2	1/2	4/4	5	2	1/2	1/2	1		2	62	D4	4	6690
311	311	1242	1242	2.0	1/2	1/2	4/4	2	1	1/2	1/2	1	1	1	67	G4	4	6682
311	311	1242	1242	2.0	1/2	1/2	4/4	5	3	1/2	1/2	1	1	1	67	G4	4	6692
311	311	1242	1242	2.0	1/2	1/2	4/4	1	1	1/2	1/2	1		5	71	B4	4	6680
311	311	1242	1242	2.0	1/2	1/2	4/4	5	1	1/2	1/2	1		5	71	B4	4	6688
311	311	1242	1242	2.0	1/2	1/2	4/4	7	1	1/2	1/2	1		5	71	B4	4	6696
312	312	1244	1244	2.0	0	0	4/4	4	1	1/2	1/2	1		0	48	C3	3	6706
312	312	1244	1244	2.0	0	0	4/4	6	1	1/2	1/2	1		0	48	C3	3	6715
312	312	1244	1244	2.0	0	0	4/4	8	1	1/2	1/2	1		0	48	C3	3	6719
312	312	1244	1244	2.0	0	0	4/4	3	1	1/2	1/2	1		4	64	E4	4	6703
312	312	1244	1244	2.0	0	0	4/4	5	2	1/2	1/2	1		4	64	E4	4	6710
312	312	1244	1244	2.0	0	0	4/4	2	1	1/2	1/2	1	-1	1	67	G4	4	6701
312	312	1244	1244	2.0	0	0	4/4	5	3	1/2	1/2	1	-1	1	67	G4	4	6713
312	312	1244	1244	2.0	0	0	4/4	1	1	1/2	1/2	1		3	69	A4	4	6699
312	312	1244	1244	2.0	0	0	4/4	5	1	1/2	1/2	1		3	69	A4	4	6708
312	312	1244	1244	2.0	0	0	4/4	7	1	1/2	1/2	1		3	69	A4	4	6717
312	312	1246	1246	2.0	1/2	1/2	4/4	4	1	1/2	1/2	1		2	50	D3	3	6707
312	312	1246	1246	2.0	1/2	1/2	4/4	6	1	1/2	1/2	1		2	50	D3	3	6716
312	312	1246	1246	2.0	1/2	1/2	4/4	8	1	1/2	1/2	1		2	50	D3	3	6720
312	312	1246	1246	1.0	1/2	1/2	4/4	3	1	1/4	1/4	1		2	62	D4	4	6704
312	312	1246	1246	1.0	1/2	1/2	4/4	5	2	1/4	1/4	1		2	62	D4	4	6711
312	312	1246	1246	2.0	1/2	1/2	4/4	2	1	1/2	1/2	1		6	66	F#4	4	6702
312	312	1246	1246	2.0	1/2	1/2	4/4	5	3	1/2	1/2	1		6	66	F#4	4	6714
312	312	1246	1246	2.0	1/2	1/2	4/4	1	1	1/2	1/2	1		3	69	A4	4	6700
312	312	1246	1246	2.0	1/2	1/2	4/4	5	1	1/2	1/2	1		3	69	A4	4	6709
312	312	1246	1246	2.0	1/2	1/2	4/4	7	1	1/2	1/2	1		3	69	A4	4	6718
312	312	1247	1247	1.0	3/4	3/4	4/4	3	1	1/4	1/4	1		0	60	C4	4	6705
312	312	1247	1247	1.0	3/4	3/4	4/4	5	2	1/4	1/4	1		0	60	C4	4	6712
313	313	1248	1248	2.0	0	0	4/4	4	1	1/2	1/2	1		1	43	G2	2	6730
313	313	1248	1248	2.0	0	0	4/4	6	1	1/2	1/2	1		1	43	G2	2	6740
313	313	1248	1248	2.0	0	0	4/4	8	1	1/2	1/2	1		1	43	G2	2	6745
313	313	1248	1248	2.0	0	0	4/4	3	1	1/2	1/2	1		5	59	B3	3	6727
313	313	1248	1248	2.0	0	0	4/4	5	2	1/2	1/2	1		5	59	B3	3	6736
313	313	1248	1248	2.0	0	0	4/4	5	3	1/2	1/2	1		2	62	D4	4	6738
313	313	1248	1248	2.0	0	0	4/4	1	1	1/2	1/2	1		1	67	G4	4	6721
313	313	1248	1248	2.0	0	0	4/4	2	1	1/2	1/2	1		1	67	G4	4	6724
313	313	1248	1248	2.0	0	0	4/4	5	1	1/2	1/2	1		1	67	G4	4	6733
313	313	1248	1248	2.0	0	0	4/4	7	1	1/2	1/2	1		1	67	G4	4	6742
313	313	1250	1250	1.0	1/2	1/2	4/4	4	1	1/4	1/4	1		4	52	E3	3	6731
313	313	1250	1250	2.0	1/2	1/2	4/4	6	1	1/2	1/2	1		4	52	E3	3	6741
313	313	1250	1250	2.0	1/2	1/2	4/4	8	1	1/2	1/2	1		4	52	E3	3	6746
313	313	1250	1250	1.0	1/2	1/2	4/4	3	1	1/4	1/4	1		5	59	B3	3	6728
313	313	1250	1250	2.0	1/2	1/2	4/4	5	2	1/2	1/2	1		5	59	B3	3	6737
313	313	1250	1250	1.0	1/2	1/2	4/4	2	1	1/4	1/4	1		4	64	E4	4	6725
313	313	1250	1250	2.0	1/2	1/2	4/4	5	3	1/2	1/2	1		4	64	E4	4	6739
313	313	1250	1250	1.0	1/2	1/2	4/4	1	1	1/4	1/4	1		1	67	G4	4	6722
313	313	1250	1250	1.0	1/2	1/2	4/4	5	1	1/4	1/4	1		1	67	G4	4	6734
313	313	1250	1250	1.0	1/2	1/2	4/4	7	1	1/4	1/4	1		1	67	G4	4	6743
313	313	1251	1251	1.0	3/4	3/4	4/4	4	1	1/4	1/4	1		4	52	E3	3	6732
313	313	1251	1251	1.0	3/4	3/4	4/4	3	1	1/4	1/4	1		5	59	B3	3	6729
313	313	1251	1251	1.0	3/4	3/4	4/4	2	1	1/4	1/4	1		4	64	E4	4	6726
313	313	1251	1251	1.0	3/4	3/4	4/4	1	1	1/4	1/4	1		1	67	G4	4	6723
313	313	1251	1251	1.0	3/4	3/4	4/4	5	1	1/4	1/4	1		1	67	G4	4	6735
313	313	1251	1251	1.0	3/4	3/4	4/4	7	1	1/4	1/4	1		1	67	G4	4	6744
314	314	1252	1252	2.0	0	0	4/4	4	1	1/2	1/2	1		0	48	C3	3	6753
314	314	1252	1252	2.0	0	0	4/4	6	1	1/2	1/2	1		0	48	C3	3	6761
314	314	1252	1252	2.0	0	0	4/4	8	1	1/2	1/2	1		0	48	C3	3	6765
314	314	1252	1252	2.0	0	0	4/4	3	1	1/2	1/2	1		0	60	C4	4	6751
314	314	1252	1252	2.0	0	0	4/4	5	2	1/2	1/2	1		0	60	C4	4	6757
314	314	1252	1252	2.0	0	0	4/4	2	1	1/2	1/2	1		4	64	E4	4	6749
314	314	1252	1252	2.0	0	0	4/4	5	3	1/2	1/2	1		4	64	E4	4	6759
314	314	1252	1252	2.0	0	0	4/4	1	1	1/2	1/2	1		1	67	G4	4	6747
314	314	1252	1252	2.0	0	0	4/4	5	1	1/2	1/2	1		1	67	G4	4	6755
314	314	1252	1252	2.0	0	0	4/4	7	1	1/2	1/2	1		1	67	G4	4	6763
314	314	1254	1254	2.0	1/2	1/2	4/4	4	1	1/2	1/2	1		-1	53	F3	3	6754
314	314	1254	1254	2.0	1/2	1/2	4/4	6	1	1/2	1/2	1		-1	53	F3	3	6762
314	314	1254	1254	2.0	1/2	1/2	4/4	8	1	1/2	1/2	1		-1	53	F3	3	6766
314	314	1254	1254	2.0	1/2	1/2	4/4	5	2	1/2	1/2	1		3	57	A3	3	6758
314	314	1254	1254	2.0	1/2	1/2	4/4	3	1	1/2	1/2	1		0	60	C4	4	6752
314	314	1254	1254	2.0	1/2	1/2	4/4	5	3	1/2	1/2	1		0	60	C4	4	6760
314	314	1254	1254	2.0	1/2	1/2	4/4	2	1	1/2	1/2	1		-1	65	F4	4	6750
314	314	1254	1254	2.0	1/2	1/2	4/4	1	1	1/2	1/2	1		3	69	A4	4	6748
314	314	1254	1254	2.0	1/2	1/2	4/4	5	1	1/2	1/2	1		3	69	A4	4	6756
314	314	1254	1254	2.0	1/2	1/2	4/4	7	1	1/2	1/2	1		3	69	A4	4	6764
315	315	1256	1256	2.0	0	0	4/4	4	1	1/2	1/2	1		2	50	D3	3	6773
315	315	1256	1256	2.0	0	0	4/4	6	1	1/2	1/2	1		2	50	D3	3	6780
315	315	1256	1256	2.0	0	0	4/4	8	1	1/2	1/2	1		2	50	D3	3	6784
315	315	1256	1256	2.0	0	0	4/4	3	1	1/2	1/2	1		5	59	B3	3	6771
315	315	1256	1256	4.0	0	0	4/4	5	2	1	1	1		5	59	B3	3	6777
315	315	1256	1256	2.0	0	0	4/4	2	1	1/2	1/2	1		-1	65	F4	4	6769
315	315	1256	1256	2.0	0	0	4/4	5	3	1/2	1/2	1		-1	65	F4	4	6778
315	315	1256	1256	2.0	0	0	4/4	1	1	1/2	1/2	1		3	69	A4	4	6767
315	315	1256	1256	2.0	0	0	4/4	5	1	1/2	1/2	1		3	69	A4	4	6775
315	315	1256	1256	2.0	0	0	4/4	7	1	1/2	1/2	1		3	69	A4	4	6782
315	315	1258	1258	2.0	1/2	1/2	4/4	4	1	1/2	1/2	1		4	52	E3	3	6774
315	315	1258	1258	2.0	1/2	1/2	4/4	6	1	1/2	1/2	1		4	52	E3	3	6781
315	315	1258	1258	2.0	1/2	1/2	4/4	8	1	1/2	1/2	1		4	52	E3	3	6785
315	315	1258	1258	2.0	1/2	1/2	4/4	3	1	1/2	1/2	1		5	59	B3	3	6772
315	315	1258	1258	2.0	1/2	1/2	4/4	2	1	1/2	1/2	1		4	64	E4	4	6770
315	315	1258	1258	2.0	1/2	1/2	4/4	5	3	1/2	1/2	1		4	64	E4	4	6779
315	315	1258	1258	2.0	1/2	1/2	4/4	1	1	1/2	1/2	1		8	68	G#4	4	6768
315	315	1258	1258	2.0	1/2	1/2	4/4	5	1	1/2	1/2	1		8	68	G#4	4	6776
315	315	1258	1258	2.0	1/2	1/2	4/4	7	1	1/2	1/2	1		8	68	G#4	4	6783
316	316	1260	1260	2.0	0	0	4/4	4	1	1/2	1/2	1		3	45	A2	2	6792
316	316	1260	1260	2.0	0	0	4/4	6	1	1/2	1/2	1		3	45	A2	2	6800
316	316	1260	1260	2.0	0	0	4/4	8	1	1/2	1/2	1		3	45	A2	2	6804
316	316	1260	1260	2.0	0	0	4/4	3	1	1/2	1/2	1		0	60	C4	4	6790
316	316	1260	1260	2.0	0	0	4/4	5	2	1/2	1/2	1		0	60	C4	4	6796
316	316	1260	1260	2.0	0	0	4/4	2	1	1/2	1/2	1		4	64	E4	4	6788
316	316	1260	1260	2.0	0	0	4/4	5	3	1/2	1/2	1		4	64	E4	4	6798
316	316	1260	1260	2.0	0	0	4/4	1	1	1/2	1/2	1		3	69	A4	4	6786
316	316	1260	1260	2.0	0	0	4/4	5	1	1/2	1/2	1		3	69	A4	4	6794
316	316	1260	1260	2.0	0	0	4/4	7	1	1/2	1/2	1		3	69	A4	4	6802
316	316	1262	1262	2.0	1/2	1/2	4/4	4	1	1/2	1/2	1		1	43	G2	2	6793
316	316	1262	1262	2.0	1/2	1/2	4/4	6	1	1/2	1/2	1		1	43	G2	2	6801
316	316	1262	1262	2.0	1/2	1/2	4/4	8	1	1/2	1/2	1		1	43	G2	2	6805
316	316	1262	1262	2.0	1/2	1/2	4/4	3	1	1/2	1/2	1		2	62	D4	4	6791
316	316	1262	1262	2.0	1/2	1/2	4/4	5	2	1/2	1/2	1		2	62	D4	4	6797
316	316	1262	1262	2.0	1/2	1/2	4/4	2	1	1/2	1/2	1		1	67	G4	4	6789
316	316	1262	1262	2.0	1/2	1/2	4/4	5	3	1/2	1/2	1		1	67	G4	4	6799
316	316	1262	1262	2.0	1/2	1/2	4/4	1	1	1/2	1/2	1		5	71	B4	4	6787
316	316	1262	1262	2.0	1/2	1/2	4/4	5	1	1/2	1/2	1		5	71	B4	4	6795
316	316	1262	1262	2.0	1/2	1/2	4/4	7	1	1/2	1/2	1		5	71	B4	4	6803
317	317	1264	1264	2.0	0	0	4/4	4	1	1/2	1/2	1		4	52	E3	3	6812
317	317	1264	1264	2.0	0	0	4/4	6	1	1/2	1/2	1		4	52	E3	3	6820
317	317	1264	1264	2.0	0	0	4/4	8	1	1/2	1/2	1		4	52	E3	3	6824
317	317	1264	1264	2.0	0	0	4/4	3	1	1/2	1/2	1		4	64	E4	4	6810
317	317	1264	1264	2.0	0	0	4/4	5	2	1/2	1/2	1		4	64	E4	4	6816
317	317	1264	1264	2.0	0	0	4/4	2	1	1/2	1/2	1		1	67	G4	4	6808
317	317	1264	1264	2.0	0	0	4/4	5	3	1/2	1/2	1		1	67	G4	4	6818
317	317	1264	1264	2.0	0	0	4/4	1	1	1/2	1/2	1		5	71	B4	4	6806
317	317	1264	1264	2.0	0	0	4/4	5	1	1/2	1/2	1		5	71	B4	4	6814
317	317	1264	1264	2.0	0	0	4/4	7	1	1/2	1/2	1		5	71	B4	4	6822
317	317	1266	1266	2.0	1/2	1/2	4/4	4	1	1/2	1/2	1		5	47	B2	2	6813
317	317	1266	1266	2.0	1/2	1/2	4/4	6	1	1/2	1/2	1		5	47	B2	2	6821
317	317	1266	1266	2.0	1/2	1/2	4/4	8	1	1/2	1/2	1		5	47	B2	2	6825
317	317	1266	1266	2.0	1/2	1/2	4/4	3	1	1/2	1/2	1		2	62	D4	4	6811
317	317	1266	1266	2.0	1/2	1/2	4/4	5	2	1/2	1/2	1		2	62	D4	4	6817
317	317	1266	1266	2.0	1/2	1/2	4/4	2	1	1/2	1/2	1	1	1	67	G4	4	6809
317	317	1266	1266	2.0	1/2	1/2	4/4	5	3	1/2	1/2	1	1	1	67	G4	4	6819
317	317	1266	1266	2.0	1/2	1/2	4/4	1	1	1/2	1/2	1		5	71	B4	4	6807
317	317	1266	1266	2.0	1/2	1/2	4/4	5	1	1/2	1/2	1		5	71	B4	4	6815
317	317	1266	1266	2.0	1/2	1/2	4/4	7	1	1/2	1/2	1		5	71	B4	4	6823
318	318	1268	1268	2.0	0	0	4/4	4	1	1/2	1/2	1		2	50	D3	3	6836
318	318	1268	1268	2.0	0	0	4/4	6	1	1/2	1/2	1		2	50	D3	3	6847
318	318	1268	1268	2.0	0	0	4/4	8	1	1/2	1/2	1		2	50	D3	3	6852
318	318	1268	1268	2.0	0	0	4/4	3	1	1/2	1/2	1		2	62	D4	4	6833
318	318	1268	1268	2.0	0	0	4/4	5	2	1/2	1/2	1		2	62	D4	4	6842
318	318	1268	1268	1.0	0	0	4/4	2	1	1/4	1/4	1	-1	1	67	G4	4	6829
318	318	1268	1268	1.0	0	0	4/4	5	3	1/4	1/4	1	-1	1	67	G4	4	6844
318	318	1268	1268	2.0	0	0	4/4	1	1	1/2	1/2	1		3	69	A4	4	6826
318	318	1268	1268	2.0	0	0	4/4	5	1	1/2	1/2	1		3	69	A4	4	6839
318	318	1268	1268	2.0	0	0	4/4	7	1	1/2	1/2	1		3	69	A4	4	6849
318	318	1269	1269	1.0	1/4	1/4	4/4	2	1	1/4	1/4	1		6	66	F#4	4	6830
318	318	1269	1269	1.0	1/4	1/4	4/4	5	3	1/4	1/4	1		6	66	F#4	4	6845
318	318	1270	1270	1.0	1/2	1/2	4/4	4	1	1/4	1/4	1		1	55	G3	3	6837
318	318	1270	1270	2.0	1/2	1/2	4/4	6	1	1/2	1/2	1		1	55	G3	3	6848
318	318	1270	1270	2.0	1/2	1/2	4/4	8	1	1/2	1/2	1		1	55	G3	3	6853
318	318	1270	1270	1.0	1/2	1/2	4/4	3	1	1/4	1/4	1		2	62	D4	4	6834
318	318	1270	1270	2.0	1/2	1/2	4/4	5	2	1/2	1/2	1		2	62	D4	4	6843
318	318	1270	1270	1.0	1/2	1/2	4/4	2	1	1/4	1/4	1		1	67	G4	4	6831
318	318	1270	1270	2.0	1/2	1/2	4/4	5	3	1/2	1/2	1	1	1	67	G4	4	6846
318	318	1270	1270	1.0	1/2	1/2	4/4	1	1	1/4	1/4	1		5	71	B4	4	6827
318	318	1270	1270	1.0	1/2	1/2	4/4	5	1	1/4	1/4	1		5	71	B4	4	6840
318	318	1270	1270	1.0	1/2	1/2	4/4	7	1	1/4	1/4	1		5	71	B4	4	6850
318	318	1271	1271	1.0	3/4	3/4	4/4	4	1	1/4	1/4	1		1	55	G3	3	6838
318	318	1271	1271	1.0	3/4	3/4	4/4	3	1	1/4	1/4	1		2	62	D4	4	6835
318	318	1271	1271	1.0	3/4	3/4	4/4	2	1	1/4	1/4	1		1	67	G4	4	6832
318	318	1271	1271	1.0	3/4	3/4	4/4	1	1	1/4	1/4	1		5	71	B4	4	6828
318	318	1271	1271	1.0	3/4	3/4	4/4	5	1	1/4	1/4	1		5	71	B4	4	6841
318	318	1271	1271	1.0	3/4	3/4	4/4	7	1	1/4	1/4	1		5	71	B4	4	6851
319	319	1272	1272	2.0	0	0	4/4	4	1	1/2	1/2	1		0	48	C3	3	6860
319	319	1272	1272	2.0	0	0	4/4	6	1	1/2	1/2	1		0	48	C3	3	6868
319	319	1272	1272	2.0	0	0	4/4	8	1	1/2	1/2	1		0	48	C3	3	6872
319	319	1272	1272	2.0	0	0	4/4	3	1	1/2	1/2	1		4	64	E4	4	6858
319	319	1272	1272	2.0	0	0	4/4	5	2	1/2	1/2	1		4	64	E4	4	6864
319	319	1272	1272	2.0	0	0	4/4	2	1	1/2	1/2	1		1	67	G4	4	6856
319	319	1272	1272	2.0	0	0	4/4	5	3	1/2	1/2	1	-1	1	67	G4	4	6866
319	319	1272	1272	2.0	0	0	4/4	1	1	1/2	1/2	1		3	69	A4	4	6854
319	319	1272	1272	2.0	0	0	4/4	5	1	1/2	1/2	1		3	69	A4	4	6862
319	319	1272	1272	2.0	0	0	4/4	7	1	1/2	1/2	1		3	69	A4	4	6870
319	319	1274	1274	2.0	1/2	1/2	4/4	4	1	1/2	1/2	1		2	50	D3	3	6861
319	319	1274	1274	2.0	1/2	1/2	4/4	6	1	1/2	1/2	1		2	50	D3	3	6869
319	319	1274	1274	2.0	1/2	1/2	4/4	8	1	1/2	1/2	1		2	50	D3	3	6873
319	319	1274	1274	2.0	1/2	1/2	4/4	3	1	1/2	1/2	1		2	62	D4	4	6859
319	319	1274	1274	2.0	1/2	1/2	4/4	5	2	1/2	1/2	1		2	62	D4	4	6865
319	319	1274	1274	2.0	1/2	1/2	4/4	2	1	1/2	1/2	1		6	66	F#4	4	6857
319	319	1274	1274	2.0	1/2	1/2	4/4	5	3	1/2	1/2	1		6	66	F#4	4	6867
319	319	1274	1274	2.0	1/2	1/2	4/4	1	1	1/2	1/2	1		3	69	A4	4	6855
319	319	1274	1274	2.0	1/2	1/2	4/4	5	1	1/2	1/2	1		3	69	A4	4	6863
319	319	1274	1274	2.0	1/2	1/2	4/4	7	1	1/2	1/2	1		3	69	A4	4	6871
320	320	1276	1276	2.0	0	0	4/4	4	1	1/2	1/2	1		1	43	G2	2	6883
320	320	1276	1276	2.0	0	0	4/4	6	1	1/2	1/2	1		1	43	G2	2	6893
320	320	1276	1276	2.0	0	0	4/4	8	1	1/2	1/2	1		1	43	G2	2	6898
320	320	1276	1276	2.0	0	0	4/4	3	1	1/2	1/2	1		5	59	B3	3	6880
320	320	1276	1276	2.0	0	0	4/4	5	2	1/2	1/2	1		5	59	B3	3	6889
320	320	1276	1276	2.0	0	0	4/4	5	3	1/2	1/2	1		2	62	D4	4	6891
320	320	1276	1276	2.0	0	0	4/4	1	1	1/2	1/2	1		1	67	G4	4	6874
320	320	1276	1276	2.0	0	0	4/4	2	1	1/2	1/2	1		1	67	G4	4	6877
320	320	1276	1276	2.0	0	0	4/4	5	1	1/2	1/2	1		1	67	G4	4	6886
320	320	1276	1276	2.0	0	0	4/4	7	1	1/2	1/2	1		1	67	G4	4	6895
320	320	1278	1278	1.0	1/2	1/2	4/4	4	1	1/4	1/4	1		-1	53	F3	3	6884
320	320	1278	1278	2.0	1/2	1/2	4/4	6	1	1/2	1/2	1		-1	53	F3	3	6894
320	320	1278	1278	2.0	1/2	1/2	4/4	8	1	1/2	1/2	1		-1	53	F3	3	6899
320	320	1278	1278	1.0	1/2	1/2	4/4	3	1	1/4	1/4	1		5	59	B3	3	6881
320	320	1278	1278	2.0	1/2	1/2	4/4	5	2	1/2	1/2	1		5	59	B3	3	6890
320	320	1278	1278	1.0	1/2	1/2	4/4	2	1	1/4	1/4	1		2	62	D4	4	6878
320	320	1278	1278	2.0	1/2	1/2	4/4	5	3	1/2	1/2	1		2	62	D4	4	6892
320	320	1278	1278	1.0	1/2	1/2	4/4	1	1	1/4	1/4	1		1	67	G4	4	6875
320	320	1278	1278	1.0	1/2	1/2	4/4	5	1	1/4	1/4	1		1	67	G4	4	6887
320	320	1278	1278	1.0	1/2	1/2	4/4	7	1	1/4	1/4	1		1	67	G4	4	6896
320	320	1279	1279	1.0	3/4	3/4	4/4	4	1	1/4	1/4	1		-1	53	F3	3	6885
320	320	1279	1279	1.0	3/4	3/4	4/4	3	1	1/4	1/4	1		5	59	B3	3	6882
320	320	1279	1279	1.0	3/4	3/4	4/4	2	1	1/4	1/4	1		2	62	D4	4	6879
320	320	1279	1279	1.0	3/4	3/4	4/4	1	1	1/4	1/4	1		1	67	G4	4	6876
320	320	1279	1279	1.0	3/4	3/4	4/4	5	1	1/4	1/4	1		1	67	G4	4	6888
320	320	1279	1279	1.0	3/4	3/4	4/4	7	1	1/4	1/4	1		1	67	G4	4	6897
321	321	1280	1280	2.0	0	0	4/4	4	1	1/2	1/2	1		4	52	E3	3	6906
321	321	1280	1280	2.0	0	0	4/4	6	1	1/2	1/2	1		4	52	E3	3	6912
321	321	1280	1280	2.0	0	0	4/4	8	1	1/2	1/2	1		4	52	E3	3	6916
321	321	1280	1280	2.0	0	0	4/4	3	1	1/2	1/2	1		0	60	C4	4	6904
321	321	1280	1280	4.0	0	0	4/4	5	2	1	1	1		0	60	C4	4	6910
321	321	1280	1280	2.0	0	0	4/4	2	1	1/2	1/2	1		4	64	E4	4	6902
321	321	1280	1280	4.0	0	0	4/4	5	3	1	1	1		4	64	E4	4	6911
321	321	1280	1280	2.0	0	0	4/4	1	1	1/2	1/2	1		1	67	G4	4	6900
321	321	1280	1280	2.0	0	0	4/4	5	1	1/2	1/2	1		1	67	G4	4	6908
321	321	1280	1280	2.0	0	0	4/4	7	1	1/2	1/2	1		1	67	G4	4	6914
321	321	1282	1282	2.0	1/2	1/2	4/4	4	1	1/2	1/2	1		0	48	C3	3	6907
321	321	1282	1282	2.0	1/2	1/2	4/4	6	1	1/2	1/2	1		0	48	C3	3	6913
321	321	1282	1282	2.0	1/2	1/2	4/4	8	1	1/2	1/2	1		0	48	C3	3	6917
321	321	1282	1282	2.0	1/2	1/2	4/4	3	1	1/2	1/2	1		0	60	C4	4	6905
321	321	1282	1282	2.0	1/2	1/2	4/4	2	1	1/2	1/2	1		4	64	E4	4	6903
321	321	1282	1282	2.0	1/2	1/2	4/4	1	1	1/2	1/2	1		3	69	A4	4	6901
321	321	1282	1282	2.0	1/2	1/2	4/4	5	1	1/2	1/2	1		3	69	A4	4	6909
321	321	1282	1282	2.0	1/2	1/2	4/4	7	1	1/2	1/2	1		3	69	A4	4	6915
322	322	1284	1284	2.0	0	0	4/4	4	1	1/2	1/2	1		5	47	B2	2	6924
322	322	1284	1284	2.0	0	0	4/4	6	1	1/2	1/2	1		5	47	B2	2	6932
322	322	1284	1284	2.0	0	0	4/4	8	1	1/2	1/2	1		5	47	B2	2	6936
322	322	1284	1284	2.0	0	0	4/4	3	1	1/2	1/2	1		2	62	D4	4	6922
322	322	1284	1284	2.0	0	0	4/4	5	2	1/2	1/2	1		2	62	D4	4	6928
322	322	1284	1284	2.0	0	0	4/4	2	1	1/2	1/2	1		-1	65	F4	4	6920
322	322	1284	1284	2.0	0	0	4/4	5	3	1/2	1/2	1		-1	65	F4	4	6930
322	322	1284	1284	2.0	0	0	4/4	1	1	1/2	1/2	1		3	69	A4	4	6918
322	322	1284	1284	2.0	0	0	4/4	5	1	1/2	1/2	1		3	69	A4	4	6926
322	322	1284	1284	2.0	0	0	4/4	7	1	1/2	1/2	1		3	69	A4	4	6934
322	322	1286	1286	2.0	1/2	1/2	4/4	4	1	1/2	1/2	1		4	52	E3	3	6925
322	322	1286	1286	2.0	1/2	1/2	4/4	6	1	1/2	1/2	1		4	52	E3	3	6933
322	322	1286	1286	2.0	1/2	1/2	4/4	8	1	1/2	1/2	1		4	52	E3	3	6937
322	322	1286	1286	2.0	1/2	1/2	4/4	3	1	1/2	1/2	1		5	59	B3	3	6923
322	322	1286	1286	2.0	1/2	1/2	4/4	5	2	1/2	1/2	1		5	59	B3	3	6929
322	322	1286	1286	2.0	1/2	1/2	4/4	2	1	1/2	1/2	1		4	64	E4	4	6921
322	322	1286	1286	2.0	1/2	1/2	4/4	5	3	1/2	1/2	1		4	64	E4	4	6931
322	322	1286	1286	2.0	1/2	1/2	4/4	1	1	1/2	1/2	1		8	68	G#4	4	6919
322	322	1286	1286	2.0	1/2	1/2	4/4	5	1	1/2	1/2	1		8	68	G#4	4	6927
322	322	1286	1286	2.0	1/2	1/2	4/4	7	1	1/2	1/2	1		8	68	G#4	4	6935
323	323	1288	1288	2.0	0	0	4/4	4	1	1/2	1/2	1		3	45	A2	2	6944
323	323	1288	1288	2.0	0	0	4/4	6	1	1/2	1/2	1		3	45	A2	2	6952
323	323	1288	1288	2.0	0	0	4/4	8	1	1/2	1/2	1		3	45	A2	2	6956
323	323	1288	1288	2.0	0	0	4/4	3	1	1/2	1/2	1		0	60	C4	4	6942
323	323	1288	1288	2.0	0	0	4/4	5	2	1/2	1/2	1		0	60	C4	4	6948
323	323	1288	1288	2.0	0	0	4/4	2	1	1/2	1/2	1		4	64	E4	4	6940
323	323	1288	1288	2.0	0	0	4/4	5	3	1/2	1/2	1		4	64	E4	4	6950
323	323	1288	1288	2.0	0	0	4/4	1	1	1/2	1/2	1		3	69	A4	4	6938
323	323	1288	1288	2.0	0	0	4/4	5	1	1/2	1/2	1		3	69	A4	4	6946
323	323	1288	1288	2.0	0	0	4/4	7	1	1/2	1/2	1		3	69	A4	4	6954
323	323	1290	1290	2.0	1/2	1/2	4/4	4	1	1/2	1/2	1		9	51	D#3	3	6945
323	323	1290	1290	2.0	1/2	1/2	4/4	6	1	1/2	1/2	1		9	51	D#3	3	6953
323	323	1290	1290	2.0	1/2	1/2	4/4	8	1	1/2	1/2	1		9	51	D#3	3	6957
323	323	1290	1290	2.0	1/2	1/2	4/4	3	1	1/2	1/2	1		3	57	A3	3	6943
323	323	1290	1290	2.0	1/2	1/2	4/4	2	1	1/2	1/2	1		6	66	F#4	4	6941
323	323	1290	1290	2.0	1/2	1/2	4/4	5	2	1/2	1/2	1		6	66	F#4	4	6949
323	323	1290	1290	2.0	1/2	1/2	4/4	5	3	1/2	1/2	1		3	69	A4	4	6951
323	323	1290	1290	2.0	1/2	1/2	4/4	1	1	1/2	1/2	1		5	71	B4	4	6939
323	323	1290	1290	2.0	1/2	1/2	4/4	5	1	1/2	1/2	1		5	71	B4	4	6947
323	323	1290	1290	2.0	1/2	1/2	4/4	7	1	1/2	1/2	1		5	71	B4	4	6955
324	324	1292	1292	2.0	0	0	4/4	4	1	1/2	1/2	1		4	52	E3	3	6964
324	324	1292	1292	2.0	0	0	4/4	6	1	1/2	1/2	1		4	52	E3	3	6972
324	324	1292	1292	2.0	0	0	4/4	8	1	1/2	1/2	1		4	52	E3	3	6976
324	324	1292	1292	2.0	0	0	4/4	3	1	1/2	1/2	1		1	55	G3	3	6962
324	324	1292	1292	2.0	0	0	4/4	2	1	1/2	1/2	1		4	64	E4	4	6960
324	324	1292	1292	2.0	0	0	4/4	5	2	1/2	1/2	1		4	64	E4	4	6968
324	324	1292	1292	2.0	0	0	4/4	5	3	1/2	1/2	1		1	67	G4	4	6970
324	324	1292	1292	2.0	0	0	4/4	1	1	1/2	1/2	1		5	71	B4	4	6958
324	324	1292	1292	2.0	0	0	4/4	5	1	1/2	1/2	1		5	71	B4	4	6966
324	324	1292	1292	2.0	0	0	4/4	7	1	1/2	1/2	1		5	71	B4	4	6974
324	324	1294	1294	2.0	1/2	1/2	4/4	4	1	1/2	1/2	1		2	50	D3	3	6965
324	324	1294	1294	2.0	1/2	1/2	4/4	6	1	1/2	1/2	1		2	50	D3	3	6973
324	324	1294	1294	2.0	1/2	1/2	4/4	8	1	1/2	1/2	1		2	50	D3	3	6977
324	324	1294	1294	2.0	1/2	1/2	4/4	3	1	1/2	1/2	1	1	1	55	G3	3	6963
324	324	1294	1294	2.0	1/2	1/2	4/4	2	1	1/2	1/2	1		4	64	E4	4	6961
324	324	1294	1294	2.0	1/2	1/2	4/4	5	2	1/2	1/2	1		4	64	E4	4	6969
324	324	1294	1294	2.0	1/2	1/2	4/4	5	3	1/2	1/2	1	1	1	67	G4	4	6971
324	324	1294	1294	2.0	1/2	1/2	4/4	1	1	1/2	1/2	1		5	71	B4	4	6959
324	324	1294	1294	2.0	1/2	1/2	4/4	5	1	1/2	1/2	1		5	71	B4	4	6967
324	324	1294	1294	2.0	1/2	1/2	4/4	7	1	1/2	1/2	1		5	71	B4	4	6975
325	325	1296	1296	2.0	0	0	4/4	4	1	1/2	1/2	1		0	48	C3	3	6987
325	325	1296	1296	2.0	0	0	4/4	6	1	1/2	1/2	1		0	48	C3	3	6997
325	325	1296	1296	2.0	0	0	4/4	8	1	1/2	1/2	1		0	48	C3	3	7002
325	325	1296	1296	2.0	0	0	4/4	3	1	1/2	1/2	1	-1	1	55	G3	3	6984
325	325	1296	1296	2.0	0	0	4/4	2	1	1/2	1/2	1		4	64	E4	4	6981
325	325	1296	1296	2.0	0	0	4/4	5	2	1/2	1/2	1		4	64	E4	4	6993
325	325	1296	1296	2.0	0	0	4/4	5	3	1/2	1/2	1	-1	1	67	G4	4	6995
325	325	1296	1296	2.0	0	0	4/4	1	1	1/2	1/2	1		3	69	A4	4	6978
325	325	1296	1296	2.0	0	0	4/4	5	1	1/2	1/2	1		3	69	A4	4	6990
325	325	1296	1296	2.0	0	0	4/4	7	1	1/2	1/2	1		3	69	A4	4	6999
325	325	1298	1298	1.0	1/2	1/2	4/4	4	1	1/4	1/4	1		2	50	D3	3	6988
325	325	1298	1298	2.0	1/2	1/2	4/4	6	1	1/2	1/2	1		2	50	D3	3	6998
325	325	1298	1298	2.0	1/2	1/2	4/4	8	1	1/2	1/2	1		2	50	D3	3	7003
325	325	1298	1298	1.0	1/2	1/2	4/4	3	1	1/4	1/4	1		6	54	F#3	3	6985
325	325	1298	1298	1.0	1/2	1/2	4/4	2	1	1/4	1/4	1		2	62	D4	4	6982
325	325	1298	1298	2.0	1/2	1/2	4/4	5	2	1/2	1/2	1		2	62	D4	4	6994
325	325	1298	1298	2.0	1/2	1/2	4/4	5	3	1/2	1/2	1		6	66	F#4	4	6996
325	325	1298	1298	1.0	1/2	1/2	4/4	1	1	1/4	1/4	1		3	69	A4	4	6979
325	325	1298	1298	1.0	1/2	1/2	4/4	5	1	1/4	1/4	1		3	69	A4	4	6991
325	325	1298	1298	1.0	1/2	1/2	4/4	7	1	1/4	1/4	1		3	69	A4	4	7000
325	325	1299	1299	1.0	3/4	3/4	4/4	4	1	1/4	1/4	1		2	50	D3	3	6989
325	325	1299	1299	1.0	3/4	3/4	4/4	3	1	1/4	1/4	1		6	54	F#3	3	6986
325	325	1299	1299	1.0	3/4	3/4	4/4	2	1	1/4	1/4	1		0	60	C4	4	6983
325	325	1299	1299	1.0	3/4	3/4	4/4	1	1	1/4	1/4	1		3	69	A4	4	6980
325	325	1299	1299	1.0	3/4	3/4	4/4	5	1	1/4	1/4	1		3	69	A4	4	6992
325	325	1299	1299	1.0	3/4	3/4	4/4	7	1	1/4	1/4	1		3	69	A4	4	7001
326	326	1300	1300	2.0	0	0	4/4	4	1	1/2	1/2	1		1	43	G2	2	7013
326	326	1300	1300	2.0	0	0	4/4	6	1	1/2	1/2	1		1	43	G2	2	7023
326	326	1300	1300	2.0	0	0	4/4	8	1	1/2	1/2	1		1	43	G2	2	7028
326	326	1300	1300	2.0	0	0	4/4	3	1	1/2	1/2	1		1	55	G3	3	7010
326	326	1300	1300	2.0	0	0	4/4	5	2	1/2	1/2	1		1	55	G3	3	7019
326	326	1300	1300	2.0	0	0	4/4	2	1	1/2	1/2	1		5	59	B3	3	7007
326	326	1300	1300	2.0	0	0	4/4	5	3	1/2	1/2	1		2	62	D4	4	7021
326	326	1300	1300	2.0	0	0	4/4	1	1	1/2	1/2	1		1	67	G4	4	7004
326	326	1300	1300	2.0	0	0	4/4	5	1	1/2	1/2	1		1	67	G4	4	7016
326	326	1300	1300	2.0	0	0	4/4	7	1	1/2	1/2	1		1	67	G4	4	7025
326	326	1302	1302	1.0	1/2	1/2	4/4	4	1	1/4	1/4	1		5	47	B2	2	7014
326	326	1302	1302	2.0	1/2	1/2	4/4	6	1	1/2	1/2	1		5	47	B2	2	7024
326	326	1302	1302	2.0	1/2	1/2	4/4	8	1	1/2	1/2	1		5	47	B2	2	7029
326	326	1302	1302	1.0	1/2	1/2	4/4	3	1	1/4	1/4	1		1	55	G3	3	7011
326	326	1302	1302	2.0	1/2	1/2	4/4	5	2	1/2	1/2	1		1	55	G3	3	7020
326	326	1302	1302	1.0	1/2	1/2	4/4	2	1	1/4	1/4	1		2	62	D4	4	7008
326	326	1302	1302	2.0	1/2	1/2	4/4	5	3	1/2	1/2	1		2	62	D4	4	7022
326	326	1302	1302	1.0	1/2	1/2	4/4	1	1	1/4	1/4	1		1	67	G4	4	7005
326	326	1302	1302	1.0	1/2	1/2	4/4	5	1	1/4	1/4	1		1	67	G4	4	7017
326	326	1302	1302	1.0	1/2	1/2	4/4	7	1	1/4	1/4	1		1	67	G4	4	7026
326	326	1303	1303	1.0	3/4	3/4	4/4	4	1	1/4	1/4	1		5	47	B2	2	7015
326	326	1303	1303	1.0	3/4	3/4	4/4	3	1	1/4	1/4	1		1	55	G3	3	7012
326	326	1303	1303	1.0	3/4	3/4	4/4	2	1	1/4	1/4	1		2	62	D4	4	7009
326	326	1303	1303	1.0	3/4	3/4	4/4	1	1	1/4	1/4	1		1	67	G4	4	7006
326	326	1303	1303	1.0	3/4	3/4	4/4	5	1	1/4	1/4	1		1	67	G4	4	7018
326	326	1303	1303	1.0	3/4	3/4	4/4	7	1	1/4	1/4	1		1	67	G4	4	7027
327	327	1304	1304	2.0	0	0	4/4	4	1	1/2	1/2	1		0	48	C3	3	7036
327	327	1304	1304	2.0	0	0	4/4	6	1	1/2	1/2	1		0	48	C3	3	7044
327	327	1304	1304	2.0	0	0	4/4	8	1	1/2	1/2	1		0	48	C3	3	7048
327	327	1304	1304	2.0	0	0	4/4	3	1	1/2	1/2	1		1	55	G3	3	7034
327	327	1304	1304	2.0	0	0	4/4	5	2	1/2	1/2	1		1	55	G3	3	7040
327	327	1304	1304	2.0	0	0	4/4	2	1	1/2	1/2	1		0	60	C4	4	7032
327	327	1304	1304	2.0	0	0	4/4	5	3	1/2	1/2	1		0	60	C4	4	7042
327	327	1304	1304	2.0	0	0	4/4	1	1	1/2	1/2	1		4	64	E4	4	7030
327	327	1304	1304	2.0	0	0	4/4	5	1	1/2	1/2	1		4	64	E4	4	7038
327	327	1304	1304	2.0	0	0	4/4	7	1	1/2	1/2	1		4	64	E4	4	7046
327	327	1306	1306	2.0	1/2	1/2	4/4	4	1	1/2	1/2	1		0	48	C3	3	7037
327	327	1306	1306	2.0	1/2	1/2	4/4	6	1	1/2	1/2	1		0	48	C3	3	7045
327	327	1306	1306	2.0	1/2	1/2	4/4	8	1	1/2	1/2	1		0	48	C3	3	7049
327	327	1306	1306	2.0	1/2	1/2	4/4	3	1	1/2	1/2	1		0	60	C4	4	7035
327	327	1306	1306	2.0	1/2	1/2	4/4	5	2	1/2	1/2	1		0	60	C4	4	7041
327	327	1306	1306	2.0	1/2	1/2	4/4	2	1	1/2	1/2	1		4	64	E4	4	7033
327	327	1306	1306	2.0	1/2	1/2	4/4	5	3	1/2	1/2	1		4	64	E4	4	7043
327	327	1306	1306	2.0	1/2	1/2	4/4	1	1	1/2	1/2	1		3	69	A4	4	7031
327	327	1306	1306	2.0	1/2	1/2	4/4	5	1	1/2	1/2	1		3	69	A4	4	7039
327	327	1306	1306	2.0	1/2	1/2	4/4	7	1	1/2	1/2	1		3	69	A4	4	7047
328	328	1308	1308	2.0	0	0	4/4	4	1	1/2	1/2	1		2	50	D3	3	7056
328	328	1308	1308	2.0	0	0	4/4	8	1	1/2	1/2	1	1	2	50	D3	3	7066
328	328	1308	1308	4.0	0	0	4/4	6	1	1	1	1		2	50	D3	3	7063
328	328	1308	1308	2.0	0	0	4/4	3	1	1/2	1/2	1		5	59	B3	3	7054
328	328	1308	1308	2.0	0	0	4/4	5	2	1/2	1/2	1		5	59	B3	3	7060
328	328	1308	1308	2.0	0	0	4/4	2	1	1/2	1/2	1		2	62	D4	4	7052
328	328	1308	1308	4.0	0	0	4/4	5	3	1	1	1		2	62	D4	4	7062
328	328	1308	1308	2.0	0	0	4/4	1	1	1/2	1/2	1		1	67	G4	4	7050
328	328	1308	1308	2.0	0	0	4/4	5	1	1/2	1/2	1		1	67	G4	4	7058
328	328	1308	1308	2.0	0	0	4/4	7	1	1/2	1/2	1		1	67	G4	4	7064
328	328	1310	1310	2.0	1/2	1/2	4/4	4	1	1/2	1/2	1		2	50	D3	3	7057
328	328	1310	1310	2.0	1/2	1/2	4/4	8	1	1/2	1/2	1	-1	2	50	D3	3	7067
328	328	1310	1310	2.0	1/2	1/2	4/4	3	1	1/2	1/2	1		3	57	A3	3	7055
328	328	1310	1310	2.0	1/2	1/2	4/4	5	2	1/2	1/2	1		3	57	A3	3	7061
328	328	1310	1310	2.0	1/2	1/2	4/4	2	1	1/2	1/2	1		2	62	D4	4	7053
328	328	1310	1310	2.0	1/2	1/2	4/4	1	1	1/2	1/2	1		6	66	F#4	4	7051
328	328	1310	1310	2.0	1/2	1/2	4/4	5	1	1/2	1/2	1		6	66	F#4	4	7059
328	328	1310	1310	2.0	1/2	1/2	4/4	7	1	1/2	1/2	1		6	66	F#4	4	7065
329	329	1312	1312	4.0	0	0	4/4	4	1	1	1	1		1	43	G2	2	7071
329	329	1312	1312	4.0	0	0	4/4	6	1	1	1	1		1	43	G2	2	7076
329	329	1312	1312	4.0	0	0	4/4	8	1	1	1	1		1	43	G2	2	7078
329	329	1312	1312	4.0	0	0	4/4	5	2	1	1	1		1	55	G3	3	7073
329	329	1312	1312	4.0	0	0	4/4	3	1	1	1	1		5	59	B3	3	7070
329	329	1312	1312	4.0	0	0	4/4	5	4	1	1	1		5	59	B3	3	7075
329	329	1312	1312	4.0	0	0	4/4	2	1	1	1	1		2	62	D4	4	7069
329	329	1312	1312	4.0	0	0	4/4	5	3	1	1	1		2	62	D4	4	7074
329	329	1312	1312	4.0	0	0	4/4	1	1	1	1	1		1	67	G4	4	7068
329	329	1312	1312	4.0	0	0	4/4	5	1	1	1	1		1	67	G4	4	7072
329	329	1312	1312	4.0	0	0	4/4	7	1	1	1	1		1	67	G4	4	7077
330	330	1318	1318	2.0	1/2	1/2	4/4	4	1	1/2	1/2	1		1	55	G3	3	7082
330	330	1318	1318	2.0	1/2	1/2	4/4	6	1	1/2	1/2	1		1	55	G3	3	7086
330	330	1318	1318	2.0	1/2	1/2	4/4	8	1	1/2	1/2	1		1	55	G3	3	7088
330	330	1318	1318	2.0	1/2	1/2	4/4	3	1	1/2	1/2	1		5	59	B3	3	7081
330	330	1318	1318	2.0	1/2	1/2	4/4	2	1	1/2	1/2	1		2	62	D4	4	7080
330	330	1318	1318	2.0	1/2	1/2	4/4	5	2	1/2	1/2	1		1	67	G4	4	7084
330	330	1318	1318	2.0	1/2	1/2	4/4	5	3	1/2	1/2	1		5	71	B4	4	7085
330	330	1318	1318	2.0	1/2	1/2	4/4	1	1	1/2	1/2	1		2	74	D5	5	7079
330	330	1318	1318	2.0	1/2	1/2	4/4	5	1	1/2	1/2	1		2	74	D5	5	7083
330	330	1318	1318	2.0	1/2	1/2	4/4	7	1	1/2	1/2	1		2	74	D5	5	7087
331	331	1320	1320	2.0	0	0	4/4	4	1	1/2	1/2	1		6	54	F#3	3	7095
331	331	1320	1320	2.0	0	0	4/4	6	1	1/2	1/2	1		6	54	F#3	3	7103
331	331	1320	1320	2.0	0	0	4/4	8	1	1/2	1/2	1		6	54	F#3	3	7107
331	331	1320	1320	2.0	0	0	4/4	3	1	1/2	1/2	1		3	57	A3	3	7093
331	331	1320	1320	2.0	0	0	4/4	2	1	1/2	1/2	1		2	62	D4	4	7091
331	331	1320	1320	2.0	0	0	4/4	5	2	1/2	1/2	1		2	62	D4	4	7099
331	331	1320	1320	2.0	0	0	4/4	5	3	1/2	1/2	1		3	69	A4	4	7101
331	331	1320	1320	2.0	0	0	4/4	1	1	1/2	1/2	1		2	74	D5	5	7089
331	331	1320	1320	2.0	0	0	4/4	5	1	1/2	1/2	1		2	74	D5	5	7097
331	331	1320	1320	2.0	0	0	4/4	7	1	1/2	1/2	1		2	74	D5	5	7105
331	331	1322	1322	2.0	1/2	1/2	4/4	4	1	1/2	1/2	1		2	50	D3	3	7096
331	331	1322	1322	2.0	1/2	1/2	4/4	6	1	1/2	1/2	1		2	50	D3	3	7104
331	331	1322	1322	2.0	1/2	1/2	4/4	8	1	1/2	1/2	1		2	50	D3	3	7108
331	331	1322	1322	2.0	1/2	1/2	4/4	3	1	1/2	1/2	1		2	62	D4	4	7094
331	331	1322	1322	2.0	1/2	1/2	4/4	5	2	1/2	1/2	1		2	62	D4	4	7100
331	331	1322	1322	2.0	1/2	1/2	4/4	2	1	1/2	1/2	1		6	66	F#4	4	7092
331	331	1322	1322	2.0	1/2	1/2	4/4	5	3	1/2	1/2	1		6	66	F#4	4	7102
331	331	1322	1322	2.0	1/2	1/2	4/4	1	1	1/2	1/2	1		0	72	C5	5	7090
331	331	1322	1322	2.0	1/2	1/2	4/4	5	1	1/2	1/2	1		0	72	C5	5	7098
331	331	1322	1322	2.0	1/2	1/2	4/4	7	1	1/2	1/2	1		0	72	C5	5	7106
332	332	1324	1324	2.0	0	0	4/4	4	1	1/2	1/2	1		1	55	G3	3	7115
332	332	1324	1324	2.0	0	0	4/4	6	1	1/2	1/2	1		1	55	G3	3	7123
332	332	1324	1324	2.0	0	0	4/4	8	1	1/2	1/2	1		1	55	G3	3	7127
332	332	1324	1324	2.0	0	0	4/4	3	1	1/2	1/2	1		2	62	D4	4	7113
332	332	1324	1324	2.0	0	0	4/4	5	2	1/2	1/2	1		2	62	D4	4	7119
332	332	1324	1324	2.0	0	0	4/4	2	1	1/2	1/2	1		1	67	G4	4	7111
332	332	1324	1324	2.0	0	0	4/4	5	3	1/2	1/2	1		1	67	G4	4	7121
332	332	1324	1324	2.0	0	0	4/4	1	1	1/2	1/2	1		5	71	B4	4	7109
332	332	1324	1324	2.0	0	0	4/4	5	1	1/2	1/2	1		5	71	B4	4	7117
332	332	1324	1324	2.0	0	0	4/4	7	1	1/2	1/2	1		5	71	B4	4	7125
332	332	1326	1326	2.0	1/2	1/2	4/4	4	1	1/2	1/2	1		6	54	F#3	3	7116
332	332	1326	1326	2.0	1/2	1/2	4/4	6	1	1/2	1/2	1		6	54	F#3	3	7124
332	332	1326	1326	2.0	1/2	1/2	4/4	8	1	1/2	1/2	1		6	54	F#3	3	7128
332	332	1326	1326	2.0	1/2	1/2	4/4	3	1	1/2	1/2	1		9	63	D#4	4	7114
332	332	1326	1326	2.0	1/2	1/2	4/4	5	2	1/2	1/2	1		9	63	D#4	4	7120
332	332	1326	1326	2.0	1/2	1/2	4/4	2	1	1/2	1/2	1		3	69	A4	4	7112
332	332	1326	1326	2.0	1/2	1/2	4/4	5	3	1/2	1/2	1		3	69	A4	4	7122
332	332	1326	1326	2.0	1/2	1/2	4/4	1	1	1/2	1/2	1		5	71	B4	4	7110
332	332	1326	1326	2.0	1/2	1/2	4/4	5	1	1/2	1/2	1		5	71	B4	4	7118
332	332	1326	1326	2.0	1/2	1/2	4/4	7	1	1/2	1/2	1		5	71	B4	4	7126
333	333	1328	1328	2.0	0	0	4/4	4	1	1/2	1/2	1		4	52	E3	3	7138
333	333	1328	1328	2.0	0	0	4/4	6	1	1/2	1/2	1		4	52	E3	3	7148
333	333	1328	1328	2.0	0	0	4/4	8	1	1/2	1/2	1		4	52	E3	3	7153
333	333	1328	1328	2.0	0	0	4/4	3	1	1/2	1/2	1		4	64	E4	4	7135
333	333	1328	1328	2.0	0	0	4/4	5	2	1/2	1/2	1		4	64	E4	4	7144
333	333	1328	1328	2.0	0	0	4/4	2	1	1/2	1/2	1		1	67	G4	4	7132
333	333	1328	1328	2.0	0	0	4/4	5	3	1/2	1/2	1		1	67	G4	4	7146
333	333	1328	1328	2.0	0	0	4/4	1	1	1/2	1/2	1		5	71	B4	4	7129
333	333	1328	1328	2.0	0	0	4/4	5	1	1/2	1/2	1		5	71	B4	4	7141
333	333	1328	1328	2.0	0	0	4/4	7	1	1/2	1/2	1		5	71	B4	4	7150
333	333	1330	1330	1.0	1/2	1/2	4/4	4	1	1/4	1/4	1		2	50	D3	3	7139
333	333	1330	1330	2.0	1/2	1/2	4/4	6	1	1/2	1/2	1		2	50	D3	3	7149
333	333	1330	1330	2.0	1/2	1/2	4/4	8	1	1/2	1/2	1		2	50	D3	3	7154
333	333	1330	1330	1.0	1/2	1/2	4/4	3	1	1/4	1/4	1		-1	65	F4	4	7136
333	333	1330	1330	2.0	1/2	1/2	4/4	5	2	1/2	1/2	1		-1	65	F4	4	7145
333	333	1330	1330	1.0	1/2	1/2	4/4	2	1	1/4	1/4	1		1	67	G4	4	7133
333	333	1330	1330	2.0	1/2	1/2	4/4	5	3	1/2	1/2	1		1	67	G4	4	7147
333	333	1330	1330	1.0	1/2	1/2	4/4	1	1	1/4	1/4	1		5	71	B4	4	7130
333	333	1330	1330	1.0	1/2	1/2	4/4	5	1	1/4	1/4	1		5	71	B4	4	7142
333	333	1330	1330	1.0	1/2	1/2	4/4	7	1	1/4	1/4	1		5	71	B4	4	7151
333	333	1331	1331	1.0	3/4	3/4	4/4	4	1	1/4	1/4	1		2	50	D3	3	7140
333	333	1331	1331	1.0	3/4	3/4	4/4	3	1	1/4	1/4	1		-1	65	F4	4	7137
333	333	1331	1331	1.0	3/4	3/4	4/4	2	1	1/4	1/4	1		1	67	G4	4	7134
333	333	1331	1331	1.0	3/4	3/4	4/4	1	1	1/4	1/4	1		5	71	B4	4	7131
333	333	1331	1331	1.0	3/4	3/4	4/4	5	1	1/4	1/4	1		5	71	B4	4	7143
333	333	1331	1331	1.0	3/4	3/4	4/4	7	1	1/4	1/4	1		5	71	B4	4	7152
334	334	1332	1332	2.0	0	0	4/4	4	1	1/2	1/2	1		0	48	C3	3	7160
334	334	1332	1332	2.0	0	0	4/4	6	1	1/2	1/2	1		0	48	C3	3	7167
334	334	1332	1332	2.0	0	0	4/4	8	1	1/2	1/2	1		0	48	C3	3	7170
334	334	1332	1332	2.0	0	0	4/4	3	1	1/2	1/2	1		4	64	E4	4	7158
334	334	1332	1332	2.0	0	0	4/4	5	2	1/2	1/2	1		4	64	E4	4	7163
334	334	1332	1332	2.0	0	0	4/4	2	1	1/2	1/2	1		1	67	G4	4	7156
334	334	1332	1332	2.0	0	0	4/4	5	3	1/2	1/2	1		1	67	G4	4	7165
334	334	1332	1332	4.0	0	0	4/4	1	1	1	1	1		0	72	C5	5	7155
334	334	1332	1332	4.0	0	0	4/4	5	1	1	1	1		0	72	C5	5	7162
334	334	1332	1332	4.0	0	0	4/4	7	1	1	1	1		0	72	C5	5	7169
334	334	1334	1334	2.0	1/2	1/2	4/4	4	1	1/2	1/2	1		2	50	D3	3	7161
334	334	1334	1334	2.0	1/2	1/2	4/4	6	1	1/2	1/2	1		2	50	D3	3	7168
334	334	1334	1334	2.0	1/2	1/2	4/4	8	1	1/2	1/2	1		2	50	D3	3	7171
334	334	1334	1334	2.0	1/2	1/2	4/4	3	1	1/2	1/2	1		2	62	D4	4	7159
334	334	1334	1334	2.0	1/2	1/2	4/4	5	2	1/2	1/2	1		2	62	D4	4	7164
334	334	1334	1334	2.0	1/2	1/2	4/4	2	1	1/2	1/2	1		6	66	F#4	4	7157
334	334	1334	1334	2.0	1/2	1/2	4/4	5	3	1/2	1/2	1		6	66	F#4	4	7166
335	335	1336	1336	2.0	0	0	4/4	4	1	1/2	1/2	1		1	43	G2	2	7178
335	335	1336	1336	2.0	0	0	4/4	6	1	1/2	1/2	1		1	43	G2	2	7186
335	335	1336	1336	2.0	0	0	4/4	8	1	1/2	1/2	1		1	43	G2	2	7190
335	335	1336	1336	2.0	0	0	4/4	3	1	1/2	1/2	1		2	62	D4	4	7176
335	335	1336	1336	2.0	0	0	4/4	5	2	1/2	1/2	1		2	62	D4	4	7182
335	335	1336	1336	2.0	0	0	4/4	2	1	1/2	1/2	1		1	67	G4	4	7174
335	335	1336	1336	2.0	0	0	4/4	5	3	1/2	1/2	1		1	67	G4	4	7184
335	335	1336	1336	2.0	0	0	4/4	1	1	1/2	1/2	1		5	71	B4	4	7172
335	335	1336	1336	2.0	0	0	4/4	5	1	1/2	1/2	1		5	71	B4	4	7180
335	335	1336	1336	2.0	0	0	4/4	7	1	1/2	1/2	1		5	71	B4	4	7188
335	335	1338	1338	2.0	1/2	1/2	4/4	4	1	1/2	1/2	1		1	55	G3	3	7179
335	335	1338	1338	2.0	1/2	1/2	4/4	6	1	1/2	1/2	1		1	55	G3	3	7187
335	335	1338	1338	2.0	1/2	1/2	4/4	8	1	1/2	1/2	1		1	55	G3	3	7191
335	335	1338	1338	2.0	1/2	1/2	4/4	3	1	1/2	1/2	1		2	62	D4	4	7177
335	335	1338	1338	2.0	1/2	1/2	4/4	5	2	1/2	1/2	1	1	2	62	D4	4	7183
335	335	1338	1338	2.0	1/2	1/2	4/4	2	1	1/2	1/2	1		1	67	G4	4	7175
335	335	1338	1338	2.0	1/2	1/2	4/4	5	3	1/2	1/2	1		1	67	G4	4	7185
335	335	1338	1338	2.0	1/2	1/2	4/4	1	1	1/2	1/2	1		5	71	B4	4	7173
335	335	1338	1338	2.0	1/2	1/2	4/4	5	1	1/2	1/2	1		5	71	B4	4	7181
335	335	1338	1338	2.0	1/2	1/2	4/4	7	1	1/2	1/2	1		5	71	B4	4	7189
336	336	1340	1340	2.0	0	0	4/4	4	1	1/2	1/2	1		4	52	E3	3	7201
336	336	1340	1340	2.0	0	0	4/4	6	1	1/2	1/2	1		4	52	E3	3	7211
336	336	1340	1340	2.0	0	0	4/4	8	1	1/2	1/2	1		4	52	E3	3	7216
336	336	1340	1340	2.0	0	0	4/4	3	1	1/2	1/2	1		2	62	D4	4	7198
336	336	1340	1340	2.0	0	0	4/4	5	2	1/2	1/2	1	-1	2	62	D4	4	7207
336	336	1340	1340	2.0	0	0	4/4	2	1	1/2	1/2	1		8	68	G#4	4	7195
336	336	1340	1340	2.0	0	0	4/4	5	3	1/2	1/2	1		8	68	G#4	4	7209
336	336	1340	1340	2.0	0	0	4/4	1	1	1/2	1/2	1		5	71	B4	4	7192
336	336	1340	1340	2.0	0	0	4/4	5	1	1/2	1/2	1		5	71	B4	4	7204
336	336	1340	1340	2.0	0	0	4/4	7	1	1/2	1/2	1		5	71	B4	4	7213
336	336	1342	1342	1.0	1/2	1/2	4/4	4	1	1/4	1/4	1		3	57	A3	3	7202
336	336	1342	1342	2.0	1/2	1/2	4/4	6	1	1/2	1/2	1		3	57	A3	3	7212
336	336	1342	1342	2.0	1/2	1/2	4/4	8	1	1/2	1/2	1		3	57	A3	3	7217
336	336	1342	1342	1.0	1/2	1/2	4/4	3	1	1/4	1/4	1		0	60	C4	4	7199
336	336	1342	1342	2.0	1/2	1/2	4/4	5	2	1/2	1/2	1		0	60	C4	4	7208
336	336	1342	1342	1.0	1/2	1/2	4/4	2	1	1/4	1/4	1		4	64	E4	4	7196
336	336	1342	1342	2.0	1/2	1/2	4/4	5	3	1/2	1/2	1		4	64	E4	4	7210
336	336	1342	1342	1.0	1/2	1/2	4/4	1	1	1/4	1/4	1		3	69	A4	4	7193
336	336	1342	1342	1.0	1/2	1/2	4/4	5	1	1/4	1/4	1		3	69	A4	4	7205
336	336	1342	1342	1.0	1/2	1/2	4/4	7	1	1/4	1/4	1		3	69	A4	4	7214
336	336	1343	1343	1.0	3/4	3/4	4/4	4	1	1/4	1/4	1		3	57	A3	3	7203
336	336	1343	1343	1.0	3/4	3/4	4/4	3	1	1/4	1/4	1		0	60	C4	4	7200
336	336	1343	1343	1.0	3/4	3/4	4/4	2	1	1/4	1/4	1		4	64	E4	4	7197
336	336	1343	1343	1.0	3/4	3/4	4/4	1	1	1/4	1/4	1		3	69	A4	4	7194
336	336	1343	1343	1.0	3/4	3/4	4/4	5	1	1/4	1/4	1		3	69	A4	4	7206
336	336	1343	1343	1.0	3/4	3/4	4/4	7	1	1/4	1/4	1		3	69	A4	4	7215
337	337	1344	1344	2.0	0	0	4/4	4	1	1/2	1/2	1		4	52	E3	3	7224
337	337	1344	1344	2.0	0	0	4/4	8	1	1/2	1/2	1		4	52	E3	3	7234
337	337	1344	1344	4.0	0	0	4/4	6	1	1	1	1		4	52	E3	3	7231
337	337	1344	1344	2.0	0	0	4/4	3	1	1/2	1/2	1		0	60	C4	4	7222
337	337	1344	1344	2.0	0	0	4/4	5	2	1/2	1/2	1		0	60	C4	4	7228
337	337	1344	1344	2.0	0	0	4/4	2	1	1/2	1/2	1		4	64	E4	4	7220
337	337	1344	1344	4.0	0	0	4/4	5	3	1	1	1		4	64	E4	4	7230
337	337	1344	1344	2.0	0	0	4/4	1	1	1/2	1/2	1		3	69	A4	4	7218
337	337	1344	1344	2.0	0	0	4/4	5	1	1/2	1/2	1		3	69	A4	4	7226
337	337	1344	1344	2.0	0	0	4/4	7	1	1/2	1/2	1		3	69	A4	4	7232
337	337	1346	1346	2.0	1/2	1/2	4/4	4	1	1/2	1/2	1		4	52	E3	3	7225
337	337	1346	1346	2.0	1/2	1/2	4/4	8	1	1/2	1/2	1		4	52	E3	3	7235
337	337	1346	1346	2.0	1/2	1/2	4/4	3	1	1/2	1/2	1		5	59	B3	3	7223
337	337	1346	1346	2.0	1/2	1/2	4/4	5	2	1/2	1/2	1		5	59	B3	3	7229
337	337	1346	1346	2.0	1/2	1/2	4/4	2	1	1/2	1/2	1		4	64	E4	4	7221
337	337	1346	1346	2.0	1/2	1/2	4/4	1	1	1/2	1/2	1		8	68	G#4	4	7219
337	337	1346	1346	2.0	1/2	1/2	4/4	5	1	1/2	1/2	1		8	68	G#4	4	7227
337	337	1346	1346	2.0	1/2	1/2	4/4	7	1	1/2	1/2	1		8	68	G#4	4	7233
338	338	1348	1348	2.0	0	0	4/4	4	1	1/2	1/2	1		3	45	A2	2	7242
338	338	1348	1348	2.0	0	0	4/4	6	1	1/2	1/2	1		3	45	A2	2	7250
338	338	1348	1348	2.0	0	0	4/4	8	1	1/2	1/2	1		3	45	A2	2	7254
338	338	1348	1348	2.0	0	0	4/4	3	1	1/2	1/2	1		0	60	C4	4	7240
338	338	1348	1348	2.0	0	0	4/4	5	2	1/2	1/2	1		0	60	C4	4	7246
338	338	1348	1348	2.0	0	0	4/4	2	1	1/2	1/2	1		4	64	E4	4	7238
338	338	1348	1348	2.0	0	0	4/4	5	3	1/2	1/2	1		4	64	E4	4	7248
338	338	1348	1348	2.0	0	0	4/4	1	1	1/2	1/2	1		3	69	A4	4	7236
338	338	1348	1348	2.0	0	0	4/4	5	1	1/2	1/2	1		3	69	A4	4	7244
338	338	1348	1348	2.0	0	0	4/4	7	1	1/2	1/2	1		3	69	A4	4	7252
338	338	1350	1350	2.0	1/2	1/2	4/4	4	1	1/2	1/2	1		1	43	G2	2	7243
338	338	1350	1350	2.0	1/2	1/2	4/4	6	1	1/2	1/2	1		1	43	G2	2	7251
338	338	1350	1350	2.0	1/2	1/2	4/4	8	1	1/2	1/2	1		1	43	G2	2	7255
338	338	1350	1350	2.0	1/2	1/2	4/4	3	1	1/2	1/2	1		2	62	D4	4	7241
338	338	1350	1350	2.0	1/2	1/2	4/4	5	2	1/2	1/2	1		2	62	D4	4	7247
338	338	1350	1350	2.0	1/2	1/2	4/4	2	1	1/2	1/2	1		1	67	G4	4	7239
338	338	1350	1350	2.0	1/2	1/2	4/4	5	3	1/2	1/2	1		1	67	G4	4	7249
338	338	1350	1350	2.0	1/2	1/2	4/4	1	1	1/2	1/2	1		5	71	B4	4	7237
338	338	1350	1350	2.0	1/2	1/2	4/4	5	1	1/2	1/2	1		5	71	B4	4	7245
338	338	1350	1350	2.0	1/2	1/2	4/4	7	1	1/2	1/2	1		5	71	B4	4	7253
339	339	1352	1352	2.0	0	0	4/4	4	1	1/2	1/2	1		5	47	B2	2	7262
339	339	1352	1352	2.0	0	0	4/4	6	1	1/2	1/2	1		5	47	B2	2	7270
339	339	1352	1352	2.0	0	0	4/4	8	1	1/2	1/2	1		5	47	B2	2	7274
339	339	1352	1352	2.0	0	0	4/4	3	1	1/2	1/2	1		2	62	D4	4	7260
339	339	1352	1352	2.0	0	0	4/4	5	2	1/2	1/2	1		2	62	D4	4	7266
339	339	1352	1352	2.0	0	0	4/4	2	1	1/2	1/2	1		1	67	G4	4	7258
339	339	1352	1352	2.0	0	0	4/4	5	3	1/2	1/2	1		1	67	G4	4	7268
339	339	1352	1352	2.0	0	0	4/4	1	1	1/2	1/2	1		2	74	D5	5	7256
339	339	1352	1352	2.0	0	0	4/4	5	1	1/2	1/2	1		2	74	D5	5	7264
339	339	1352	1352	2.0	0	0	4/4	7	1	1/2	1/2	1		2	74	D5	5	7272
339	339	1354	1354	2.0	1/2	1/2	4/4	4	1	1/2	1/2	1		2	50	D3	3	7263
339	339	1354	1354	2.0	1/2	1/2	4/4	6	1	1/2	1/2	1		2	50	D3	3	7271
339	339	1354	1354	2.0	1/2	1/2	4/4	8	1	1/2	1/2	1		2	50	D3	3	7275
339	339	1354	1354	2.0	1/2	1/2	4/4	3	1	1/2	1/2	1		2	62	D4	4	7261
339	339	1354	1354	2.0	1/2	1/2	4/4	5	2	1/2	1/2	1		2	62	D4	4	7267
339	339	1354	1354	2.0	1/2	1/2	4/4	2	1	1/2	1/2	1		6	66	F#4	4	7259
339	339	1354	1354	2.0	1/2	1/2	4/4	5	3	1/2	1/2	1		6	66	F#4	4	7269
339	339	1354	1354	2.0	1/2	1/2	4/4	1	1	1/2	1/2	1		0	72	C5	5	7257
339	339	1354	1354	2.0	1/2	1/2	4/4	5	1	1/2	1/2	1		0	72	C5	5	7265
339	339	1354	1354	2.0	1/2	1/2	4/4	7	1	1/2	1/2	1		0	72	C5	5	7273
340	340	1356	1356	2.0	0	0	4/4	4	1	1/2	1/2	1		1	43	G2	2	7282
340	340	1356	1356	2.0	0	0	4/4	6	1	1/2	1/2	1		1	43	G2	2	7290
340	340	1356	1356	2.0	0	0	4/4	8	1	1/2	1/2	1		1	43	G2	2	7294
340	340	1356	1356	2.0	0	0	4/4	3	1	1/2	1/2	1		2	62	D4	4	7280
340	340	1356	1356	2.0	0	0	4/4	5	2	1/2	1/2	1		2	62	D4	4	7286
340	340	1356	1356	2.0	0	0	4/4	2	1	1/2	1/2	1		1	67	G4	4	7278
340	340	1356	1356	2.0	0	0	4/4	5	3	1/2	1/2	1		1	67	G4	4	7288
340	340	1356	1356	2.0	0	0	4/4	1	1	1/2	1/2	1		5	71	B4	4	7276
340	340	1356	1356	2.0	0	0	4/4	5	1	1/2	1/2	1		5	71	B4	4	7284
340	340	1356	1356	2.0	0	0	4/4	7	1	1/2	1/2	1		5	71	B4	4	7292
340	340	1358	1358	2.0	1/2	1/2	4/4	4	1	1/2	1/2	1		6	54	F#3	3	7283
340	340	1358	1358	2.0	1/2	1/2	4/4	6	1	1/2	1/2	1		6	54	F#3	3	7291
340	340	1358	1358	2.0	1/2	1/2	4/4	8	1	1/2	1/2	1		6	54	F#3	3	7295
340	340	1358	1358	2.0	1/2	1/2	4/4	3	1	1/2	1/2	1		2	62	D4	4	7281
340	340	1358	1358	2.0	1/2	1/2	4/4	5	2	1/2	1/2	1		2	62	D4	4	7287
340	340	1358	1358	2.0	1/2	1/2	4/4	2	1	1/2	1/2	1		1	67	G4	4	7279
340	340	1358	1358	2.0	1/2	1/2	4/4	5	3	1/2	1/2	1		1	67	G4	4	7289
340	340	1358	1358	2.0	1/2	1/2	4/4	1	1	1/2	1/2	1		5	71	B4	4	7277
340	340	1358	1358	2.0	1/2	1/2	4/4	5	1	1/2	1/2	1		5	71	B4	4	7285
340	340	1358	1358	2.0	1/2	1/2	4/4	7	1	1/2	1/2	1		5	71	B4	4	7293
341	341	1360	1360	2.0	0	0	4/4	4	1	1/2	1/2	1		4	52	E3	3	7305
341	341	1360	1360	2.0	0	0	4/4	6	1	1/2	1/2	1		4	52	E3	3	7315
341	341	1360	1360	2.0	0	0	4/4	8	1	1/2	1/2	1		4	52	E3	3	7320
341	341	1360	1360	2.0	0	0	4/4	3	1	1/2	1/2	1		4	64	E4	4	7302
341	341	1360	1360	2.0	0	0	4/4	5	2	1/2	1/2	1		4	64	E4	4	7311
341	341	1360	1360	2.0	0	0	4/4	2	1	1/2	1/2	1		1	67	G4	4	7299
341	341	1360	1360	2.0	0	0	4/4	5	3	1/2	1/2	1		1	67	G4	4	7313
341	341	1360	1360	2.0	0	0	4/4	1	1	1/2	1/2	1		5	71	B4	4	7296
341	341	1360	1360	2.0	0	0	4/4	5	1	1/2	1/2	1		5	71	B4	4	7308
341	341	1360	1360	2.0	0	0	4/4	7	1	1/2	1/2	1		5	71	B4	4	7317
341	341	1362	1362	1.0	1/2	1/2	4/4	4	1	1/4	1/4	1		1	55	G3	3	7306
341	341	1362	1362	2.0	1/2	1/2	4/4	6	1	1/2	1/2	1	1	1	55	G3	3	7316
341	341	1362	1362	2.0	1/2	1/2	4/4	8	1	1/2	1/2	1	1	1	55	G3	3	7321
341	341	1362	1362	1.0	1/2	1/2	4/4	3	1	1/4	1/4	1		2	62	D4	4	7303
341	341	1362	1362	2.0	1/2	1/2	4/4	5	2	1/2	1/2	1		2	62	D4	4	7312
341	341	1362	1362	1.0	1/2	1/2	4/4	2	1	1/4	1/4	1		1	67	G4	4	7300
341	341	1362	1362	2.0	1/2	1/2	4/4	5	3	1/2	1/2	1		1	67	G4	4	7314
341	341	1362	1362	1.0	1/2	1/2	4/4	1	1	1/4	1/4	1		5	71	B4	4	7297
341	341	1362	1362	1.0	1/2	1/2	4/4	5	1	1/4	1/4	1		5	71	B4	4	7309
341	341	1362	1362	1.0	1/2	1/2	4/4	7	1	1/4	1/4	1		5	71	B4	4	7318
341	341	1363	1363	1.0	3/4	3/4	4/4	4	1	1/4	1/4	1		1	55	G3	3	7307
341	341	1363	1363	1.0	3/4	3/4	4/4	3	1	1/4	1/4	1		2	62	D4	4	7304
341	341	1363	1363	1.0	3/4	3/4	4/4	2	1	1/4	1/4	1		1	67	G4	4	7301
341	341	1363	1363	1.0	3/4	3/4	4/4	1	1	1/4	1/4	1		5	71	B4	4	7298
341	341	1363	1363	1.0	3/4	3/4	4/4	5	1	1/4	1/4	1		5	71	B4	4	7310
341	341	1363	1363	1.0	3/4	3/4	4/4	7	1	1/4	1/4	1		5	71	B4	4	7319
342	342	1364	1364	2.0	0	0	4/4	4	1	1/2	1/2	1		1	55	G3	3	7326
342	342	1364	1364	2.0	0	0	4/4	6	1	1/2	1/2	1	-1	1	55	G3	3	7332
342	342	1364	1364	2.0	0	0	4/4	8	1	1/2	1/2	1	-1	1	55	G3	3	7335
342	342	1364	1364	2.0	0	0	4/4	3	1	1/2	1/2	1		4	64	E4	4	7324
342	342	1364	1364	2.0	0	0	4/4	5	2	1/2	1/2	1		4	64	E4	4	7329
342	342	1364	1364	4.0	0	0	4/4	2	1	1	1	1		3	69	A4	4	7323
342	342	1364	1364	4.0	0	0	4/4	5	3	1	1	1		3	69	A4	4	7331
342	342	1364	1364	4.0	0	0	4/4	1	1	1	1	1		0	72	C5	5	7322
342	342	1364	1364	4.0	0	0	4/4	5	1	1	1	1		0	72	C5	5	7328
342	342	1364	1364	4.0	0	0	4/4	7	1	1	1	1		0	72	C5	5	7334
342	342	1366	1366	2.0	1/2	1/2	4/4	4	1	1/2	1/2	1		6	54	F#3	3	7327
342	342	1366	1366	2.0	1/2	1/2	4/4	6	1	1/2	1/2	1		6	54	F#3	3	7333
342	342	1366	1366	2.0	1/2	1/2	4/4	8	1	1/2	1/2	1		6	54	F#3	3	7336
342	342	1366	1366	2.0	1/2	1/2	4/4	3	1	1/2	1/2	1		2	62	D4	4	7325
342	342	1366	1366	2.0	1/2	1/2	4/4	5	2	1/2	1/2	1		2	62	D4	4	7330
343	343	1368	1368	2.0	0	0	4/4	4	1	1/2	1/2	1		1	55	G3	3	7343
343	343	1368	1368	2.0	0	0	4/4	6	1	1/2	1/2	1		1	55	G3	3	7351
343	343	1368	1368	2.0	0	0	4/4	8	1	1/2	1/2	1		1	55	G3	3	7355
343	343	1368	1368	2.0	0	0	4/4	3	1	1/2	1/2	1		2	62	D4	4	7341
343	343	1368	1368	2.0	0	0	4/4	5	2	1/2	1/2	1		2	62	D4	4	7347
343	343	1368	1368	2.0	0	0	4/4	2	1	1/2	1/2	1		1	67	G4	4	7339
343	343	1368	1368	2.0	0	0	4/4	5	3	1/2	1/2	1		1	67	G4	4	7349
343	343	1368	1368	2.0	0	0	4/4	1	1	1/2	1/2	1		5	71	B4	4	7337
343	343	1368	1368	2.0	0	0	4/4	5	1	1/2	1/2	1		5	71	B4	4	7345
343	343	1368	1368	2.0	0	0	4/4	7	1	1/2	1/2	1		5	71	B4	4	7353
343	343	1370	1370	2.0	1/2	1/2	4/4	4	1	1/2	1/2	1		4	52	E3	3	7344
343	343	1370	1370	2.0	1/2	1/2	4/4	6	1	1/2	1/2	1		4	52	E3	3	7352
343	343	1370	1370	2.0	1/2	1/2	4/4	8	1	1/2	1/2	1		4	52	E3	3	7356
343	343	1370	1370	2.0	1/2	1/2	4/4	3	1	1/2	1/2	1		4	64	E4	4	7342
343	343	1370	1370	2.0	1/2	1/2	4/4	5	2	1/2	1/2	1		4	64	E4	4	7348
343	343	1370	1370	2.0	1/2	1/2	4/4	2	1	1/2	1/2	1		1	67	G4	4	7340
343	343	1370	1370	2.0	1/2	1/2	4/4	5	3	1/2	1/2	1		1	67	G4	4	7350
343	343	1370	1370	2.0	1/2	1/2	4/4	1	1	1/2	1/2	1		5	71	B4	4	7338
343	343	1370	1370	2.0	1/2	1/2	4/4	5	1	1/2	1/2	1		5	71	B4	4	7346
343	343	1370	1370	2.0	1/2	1/2	4/4	7	1	1/2	1/2	1		5	71	B4	4	7354
344	344	1372	1372	2.0	0	0	4/4	4	1	1/2	1/2	1		2	50	D3	3	7366
344	344	1372	1372	2.0	0	0	4/4	6	1	1/2	1/2	1		2	50	D3	3	7376
344	344	1372	1372	2.0	0	0	4/4	8	1	1/2	1/2	1		2	50	D3	3	7381
344	344	1372	1372	2.0	0	0	4/4	2	1	1/2	1/2	1		-1	65	F4	4	7360
344	344	1372	1372	2.0	0	0	4/4	3	1	1/2	1/2	1		-1	65	F4	4	7363
344	344	1372	1372	2.0	0	0	4/4	5	2	1/2	1/2	1		-1	65	F4	4	7372
344	344	1372	1372	2.0	0	0	4/4	5	3	1/2	1/2	1		-1	65	F4	4	7374
344	344	1372	1372	2.0	0	0	4/4	1	1	1/2	1/2	1		5	71	B4	4	7357
344	344	1372	1372	2.0	0	0	4/4	5	1	1/2	1/2	1		5	71	B4	4	7369
344	344	1372	1372	2.0	0	0	4/4	7	1	1/2	1/2	1		5	71	B4	4	7378
344	344	1374	1374	1.0	1/2	1/2	4/4	4	1	1/4	1/4	1		0	48	C3	3	7367
344	344	1374	1374	2.0	1/2	1/2	4/4	6	1	1/2	1/2	1		0	48	C3	3	7377
344	344	1374	1374	2.0	1/2	1/2	4/4	8	1	1/2	1/2	1		0	48	C3	3	7382
344	344	1374	1374	1.0	1/2	1/2	4/4	3	1	1/4	1/4	1		0	60	C4	4	7364
344	344	1374	1374	2.0	1/2	1/2	4/4	5	2	1/2	1/2	1		0	60	C4	4	7373
344	344	1374	1374	1.0	1/2	1/2	4/4	2	1	1/4	1/4	1		4	64	E4	4	7361
344	344	1374	1374	2.0	1/2	1/2	4/4	5	3	1/2	1/2	1		4	64	E4	4	7375
344	344	1374	1374	1.0	1/2	1/2	4/4	1	1	1/4	1/4	1		3	69	A4	4	7358
344	344	1374	1374	1.0	1/2	1/2	4/4	5	1	1/4	1/4	1		3	69	A4	4	7370
344	344	1374	1374	1.0	1/2	1/2	4/4	7	1	1/4	1/4	1		3	69	A4	4	7379
344	344	1375	1375	1.0	3/4	3/4	4/4	4	1	1/4	1/4	1		0	48	C3	3	7368
344	344	1375	1375	1.0	3/4	3/4	4/4	3	1	1/4	1/4	1		0	60	C4	4	7365
344	344	1375	1375	1.0	3/4	3/4	4/4	2	1	1/4	1/4	1		4	64	E4	4	7362
344	344	1375	1375	1.0	3/4	3/4	4/4	1	1	1/4	1/4	1		3	69	A4	4	7359
344	344	1375	1375	1.0	3/4	3/4	4/4	5	1	1/4	1/4	1		3	69	A4	4	7371
344	344	1375	1375	1.0	3/4	3/4	4/4	7	1	1/4	1/4	1		3	69	A4	4	7380
345	345	1376	1376	2.0	0	0	4/4	4	1	1/2	1/2	1		2	50	D3	3	7389
345	345	1376	1376	2.0	0	0	4/4	6	1	1/2	1/2	1		2	50	D3	3	7396
345	345	1376	1376	2.0	0	0	4/4	8	1	1/2	1/2	1		2	50	D3	3	7400
345	345	1376	1376	2.0	0	0	4/4	3	1	1/2	1/2	1		5	59	B3	3	7387
345	345	1376	1376	4.0	0	0	4/4	5	2	1	1	1		5	59	B3	3	7393
345	345	1376	1376	2.0	0	0	4/4	2	1	1/2	1/2	1		-1	65	F4	4	7385
345	345	1376	1376	2.0	0	0	4/4	5	3	1/2	1/2	1		-1	65	F4	4	7394
345	345	1376	1376	2.0	0	0	4/4	1	1	1/2	1/2	1		3	69	A4	4	7383
345	345	1376	1376	2.0	0	0	4/4	5	1	1/2	1/2	1		3	69	A4	4	7391
345	345	1376	1376	2.0	0	0	4/4	7	1	1/2	1/2	1		3	69	A4	4	7398
345	345	1378	1378	2.0	1/2	1/2	4/4	4	1	1/2	1/2	1		4	52	E3	3	7390
345	345	1378	1378	2.0	1/2	1/2	4/4	6	1	1/2	1/2	1		4	52	E3	3	7397
345	345	1378	1378	2.0	1/2	1/2	4/4	8	1	1/2	1/2	1		4	52	E3	3	7401
345	345	1378	1378	2.0	1/2	1/2	4/4	3	1	1/2	1/2	1		5	59	B3	3	7388
345	345	1378	1378	2.0	1/2	1/2	4/4	2	1	1/2	1/2	1		4	64	E4	4	7386
345	345	1378	1378	2.0	1/2	1/2	4/4	5	3	1/2	1/2	1		4	64	E4	4	7395
345	345	1378	1378	2.0	1/2	1/2	4/4	1	1	1/2	1/2	1		8	68	G#4	4	7384
345	345	1378	1378	2.0	1/2	1/2	4/4	5	1	1/2	1/2	1		8	68	G#4	4	7392
345	345	1378	1378	2.0	1/2	1/2	4/4	7	1	1/2	1/2	1		8	68	G#4	4	7399
346	346	1380	1380	2.0	0	0	4/4	4	1	1/2	1/2	1		3	45	A2	2	7408
346	346	1380	1380	2.0	0	0	4/4	6	1	1/2	1/2	1		3	45	A2	2	7416
346	346	1380	1380	2.0	0	0	4/4	8	1	1/2	1/2	1		3	45	A2	2	7420
346	346	1380	1380	2.0	0	0	4/4	3	1	1/2	1/2	1		0	60	C4	4	7406
346	346	1380	1380	2.0	0	0	4/4	5	2	1/2	1/2	1		0	60	C4	4	7412
346	346	1380	1380	2.0	0	0	4/4	2	1	1/2	1/2	1		4	64	E4	4	7404
346	346	1380	1380	2.0	0	0	4/4	5	3	1/2	1/2	1		4	64	E4	4	7414
346	346	1380	1380	2.0	0	0	4/4	1	1	1/2	1/2	1		3	69	A4	4	7402
346	346	1380	1380	2.0	0	0	4/4	5	1	1/2	1/2	1		3	69	A4	4	7410
346	346	1380	1380	2.0	0	0	4/4	7	1	1/2	1/2	1		3	69	A4	4	7418
346	346	1382	1382	2.0	1/2	1/2	4/4	4	1	1/2	1/2	1		1	55	G3	3	7409
346	346	1382	1382	2.0	1/2	1/2	4/4	6	1	1/2	1/2	1		1	55	G3	3	7417
346	346	1382	1382	2.0	1/2	1/2	4/4	8	1	1/2	1/2	1		1	55	G3	3	7421
346	346	1382	1382	2.0	1/2	1/2	4/4	3	1	1/2	1/2	1		2	62	D4	4	7407
346	346	1382	1382	2.0	1/2	1/2	4/4	5	2	1/2	1/2	1		2	62	D4	4	7413
346	346	1382	1382	2.0	1/2	1/2	4/4	2	1	1/2	1/2	1		1	67	G4	4	7405
346	346	1382	1382	2.0	1/2	1/2	4/4	5	3	1/2	1/2	1		1	67	G4	4	7415
346	346	1382	1382	2.0	1/2	1/2	4/4	1	1	1/2	1/2	1		5	71	B4	4	7403
346	346	1382	1382	2.0	1/2	1/2	4/4	5	1	1/2	1/2	1		5	71	B4	4	7411
346	346	1382	1382	2.0	1/2	1/2	4/4	7	1	1/2	1/2	1		5	71	B4	4	7419
347	347	1384	1384	2.0	0	0	4/4	4	1	1/2	1/2	1		6	54	F#3	3	7428
347	347	1384	1384	2.0	0	0	4/4	6	1	1/2	1/2	1		6	54	F#3	3	7436
347	347	1384	1384	2.0	0	0	4/4	8	1	1/2	1/2	1		6	54	F#3	3	7440
347	347	1384	1384	2.0	0	0	4/4	3	1	1/2	1/2	1		2	62	D4	4	7426
347	347	1384	1384	2.0	0	0	4/4	5	2	1/2	1/2	1		2	62	D4	4	7432
347	347	1384	1384	2.0	0	0	4/4	2	1	1/2	1/2	1		3	69	A4	4	7424
347	347	1384	1384	2.0	0	0	4/4	5	3	1/2	1/2	1		3	69	A4	4	7434
347	347	1384	1384	2.0	0	0	4/4	1	1	1/2	1/2	1		2	74	D5	5	7422
347	347	1384	1384	2.0	0	0	4/4	5	1	1/2	1/2	1		2	74	D5	5	7430
347	347	1384	1384	2.0	0	0	4/4	7	1	1/2	1/2	1		2	74	D5	5	7438
347	347	1386	1386	2.0	1/2	1/2	4/4	4	1	1/2	1/2	1		4	52	E3	3	7429
347	347	1386	1386	2.0	1/2	1/2	4/4	6	1	1/2	1/2	1		4	52	E3	3	7437
347	347	1386	1386	2.0	1/2	1/2	4/4	8	1	1/2	1/2	1		4	52	E3	3	7441
347	347	1386	1386	2.0	1/2	1/2	4/4	3	1	1/2	1/2	1		4	64	E4	4	7427
347	347	1386	1386	2.0	1/2	1/2	4/4	5	2	1/2	1/2	1		4	64	E4	4	7433
347	347	1386	1386	2.0	1/2	1/2	4/4	2	1	1/2	1/2	1		1	67	G4	4	7425
347	347	1386	1386	2.0	1/2	1/2	4/4	5	3	1/2	1/2	1		1	67	G4	4	7435
347	347	1386	1386	2.0	1/2	1/2	4/4	1	1	1/2	1/2	1		0	72	C5	5	7423
347	347	1386	1386	2.0	1/2	1/2	4/4	5	1	1/2	1/2	1		0	72	C5	5	7431
347	347	1386	1386	2.0	1/2	1/2	4/4	7	1	1/2	1/2	1		0	72	C5	5	7439
348	348	1388	1388	2.0	0	0	4/4	4	1	1/2	1/2	1		9	51	D#3	3	7448
348	348	1388	1388	2.0	0	0	4/4	6	1	1/2	1/2	1		9	51	D#3	3	7456
348	348	1388	1388	2.0	0	0	4/4	8	1	1/2	1/2	1		9	51	D#3	3	7460
348	348	1388	1388	2.0	0	0	4/4	3	1	1/2	1/2	1		6	66	F#4	4	7446
348	348	1388	1388	2.0	0	0	4/4	5	2	1/2	1/2	1		6	66	F#4	4	7452
348	348	1388	1388	2.0	0	0	4/4	2	1	1/2	1/2	1		3	69	A4	4	7444
348	348	1388	1388	2.0	0	0	4/4	5	3	1/2	1/2	1		3	69	A4	4	7454
348	348	1388	1388	2.0	0	0	4/4	1	1	1/2	1/2	1		5	71	B4	4	7442
348	348	1388	1388	2.0	0	0	4/4	5	1	1/2	1/2	1		5	71	B4	4	7450
348	348	1388	1388	2.0	0	0	4/4	7	1	1/2	1/2	1		5	71	B4	4	7458
348	348	1390	1390	2.0	1/2	1/2	4/4	4	1	1/2	1/2	1		5	47	B2	2	7449
348	348	1390	1390	2.0	1/2	1/2	4/4	6	1	1/2	1/2	1		5	47	B2	2	7457
348	348	1390	1390	2.0	1/2	1/2	4/4	8	1	1/2	1/2	1		5	47	B2	2	7461
348	348	1390	1390	2.0	1/2	1/2	4/4	3	1	1/2	1/2	1		9	63	D#4	4	7447
348	348	1390	1390	2.0	1/2	1/2	4/4	5	2	1/2	1/2	1		9	63	D#4	4	7453
348	348	1390	1390	2.0	1/2	1/2	4/4	2	1	1/2	1/2	1		3	69	A4	4	7445
348	348	1390	1390	2.0	1/2	1/2	4/4	5	3	1/2	1/2	1		3	69	A4	4	7455
348	348	1390	1390	2.0	1/2	1/2	4/4	1	1	1/2	1/2	1		5	71	B4	4	7443
348	348	1390	1390	2.0	1/2	1/2	4/4	5	1	1/2	1/2	1		5	71	B4	4	7451
348	348	1390	1390	2.0	1/2	1/2	4/4	7	1	1/2	1/2	1		5	71	B4	4	7459
349	349	1392	1392	2.0	0	0	4/4	4	1	1/2	1/2	1		4	52	E3	3	7471
349	349	1392	1392	2.0	0	0	4/4	6	1	1/2	1/2	1		4	52	E3	3	7481
349	349	1392	1392	2.0	0	0	4/4	8	1	1/2	1/2	1		4	52	E3	3	7486
349	349	1392	1392	2.0	0	0	4/4	3	1	1/2	1/2	1		4	64	E4	4	7468
349	349	1392	1392	2.0	0	0	4/4	5	2	1/2	1/2	1		4	64	E4	4	7477
349	349	1392	1392	2.0	0	0	4/4	2	1	1/2	1/2	1		1	67	G4	4	7465
349	349	1392	1392	2.0	0	0	4/4	5	3	1/2	1/2	1		1	67	G4	4	7479
349	349	1392	1392	2.0	0	0	4/4	1	1	1/2	1/2	1		5	71	B4	4	7462
349	349	1392	1392	2.0	0	0	4/4	5	1	1/2	1/2	1		5	71	B4	4	7474
349	349	1392	1392	2.0	0	0	4/4	7	1	1/2	1/2	1		5	71	B4	4	7483
349	349	1394	1394	1.0	1/2	1/2	4/4	4	1	1/4	1/4	1		2	50	D3	3	7472
349	349	1394	1394	2.0	1/2	1/2	4/4	6	1	1/2	1/2	1		2	50	D3	3	7482
349	349	1394	1394	2.0	1/2	1/2	4/4	8	1	1/2	1/2	1		2	50	D3	3	7487
349	349	1394	1394	1.0	1/2	1/2	4/4	3	1	1/4	1/4	1		-1	65	F4	4	7469
349	349	1394	1394	2.0	1/2	1/2	4/4	5	2	1/2	1/2	1		-1	65	F4	4	7478
349	349	1394	1394	1.0	1/2	1/2	4/4	2	1	1/4	1/4	1		1	67	G4	4	7466
349	349	1394	1394	2.0	1/2	1/2	4/4	5	3	1/2	1/2	1		1	67	G4	4	7480
349	349	1394	1394	1.0	1/2	1/2	4/4	1	1	1/4	1/4	1		5	71	B4	4	7463
349	349	1394	1394	1.0	1/2	1/2	4/4	5	1	1/4	1/4	1		5	71	B4	4	7475
349	349	1394	1394	1.0	1/2	1/2	4/4	7	1	1/4	1/4	1		5	71	B4	4	7484
349	349	1395	1395	1.0	3/4	3/4	4/4	4	1	1/4	1/4	1		2	50	D3	3	7473
349	349	1395	1395	1.0	3/4	3/4	4/4	3	1	1/4	1/4	1		-1	65	F4	4	7470
349	349	1395	1395	1.0	3/4	3/4	4/4	2	1	1/4	1/4	1		1	67	G4	4	7467
349	349	1395	1395	1.0	3/4	3/4	4/4	1	1	1/4	1/4	1		5	71	B4	4	7464
349	349	1395	1395	1.0	3/4	3/4	4/4	5	1	1/4	1/4	1		5	71	B4	4	7476
349	349	1395	1395	1.0	3/4	3/4	4/4	7	1	1/4	1/4	1		5	71	B4	4	7485
350	350	1396	1396	2.0	0	0	4/4	4	1	1/2	1/2	1		0	48	C3	3	7491
350	350	1396	1396	2.0	0	0	4/4	6	1	1/2	1/2	1		0	48	C3	3	7496
350	350	1396	1396	2.0	0	0	4/4	8	1	1/2	1/2	1		0	48	C3	3	7499
350	350	1396	1396	4.0	0	0	4/4	3	1	1	1	1		4	64	E4	4	7490
350	350	1396	1396	4.0	0	0	4/4	5	2	1	1	1		4	64	E4	4	7494
350	350	1396	1396	4.0	0	0	4/4	2	1	1	1	1		1	67	G4	4	7489
350	350	1396	1396	4.0	0	0	4/4	5	3	1	1	1		1	67	G4	4	7495
350	350	1396	1396	4.0	0	0	4/4	1	1	1	1	1		0	72	C5	5	7488
350	350	1396	1396	4.0	0	0	4/4	5	1	1	1	1		0	72	C5	5	7493
350	350	1396	1396	4.0	0	0	4/4	7	1	1	1	1		0	72	C5	5	7498
350	350	1398	1398	2.0	1/2	1/2	4/4	4	1	1/2	1/2	1		4	52	E3	3	7492
350	350	1398	1398	2.0	1/2	1/2	4/4	6	1	1/2	1/2	1		4	52	E3	3	7497
350	350	1398	1398	2.0	1/2	1/2	4/4	8	1	1/2	1/2	1		4	52	E3	3	7500
351	351	1400	1400	2.0	0	0	4/4	4	1	1/2	1/2	1		1	55	G3	3	7507
351	351	1400	1400	2.0	0	0	4/4	6	1	1/2	1/2	1		1	55	G3	3	7515
351	351	1400	1400	2.0	0	0	4/4	8	1	1/2	1/2	1		1	55	G3	3	7519
351	351	1400	1400	2.0	0	0	4/4	3	1	1/2	1/2	1		2	62	D4	4	7505
351	351	1400	1400	2.0	0	0	4/4	5	2	1/2	1/2	1		2	62	D4	4	7511
351	351	1400	1400	2.0	0	0	4/4	2	1	1/2	1/2	1		1	67	G4	4	7503
351	351	1400	1400	2.0	0	0	4/4	5	3	1/2	1/2	1		1	67	G4	4	7513
351	351	1400	1400	2.0	0	0	4/4	1	1	1/2	1/2	1		5	71	B4	4	7501
351	351	1400	1400	2.0	0	0	4/4	5	1	1/2	1/2	1		5	71	B4	4	7509
351	351	1400	1400	2.0	0	0	4/4	7	1	1/2	1/2	1		5	71	B4	4	7517
351	351	1402	1402	2.0	1/2	1/2	4/4	4	1	1/2	1/2	1		4	52	E3	3	7508
351	351	1402	1402	2.0	1/2	1/2	4/4	6	1	1/2	1/2	1		4	52	E3	3	7516
351	351	1402	1402	2.0	1/2	1/2	4/4	8	1	1/2	1/2	1		4	52	E3	3	7520
351	351	1402	1402	2.0	1/2	1/2	4/4	3	1	1/2	1/2	1		4	64	E4	4	7506
351	351	1402	1402	2.0	1/2	1/2	4/4	5	2	1/2	1/2	1		4	64	E4	4	7512
351	351	1402	1402	2.0	1/2	1/2	4/4	2	1	1/2	1/2	1		1	67	G4	4	7504
351	351	1402	1402	2.0	1/2	1/2	4/4	5	3	1/2	1/2	1		1	67	G4	4	7514
351	351	1402	1402	2.0	1/2	1/2	4/4	1	1	1/2	1/2	1		5	71	B4	4	7502
351	351	1402	1402	2.0	1/2	1/2	4/4	5	1	1/2	1/2	1		5	71	B4	4	7510
351	351	1402	1402	2.0	1/2	1/2	4/4	7	1	1/2	1/2	1		5	71	B4	4	7518
352	352	1404	1404	2.0	0	0	4/4	4	1	1/2	1/2	1		2	50	D3	3	7527
352	352	1404	1404	2.0	0	0	4/4	6	1	1/2	1/2	1		2	50	D3	3	7535
352	352	1404	1404	2.0	0	0	4/4	8	1	1/2	1/2	1		2	50	D3	3	7539
352	352	1404	1404	2.0	0	0	4/4	3	1	1/2	1/2	1		4	64	E4	4	7525
352	352	1404	1404	2.0	0	0	4/4	5	2	1/2	1/2	1		4	64	E4	4	7531
352	352	1404	1404	2.0	0	0	4/4	2	1	1/2	1/2	1		8	68	G#4	4	7523
352	352	1404	1404	2.0	0	0	4/4	5	3	1/2	1/2	1		8	68	G#4	4	7533
352	352	1404	1404	2.0	0	0	4/4	1	1	1/2	1/2	1		5	71	B4	4	7521
352	352	1404	1404	2.0	0	0	4/4	5	1	1/2	1/2	1		5	71	B4	4	7529
352	352	1404	1404	2.0	0	0	4/4	7	1	1/2	1/2	1		5	71	B4	4	7537
352	352	1406	1406	2.0	1/2	1/2	4/4	4	1	1/2	1/2	1		0	48	C3	3	7528
352	352	1406	1406	2.0	1/2	1/2	4/4	6	1	1/2	1/2	1		0	48	C3	3	7536
352	352	1406	1406	2.0	1/2	1/2	4/4	8	1	1/2	1/2	1		0	48	C3	3	7540
352	352	1406	1406	2.0	1/2	1/2	4/4	3	1	1/2	1/2	1		4	64	E4	4	7526
352	352	1406	1406	2.0	1/2	1/2	4/4	5	2	1/2	1/2	1		4	64	E4	4	7532
352	352	1406	1406	2.0	1/2	1/2	4/4	1	1	1/2	1/2	1		3	69	A4	4	7522
352	352	1406	1406	2.0	1/2	1/2	4/4	2	1	1/2	1/2	1		3	69	A4	4	7524
352	352	1406	1406	2.0	1/2	1/2	4/4	5	1	1/2	1/2	1		3	69	A4	4	7530
352	352	1406	1406	2.0	1/2	1/2	4/4	5	3	1/2	1/2	1		3	69	A4	4	7534
352	352	1406	1406	2.0	1/2	1/2	4/4	7	1	1/2	1/2	1		3	69	A4	4	7538
353	353	1408	1408	2.0	0	0	4/4	4	1	1/2	1/2	1		5	47	B2	2	7547
353	353	1408	1408	2.0	0	0	4/4	6	1	1/2	1/2	1		5	47	B2	2	7555
353	353	1408	1408	2.0	0	0	4/4	8	1	1/2	1/2	1		5	47	B2	2	7559
353	353	1408	1408	2.0	0	0	4/4	3	1	1/2	1/2	1		2	62	D4	4	7545
353	353	1408	1408	2.0	0	0	4/4	5	2	1/2	1/2	1		2	62	D4	4	7551
353	353	1408	1408	2.0	0	0	4/4	2	1	1/2	1/2	1		-1	65	F4	4	7543
353	353	1408	1408	2.0	0	0	4/4	5	3	1/2	1/2	1		-1	65	F4	4	7553
353	353	1408	1408	2.0	0	0	4/4	1	1	1/2	1/2	1		3	69	A4	4	7541
353	353	1408	1408	2.0	0	0	4/4	5	1	1/2	1/2	1		3	69	A4	4	7549
353	353	1408	1408	2.0	0	0	4/4	7	1	1/2	1/2	1		3	69	A4	4	7557
353	353	1410	1410	2.0	1/2	1/2	4/4	4	1	1/2	1/2	1		4	52	E3	3	7548
353	353	1410	1410	2.0	1/2	1/2	4/4	6	1	1/2	1/2	1		4	52	E3	3	7556
353	353	1410	1410	2.0	1/2	1/2	4/4	8	1	1/2	1/2	1		4	52	E3	3	7560
353	353	1410	1410	2.0	1/2	1/2	4/4	3	1	1/2	1/2	1		5	59	B3	3	7546
353	353	1410	1410	2.0	1/2	1/2	4/4	5	2	1/2	1/2	1		5	59	B3	3	7552
353	353	1410	1410	2.0	1/2	1/2	4/4	2	1	1/2	1/2	1		4	64	E4	4	7544
353	353	1410	1410	2.0	1/2	1/2	4/4	5	3	1/2	1/2	1		4	64	E4	4	7554
353	353	1410	1410	2.0	1/2	1/2	4/4	1	1	1/2	1/2	1		8	68	G#4	4	7542
353	353	1410	1410	2.0	1/2	1/2	4/4	5	1	1/2	1/2	1		8	68	G#4	4	7550
353	353	1410	1410	2.0	1/2	1/2	4/4	7	1	1/2	1/2	1		8	68	G#4	4	7558
354	354	1412	1412	4.0	0	0	4/4	4	1	1	1	1		3	45	A2	2	7564
354	354	1412	1412	4.0	0	0	4/4	6	1	1	1	1		3	45	A2	2	7569
354	354	1412	1412	4.0	0	0	4/4	8	1	1	1	1		3	45	A2	2	7571
354	354	1412	1412	4.0	0	0	4/4	5	2	1	1	1		3	57	A3	3	7566
354	354	1412	1412	4.0	0	0	4/4	3	1	1	1	1		0	60	C4	4	7563
354	354	1412	1412	4.0	0	0	4/4	5	4	1	1	1		0	60	C4	4	7568
354	354	1412	1412	4.0	0	0	4/4	2	1	1	1	1		4	64	E4	4	7562
354	354	1412	1412	4.0	0	0	4/4	5	3	1	1	1		4	64	E4	4	7567
354	354	1412	1412	4.0	0	0	4/4	1	1	1	1	1		3	69	A4	4	7561
354	354	1412	1412	4.0	0	0	4/4	5	1	1	1	1		3	69	A4	4	7565
354	354	1412	1412	4.0	0	0	4/4	7	1	1	1	1		3	69	A4	4	7570
355	355	1416	1416	2.0	0	0	4/4	4	1	1/2	1/2	1		5	47	B2	2	7578
355	355	1416	1416	2.0	0	0	4/4	6	1	1/2	1/2	1		5	47	B2	2	7586
355	355	1416	1416	2.0	0	0	4/4	8	1	1/2	1/2	1		5	47	B2	2	7590
355	355	1416	1416	2.0	0	0	4/4	3	1	1/2	1/2	1		2	62	D4	4	7576
355	355	1416	1416	2.0	0	0	4/4	5	2	1/2	1/2	1		2	62	D4	4	7582
355	355	1416	1416	2.0	0	0	4/4	1	1	1/2	1/2	1		1	67	G4	4	7572
355	355	1416	1416	2.0	0	0	4/4	2	1	1/2	1/2	1		1	67	G4	4	7574
355	355	1416	1416	2.0	0	0	4/4	5	1	1/2	1/2	1		1	67	G4	4	7580
355	355	1416	1416	2.0	0	0	4/4	5	3	1/2	1/2	1		1	67	G4	4	7584
355	355	1416	1416	2.0	0	0	4/4	7	1	1/2	1/2	1		1	67	G4	4	7588
355	355	1418	1418	2.0	1/2	1/2	4/4	4	1	1/2	1/2	1		2	50	D3	3	7579
355	355	1418	1418	2.0	1/2	1/2	4/4	6	1	1/2	1/2	1		2	50	D3	3	7587
355	355	1418	1418	2.0	1/2	1/2	4/4	8	1	1/2	1/2	1		2	50	D3	3	7591
355	355	1418	1418	2.0	1/2	1/2	4/4	3	1	1/2	1/2	1		2	62	D4	4	7577
355	355	1418	1418	2.0	1/2	1/2	4/4	5	2	1/2	1/2	1		2	62	D4	4	7583
355	355	1418	1418	2.0	1/2	1/2	4/4	2	1	1/2	1/2	1		6	66	F#4	4	7575
355	355	1418	1418	2.0	1/2	1/2	4/4	5	3	1/2	1/2	1		6	66	F#4	4	7585
355	355	1418	1418	2.0	1/2	1/2	4/4	1	1	1/2	1/2	1		3	69	A4	4	7573
355	355	1418	1418	2.0	1/2	1/2	4/4	5	1	1/2	1/2	1		3	69	A4	4	7581
355	355	1418	1418	2.0	1/2	1/2	4/4	7	1	1/2	1/2	1		3	69	A4	4	7589
356	356	1420	1420	2.0	0	0	4/4	4	1	1/2	1/2	1		1	55	G3	3	7598
356	356	1420	1420	2.0	0	0	4/4	6	1	1/2	1/2	1		1	55	G3	3	7606
356	356	1420	1420	2.0	0	0	4/4	8	1	1/2	1/2	1		1	55	G3	3	7610
356	356	1420	1420	2.0	0	0	4/4	3	1	1/2	1/2	1		2	62	D4	4	7596
356	356	1420	1420	2.0	0	0	4/4	5	2	1/2	1/2	1		2	62	D4	4	7602
356	356	1420	1420	2.0	0	0	4/4	2	1	1/2	1/2	1		1	67	G4	4	7594
356	356	1420	1420	2.0	0	0	4/4	5	3	1/2	1/2	1		1	67	G4	4	7604
356	356	1420	1420	2.0	0	0	4/4	1	1	1/2	1/2	1		5	71	B4	4	7592
356	356	1420	1420	2.0	0	0	4/4	5	1	1/2	1/2	1		5	71	B4	4	7600
356	356	1420	1420	2.0	0	0	4/4	7	1	1/2	1/2	1		5	71	B4	4	7608
356	356	1422	1422	2.0	1/2	1/2	4/4	4	1	1/2	1/2	1		4	52	E3	3	7599
356	356	1422	1422	2.0	1/2	1/2	4/4	6	1	1/2	1/2	1		4	52	E3	3	7607
356	356	1422	1422	2.0	1/2	1/2	4/4	8	1	1/2	1/2	1		4	52	E3	3	7611
356	356	1422	1422	2.0	1/2	1/2	4/4	3	1	1/2	1/2	1		4	64	E4	4	7597
356	356	1422	1422	2.0	1/2	1/2	4/4	5	2	1/2	1/2	1		4	64	E4	4	7603
356	356	1422	1422	2.0	1/2	1/2	4/4	2	1	1/2	1/2	1	1	1	67	G4	4	7595
356	356	1422	1422	2.0	1/2	1/2	4/4	5	3	1/2	1/2	1	1	1	67	G4	4	7605
356	356	1422	1422	2.0	1/2	1/2	4/4	1	1	1/2	1/2	1		5	71	B4	4	7593
356	356	1422	1422	2.0	1/2	1/2	4/4	5	1	1/2	1/2	1		5	71	B4	4	7601
356	356	1422	1422	2.0	1/2	1/2	4/4	7	1	1/2	1/2	1		5	71	B4	4	7609
357	357	1424	1424	2.0	0	0	4/4	4	1	1/2	1/2	1		0	48	C3	3	7618
357	357	1424	1424	2.0	0	0	4/4	6	1	1/2	1/2	1		0	48	C3	3	7626
357	357	1424	1424	2.0	0	0	4/4	8	1	1/2	1/2	1		0	48	C3	3	7630
357	357	1424	1424	2.0	0	0	4/4	3	1	1/2	1/2	1		4	64	E4	4	7616
357	357	1424	1424	2.0	0	0	4/4	5	2	1/2	1/2	1		4	64	E4	4	7622
357	357	1424	1424	2.0	0	0	4/4	2	1	1/2	1/2	1	-1	1	67	G4	4	7614
357	357	1424	1424	2.0	0	0	4/4	5	3	1/2	1/2	1	-1	1	67	G4	4	7624
357	357	1424	1424	3.0	0	0	4/4	1	1	3/4	1/2	3/2		3	69	A4	4	7612
357	357	1424	1424	3.0	0	0	4/4	5	1	3/4	1/2	3/2		3	69	A4	4	7620
357	357	1424	1424	3.0	0	0	4/4	7	1	3/4	1/2	3/2		3	69	A4	4	7628
357	357	1426	1426	2.0	1/2	1/2	4/4	4	1	1/2	1/2	1		2	50	D3	3	7619
357	357	1426	1426	2.0	1/2	1/2	4/4	6	1	1/2	1/2	1		2	50	D3	3	7627
357	357	1426	1426	2.0	1/2	1/2	4/4	8	1	1/2	1/2	1		2	50	D3	3	7631
357	357	1426	1426	2.0	1/2	1/2	4/4	3	1	1/2	1/2	1		2	62	D4	4	7617
357	357	1426	1426	2.0	1/2	1/2	4/4	5	2	1/2	1/2	1		2	62	D4	4	7623
357	357	1426	1426	2.0	1/2	1/2	4/4	2	1	1/2	1/2	1		6	66	F#4	4	7615
357	357	1426	1426	2.0	1/2	1/2	4/4	5	3	1/2	1/2	1		6	66	F#4	4	7625
357	357	1427	1427	1.0	3/4	3/4	4/4	1	1	1/4	1/4	1		5	71	B4	4	7613
357	357	1427	1427	1.0	3/4	3/4	4/4	5	1	1/4	1/4	1		5	71	B4	4	7621
357	357	1427	1427	1.0	3/4	3/4	4/4	7	1	1/4	1/4	1		5	71	B4	4	7629
358	358	1428	1428	2.0	0	0	4/4	4	1	1/2	1/2	1		1	43	G2	2	7641
358	358	1428	1428	2.0	0	0	4/4	6	1	1/2	1/2	1		1	43	G2	2	7651
358	358	1428	1428	2.0	0	0	4/4	8	1	1/2	1/2	1		1	43	G2	2	7656
358	358	1428	1428	2.0	0	0	4/4	3	1	1/2	1/2	1		2	62	D4	4	7638
358	358	1428	1428	2.0	0	0	4/4	5	2	1/2	1/2	1		2	62	D4	4	7647
358	358	1428	1428	2.0	0	0	4/4	2	1	1/2	1/2	1		1	67	G4	4	7635
358	358	1428	1428	2.0	0	0	4/4	5	3	1/2	1/2	1		1	67	G4	4	7649
358	358	1428	1428	2.0	0	0	4/4	1	1	1/2	1/2	1		5	71	B4	4	7632
358	358	1428	1428	2.0	0	0	4/4	5	1	1/2	1/2	1		5	71	B4	4	7644
358	358	1428	1428	2.0	0	0	4/4	7	1	1/2	1/2	1		5	71	B4	4	7653
358	358	1430	1430	1.0	1/2	1/2	4/4	4	1	1/4	1/4	1		1	55	G3	3	7642
358	358	1430	1430	2.0	1/2	1/2	4/4	6	1	1/2	1/2	1		1	55	G3	3	7652
358	358	1430	1430	2.0	1/2	1/2	4/4	8	1	1/2	1/2	1		1	55	G3	3	7657
358	358	1430	1430	1.0	1/2	1/2	4/4	3	1	1/4	1/4	1		2	62	D4	4	7639
358	358	1430	1430	2.0	1/2	1/2	4/4	5	2	1/2	1/2	1		2	62	D4	4	7648
358	358	1430	1430	1.0	1/2	1/2	4/4	2	1	1/4	1/4	1		1	67	G4	4	7636
358	358	1430	1430	2.0	1/2	1/2	4/4	5	3	1/2	1/2	1		1	67	G4	4	7650
358	358	1430	1430	1.0	1/2	1/2	4/4	1	1	1/4	1/4	1		5	71	B4	4	7633
358	358	1430	1430	1.0	1/2	1/2	4/4	5	1	1/4	1/4	1		5	71	B4	4	7645
358	358	1430	1430	1.0	1/2	1/2	4/4	7	1	1/4	1/4	1		5	71	B4	4	7654
358	358	1431	1431	1.0	3/4	3/4	4/4	4	1	1/4	1/4	1		1	55	G3	3	7643
358	358	1431	1431	1.0	3/4	3/4	4/4	3	1	1/4	1/4	1		2	62	D4	4	7640
358	358	1431	1431	1.0	3/4	3/4	4/4	2	1	1/4	1/4	1		1	67	G4	4	7637
358	358	1431	1431	1.0	3/4	3/4	4/4	1	1	1/4	1/4	1		5	71	B4	4	7634
358	358	1431	1431	1.0	3/4	3/4	4/4	5	1	1/4	1/4	1		5	71	B4	4	7646
358	358	1431	1431	1.0	3/4	3/4	4/4	7	1	1/4	1/4	1		5	71	B4	4	7655
359	359	1432	1432	2.0	0	0	4/4	4	1	1/2	1/2	1		0	48	C3	3	7667
359	359	1432	1432	2.0	0	0	4/4	6	1	1/2	1/2	1		0	48	C3	3	7677
359	359	1432	1432	2.0	0	0	4/4	8	1	1/2	1/2	1		0	48	C3	3	7682
359	359	1432	1432	2.0	0	0	4/4	3	1	1/2	1/2	1		4	64	E4	4	7664
359	359	1432	1432	2.0	0	0	4/4	5	2	1/2	1/2	1		4	64	E4	4	7673
359	359	1432	1432	2.0	0	0	4/4	2	1	1/2	1/2	1		1	67	G4	4	7661
359	359	1432	1432	2.0	0	0	4/4	5	3	1/2	1/2	1		1	67	G4	4	7675
359	359	1432	1432	2.0	0	0	4/4	1	1	1/2	1/2	1		0	72	C5	5	7658
359	359	1432	1432	2.0	0	0	4/4	5	1	1/2	1/2	1		0	72	C5	5	7670
359	359	1432	1432	2.0	0	0	4/4	7	1	1/2	1/2	1		0	72	C5	5	7679
359	359	1434	1434	1.0	1/2	1/2	4/4	4	1	1/4	1/4	1		4	52	E3	3	7668
359	359	1434	1434	2.0	1/2	1/2	4/4	6	1	1/2	1/2	1		4	52	E3	3	7678
359	359	1434	1434	2.0	1/2	1/2	4/4	8	1	1/2	1/2	1		4	52	E3	3	7683
359	359	1434	1434	1.0	1/2	1/2	4/4	3	1	1/4	1/4	1		4	64	E4	4	7665
359	359	1434	1434	2.0	1/2	1/2	4/4	5	2	1/2	1/2	1		4	64	E4	4	7674
359	359	1434	1434	1.0	1/2	1/2	4/4	2	1	1/4	1/4	1		1	67	G4	4	7662
359	359	1434	1434	2.0	1/2	1/2	4/4	5	3	1/2	1/2	1	1	1	67	G4	4	7676
359	359	1434	1434	1.0	1/2	1/2	4/4	1	1	1/4	1/4	1		5	71	B4	4	7659
359	359	1434	1434	1.0	1/2	1/2	4/4	5	1	1/4	1/4	1		5	71	B4	4	7671
359	359	1434	1434	1.0	1/2	1/2	4/4	7	1	1/4	1/4	1		5	71	B4	4	7680
359	359	1435	1435	1.0	3/4	3/4	4/4	4	1	1/4	1/4	1		4	52	E3	3	7669
359	359	1435	1435	1.0	3/4	3/4	4/4	3	1	1/4	1/4	1		4	64	E4	4	7666
359	359	1435	1435	1.0	3/4	3/4	4/4	2	1	1/4	1/4	1		1	67	G4	4	7663
359	359	1435	1435	1.0	3/4	3/4	4/4	1	1	1/4	1/4	1		5	71	B4	4	7660
359	359	1435	1435	1.0	3/4	3/4	4/4	5	1	1/4	1/4	1		5	71	B4	4	7672
359	359	1435	1435	1.0	3/4	3/4	4/4	7	1	1/4	1/4	1		5	71	B4	4	7681
360	360	1436	1436	2.0	0	0	4/4	4	1	1/2	1/2	1		0	48	C3	3	7691
360	360	1436	1436	2.0	0	0	4/4	6	1	1/2	1/2	1		0	48	C3	3	7700
360	360	1436	1436	2.0	0	0	4/4	8	1	1/2	1/2	1		0	48	C3	3	7704
360	360	1436	1436	2.0	0	0	4/4	3	1	1/2	1/2	1		4	64	E4	4	7688
360	360	1436	1436	2.0	0	0	4/4	5	2	1/2	1/2	1		4	64	E4	4	7695
360	360	1436	1436	2.0	0	0	4/4	2	1	1/2	1/2	1		1	67	G4	4	7686
360	360	1436	1436	2.0	0	0	4/4	5	3	1/2	1/2	1	-1	1	67	G4	4	7698
360	360	1436	1436	2.0	0	0	4/4	1	1	1/2	1/2	1		3	69	A4	4	7684
360	360	1436	1436	2.0	0	0	4/4	5	1	1/2	1/2	1		3	69	A4	4	7693
360	360	1436	1436	2.0	0	0	4/4	7	1	1/2	1/2	1		3	69	A4	4	7702
360	360	1438	1438	2.0	1/2	1/2	4/4	4	1	1/2	1/2	1		2	50	D3	3	7692
360	360	1438	1438	2.0	1/2	1/2	4/4	6	1	1/2	1/2	1		2	50	D3	3	7701
360	360	1438	1438	2.0	1/2	1/2	4/4	8	1	1/2	1/2	1		2	50	D3	3	7705
360	360	1438	1438	1.0	1/2	1/2	4/4	3	1	1/4	1/4	1		2	62	D4	4	7689
360	360	1438	1438	1.0	1/2	1/2	4/4	5	2	1/4	1/4	1		2	62	D4	4	7696
360	360	1438	1438	2.0	1/2	1/2	4/4	2	1	1/2	1/2	1		6	66	F#4	4	7687
360	360	1438	1438	2.0	1/2	1/2	4/4	5	3	1/2	1/2	1		6	66	F#4	4	7699
360	360	1438	1438	2.0	1/2	1/2	4/4	1	1	1/2	1/2	1		3	69	A4	4	7685
360	360	1438	1438	2.0	1/2	1/2	4/4	5	1	1/2	1/2	1		3	69	A4	4	7694
360	360	1438	1438	2.0	1/2	1/2	4/4	7	1	1/2	1/2	1		3	69	A4	4	7703
360	360	1439	1439	1.0	3/4	3/4	4/4	3	1	1/4	1/4	1		0	60	C4	4	7690
360	360	1439	1439	1.0	3/4	3/4	4/4	5	2	1/4	1/4	1		0	60	C4	4	7697
361	361	1440	1440	4.0	0	0	4/4	4	1	1	1	1		1	43	G2	2	7709
361	361	1440	1440	4.0	0	0	4/4	6	1	1	1	1		1	43	G2	2	7713
361	361	1440	1440	4.0	0	0	4/4	8	1	1	1	1		1	43	G2	2	7715
361	361	1440	1440	4.0	0	0	4/4	3	1	1	1	1		5	59	B3	3	7708
361	361	1440	1440	4.0	0	0	4/4	5	2	1	1	1		5	59	B3	3	7711
361	361	1440	1440	4.0	0	0	4/4	5	3	1	1	1		2	62	D4	4	7712
361	361	1440	1440	4.0	0	0	4/4	1	1	1	1	1		1	67	G4	4	7706
361	361	1440	1440	4.0	0	0	4/4	2	1	1	1	1		1	67	G4	4	7707
361	361	1440	1440	4.0	0	0	4/4	5	1	1	1	1		1	67	G4	4	7710
361	361	1440	1440	4.0	0	0	4/4	7	1	1	1	1		1	67	G4	4	7714
362	362	1446	1446	2.0	1/2	1/2	4/4	4	1	1/2	1/2	1		6	54	F#3	3	7719
362	362	1446	1446	2.0	1/2	1/2	4/4	6	1	1/2	1/2	1		6	54	F#3	3	7723
362	362	1446	1446	2.0	1/2	1/2	4/4	8	1	1/2	1/2	1		6	54	F#3	3	7725
362	362	1446	1446	2.0	1/2	1/2	4/4	3	1	1/2	1/2	1		2	62	D4	4	7718
362	362	1446	1446	2.0	1/2	1/2	4/4	5	2	1/2	1/2	1		2	62	D4	4	7721
362	362	1446	1446	2.0	1/2	1/2	4/4	2	1	1/2	1/2	1		3	69	A4	4	7717
362	362	1446	1446	2.0	1/2	1/2	4/4	5	3	1/2	1/2	1		3	69	A4	4	7722
362	362	1446	1446	2.0	1/2	1/2	4/4	1	1	1/2	1/2	1		2	74	D5	5	7716
362	362	1446	1446	2.0	1/2	1/2	4/4	5	1	1/2	1/2	1		2	74	D5	5	7720
362	362	1446	1446	2.0	1/2	1/2	4/4	7	1	1/2	1/2	1		2	74	D5	5	7724
363	363	1448	1448	2.0	0	0	4/4	4	1	1/2	1/2	1		1	55	G3	3	7732
363	363	1448	1448	2.0	0	0	4/4	6	1	1/2	1/2	1		1	55	G3	3	7740
363	363	1448	1448	2.0	0	0	4/4	8	1	1/2	1/2	1		1	55	G3	3	7744
363	363	1448	1448	2.0	0	0	4/4	3	1	1/2	1/2	1		2	62	D4	4	7730
363	363	1448	1448	2.0	0	0	4/4	5	2	1/2	1/2	1		2	62	D4	4	7736
363	363	1448	1448	2.0	0	0	4/4	2	1	1/2	1/2	1		1	67	G4	4	7728
363	363	1448	1448	2.0	0	0	4/4	5	3	1/2	1/2	1		1	67	G4	4	7738
363	363	1448	1448	2.0	0	0	4/4	1	1	1/2	1/2	1		5	71	B4	4	7726
363	363	1448	1448	2.0	0	0	4/4	5	1	1/2	1/2	1		5	71	B4	4	7734
363	363	1448	1448	2.0	0	0	4/4	7	1	1/2	1/2	1		5	71	B4	4	7742
363	363	1450	1450	2.0	1/2	1/2	4/4	4	1	1/2	1/2	1		1	43	G2	2	7733
363	363	1450	1450	2.0	1/2	1/2	4/4	6	1	1/2	1/2	1		1	43	G2	2	7741
363	363	1450	1450	2.0	1/2	1/2	4/4	8	1	1/2	1/2	1		1	43	G2	2	7745
363	363	1450	1450	2.0	1/2	1/2	4/4	3	1	1/2	1/2	1		5	59	B3	3	7731
363	363	1450	1450	2.0	1/2	1/2	4/4	2	1	1/2	1/2	1		-1	65	F4	4	7729
363	363	1450	1450	2.0	1/2	1/2	4/4	5	2	1/2	1/2	1		-1	65	F4	4	7737
363	363	1450	1450	2.0	1/2	1/2	4/4	5	3	1/2	1/2	1		5	71	B4	4	7739
363	363	1450	1450	2.0	1/2	1/2	4/4	1	1	1/2	1/2	1		2	74	D5	5	7727
363	363	1450	1450	2.0	1/2	1/2	4/4	5	1	1/2	1/2	1		2	74	D5	5	7735
363	363	1450	1450	2.0	1/2	1/2	4/4	7	1	1/2	1/2	1		2	74	D5	5	7743
364	364	1452	1452	2.0	0	0	4/4	4	1	1/2	1/2	1		0	48	C3	3	7755
364	364	1452	1452	2.0	0	0	4/4	6	1	1/2	1/2	1		0	48	C3	3	7766
364	364	1452	1452	2.0	0	0	4/4	8	1	1/2	1/2	1		0	48	C3	3	7771
364	364	1452	1452	2.0	0	0	4/4	3	1	1/2	1/2	1		1	55	G3	3	7752
364	364	1452	1452	2.0	0	0	4/4	2	1	1/2	1/2	1		4	64	E4	4	7749
364	364	1452	1452	2.0	0	0	4/4	5	2	1/2	1/2	1		4	64	E4	4	7761
364	364	1452	1452	2.0	0	0	4/4	5	4	1/2	1/2	1		1	67	G4	4	7765
364	364	1452	1452	2.0	0	0	4/4	5	3	1/2	1/2	1		0	72	C5	5	7763
364	364	1452	1452	2.0	0	0	4/4	1	1	1/2	1/2	1		4	76	E5	5	7746
364	364	1452	1452	2.0	0	0	4/4	5	1	1/2	1/2	1		4	76	E5	5	7758
364	364	1452	1452	2.0	0	0	4/4	7	1	1/2	1/2	1		4	76	E5	5	7768
364	364	1454	1454	1.0	1/2	1/2	4/4	4	1	1/4	1/4	1		1	55	G3	3	7756
364	364	1454	1454	2.0	1/2	1/2	4/4	6	1	1/2	1/2	1		1	55	G3	3	7767
364	364	1454	1454	2.0	1/2	1/2	4/4	8	1	1/2	1/2	1		1	55	G3	3	7772
364	364	1454	1454	1.0	1/2	1/2	4/4	3	1	1/4	1/4	1		5	59	B3	3	7753
364	364	1454	1454	2.0	1/2	1/2	4/4	5	2	1/2	1/2	1		4	64	E4	4	7762
364	364	1454	1454	1.0	1/2	1/2	4/4	2	1	1/4	1/4	1		1	67	G4	4	7750
364	364	1454	1454	2.0	1/2	1/2	4/4	5	3	1/2	1/2	1		1	67	G4	4	7764
364	364	1454	1454	1.0	1/2	1/2	4/4	1	1	1/4	1/4	1		2	74	D5	5	7747
364	364	1454	1454	1.0	1/2	1/2	4/4	5	1	1/4	1/4	1		2	74	D5	5	7759
364	364	1454	1454	1.0	1/2	1/2	4/4	7	1	1/4	1/4	1		2	74	D5	5	7769
364	364	1455	1455	1.0	3/4	3/4	4/4	4	1	1/4	1/4	1		1	55	G3	3	7757
364	364	1455	1455	1.0	3/4	3/4	4/4	3	1	1/4	1/4	1		5	59	B3	3	7754
364	364	1455	1455	1.0	3/4	3/4	4/4	2	1	1/4	1/4	1		1	67	G4	4	7751
364	364	1455	1455	1.0	3/4	3/4	4/4	1	1	1/4	1/4	1		2	74	D5	5	7748
364	364	1455	1455	1.0	3/4	3/4	4/4	5	1	1/4	1/4	1		2	74	D5	5	7760
364	364	1455	1455	1.0	3/4	3/4	4/4	7	1	1/4	1/4	1		2	74	D5	5	7770
365	365	1456	1456	2.0	0	0	4/4	3	1	1/2	1/2	1		0	60	C4	4	7777
365	365	1456	1456	2.0	0	0	4/4	4	1	1/2	1/2	1		0	60	C4	4	7779
365	365	1456	1456	2.0	0	0	4/4	6	1	1/2	1/2	1		0	60	C4	4	7787
365	365	1456	1456	2.0	0	0	4/4	8	1	1/2	1/2	1		0	60	C4	4	7791
365	365	1456	1456	2.0	0	0	4/4	2	1	1/2	1/2	1		1	67	G4	4	7775
365	365	1456	1456	2.0	0	0	4/4	5	2	1/2	1/2	1		1	67	G4	4	7783
365	365	1456	1456	2.0	0	0	4/4	5	3	1/2	1/2	1		0	72	C5	5	7785
365	365	1456	1456	2.0	0	0	4/4	1	1	1/2	1/2	1		4	76	E5	5	7773
365	365	1456	1456	2.0	0	0	4/4	5	1	1/2	1/2	1		4	76	E5	5	7781
365	365	1456	1456	2.0	0	0	4/4	7	1	1/2	1/2	1		4	76	E5	5	7789
365	365	1458	1458	2.0	1/2	1/2	4/4	4	1	1/2	1/2	1		5	59	B3	3	7780
365	365	1458	1458	2.0	1/2	1/2	4/4	6	1	1/2	1/2	1		5	59	B3	3	7788
365	365	1458	1458	2.0	1/2	1/2	4/4	8	1	1/2	1/2	1		5	59	B3	3	7792
365	365	1458	1458	2.0	1/2	1/2	4/4	3	1	1/2	1/2	1		2	62	D4	4	7778
365	365	1458	1458	2.0	1/2	1/2	4/4	5	2	1/2	1/2	1		2	62	D4	4	7784
365	365	1458	1458	2.0	1/2	1/2	4/4	2	1	1/2	1/2	1	1	1	67	G4	4	7776
365	365	1458	1458	2.0	1/2	1/2	4/4	5	3	1/2	1/2	1	1	1	67	G4	4	7786
365	365	1458	1458	2.0	1/2	1/2	4/4	1	1	1/2	1/2	1		2	74	D5	5	7774
365	365	1458	1458	2.0	1/2	1/2	4/4	5	1	1/2	1/2	1		2	74	D5	5	7782
365	365	1458	1458	2.0	1/2	1/2	4/4	7	1	1/2	1/2	1		2	74	D5	5	7790
366	366	1460	1460	2.0	0	0	4/4	4	1	1/2	1/2	1		3	57	A3	3	7799
366	366	1460	1460	2.0	0	0	4/4	6	1	1/2	1/2	1		3	57	A3	3	7807
366	366	1460	1460	2.0	0	0	4/4	8	1	1/2	1/2	1		3	57	A3	3	7811
366	366	1460	1460	2.0	0	0	4/4	3	1	1/2	1/2	1		4	64	E4	4	7797
366	366	1460	1460	2.0	0	0	4/4	5	2	1/2	1/2	1		4	64	E4	4	7803
366	366	1460	1460	2.0	0	0	4/4	2	1	1/2	1/2	1	-1	1	67	G4	4	7795
366	366	1460	1460	2.0	0	0	4/4	5	3	1/2	1/2	1	-1	1	67	G4	4	7805
366	366	1460	1460	2.0	0	0	4/4	1	1	1/2	1/2	1		0	72	C5	5	7793
366	366	1460	1460	2.0	0	0	4/4	5	1	1/2	1/2	1		0	72	C5	5	7801
366	366	1460	1460	2.0	0	0	4/4	7	1	1/2	1/2	1		0	72	C5	5	7809
366	366	1462	1462	2.0	1/2	1/2	4/4	3	1	1/2	1/2	1		2	62	D4	4	7798
366	366	1462	1462	2.0	1/2	1/2	4/4	4	1	1/2	1/2	1		2	62	D4	4	7800
366	366	1462	1462	2.0	1/2	1/2	4/4	5	2	1/2	1/2	1		2	62	D4	4	7804
366	366	1462	1462	2.0	1/2	1/2	4/4	6	1	1/2	1/2	1		2	62	D4	4	7808
366	366	1462	1462	2.0	1/2	1/2	4/4	8	1	1/2	1/2	1		2	62	D4	4	7812
366	366	1462	1462	2.0	1/2	1/2	4/4	2	1	1/2	1/2	1		6	66	F#4	4	7796
366	366	1462	1462	2.0	1/2	1/2	4/4	5	3	1/2	1/2	1		6	66	F#4	4	7806
366	366	1462	1462	2.0	1/2	1/2	4/4	1	1	1/2	1/2	1		0	72	C5	5	7794
366	366	1462	1462	2.0	1/2	1/2	4/4	5	1	1/2	1/2	1		0	72	C5	5	7802
366	366	1462	1462	2.0	1/2	1/2	4/4	7	1	1/2	1/2	1		0	72	C5	5	7810
367	367	1464	1464	2.0	0	0	4/4	4	1	1/2	1/2	1		1	55	G3	3	7819
367	367	1464	1464	2.0	0	0	4/4	6	1	1/2	1/2	1		1	55	G3	3	7827
367	367	1464	1464	2.0	0	0	4/4	8	1	1/2	1/2	1		1	55	G3	3	7831
367	367	1464	1464	2.0	0	0	4/4	3	1	1/2	1/2	1		2	62	D4	4	7817
367	367	1464	1464	2.0	0	0	4/4	5	2	1/2	1/2	1		2	62	D4	4	7823
367	367	1464	1464	2.0	0	0	4/4	2	1	1/2	1/2	1		1	67	G4	4	7815
367	367	1464	1464	2.0	0	0	4/4	5	3	1/2	1/2	1		1	67	G4	4	7825
367	367	1464	1464	2.0	0	0	4/4	1	1	1/2	1/2	1		5	71	B4	4	7813
367	367	1464	1464	2.0	0	0	4/4	5	1	1/2	1/2	1		5	71	B4	4	7821
367	367	1464	1464	2.0	0	0	4/4	7	1	1/2	1/2	1		5	71	B4	4	7829
367	367	1466	1466	2.0	1/2	1/2	4/4	4	1	1/2	1/2	1		4	52	E3	3	7820
367	367	1466	1466	2.0	1/2	1/2	4/4	6	1	1/2	1/2	1		4	52	E3	3	7828
367	367	1466	1466	2.0	1/2	1/2	4/4	8	1	1/2	1/2	1		4	52	E3	3	7832
367	367	1466	1466	2.0	1/2	1/2	4/4	5	2	1/2	1/2	1		1	55	G3	3	7824
367	367	1466	1466	2.0	1/2	1/2	4/4	5	3	1/2	1/2	1		5	59	B3	3	7826
367	367	1466	1466	2.0	1/2	1/2	4/4	3	1	1/2	1/2	1		4	64	E4	4	7818
367	367	1466	1466	2.0	1/2	1/2	4/4	1	1	1/2	1/2	1		1	67	G4	4	7814
367	367	1466	1466	2.0	1/2	1/2	4/4	2	1	1/2	1/2	1		1	67	G4	4	7816
367	367	1466	1466	2.0	1/2	1/2	4/4	5	1	1/2	1/2	1		1	67	G4	4	7822
367	367	1466	1466	2.0	1/2	1/2	4/4	7	1	1/2	1/2	1		1	67	G4	4	7830
368	368	1468	1468	2.0	0	0	4/4	4	1	1/2	1/2	1		5	47	B2	2	7842
368	368	1468	1468	2.0	0	0	4/4	6	1	1/2	1/2	1		5	47	B2	2	7852
368	368	1468	1468	2.0	0	0	4/4	8	1	1/2	1/2	1		5	47	B2	2	7857
368	368	1468	1468	2.0	0	0	4/4	3	1	1/2	1/2	1		1	55	G3	3	7839
368	368	1468	1468	2.0	0	0	4/4	5	2	1/2	1/2	1		1	55	G3	3	7848
368	368	1468	1468	2.0	0	0	4/4	2	1	1/2	1/2	1		2	62	D4	4	7836
368	368	1468	1468	2.0	0	0	4/4	5	3	1/2	1/2	1		2	62	D4	4	7850
368	368	1468	1468	2.0	0	0	4/4	1	1	1/2	1/2	1		1	67	G4	4	7833
368	368	1468	1468	2.0	0	0	4/4	5	1	1/2	1/2	1		1	67	G4	4	7845
368	368	1468	1468	2.0	0	0	4/4	7	1	1/2	1/2	1		1	67	G4	4	7854
368	368	1470	1470	1.0	1/2	1/2	4/4	4	1	1/4	1/4	1		0	48	C3	3	7843
368	368	1470	1470	2.0	1/2	1/2	4/4	6	1	1/2	1/2	1		0	48	C3	3	7853
368	368	1470	1470	2.0	1/2	1/2	4/4	8	1	1/2	1/2	1		0	48	C3	3	7858
368	368	1470	1470	1.0	1/2	1/2	4/4	3	1	1/4	1/4	1		1	55	G3	3	7840
368	368	1470	1470	2.0	1/2	1/2	4/4	5	2	1/2	1/2	1	1	1	55	G3	3	7849
368	368	1470	1470	1.0	1/2	1/2	4/4	2	1	1/4	1/4	1		4	64	E4	4	7837
368	368	1470	1470	2.0	1/2	1/2	4/4	5	3	1/2	1/2	1		4	64	E4	4	7851
368	368	1470	1470	1.0	1/2	1/2	4/4	1	1	1/4	1/4	1		1	67	G4	4	7834
368	368	1470	1470	1.0	1/2	1/2	4/4	5	1	1/4	1/4	1		1	67	G4	4	7846
368	368	1470	1470	1.0	1/2	1/2	4/4	7	1	1/4	1/4	1		1	67	G4	4	7855
368	368	1471	1471	1.0	3/4	3/4	4/4	4	1	1/4	1/4	1		0	48	C3	3	7844
368	368	1471	1471	1.0	3/4	3/4	4/4	3	1	1/4	1/4	1		1	55	G3	3	7841
368	368	1471	1471	1.0	3/4	3/4	4/4	2	1	1/4	1/4	1		4	64	E4	4	7838
368	368	1471	1471	1.0	3/4	3/4	4/4	1	1	1/4	1/4	1		1	67	G4	4	7835
368	368	1471	1471	1.0	3/4	3/4	4/4	5	1	1/4	1/4	1		1	67	G4	4	7847
368	368	1471	1471	1.0	3/4	3/4	4/4	7	1	1/4	1/4	1		1	67	G4	4	7856
369	369	1472	1472	2.0	0	0	4/4	4	1	1/2	1/2	1		0	48	C3	3	7868
369	369	1472	1472	2.0	0	0	4/4	6	1	1/2	1/2	1		0	48	C3	3	7878
369	369	1472	1472	2.0	0	0	4/4	8	1	1/2	1/2	1		0	48	C3	3	7883
369	369	1472	1472	2.0	0	0	4/4	3	1	1/2	1/2	1		1	55	G3	3	7865
369	369	1472	1472	2.0	0	0	4/4	5	2	1/2	1/2	1	-1	1	55	G3	3	7874
369	369	1472	1472	2.0	0	0	4/4	2	1	1/2	1/2	1		4	64	E4	4	7862
369	369	1472	1472	2.0	0	0	4/4	5	3	1/2	1/2	1		4	64	E4	4	7876
369	369	1472	1472	2.0	0	0	4/4	1	1	1/2	1/2	1		3	69	A4	4	7859
369	369	1472	1472	2.0	0	0	4/4	5	1	1/2	1/2	1		3	69	A4	4	7871
369	369	1472	1472	2.0	0	0	4/4	7	1	1/2	1/2	1		3	69	A4	4	7880
369	369	1474	1474	1.0	1/2	1/2	4/4	4	1	1/4	1/4	1		2	50	D3	3	7869
369	369	1474	1474	2.0	1/2	1/2	4/4	6	1	1/2	1/2	1		2	50	D3	3	7879
369	369	1474	1474	2.0	1/2	1/2	4/4	8	1	1/2	1/2	1		2	50	D3	3	7884
369	369	1474	1474	1.0	1/2	1/2	4/4	3	1	1/4	1/4	1		6	54	F#3	3	7866
369	369	1474	1474	2.0	1/2	1/2	4/4	5	2	1/2	1/2	1		6	54	F#3	3	7875
369	369	1474	1474	1.0	1/2	1/2	4/4	2	1	1/4	1/4	1		2	62	D4	4	7863
369	369	1474	1474	2.0	1/2	1/2	4/4	5	3	1/2	1/2	1		2	62	D4	4	7877
369	369	1474	1474	1.0	1/2	1/2	4/4	1	1	1/4	1/4	1		3	69	A4	4	7860
369	369	1474	1474	1.0	1/2	1/2	4/4	5	1	1/4	1/4	1		3	69	A4	4	7872
369	369	1474	1474	1.0	1/2	1/2	4/4	7	1	1/4	1/4	1		3	69	A4	4	7881
369	369	1475	1475	1.0	3/4	3/4	4/4	4	1	1/4	1/4	1		2	50	D3	3	7870
369	369	1475	1475	1.0	3/4	3/4	4/4	3	1	1/4	1/4	1		6	54	F#3	3	7867
369	369	1475	1475	1.0	3/4	3/4	4/4	2	1	1/4	1/4	1		2	62	D4	4	7864
369	369	1475	1475	1.0	3/4	3/4	4/4	1	1	1/4	1/4	1		3	69	A4	4	7861
369	369	1475	1475	1.0	3/4	3/4	4/4	5	1	1/4	1/4	1		3	69	A4	4	7873
369	369	1475	1475	1.0	3/4	3/4	4/4	7	1	1/4	1/4	1		3	69	A4	4	7882
370	370	1476	1476	2.0	0	0	4/4	4	1	1/2	1/2	1		1	43	G2	2	7894
370	370	1476	1476	2.0	0	0	4/4	6	1	1/2	1/2	1		1	43	G2	2	7904
370	370	1476	1476	2.0	0	0	4/4	8	1	1/2	1/2	1		1	43	G2	2	7909
370	370	1476	1476	2.0	0	0	4/4	3	1	1/2	1/2	1		1	55	G3	3	7891
370	370	1476	1476	2.0	0	0	4/4	5	2	1/2	1/2	1		1	55	G3	3	7900
370	370	1476	1476	2.0	0	0	4/4	2	1	1/2	1/2	1		2	62	D4	4	7888
370	370	1476	1476	2.0	0	0	4/4	5	3	1/2	1/2	1		2	62	D4	4	7902
370	370	1476	1476	2.0	0	0	4/4	1	1	1/2	1/2	1		5	71	B4	4	7885
370	370	1476	1476	2.0	0	0	4/4	5	1	1/2	1/2	1		5	71	B4	4	7897
370	370	1476	1476	2.0	0	0	4/4	7	1	1/2	1/2	1		5	71	B4	4	7906
370	370	1478	1478	1.0	1/2	1/2	4/4	4	1	1/4	1/4	1		2	50	D3	3	7895
370	370	1478	1478	2.0	1/2	1/2	4/4	6	1	1/2	1/2	1		2	50	D3	3	7905
370	370	1478	1478	2.0	1/2	1/2	4/4	8	1	1/2	1/2	1		2	50	D3	3	7910
370	370	1478	1478	1.0	1/2	1/2	4/4	3	1	1/4	1/4	1		-1	53	F3	3	7892
370	370	1478	1478	2.0	1/2	1/2	4/4	5	2	1/2	1/2	1		-1	53	F3	3	7901
370	370	1478	1478	1.0	1/2	1/2	4/4	2	1	1/4	1/4	1		-1	65	F4	4	7889
370	370	1478	1478	2.0	1/2	1/2	4/4	5	3	1/2	1/2	1		-1	65	F4	4	7903
370	370	1478	1478	1.0	1/2	1/2	4/4	1	1	1/4	1/4	1		5	71	B4	4	7886
370	370	1478	1478	1.0	1/2	1/2	4/4	5	1	1/4	1/4	1		5	71	B4	4	7898
370	370	1478	1478	1.0	1/2	1/2	4/4	7	1	1/4	1/4	1		5	71	B4	4	7907
370	370	1479	1479	1.0	3/4	3/4	4/4	4	1	1/4	1/4	1		2	50	D3	3	7896
370	370	1479	1479	1.0	3/4	3/4	4/4	3	1	1/4	1/4	1		-1	53	F3	3	7893
370	370	1479	1479	1.0	3/4	3/4	4/4	2	1	1/4	1/4	1		-1	65	F4	4	7890
370	370	1479	1479	1.0	3/4	3/4	4/4	1	1	1/4	1/4	1		5	71	B4	4	7887
370	370	1479	1479	1.0	3/4	3/4	4/4	5	1	1/4	1/4	1		5	71	B4	4	7899
370	370	1479	1479	1.0	3/4	3/4	4/4	7	1	1/4	1/4	1		5	71	B4	4	7908
371	371	1480	1480	2.0	0	0	4/4	3	1	1/2	1/2	1		4	52	E3	3	7915
371	371	1480	1480	2.0	0	0	4/4	4	1	1/2	1/2	1		4	52	E3	3	7917
371	371	1480	1480	2.0	0	0	4/4	6	1	1/2	1/2	1		4	52	E3	3	7924
371	371	1480	1480	2.0	0	0	4/4	8	1	1/2	1/2	1		4	52	E3	3	7928
371	371	1480	1480	4.0	0	0	4/4	5	2	1	1	1		4	52	E3	3	7921
371	371	1480	1480	2.0	0	0	4/4	2	1	1/2	1/2	1		0	60	C4	4	7913
371	371	1480	1480	2.0	0	0	4/4	5	3	1/2	1/2	1		0	60	C4	4	7922
371	371	1480	1480	2.0	0	0	4/4	1	1	1/2	1/2	1		3	69	A4	4	7911
371	371	1480	1480	2.0	0	0	4/4	5	1	1/2	1/2	1		3	69	A4	4	7919
371	371	1480	1480	2.0	0	0	4/4	7	1	1/2	1/2	1		3	69	A4	4	7926
371	371	1482	1482	2.0	1/2	1/2	4/4	3	1	1/2	1/2	1		4	52	E3	3	7916
371	371	1482	1482	2.0	1/2	1/2	4/4	4	1	1/2	1/2	1		4	52	E3	3	7918
371	371	1482	1482	2.0	1/2	1/2	4/4	6	1	1/2	1/2	1		4	52	E3	3	7925
371	371	1482	1482	2.0	1/2	1/2	4/4	8	1	1/2	1/2	1		4	52	E3	3	7929
371	371	1482	1482	2.0	1/2	1/2	4/4	2	1	1/2	1/2	1		5	59	B3	3	7914
371	371	1482	1482	2.0	1/2	1/2	4/4	5	3	1/2	1/2	1		5	59	B3	3	7923
371	371	1482	1482	2.0	1/2	1/2	4/4	1	1	1/2	1/2	1		8	68	G#4	4	7912
371	371	1482	1482	2.0	1/2	1/2	4/4	5	1	1/2	1/2	1		8	68	G#4	4	7920
371	371	1482	1482	2.0	1/2	1/2	4/4	7	1	1/2	1/2	1		8	68	G#4	4	7927
372	372	1484	1484	2.0	0	0	4/4	4	1	1/2	1/2	1		3	45	A2	2	7936
372	372	1484	1484	2.0	0	0	4/4	6	1	1/2	1/2	1		3	45	A2	2	7945
372	372	1484	1484	2.0	0	0	4/4	8	1	1/2	1/2	1		3	45	A2	2	7950
372	372	1484	1484	2.0	0	0	4/4	3	1	1/2	1/2	1		4	52	E3	3	7934
372	372	1484	1484	2.0	0	0	4/4	6	2	1/2	1/2	1		4	52	E3	3	7947
372	372	1484	1484	2.0	0	0	4/4	5	4	1/2	1/2	1		3	57	A3	3	7944
372	372	1484	1484	2.0	0	0	4/4	2	1	1/2	1/2	1		0	60	C4	4	7932
372	372	1484	1484	2.0	0	0	4/4	5	2	1/2	1/2	1		0	60	C4	4	7940
372	372	1484	1484	2.0	0	0	4/4	5	3	1/2	1/2	1		4	64	E4	4	7942
372	372	1484	1484	2.0	0	0	4/4	1	1	1/2	1/2	1		3	69	A4	4	7930
372	372	1484	1484	2.0	0	0	4/4	5	1	1/2	1/2	1		3	69	A4	4	7938
372	372	1484	1484	2.0	0	0	4/4	7	1	1/2	1/2	1		3	69	A4	4	7948
372	372	1486	1486	2.0	1/2	1/2	4/4	4	1	1/2	1/2	1		4	52	E3	3	7937
372	372	1486	1486	2.0	1/2	1/2	4/4	6	1	1/2	1/2	1		4	52	E3	3	7946
372	372	1486	1486	2.0	1/2	1/2	4/4	8	1	1/2	1/2	1		4	52	E3	3	7951
372	372	1486	1486	2.0	1/2	1/2	4/4	3	1	1/2	1/2	1		1	55	G3	3	7935
372	372	1486	1486	2.0	1/2	1/2	4/4	2	1	1/2	1/2	1		4	64	E4	4	7933
372	372	1486	1486	2.0	1/2	1/2	4/4	5	2	1/2	1/2	1		4	64	E4	4	7941
372	372	1486	1486	2.0	1/2	1/2	4/4	5	3	1/2	1/2	1		1	67	G4	4	7943
372	372	1486	1486	2.0	1/2	1/2	4/4	1	1	1/2	1/2	1		5	71	B4	4	7931
372	372	1486	1486	2.0	1/2	1/2	4/4	5	1	1/2	1/2	1		5	71	B4	4	7939
372	372	1486	1486	2.0	1/2	1/2	4/4	7	1	1/2	1/2	1		5	71	B4	4	7949
373	373	1488	1488	2.0	0	0	4/4	4	1	1/2	1/2	1		6	54	F#3	3	7958
373	373	1488	1488	2.0	0	0	4/4	6	1	1/2	1/2	1		6	54	F#3	3	7966
373	373	1488	1488	2.0	0	0	4/4	8	1	1/2	1/2	1		6	54	F#3	3	7970
373	373	1488	1488	2.0	0	0	4/4	3	1	1/2	1/2	1		3	57	A3	3	7956
373	373	1488	1488	2.0	0	0	4/4	2	1	1/2	1/2	1		2	62	D4	4	7954
373	373	1488	1488	2.0	0	0	4/4	5	2	1/2	1/2	1		2	62	D4	4	7962
373	373	1488	1488	2.0	0	0	4/4	5	3	1/2	1/2	1		3	69	A4	4	7964
373	373	1488	1488	2.0	0	0	4/4	1	1	1/2	1/2	1		2	74	D5	5	7952
373	373	1488	1488	2.0	0	0	4/4	5	1	1/2	1/2	1		2	74	D5	5	7960
373	373	1488	1488	2.0	0	0	4/4	7	1	1/2	1/2	1		2	74	D5	5	7968
373	373	1490	1490	2.0	1/2	1/2	4/4	4	1	1/2	1/2	1		2	50	D3	3	7959
373	373	1490	1490	2.0	1/2	1/2	4/4	6	1	1/2	1/2	1		2	50	D3	3	7967
373	373	1490	1490	2.0	1/2	1/2	4/4	8	1	1/2	1/2	1		2	50	D3	3	7971
373	373	1490	1490	2.0	1/2	1/2	4/4	3	1	1/2	1/2	1		3	57	A3	3	7957
373	373	1490	1490	2.0	1/2	1/2	4/4	2	1	1/2	1/2	1		6	66	F#4	4	7955
373	373	1490	1490	2.0	1/2	1/2	4/4	5	2	1/2	1/2	1		6	66	F#4	4	7963
373	373	1490	1490	2.0	1/2	1/2	4/4	5	3	1/2	1/2	1		3	69	A4	4	7965
373	373	1490	1490	2.0	1/2	1/2	4/4	1	1	1/2	1/2	1		2	74	D5	5	7953
373	373	1490	1490	2.0	1/2	1/2	4/4	5	1	1/2	1/2	1		2	74	D5	5	7961
373	373	1490	1490	2.0	1/2	1/2	4/4	7	1	1/2	1/2	1		2	74	D5	5	7969
374	374	1492	1492	2.0	0	0	4/4	3	1	1/2	1/2	1		1	55	G3	3	7976
374	374	1492	1492	2.0	0	0	4/4	4	1	1/2	1/2	1		1	55	G3	3	7978
374	374	1492	1492	2.0	0	0	4/4	6	1	1/2	1/2	1		1	55	G3	3	7986
374	374	1492	1492	2.0	0	0	4/4	8	1	1/2	1/2	1		1	55	G3	3	7990
374	374	1492	1492	2.0	0	0	4/4	5	2	1/2	1/2	1		2	62	D4	4	7982
374	374	1492	1492	2.0	0	0	4/4	2	1	1/2	1/2	1		1	67	G4	4	7974
374	374	1492	1492	2.0	0	0	4/4	5	3	1/2	1/2	1		1	67	G4	4	7984
374	374	1492	1492	2.0	0	0	4/4	1	1	1/2	1/2	1		5	71	B4	4	7972
374	374	1492	1492	2.0	0	0	4/4	5	1	1/2	1/2	1		5	71	B4	4	7980
374	374	1492	1492	2.0	0	0	4/4	7	1	1/2	1/2	1		5	71	B4	4	7988
374	374	1494	1494	2.0	1/2	1/2	4/4	4	1	1/2	1/2	1		5	59	B3	3	7979
374	374	1494	1494	2.0	1/2	1/2	4/4	6	1	1/2	1/2	1		5	59	B3	3	7987
374	374	1494	1494	2.0	1/2	1/2	4/4	8	1	1/2	1/2	1		5	59	B3	3	7991
374	374	1494	1494	2.0	1/2	1/2	4/4	3	1	1/2	1/2	1		2	62	D4	4	7977
374	374	1494	1494	2.0	1/2	1/2	4/4	5	2	1/2	1/2	1		2	62	D4	4	7983
374	374	1494	1494	2.0	1/2	1/2	4/4	2	1	1/2	1/2	1		1	67	G4	4	7975
374	374	1494	1494	2.0	1/2	1/2	4/4	5	3	1/2	1/2	1		1	67	G4	4	7985
374	374	1494	1494	2.0	1/2	1/2	4/4	1	1	1/2	1/2	1		2	74	D5	5	7973
374	374	1494	1494	2.0	1/2	1/2	4/4	5	1	1/2	1/2	1		2	74	D5	5	7981
374	374	1494	1494	2.0	1/2	1/2	4/4	7	1	1/2	1/2	1		2	74	D5	5	7989
375	375	1496	1496	2.0	0	0	4/4	3	1	1/2	1/2	1	1	0	60	C4	4	7998
375	375	1496	1496	2.0	0	0	4/4	4	1	1/2	1/2	1		0	60	C4	4	8001
375	375	1496	1496	2.0	0	0	4/4	5	2	1/2	1/2	1	1	0	60	C4	4	8007
375	375	1496	1496	2.0	0	0	4/4	6	1	1/2	1/2	1		0	60	C4	4	8012
375	375	1496	1496	2.0	0	0	4/4	8	1	1/2	1/2	1		0	60	C4	4	8017
375	375	1496	1496	2.0	0	0	4/4	2	1	1/2	1/2	1		1	67	G4	4	7995
375	375	1496	1496	2.0	0	0	4/4	5	3	1/2	1/2	1		1	67	G4	4	8010
375	375	1496	1496	2.0	0	0	4/4	1	1	1/2	1/2	1		4	76	E5	5	7992
375	375	1496	1496	2.0	0	0	4/4	5	1	1/2	1/2	1		4	76	E5	5	8004
375	375	1496	1496	2.0	0	0	4/4	7	1	1/2	1/2	1		4	76	E5	5	8014
375	375	1498	1498	1.0	1/2	1/2	4/4	4	1	1/4	1/4	1		1	55	G3	3	8002
375	375	1498	1498	2.0	1/2	1/2	4/4	6	1	1/2	1/2	1		1	55	G3	3	8013
375	375	1498	1498	2.0	1/2	1/2	4/4	8	1	1/2	1/2	1		1	55	G3	3	8018
375	375	1498	1498	1.0	1/2	1/2	4/4	3	1	1/4	1/4	1	-1	0	60	C4	4	7999
375	375	1498	1498	1.0	1/2	1/2	4/4	5	2	1/4	1/4	1	-1	0	60	C4	4	8008
375	375	1498	1498	1.0	1/2	1/2	4/4	2	1	1/4	1/4	1		1	67	G4	4	7996
375	375	1498	1498	2.0	1/2	1/2	4/4	5	3	1/2	1/2	1		1	67	G4	4	8011
375	375	1498	1498	1.0	1/2	1/2	4/4	1	1	1/4	1/4	1		2	74	D5	5	7993
375	375	1498	1498	1.0	1/2	1/2	4/4	5	1	1/4	1/4	1		2	74	D5	5	8005
375	375	1498	1498	1.0	1/2	1/2	4/4	7	1	1/4	1/4	1		2	74	D5	5	8015
375	375	1499	1499	1.0	3/4	3/4	4/4	4	1	1/4	1/4	1		1	55	G3	3	8003
375	375	1499	1499	1.0	3/4	3/4	4/4	3	1	1/4	1/4	1		5	59	B3	3	8000
375	375	1499	1499	1.0	3/4	3/4	4/4	5	2	1/4	1/4	1		5	59	B3	3	8009
375	375	1499	1499	1.0	3/4	3/4	4/4	2	1	1/4	1/4	1		1	67	G4	4	7997
375	375	1499	1499	1.0	3/4	3/4	4/4	1	1	1/4	1/4	1		2	74	D5	5	7994
375	375	1499	1499	1.0	3/4	3/4	4/4	5	1	1/4	1/4	1		2	74	D5	5	8006
375	375	1499	1499	1.0	3/4	3/4	4/4	7	1	1/4	1/4	1		2	74	D5	5	8016
376	376	1500	1500	2.0	0	0	4/4	4	1	1/2	1/2	1		0	48	C3	3	8028
376	376	1500	1500	2.0	0	0	4/4	6	1	1/2	1/2	1		0	48	C3	3	8038
376	376	1500	1500	2.0	0	0	4/4	8	1	1/2	1/2	1		0	48	C3	3	8043
376	376	1500	1500	2.0	0	0	4/4	3	1	1/2	1/2	1		0	60	C4	4	8025
376	376	1500	1500	2.0	0	0	4/4	5	2	1/2	1/2	1		0	60	C4	4	8034
376	376	1500	1500	2.0	0	0	4/4	2	1	1/2	1/2	1		1	67	G4	4	8022
376	376	1500	1500	2.0	0	0	4/4	5	3	1/2	1/2	1		1	67	G4	4	8036
376	376	1500	1500	2.0	0	0	4/4	1	1	1/2	1/2	1		4	76	E5	5	8019
376	376	1500	1500	2.0	0	0	4/4	5	1	1/2	1/2	1		4	76	E5	5	8031
376	376	1500	1500	2.0	0	0	4/4	7	1	1/2	1/2	1		4	76	E5	5	8040
376	376	1502	1502	1.0	1/2	1/2	4/4	4	1	1/4	1/4	1		0	48	C3	3	8029
376	376	1502	1502	2.0	1/2	1/2	4/4	6	1	1/2	1/2	1		0	48	C3	3	8039
376	376	1502	1502	2.0	1/2	1/2	4/4	8	1	1/2	1/2	1		0	48	C3	3	8044
376	376	1502	1502	1.0	1/2	1/2	4/4	3	1	1/4	1/4	1		0	60	C4	4	8026
376	376	1502	1502	2.0	1/2	1/2	4/4	5	2	1/2	1/2	1	1	0	60	C4	4	8035
376	376	1502	1502	1.0	1/2	1/2	4/4	2	1	1/4	1/4	1		1	67	G4	4	8023
376	376	1502	1502	2.0	1/2	1/2	4/4	5	3	1/2	1/2	1		1	67	G4	4	8037
376	376	1502	1502	1.0	1/2	1/2	4/4	1	1	1/4	1/4	1		4	76	E5	5	8020
376	376	1502	1502	1.0	1/2	1/2	4/4	5	1	1/4	1/4	1		4	76	E5	5	8032
376	376	1502	1502	1.0	1/2	1/2	4/4	7	1	1/4	1/4	1		4	76	E5	5	8041
376	376	1503	1503	1.0	3/4	3/4	4/4	4	1	1/4	1/4	1		0	48	C3	3	8030
376	376	1503	1503	1.0	3/4	3/4	4/4	3	1	1/4	1/4	1		0	60	C4	4	8027
376	376	1503	1503	1.0	3/4	3/4	4/4	2	1	1/4	1/4	1		1	67	G4	4	8024
376	376	1503	1503	1.0	3/4	3/4	4/4	1	1	1/4	1/4	1		4	76	E5	5	8021
376	376	1503	1503	1.0	3/4	3/4	4/4	5	1	1/4	1/4	1		4	76	E5	5	8033
376	376	1503	1503	1.0	3/4	3/4	4/4	7	1	1/4	1/4	1		4	76	E5	5	8042
377	377	1504	1504	2.0	0	0	4/4	4	1	1/2	1/2	1		2	50	D3	3	8051
377	377	1504	1504	2.0	0	0	4/4	6	1	1/2	1/2	1		2	50	D3	3	8059
377	377	1504	1504	2.0	0	0	4/4	8	1	1/2	1/2	1		2	50	D3	3	8063
377	377	1504	1504	2.0	0	0	4/4	3	1	1/2	1/2	1		0	60	C4	4	8049
377	377	1504	1504	2.0	0	0	4/4	5	2	1/2	1/2	1	-1	0	60	C4	4	8055
377	377	1504	1504	2.0	0	0	4/4	2	1	1/2	1/2	1		6	66	F#4	4	8047
377	377	1504	1504	2.0	0	0	4/4	5	3	1/2	1/2	1		6	66	F#4	4	8057
377	377	1504	1504	2.0	0	0	4/4	1	1	1/2	1/2	1		2	74	D5	5	8045
377	377	1504	1504	2.0	0	0	4/4	5	1	1/2	1/2	1		2	74	D5	5	8053
377	377	1504	1504	2.0	0	0	4/4	7	1	1/2	1/2	1		2	74	D5	5	8061
377	377	1506	1506	2.0	1/2	1/2	4/4	4	1	1/2	1/2	1		2	50	D3	3	8052
377	377	1506	1506	2.0	1/2	1/2	4/4	6	1	1/2	1/2	1		2	50	D3	3	8060
377	377	1506	1506	2.0	1/2	1/2	4/4	8	1	1/2	1/2	1		2	50	D3	3	8064
377	377	1506	1506	2.0	1/2	1/2	4/4	3	1	1/2	1/2	1	1	5	59	B3	3	8050
377	377	1506	1506	2.0	1/2	1/2	4/4	5	2	1/2	1/2	1	1	5	59	B3	3	8056
377	377	1506	1506	2.0	1/2	1/2	4/4	2	1	1/2	1/2	1		1	67	G4	4	8048
377	377	1506	1506	2.0	1/2	1/2	4/4	5	3	1/2	1/2	1		1	67	G4	4	8058
377	377	1506	1506	2.0	1/2	1/2	4/4	1	1	1/2	1/2	1		2	74	D5	5	8046
377	377	1506	1506	2.0	1/2	1/2	4/4	5	1	1/2	1/2	1		2	74	D5	5	8054
377	377	1506	1506	2.0	1/2	1/2	4/4	7	1	1/2	1/2	1		2	74	D5	5	8062
378	378	1508	1508	2.0	0	0	4/4	4	1	1/2	1/2	1		4	52	E3	3	8070
378	378	1508	1508	2.0	0	0	4/4	6	1	1/2	1/2	1		4	52	E3	3	8077
378	378	1508	1508	2.0	0	0	4/4	8	1	1/2	1/2	1		4	52	E3	3	8080
378	378	1508	1508	2.0	0	0	4/4	3	1	1/2	1/2	1	-1	5	59	B3	3	8068
378	378	1508	1508	2.0	0	0	4/4	5	2	1/2	1/2	1	-1	5	59	B3	3	8073
378	378	1508	1508	2.0	0	0	4/4	2	1	1/2	1/2	1		1	67	G4	4	8066
378	378	1508	1508	2.0	0	0	4/4	5	3	1/2	1/2	1		1	67	G4	4	8075
378	378	1508	1508	4.0	0	0	4/4	1	1	1	1	1		0	72	C5	5	8065
378	378	1508	1508	4.0	0	0	4/4	5	1	1	1	1		0	72	C5	5	8072
378	378	1508	1508	4.0	0	0	4/4	7	1	1	1	1		0	72	C5	5	8079
378	378	1510	1510	2.0	1/2	1/2	4/4	4	1	1/2	1/2	1		6	54	F#3	3	8071
378	378	1510	1510	2.0	1/2	1/2	4/4	6	1	1/2	1/2	1		6	54	F#3	3	8078
378	378	1510	1510	2.0	1/2	1/2	4/4	8	1	1/2	1/2	1		6	54	F#3	3	8081
378	378	1510	1510	2.0	1/2	1/2	4/4	3	1	1/2	1/2	1		3	57	A3	3	8069
378	378	1510	1510	2.0	1/2	1/2	4/4	5	2	1/2	1/2	1		3	57	A3	3	8074
378	378	1510	1510	2.0	1/2	1/2	4/4	2	1	1/2	1/2	1		2	62	D4	4	8067
378	378	1510	1510	2.0	1/2	1/2	4/4	5	3	1/2	1/2	1		2	62	D4	4	8076
379	379	1512	1512	2.0	0	0	4/4	3	1	1/2	1/2	1		1	55	G3	3	8088
379	379	1512	1512	2.0	0	0	4/4	4	1	1/2	1/2	1		1	55	G3	3	8091
379	379	1512	1512	2.0	0	0	4/4	5	2	1/2	1/2	1		1	55	G3	3	8097
379	379	1512	1512	2.0	0	0	4/4	6	1	1/2	1/2	1		1	55	G3	3	8101
379	379	1512	1512	2.0	0	0	4/4	8	1	1/2	1/2	1		1	55	G3	3	8106
379	379	1512	1512	2.0	0	0	4/4	2	1	1/2	1/2	1		2	62	D4	4	8085
379	379	1512	1512	2.0	0	0	4/4	5	3	1/2	1/2	1		2	62	D4	4	8099
379	379	1512	1512	2.0	0	0	4/4	1	1	1/2	1/2	1		5	71	B4	4	8082
379	379	1512	1512	2.0	0	0	4/4	5	1	1/2	1/2	1		5	71	B4	4	8094
379	379	1512	1512	2.0	0	0	4/4	7	1	1/2	1/2	1		5	71	B4	4	8103
379	379	1514	1514	1.0	1/2	1/2	4/4	4	1	1/4	1/4	1		4	52	E3	3	8092
379	379	1514	1514	2.0	1/2	1/2	4/4	6	1	1/2	1/2	1		4	52	E3	3	8102
379	379	1514	1514	2.0	1/2	1/2	4/4	8	1	1/2	1/2	1		4	52	E3	3	8107
379	379	1514	1514	1.0	1/2	1/2	4/4	3	1	1/4	1/4	1		5	59	B3	3	8089
379	379	1514	1514	2.0	1/2	1/2	4/4	5	2	1/2	1/2	1		5	59	B3	3	8098
379	379	1514	1514	1.0	1/2	1/2	4/4	2	1	1/4	1/4	1		4	64	E4	4	8086
379	379	1514	1514	2.0	1/2	1/2	4/4	5	3	1/2	1/2	1		4	64	E4	4	8100
379	379	1514	1514	1.0	1/2	1/2	4/4	1	1	1/4	1/4	1		1	67	G4	4	8083
379	379	1514	1514	1.0	1/2	1/2	4/4	5	1	1/4	1/4	1		1	67	G4	4	8095
379	379	1514	1514	1.0	1/2	1/2	4/4	7	1	1/4	1/4	1		1	67	G4	4	8104
379	379	1515	1515	1.0	3/4	3/4	4/4	4	1	1/4	1/4	1		4	52	E3	3	8093
379	379	1515	1515	1.0	3/4	3/4	4/4	3	1	1/4	1/4	1		5	59	B3	3	8090
379	379	1515	1515	1.0	3/4	3/4	4/4	2	1	1/4	1/4	1		4	64	E4	4	8087
379	379	1515	1515	1.0	3/4	3/4	4/4	1	1	1/4	1/4	1		1	67	G4	4	8084
379	379	1515	1515	1.0	3/4	3/4	4/4	5	1	1/4	1/4	1		1	67	G4	4	8096
379	379	1515	1515	1.0	3/4	3/4	4/4	7	1	1/4	1/4	1		1	67	G4	4	8105
380	380	1516	1516	2.0	0	0	4/4	4	1	1/2	1/2	1		0	48	C3	3	8114
380	380	1516	1516	2.0	0	0	4/4	6	1	1/2	1/2	1		0	48	C3	3	8122
380	380	1516	1516	2.0	0	0	4/4	8	1	1/2	1/2	1		0	48	C3	3	8126
380	380	1516	1516	2.0	0	0	4/4	3	1	1/2	1/2	1		0	60	C4	4	8112
380	380	1516	1516	2.0	0	0	4/4	5	2	1/2	1/2	1		0	60	C4	4	8118
380	380	1516	1516	2.0	0	0	4/4	2	1	1/2	1/2	1		4	64	E4	4	8110
380	380	1516	1516	2.0	0	0	4/4	5	3	1/2	1/2	1		4	64	E4	4	8120
380	380	1516	1516	2.0	0	0	4/4	1	1	1/2	1/2	1		1	67	G4	4	8108
380	380	1516	1516	2.0	0	0	4/4	5	1	1/2	1/2	1		1	67	G4	4	8116
380	380	1516	1516	2.0	0	0	4/4	7	1	1/2	1/2	1		1	67	G4	4	8124
380	380	1518	1518	2.0	1/2	1/2	4/4	4	1	1/2	1/2	1		5	47	B2	2	8115
380	380	1518	1518	2.0	1/2	1/2	4/4	6	1	1/2	1/2	1		5	47	B2	2	8123
380	380	1518	1518	2.0	1/2	1/2	4/4	8	1	1/2	1/2	1		5	47	B2	2	8127
380	380	1518	1518	2.0	1/2	1/2	4/4	5	2	1/2	1/2	1	1	1	55	G3	3	8119
380	380	1518	1518	2.0	1/2	1/2	4/4	3	1	1/2	1/2	1		2	62	D4	4	8113
380	380	1518	1518	2.0	1/2	1/2	4/4	5	3	1/2	1/2	1		2	62	D4	4	8121
380	380	1518	1518	2.0	1/2	1/2	4/4	1	1	1/2	1/2	1		1	67	G4	4	8109
380	380	1518	1518	2.0	1/2	1/2	4/4	2	1	1/2	1/2	1	1	1	67	G4	4	8111
380	380	1518	1518	2.0	1/2	1/2	4/4	5	1	1/2	1/2	1		1	67	G4	4	8117
380	380	1518	1518	2.0	1/2	1/2	4/4	7	1	1/2	1/2	1		1	67	G4	4	8125
381	381	1520	1520	2.0	0	0	4/4	4	1	1/2	1/2	1		3	45	A2	2	8137
381	381	1520	1520	2.0	0	0	4/4	6	1	1/2	1/2	1		3	45	A2	2	8147
381	381	1520	1520	2.0	0	0	4/4	8	1	1/2	1/2	1		3	45	A2	2	8152
381	381	1520	1520	2.0	0	0	4/4	5	2	1/2	1/2	1	-1	1	55	G3	3	8143
381	381	1520	1520	2.0	0	0	4/4	3	1	1/2	1/2	1		0	60	C4	4	8134
381	381	1520	1520	2.0	0	0	4/4	5	3	1/2	1/2	1		0	60	C4	4	8145
381	381	1520	1520	2.0	0	0	4/4	2	1	1/2	1/2	1	-1	1	67	G4	4	8131
381	381	1520	1520	2.0	0	0	4/4	1	1	1/2	1/2	1		3	69	A4	4	8128
381	381	1520	1520	2.0	0	0	4/4	5	1	1/2	1/2	1		3	69	A4	4	8140
381	381	1520	1520	2.0	0	0	4/4	7	1	1/2	1/2	1		3	69	A4	4	8149
381	381	1522	1522	1.0	1/2	1/2	4/4	4	1	1/4	1/4	1		2	50	D3	3	8138
381	381	1522	1522	2.0	1/2	1/2	4/4	6	1	1/2	1/2	1		2	50	D3	3	8148
381	381	1522	1522	2.0	1/2	1/2	4/4	8	1	1/2	1/2	1		2	50	D3	3	8153
381	381	1522	1522	2.0	1/2	1/2	4/4	5	2	1/2	1/2	1		6	54	F#3	3	8144
381	381	1522	1522	1.0	1/2	1/2	4/4	3	1	1/4	1/4	1		2	62	D4	4	8135
381	381	1522	1522	2.0	1/2	1/2	4/4	5	3	1/2	1/2	1		2	62	D4	4	8146
381	381	1522	1522	1.0	1/2	1/2	4/4	2	1	1/4	1/4	1		6	66	F#4	4	8132
381	381	1522	1522	1.0	1/2	1/2	4/4	1	1	1/4	1/4	1		3	69	A4	4	8129
381	381	1522	1522	1.0	1/2	1/2	4/4	5	1	1/4	1/4	1		3	69	A4	4	8141
381	381	1522	1522	1.0	1/2	1/2	4/4	7	1	1/4	1/4	1		3	69	A4	4	8150
381	381	1523	1523	1.0	3/4	3/4	4/4	4	1	1/4	1/4	1		2	50	D3	3	8139
381	381	1523	1523	1.0	3/4	3/4	4/4	3	1	1/4	1/4	1		2	62	D4	4	8136
381	381	1523	1523	1.0	3/4	3/4	4/4	2	1	1/4	1/4	1		6	66	F#4	4	8133
381	381	1523	1523	1.0	3/4	3/4	4/4	1	1	1/4	1/4	1		3	69	A4	4	8130
381	381	1523	1523	1.0	3/4	3/4	4/4	5	1	1/4	1/4	1		3	69	A4	4	8142
381	381	1523	1523	1.0	3/4	3/4	4/4	7	1	1/4	1/4	1		3	69	A4	4	8151
382	382	1524	1524	2.0	0	0	4/4	4	1	1/2	1/2	1		1	43	G2	2	8160
382	382	1524	1524	2.0	0	0	4/4	6	1	1/2	1/2	1		1	43	G2	2	8168
382	382	1524	1524	2.0	0	0	4/4	8	1	1/2	1/2	1		1	43	G2	2	8172
382	382	1524	1524	2.0	0	0	4/4	5	2	1/2	1/2	1		1	55	G3	3	8164
382	382	1524	1524	2.0	0	0	4/4	3	1	1/2	1/2	1		2	62	D4	4	8158
382	382	1524	1524	2.0	0	0	4/4	5	3	1/2	1/2	1		2	62	D4	4	8166
382	382	1524	1524	2.0	0	0	4/4	2	1	1/2	1/2	1		1	67	G4	4	8156
382	382	1524	1524	2.0	0	0	4/4	1	1	1/2	1/2	1		5	71	B4	4	8154
382	382	1524	1524	2.0	0	0	4/4	5	1	1/2	1/2	1		5	71	B4	4	8162
382	382	1524	1524	2.0	0	0	4/4	7	1	1/2	1/2	1		5	71	B4	4	8170
382	382	1526	1526	2.0	1/2	1/2	4/4	4	1	1/2	1/2	1		4	52	E3	3	8161
382	382	1526	1526	2.0	1/2	1/2	4/4	6	1	1/2	1/2	1		4	52	E3	3	8169
382	382	1526	1526	2.0	1/2	1/2	4/4	8	1	1/2	1/2	1		4	52	E3	3	8173
382	382	1526	1526	2.0	1/2	1/2	4/4	5	2	1/2	1/2	1		1	55	G3	3	8165
382	382	1526	1526	2.0	1/2	1/2	4/4	3	1	1/2	1/2	1		4	64	E4	4	8159
382	382	1526	1526	2.0	1/2	1/2	4/4	5	3	1/2	1/2	1		4	64	E4	4	8167
382	382	1526	1526	2.0	1/2	1/2	4/4	2	1	1/2	1/2	1		1	67	G4	4	8157
382	382	1526	1526	2.0	1/2	1/2	4/4	1	1	1/2	1/2	1		5	71	B4	4	8155
382	382	1526	1526	2.0	1/2	1/2	4/4	5	1	1/2	1/2	1		5	71	B4	4	8163
382	382	1526	1526	2.0	1/2	1/2	4/4	7	1	1/2	1/2	1		5	71	B4	4	8171
383	383	1528	1528	2.0	0	0	4/4	4	1	1/2	1/2	1		9	51	D#3	3	8183
383	383	1528	1528	2.0	0	0	4/4	6	1	1/2	1/2	1		9	51	D#3	3	8193
383	383	1528	1528	2.0	0	0	4/4	8	1	1/2	1/2	1		9	51	D#3	3	8198
383	383	1528	1528	2.0	0	0	4/4	5	2	1/2	1/2	1		3	57	A3	3	8189
383	383	1528	1528	2.0	0	0	4/4	3	1	1/2	1/2	1		6	66	F#4	4	8180
383	383	1528	1528	2.0	0	0	4/4	5	3	1/2	1/2	1		6	66	F#4	4	8191
383	383	1528	1528	2.0	0	0	4/4	2	1	1/2	1/2	1		3	69	A4	4	8177
383	383	1528	1528	2.0	0	0	4/4	1	1	1/2	1/2	1		5	71	B4	4	8174
383	383	1528	1528	2.0	0	0	4/4	5	1	1/2	1/2	1		5	71	B4	4	8186
383	383	1528	1528	2.0	0	0	4/4	7	1	1/2	1/2	1		5	71	B4	4	8195
383	383	1530	1530	1.0	1/2	1/2	4/4	4	1	1/4	1/4	1		2	50	D3	3	8184
383	383	1530	1530	2.0	1/2	1/2	4/4	6	1	1/2	1/2	1		2	50	D3	3	8194
383	383	1530	1530	2.0	1/2	1/2	4/4	8	1	1/2	1/2	1		2	50	D3	3	8199
383	383	1530	1530	2.0	1/2	1/2	4/4	5	2	1/2	1/2	1		8	56	G#3	3	8190
383	383	1530	1530	1.0	1/2	1/2	4/4	3	1	1/4	1/4	1		4	64	E4	4	8181
383	383	1530	1530	2.0	1/2	1/2	4/4	5	3	1/2	1/2	1		4	64	E4	4	8192
383	383	1530	1530	1.0	1/2	1/2	4/4	2	1	1/4	1/4	1		8	68	G#4	4	8178
383	383	1530	1530	1.0	1/2	1/2	4/4	1	1	1/4	1/4	1		5	71	B4	4	8175
383	383	1530	1530	1.0	1/2	1/2	4/4	5	1	1/4	1/4	1		5	71	B4	4	8187
383	383	1530	1530	1.0	1/2	1/2	4/4	7	1	1/4	1/4	1		5	71	B4	4	8196
383	383	1531	1531	1.0	3/4	3/4	4/4	4	1	1/4	1/4	1		2	50	D3	3	8185
383	383	1531	1531	1.0	3/4	3/4	4/4	3	1	1/4	1/4	1		4	64	E4	4	8182
383	383	1531	1531	1.0	3/4	3/4	4/4	2	1	1/4	1/4	1		8	68	G#4	4	8179
383	383	1531	1531	1.0	3/4	3/4	4/4	1	1	1/4	1/4	1		5	71	B4	4	8176
383	383	1531	1531	1.0	3/4	3/4	4/4	5	1	1/4	1/4	1		5	71	B4	4	8188
383	383	1531	1531	1.0	3/4	3/4	4/4	7	1	1/4	1/4	1		5	71	B4	4	8197
384	384	1532	1532	2.0	0	0	4/4	4	1	1/2	1/2	1		0	48	C3	3	8207
384	384	1532	1532	2.0	0	0	4/4	6	1	1/2	1/2	1		0	48	C3	3	8214
384	384	1532	1532	2.0	0	0	4/4	8	1	1/2	1/2	1		0	48	C3	3	8218
384	384	1532	1532	2.0	0	0	4/4	5	2	1/2	1/2	1		3	57	A3	3	8211
384	384	1532	1532	2.0	0	0	4/4	3	1	1/2	1/2	1		4	64	E4	4	8205
384	384	1532	1532	4.0	0	0	4/4	5	3	1	1	1		4	64	E4	4	8213
384	384	1532	1532	1.0	0	0	4/4	2	1	1/4	1/4	1		3	69	A4	4	8202
384	384	1532	1532	2.0	0	0	4/4	1	1	1/2	1/2	1		3	69	A4	4	8200
384	384	1532	1532	2.0	0	0	4/4	5	1	1/2	1/2	1		3	69	A4	4	8209
384	384	1532	1532	2.0	0	0	4/4	7	1	1/2	1/2	1		3	69	A4	4	8216
384	384	1533	1533	1.0	1/4	1/4	4/4	2	1	1/4	1/4	1		4	64	E4	4	8203
384	384	1534	1534	2.0	1/2	1/2	4/4	4	1	1/2	1/2	1		4	52	E3	3	8208
384	384	1534	1534	2.0	1/2	1/2	4/4	6	1	1/2	1/2	1		4	52	E3	3	8215
384	384	1534	1534	2.0	1/2	1/2	4/4	8	1	1/2	1/2	1		4	52	E3	3	8219
384	384	1534	1534	2.0	1/2	1/2	4/4	3	1	1/2	1/2	1		5	59	B3	3	8206
384	384	1534	1534	2.0	1/2	1/2	4/4	5	2	1/2	1/2	1		5	59	B3	3	8212
384	384	1534	1534	2.0	1/2	1/2	4/4	2	1	1/2	1/2	1		4	64	E4	4	8204
384	384	1534	1534	2.0	1/2	1/2	4/4	1	1	1/2	1/2	1		8	68	G#4	4	8201
384	384	1534	1534	2.0	1/2	1/2	4/4	5	1	1/2	1/2	1		8	68	G#4	4	8210
384	384	1534	1534	2.0	1/2	1/2	4/4	7	1	1/2	1/2	1		8	68	G#4	4	8217
385	385	1536	1536	2.0	0	0	4/4	4	1	1/2	1/2	1		3	45	A2	2	8226
385	385	1536	1536	2.0	0	0	4/4	6	1	1/2	1/2	1		3	45	A2	2	8234
385	385	1536	1536	2.0	0	0	4/4	8	1	1/2	1/2	1		3	45	A2	2	8238
385	385	1536	1536	2.0	0	0	4/4	3	1	1/2	1/2	1		0	60	C4	4	8224
385	385	1536	1536	2.0	0	0	4/4	5	2	1/2	1/2	1		0	60	C4	4	8230
385	385	1536	1536	2.0	0	0	4/4	2	1	1/2	1/2	1		4	64	E4	4	8222
385	385	1536	1536	2.0	0	0	4/4	5	3	1/2	1/2	1		4	64	E4	4	8232
385	385	1536	1536	2.0	0	0	4/4	1	1	1/2	1/2	1		3	69	A4	4	8220
385	385	1536	1536	2.0	0	0	4/4	5	1	1/2	1/2	1		3	69	A4	4	8228
385	385	1536	1536	2.0	0	0	4/4	7	1	1/2	1/2	1		3	69	A4	4	8236
385	385	1538	1538	2.0	1/2	1/2	4/4	4	1	1/2	1/2	1		1	55	G3	3	8227
385	385	1538	1538	2.0	1/2	1/2	4/4	6	1	1/2	1/2	1		1	55	G3	3	8235
385	385	1538	1538	2.0	1/2	1/2	4/4	8	1	1/2	1/2	1		1	55	G3	3	8239
385	385	1538	1538	2.0	1/2	1/2	4/4	3	1	1/2	1/2	1		2	62	D4	4	8225
385	385	1538	1538	2.0	1/2	1/2	4/4	5	2	1/2	1/2	1		2	62	D4	4	8231
385	385	1538	1538	2.0	1/2	1/2	4/4	2	1	1/2	1/2	1		1	67	G4	4	8223
385	385	1538	1538	2.0	1/2	1/2	4/4	5	3	1/2	1/2	1		1	67	G4	4	8233
385	385	1538	1538	2.0	1/2	1/2	4/4	1	1	1/2	1/2	1		5	71	B4	4	8221
385	385	1538	1538	2.0	1/2	1/2	4/4	5	1	1/2	1/2	1		5	71	B4	4	8229
385	385	1538	1538	2.0	1/2	1/2	4/4	7	1	1/2	1/2	1		5	71	B4	4	8237
386	386	1540	1540	2.0	0	0	4/4	4	1	1/2	1/2	1		0	48	C3	3	8246
386	386	1540	1540	2.0	0	0	4/4	6	1	1/2	1/2	1		0	48	C3	3	8254
386	386	1540	1540	2.0	0	0	4/4	8	1	1/2	1/2	1		0	48	C3	3	8258
386	386	1540	1540	2.0	0	0	4/4	3	1	1/2	1/2	1		0	60	C4	4	8244
386	386	1540	1540	2.0	0	0	4/4	5	2	1/2	1/2	1		0	60	C4	4	8250
386	386	1540	1540	2.0	0	0	4/4	2	1	1/2	1/2	1		1	67	G4	4	8242
386	386	1540	1540	2.0	0	0	4/4	5	3	1/2	1/2	1		1	67	G4	4	8252
386	386	1540	1540	2.0	0	0	4/4	1	1	1/2	1/2	1		4	76	E5	5	8240
386	386	1540	1540	2.0	0	0	4/4	5	1	1/2	1/2	1		4	76	E5	5	8248
386	386	1540	1540	2.0	0	0	4/4	7	1	1/2	1/2	1		4	76	E5	5	8256
386	386	1542	1542	2.0	1/2	1/2	4/4	4	1	1/2	1/2	1		2	50	D3	3	8247
386	386	1542	1542	2.0	1/2	1/2	4/4	6	1	1/2	1/2	1		2	50	D3	3	8255
386	386	1542	1542	2.0	1/2	1/2	4/4	8	1	1/2	1/2	1		2	50	D3	3	8259
386	386	1542	1542	2.0	1/2	1/2	4/4	3	1	1/2	1/2	1		3	57	A3	3	8245
386	386	1542	1542	2.0	1/2	1/2	4/4	5	2	1/2	1/2	1		3	57	A3	3	8251
386	386	1542	1542	2.0	1/2	1/2	4/4	2	1	1/2	1/2	1		6	66	F#4	4	8243
386	386	1542	1542	2.0	1/2	1/2	4/4	5	3	1/2	1/2	1		6	66	F#4	4	8253
386	386	1542	1542	2.0	1/2	1/2	4/4	1	1	1/2	1/2	1		2	74	D5	5	8241
386	386	1542	1542	2.0	1/2	1/2	4/4	5	1	1/2	1/2	1		2	74	D5	5	8249
386	386	1542	1542	2.0	1/2	1/2	4/4	7	1	1/2	1/2	1		2	74	D5	5	8257
387	387	1544	1544	2.0	0	0	4/4	4	1	1/2	1/2	1		4	52	E3	3	8266
387	387	1544	1544	2.0	0	0	4/4	6	1	1/2	1/2	1		4	52	E3	3	8274
387	387	1544	1544	2.0	0	0	4/4	8	1	1/2	1/2	1		4	52	E3	3	8278
387	387	1544	1544	2.0	0	0	4/4	3	1	1/2	1/2	1		1	55	G3	3	8264
387	387	1544	1544	2.0	0	0	4/4	5	2	1/2	1/2	1		4	64	E4	4	8270
387	387	1544	1544	2.0	0	0	4/4	2	1	1/2	1/2	1		1	67	G4	4	8262
387	387	1544	1544	2.0	0	0	4/4	5	3	1/2	1/2	1		1	67	G4	4	8272
387	387	1544	1544	2.0	0	0	4/4	1	1	1/2	1/2	1		0	72	C5	5	8260
387	387	1544	1544	2.0	0	0	4/4	5	1	1/2	1/2	1		0	72	C5	5	8268
387	387	1544	1544	2.0	0	0	4/4	7	1	1/2	1/2	1		0	72	C5	5	8276
387	387	1546	1546	2.0	1/2	1/2	4/4	4	1	1/2	1/2	1		6	54	F#3	3	8267
387	387	1546	1546	2.0	1/2	1/2	4/4	6	1	1/2	1/2	1		6	54	F#3	3	8275
387	387	1546	1546	2.0	1/2	1/2	4/4	8	1	1/2	1/2	1		6	54	F#3	3	8279
387	387	1546	1546	2.0	1/2	1/2	4/4	3	1	1/2	1/2	1		2	62	D4	4	8265
387	387	1546	1546	2.0	1/2	1/2	4/4	5	2	1/2	1/2	1		2	62	D4	4	8271
387	387	1546	1546	2.0	1/2	1/2	4/4	2	1	1/2	1/2	1		3	69	A4	4	8263
387	387	1546	1546	2.0	1/2	1/2	4/4	5	3	1/2	1/2	1		3	69	A4	4	8273
387	387	1546	1546	2.0	1/2	1/2	4/4	1	1	1/2	1/2	1		0	72	C5	5	8261
387	387	1546	1546	2.0	1/2	1/2	4/4	5	1	1/2	1/2	1		0	72	C5	5	8269
387	387	1546	1546	2.0	1/2	1/2	4/4	7	1	1/2	1/2	1		0	72	C5	5	8277
388	388	1548	1548	2.0	0	0	4/4	4	1	1/2	1/2	1		1	55	G3	3	8286
388	388	1548	1548	2.0	0	0	4/4	6	1	1/2	1/2	1		1	55	G3	3	8294
388	388	1548	1548	2.0	0	0	4/4	8	1	1/2	1/2	1		1	55	G3	3	8298
388	388	1548	1548	2.0	0	0	4/4	3	1	1/2	1/2	1		2	62	D4	4	8284
388	388	1548	1548	2.0	0	0	4/4	5	2	1/2	1/2	1		2	62	D4	4	8290
388	388	1548	1548	2.0	0	0	4/4	2	1	1/2	1/2	1		1	67	G4	4	8282
388	388	1548	1548	2.0	0	0	4/4	5	3	1/2	1/2	1		1	67	G4	4	8292
388	388	1548	1548	2.0	0	0	4/4	1	1	1/2	1/2	1		5	71	B4	4	8280
388	388	1548	1548	2.0	0	0	4/4	5	1	1/2	1/2	1		5	71	B4	4	8288
388	388	1548	1548	2.0	0	0	4/4	7	1	1/2	1/2	1		5	71	B4	4	8296
388	388	1550	1550	2.0	1/2	1/2	4/4	4	1	1/2	1/2	1		2	50	D3	3	8287
388	388	1550	1550	2.0	1/2	1/2	4/4	6	1	1/2	1/2	1		2	50	D3	3	8295
388	388	1550	1550	2.0	1/2	1/2	4/4	8	1	1/2	1/2	1		2	50	D3	3	8299
388	388	1550	1550	2.0	1/2	1/2	4/4	3	1	1/2	1/2	1		2	62	D4	4	8285
388	388	1550	1550	2.0	1/2	1/2	4/4	5	2	1/2	1/2	1		2	62	D4	4	8291
388	388	1550	1550	2.0	1/2	1/2	4/4	2	1	1/2	1/2	1		6	66	F#4	4	8283
388	388	1550	1550	2.0	1/2	1/2	4/4	5	3	1/2	1/2	1		6	66	F#4	4	8293
388	388	1550	1550	2.0	1/2	1/2	4/4	1	1	1/2	1/2	1		3	69	A4	4	8281
388	388	1550	1550	2.0	1/2	1/2	4/4	5	1	1/2	1/2	1		3	69	A4	4	8289
388	388	1550	1550	2.0	1/2	1/2	4/4	7	1	1/2	1/2	1		3	69	A4	4	8297
389	389	1552	1552	2.0	0	0	4/4	4	1	1/2	1/2	1		1	55	G3	3	8306
389	389	1552	1552	2.0	0	0	4/4	6	1	1/2	1/2	1		1	55	G3	3	8314
389	389	1552	1552	2.0	0	0	4/4	8	1	1/2	1/2	1		1	55	G3	3	8318
389	389	1552	1552	2.0	0	0	4/4	3	1	1/2	1/2	1		2	62	D4	4	8304
389	389	1552	1552	2.0	0	0	4/4	5	2	1/2	1/2	1		2	62	D4	4	8310
389	389	1552	1552	2.0	0	0	4/4	2	1	1/2	1/2	1		1	67	G4	4	8302
389	389	1552	1552	2.0	0	0	4/4	5	3	1/2	1/2	1		1	67	G4	4	8312
389	389	1552	1552	2.0	0	0	4/4	1	1	1/2	1/2	1		5	71	B4	4	8300
389	389	1552	1552	2.0	0	0	4/4	5	1	1/2	1/2	1		5	71	B4	4	8308
389	389	1552	1552	2.0	0	0	4/4	7	1	1/2	1/2	1		5	71	B4	4	8316
389	389	1554	1554	2.0	1/2	1/2	4/4	4	1	1/2	1/2	1		0	48	C3	3	8307
389	389	1554	1554	2.0	1/2	1/2	4/4	6	1	1/2	1/2	1		0	48	C3	3	8315
389	389	1554	1554	2.0	1/2	1/2	4/4	8	1	1/2	1/2	1		0	48	C3	3	8319
389	389	1554	1554	2.0	1/2	1/2	4/4	3	1	1/2	1/2	1		4	64	E4	4	8305
389	389	1554	1554	2.0	1/2	1/2	4/4	5	2	1/2	1/2	1		4	64	E4	4	8311
389	389	1554	1554	2.0	1/2	1/2	4/4	2	1	1/2	1/2	1		1	67	G4	4	8303
389	389	1554	1554	2.0	1/2	1/2	4/4	5	3	1/2	1/2	1		1	67	G4	4	8313
389	389	1554	1554	2.0	1/2	1/2	4/4	1	1	1/2	1/2	1		0	72	C5	5	8301
389	389	1554	1554	2.0	1/2	1/2	4/4	5	1	1/2	1/2	1		0	72	C5	5	8309
389	389	1554	1554	2.0	1/2	1/2	4/4	7	1	1/2	1/2	1		0	72	C5	5	8317
390	390	1556	1556	2.0	0	0	4/4	4	1	1/2	1/2	1		5	47	B2	2	8324
390	390	1556	1556	2.0	0	0	4/4	6	1	1/2	1/2	1		5	47	B2	2	8331
390	390	1556	1556	2.0	0	0	4/4	8	1	1/2	1/2	1		5	47	B2	2	8334
390	390	1556	1556	2.0	0	0	4/4	3	1	1/2	1/2	1		2	62	D4	4	8322
390	390	1556	1556	2.0	0	0	4/4	5	2	1/2	1/2	1		2	62	D4	4	8327
390	390	1556	1556	2.0	0	0	4/4	5	3	1/2	1/2	1		1	67	G4	4	8329
390	390	1556	1556	4.0	0	0	4/4	2	1	1	1	1		1	67	G4	4	8321
390	390	1556	1556	4.0	0	0	4/4	1	1	1	1	1		2	74	D5	5	8320
390	390	1556	1556	4.0	0	0	4/4	5	1	1	1	1		2	74	D5	5	8326
390	390	1556	1556	4.0	0	0	4/4	7	1	1	1	1		2	74	D5	5	8333
390	390	1558	1558	2.0	1/2	1/2	4/4	4	1	1/2	1/2	1		1	55	G3	3	8325
390	390	1558	1558	2.0	1/2	1/2	4/4	6	1	1/2	1/2	1		1	55	G3	3	8332
390	390	1558	1558	2.0	1/2	1/2	4/4	8	1	1/2	1/2	1		1	55	G3	3	8335
390	390	1558	1558	2.0	1/2	1/2	4/4	3	1	1/2	1/2	1		5	59	B3	3	8323
390	390	1558	1558	2.0	1/2	1/2	4/4	5	2	1/2	1/2	1		1	67	G4	4	8328
390	390	1558	1558	2.0	1/2	1/2	4/4	5	3	1/2	1/2	1		5	71	B4	4	8330
391	391	1560	1560	2.0	0	0	4/4	4	1	1/2	1/2	1		6	54	F#3	3	8342
391	391	1560	1560	2.0	0	0	4/4	6	1	1/2	1/2	1		6	54	F#3	3	8350
391	391	1560	1560	2.0	0	0	4/4	8	1	1/2	1/2	1		6	54	F#3	3	8354
391	391	1560	1560	2.0	0	0	4/4	3	1	1/2	1/2	1		2	62	D4	4	8340
391	391	1560	1560	2.0	0	0	4/4	5	2	1/2	1/2	1		2	62	D4	4	8346
391	391	1560	1560	2.0	0	0	4/4	2	1	1/2	1/2	1		3	69	A4	4	8338
391	391	1560	1560	2.0	0	0	4/4	5	3	1/2	1/2	1		3	69	A4	4	8348
391	391	1560	1560	2.0	0	0	4/4	1	1	1/2	1/2	1		0	72	C5	5	8336
391	391	1560	1560	2.0	0	0	4/4	5	1	1/2	1/2	1		0	72	C5	5	8344
391	391	1560	1560	2.0	0	0	4/4	7	1	1/2	1/2	1		0	72	C5	5	8352
391	391	1562	1562	2.0	1/2	1/2	4/4	4	1	1/2	1/2	1		1	55	G3	3	8343
391	391	1562	1562	2.0	1/2	1/2	4/4	6	1	1/2	1/2	1		1	55	G3	3	8351
391	391	1562	1562	2.0	1/2	1/2	4/4	8	1	1/2	1/2	1		1	55	G3	3	8355
391	391	1562	1562	2.0	1/2	1/2	4/4	3	1	1/2	1/2	1		2	62	D4	4	8341
391	391	1562	1562	2.0	1/2	1/2	4/4	5	2	1/2	1/2	1		2	62	D4	4	8347
391	391	1562	1562	2.0	1/2	1/2	4/4	2	1	1/2	1/2	1	1	1	67	G4	4	8339
391	391	1562	1562	2.0	1/2	1/2	4/4	5	3	1/2	1/2	1	1	1	67	G4	4	8349
391	391	1562	1562	2.0	1/2	1/2	4/4	1	1	1/2	1/2	1		5	71	B4	4	8337
391	391	1562	1562	2.0	1/2	1/2	4/4	5	1	1/2	1/2	1		5	71	B4	4	8345
391	391	1562	1562	2.0	1/2	1/2	4/4	7	1	1/2	1/2	1		5	71	B4	4	8353
392	392	1564	1564	2.0	0	0	4/4	4	1	1/2	1/2	1		0	48	C3	3	8362
392	392	1564	1564	2.0	0	0	4/4	6	1	1/2	1/2	1		0	48	C3	3	8370
392	392	1564	1564	2.0	0	0	4/4	8	1	1/2	1/2	1		0	48	C3	3	8373
392	392	1564	1564	2.0	0	0	4/4	3	1	1/2	1/2	1		4	64	E4	4	8359
392	392	1564	1564	2.0	0	0	4/4	5	2	1/2	1/2	1		4	64	E4	4	8365
392	392	1564	1564	2.0	0	0	4/4	2	1	1/2	1/2	1	-1	1	67	G4	4	8357
392	392	1564	1564	2.0	0	0	4/4	5	3	1/2	1/2	1	-1	1	67	G4	4	8368
392	392	1564	1564	4.0	0	0	4/4	1	1	1	1	1		3	69	A4	4	8356
392	392	1564	1564	4.0	0	0	4/4	5	1	1	1	1		3	69	A4	4	8364
392	392	1564	1564	4.0	0	0	4/4	7	1	1	1	1		3	69	A4	4	8372
392	392	1566	1566	2.0	1/2	1/2	4/4	4	1	1/2	1/2	1		2	50	D3	3	8363
392	392	1566	1566	2.0	1/2	1/2	4/4	6	1	1/2	1/2	1		2	50	D3	3	8371
392	392	1566	1566	2.0	1/2	1/2	4/4	8	1	1/2	1/2	1		2	50	D3	3	8374
392	392	1566	1566	1.0	1/2	1/2	4/4	3	1	1/4	1/4	1		2	62	D4	4	8360
392	392	1566	1566	1.0	1/2	1/2	4/4	5	2	1/4	1/4	1		2	62	D4	4	8366
392	392	1566	1566	2.0	1/2	1/2	4/4	2	1	1/2	1/2	1		6	66	F#4	4	8358
392	392	1566	1566	2.0	1/2	1/2	4/4	5	3	1/2	1/2	1		6	66	F#4	4	8369
392	392	1567	1567	1.0	3/4	3/4	4/4	3	1	1/4	1/4	1		0	60	C4	4	8361
392	392	1567	1567	1.0	3/4	3/4	4/4	5	2	1/4	1/4	1		0	60	C4	4	8367
393	393	1568	1568	2.0	0	0	4/4	4	1	1/2	1/2	1		1	43	G2	2	8381
393	393	1568	1568	2.0	0	0	4/4	6	1	1/2	1/2	1		1	43	G2	2	8389
393	393	1568	1568	2.0	0	0	4/4	8	1	1/2	1/2	1		1	43	G2	2	8393
393	393	1568	1568	2.0	0	0	4/4	3	1	1/2	1/2	1		5	59	B3	3	8379
393	393	1568	1568	2.0	0	0	4/4	5	2	1/2	1/2	1		5	59	B3	3	8385
393	393	1568	1568	2.0	0	0	4/4	5	3	1/2	1/2	1		2	62	D4	4	8387
393	393	1568	1568	2.0	0	0	4/4	1	1	1/2	1/2	1		1	67	G4	4	8375
393	393	1568	1568	2.0	0	0	4/4	2	1	1/2	1/2	1		1	67	G4	4	8377
393	393	1568	1568	2.0	0	0	4/4	5	1	1/2	1/2	1		1	67	G4	4	8383
393	393	1568	1568	2.0	0	0	4/4	7	1	1/2	1/2	1		1	67	G4	4	8391
393	393	1570	1570	2.0	1/2	1/2	4/4	4	1	1/2	1/2	1		4	52	E3	3	8382
393	393	1570	1570	2.0	1/2	1/2	4/4	6	1	1/2	1/2	1		4	52	E3	3	8390
393	393	1570	1570	2.0	1/2	1/2	4/4	8	1	1/2	1/2	1		4	52	E3	3	8394
393	393	1570	1570	2.0	1/2	1/2	4/4	3	1	1/2	1/2	1		5	59	B3	3	8380
393	393	1570	1570	2.0	1/2	1/2	4/4	5	2	1/2	1/2	1		5	59	B3	3	8386
393	393	1570	1570	2.0	1/2	1/2	4/4	2	1	1/2	1/2	1		4	64	E4	4	8378
393	393	1570	1570	2.0	1/2	1/2	4/4	5	3	1/2	1/2	1		4	64	E4	4	8388
393	393	1570	1570	2.0	1/2	1/2	4/4	1	1	1/2	1/2	1		1	67	G4	4	8376
393	393	1570	1570	2.0	1/2	1/2	4/4	5	1	1/2	1/2	1		1	67	G4	4	8384
393	393	1570	1570	2.0	1/2	1/2	4/4	7	1	1/2	1/2	1		1	67	G4	4	8392
394	394	1572	1572	2.0	0	0	4/4	8	1	1/2	1/2	1		0	48	C3	3	8407
394	394	1572	1572	4.0	0	0	4/4	4	1	1	1	1		0	48	C3	3	8399
394	394	1572	1572	4.0	0	0	4/4	6	1	1	1	1		0	48	C3	3	8404
394	394	1572	1572	4.0	0	0	4/4	3	1	1	1	1		0	60	C4	4	8398
394	394	1572	1572	4.0	0	0	4/4	5	2	1	1	1		0	60	C4	4	8402
394	394	1572	1572	4.0	0	0	4/4	2	1	1	1	1		4	64	E4	4	8397
394	394	1572	1572	4.0	0	0	4/4	5	3	1	1	1		4	64	E4	4	8403
394	394	1572	1572	2.0	0	0	4/4	1	1	1/2	1/2	1		1	67	G4	4	8395
394	394	1572	1572	2.0	0	0	4/4	5	1	1/2	1/2	1		1	67	G4	4	8400
394	394	1572	1572	2.0	0	0	4/4	7	1	1/2	1/2	1		1	67	G4	4	8405
394	394	1574	1574	2.0	1/2	1/2	4/4	8	1	1/2	1/2	1		0	48	C3	3	8408
394	394	1574	1574	2.0	1/2	1/2	4/4	1	1	1/2	1/2	1		3	69	A4	4	8396
394	394	1574	1574	2.0	1/2	1/2	4/4	5	1	1/2	1/2	1		3	69	A4	4	8401
394	394	1574	1574	2.0	1/2	1/2	4/4	7	1	1/2	1/2	1		3	69	A4	4	8406
395	395	1576	1576	4.0	0	0	4/4	4	1	1	1	1		2	50	D3	3	8414
395	395	1576	1576	4.0	0	0	4/4	6	1	1	1	1		2	50	D3	3	8421
395	395	1576	1576	4.0	0	0	4/4	8	1	1	1	1		2	50	D3	3	8424
395	395	1576	1576	2.0	0	0	4/4	3	1	1/2	1/2	1		5	59	B3	3	8412
395	395	1576	1576	2.0	0	0	4/4	5	2	1/2	1/2	1		5	59	B3	3	8417
395	395	1576	1576	2.0	0	0	4/4	5	3	1/2	1/2	1		2	62	D4	4	8419
395	395	1576	1576	4.0	0	0	4/4	2	1	1	1	1		2	62	D4	4	8411
395	395	1576	1576	2.0	0	0	4/4	1	1	1/2	1/2	1		1	67	G4	4	8409
395	395	1576	1576	2.0	0	0	4/4	5	1	1/2	1/2	1		1	67	G4	4	8415
395	395	1576	1576	2.0	0	0	4/4	7	1	1/2	1/2	1		1	67	G4	4	8422
395	395	1578	1578	2.0	1/2	1/2	4/4	3	1	1/2	1/2	1		3	57	A3	3	8413
395	395	1578	1578	2.0	1/2	1/2	4/4	5	2	1/2	1/2	1		3	57	A3	3	8418
395	395	1578	1578	2.0	1/2	1/2	4/4	5	3	1/2	1/2	1		0	60	C4	4	8420
395	395	1578	1578	2.0	1/2	1/2	4/4	1	1	1/2	1/2	1		6	66	F#4	4	8410
395	395	1578	1578	2.0	1/2	1/2	4/4	5	1	1/2	1/2	1		6	66	F#4	4	8416
395	395	1578	1578	2.0	1/2	1/2	4/4	7	1	1/2	1/2	1		6	66	F#4	4	8423
396	396	1580	1580	4.0	0	0	4/4	4	1	1	1	1		1	43	G2	2	8428
396	396	1580	1580	4.0	0	0	4/4	6	1	1	1	1		1	43	G2	2	8433
396	396	1580	1580	4.0	0	0	4/4	8	1	1	1	1		1	43	G2	2	8435
396	396	1580	1580	4.0	0	0	4/4	5	2	1	1	1		1	55	G3	3	8430
396	396	1580	1580	4.0	0	0	4/4	3	1	1	1	1		5	59	B3	3	8427
396	396	1580	1580	4.0	0	0	4/4	5	4	1	1	1		5	59	B3	3	8432
396	396	1580	1580	4.0	0	0	4/4	2	1	1	1	1		2	62	D4	4	8426
396	396	1580	1580	4.0	0	0	4/4	5	3	1	1	1		2	62	D4	4	8431
396	396	1580	1580	4.0	0	0	4/4	1	1	1	1	1		1	67	G4	4	8425
396	396	1580	1580	4.0	0	0	4/4	5	1	1	1	1		1	67	G4	4	8429
396	396	1580	1580	4.0	0	0	4/4	7	1	1	1	1		1	67	G4	4	8434
