mc	mn	quarterbeats	quarterbeats_all_endings	duration_qb	mc_onset	mn_onset	timesig	staff	voice	duration	nominal_duration	scalar	tied	tpc	midi	name	octave	chord_id
1	1	0	0	2.0	0	1/2	4/4	4	1	1/2	1/2	1		4	52	E3	3	3
1	1	0	0	2.0	0	1/2	4/4	6	1	1/2	1/2	1		4	52	E3	3	7
1	1	0	0	2.0	0	1/2	4/4	8	1	1/2	1/2	1		4	52	E3	3	9
1	1	0	0	2.0	0	1/2	4/4	3	1	1/2	1/2	1		1	55	G3	3	2
1	1	0	0	2.0	0	1/2	4/4	5	2	1/2	1/2	1		1	55	G3	3	5
1	1	0	0	2.0	0	1/2	4/4	2	1	1/2	1/2	1		5	59	B3	3	1
1	1	0	0	2.0	0	1/2	4/4	5	3	1/2	1/2	1		5	59	B3	3	6
1	1	0	0	2.0	0	1/2	4/4	1	1	1/2	1/2	1		4	64	E4	4	0
1	1	0	0	2.0	0	1/2	4/4	5	1	1/2	1/2	1		4	64	E4	4	4
1	1	0	0	2.0	0	1/2	4/4	7	1	1/2	1/2	1		4	64	E4	4	8
2	2	2	2	2.0	0	0	4/4	4	1	1/2	1/2	1		0	48	C3	3	16
2	2	2	2	2.0	0	0	4/4	6	1	1/2	1/2	1		0	48	C3	3	24
2	2	2	2	2.0	0	0	4/4	8	1	1/2	1/2	1		0	48	C3	3	28
2	2	2	2	2.0	0	0	4/4	3	1	1/2	1/2	1		1	55	G3	3	14
2	2	2	2	2.0	0	0	4/4	5	2	1/2	1/2	1		1	55	G3	3	20
2	2	2	2	2.0	0	0	4/4	2	1	1/2	1/2	1		4	64	E4	4	12
2	2	2	2	2.0	0	0	4/4	5	3	1/2	1/2	1		4	64	E4	4	22
2	2	2	2	2.0	0	0	4/4	1	1	1/2	1/2	1		1	67	G4	4	10
2	2	2	2	2.0	0	0	4/4	5	1	1/2	1/2	1		1	67	G4	4	18
2	2	2	2	2.0	0	0	4/4	7	1	1/2	1/2	1		1	67	G4	4	26
2	2	4	4	2.0	1/2	1/2	4/4	4	1	1/2	1/2	1		5	47	B2	2	17
2	2	4	4	2.0	1/2	1/2	4/4	6	1	1/2	1/2	1		5	47	B2	2	25
2	2	4	4	2.0	1/2	1/2	4/4	8	1	1/2	1/2	1		5	47	B2	2	29
2	2	4	4	2.0	1/2	1/2	4/4	5	2	1/2	1/2	1		5	59	B3	3	21
2	2	4	4	2.0	1/2	1/2	4/4	2	1	1/2	1/2	1		2	62	D4	4	13
2	2	4	4	2.0	1/2	1/2	4/4	3	1	1/2	1/2	1		2	62	D4	4	15
2	2	4	4	2.0	1/2	1/2	4/4	5	3	1/2	1/2	1		2	62	D4	4	23
2	2	4	4	2.0	1/2	1/2	4/4	1	1	1/2	1/2	1		1	67	G4	4	11
2	2	4	4	2.0	1/2	1/2	4/4	5	1	1/2	1/2	1		1	67	G4	4	19
2	2	4	4	2.0	1/2	1/2	4/4	7	1	1/2	1/2	1		1	67	G4	4	27
3	3	6	6	2.0	0	0	4/4	4	1	1/2	1/2	1		3	45	A2	2	36
3	3	6	6	2.0	0	0	4/4	6	1	1/2	1/2	1		3	45	A2	2	44
3	3	6	6	2.0	0	0	4/4	8	1	1/2	1/2	1		3	45	A2	2	48
3	3	6	6	2.0	0	0	4/4	3	1	1/2	1/2	1		0	60	C4	4	34
3	3	6	6	2.0	0	0	4/4	5	2	1/2	1/2	1		0	60	C4	4	40
3	3	6	6	2.0	0	0	4/4	2	1	1/2	1/2	1		4	64	E4	4	32
3	3	6	6	2.0	0	0	4/4	5	3	1/2	1/2	1		4	64	E4	4	42
3	3	6	6	2.0	0	0	4/4	1	1	1/2	1/2	1		3	69	A4	4	30
3	3	6	6	2.0	0	0	4/4	5	1	1/2	1/2	1		3	69	A4	4	38
3	3	6	6	2.0	0	0	4/4	7	1	1/2	1/2	1		3	69	A4	4	46
3	3	8	8	2.0	1/2	1/2	4/4	4	1	1/2	1/2	1		-1	53	F3	3	37
3	3	8	8	2.0	1/2	1/2	4/4	6	1	1/2	1/2	1		-1	53	F3	3	45
3	3	8	8	2.0	1/2	1/2	4/4	8	1	1/2	1/2	1		-1	53	F3	3	49
3	3	8	8	2.0	1/2	1/2	4/4	3	1	1/2	1/2	1		0	60	C4	4	35
3	3	8	8	2.0	1/2	1/2	4/4	5	2	1/2	1/2	1		0	60	C4	4	41
3	3	8	8	2.0	1/2	1/2	4/4	2	1	1/2	1/2	1		-1	65	F4	4	33
3	3	8	8	2.0	1/2	1/2	4/4	5	3	1/2	1/2	1		-1	65	F4	4	43
3	3	8	8	2.0	1/2	1/2	4/4	1	1	1/2	1/2	1		3	69	A4	4	31
3	3	8	8	2.0	1/2	1/2	4/4	5	1	1/2	1/2	1		3	69	A4	4	39
3	3	8	8	2.0	1/2	1/2	4/4	7	1	1/2	1/2	1		3	69	A4	4	47
4	4	10	10	2.0	0	0	4/4	4	1	1/2	1/2	1		4	52	E3	3	56
4	4	10	10	2.0	0	0	4/4	6	1	1/2	1/2	1		4	52	E3	3	64
4	4	10	10	2.0	0	0	4/4	8	1	1/2	1/2	1		4	52	E3	3	68
4	4	10	10	2.0	0	0	4/4	3	1	1/2	1/2	1		0	60	C4	4	54
4	4	10	10	2.0	0	0	4/4	5	2	1/2	1/2	1		0	60	C4	4	60
4	4	10	10	2.0	0	0	4/4	2	1	1/2	1/2	1		1	67	G4	4	52
4	4	10	10	2.0	0	0	4/4	5	3	1/2	1/2	1		1	67	G4	4	62
4	4	10	10	2.0	0	0	4/4	1	1	1/2	1/2	1		0	72	C5	5	50
4	4	10	10	2.0	0	0	4/4	5	1	1/2	1/2	1		0	72	C5	5	58
4	4	10	10	2.0	0	0	4/4	7	1	1/2	1/2	1		0	72	C5	5	66
4	4	12	12	2.0	1/2	1/2	4/4	4	1	1/2	1/2	1		-1	53	F3	3	57
4	4	12	12	2.0	1/2	1/2	4/4	6	1	1/2	1/2	1		-1	53	F3	3	65
4	4	12	12	2.0	1/2	1/2	4/4	8	1	1/2	1/2	1		-1	53	F3	3	69
4	4	12	12	2.0	1/2	1/2	4/4	3	1	1/2	1/2	1		0	60	C4	4	55
4	4	12	12	2.0	1/2	1/2	4/4	5	2	1/2	1/2	1		0	60	C4	4	61
4	4	12	12	2.0	1/2	1/2	4/4	2	1	1/2	1/2	1		-1	65	F4	4	53
4	4	12	12	2.0	1/2	1/2	4/4	5	3	1/2	1/2	1		-1	65	F4	4	63
4	4	12	12	2.0	1/2	1/2	4/4	1	1	1/2	1/2	1		3	69	A4	4	51
4	4	12	12	2.0	1/2	1/2	4/4	5	1	1/2	1/2	1		3	69	A4	4	59
4	4	12	12	2.0	1/2	1/2	4/4	7	1	1/2	1/2	1		3	69	A4	4	67
5	5	14	14	2.0	0	0	4/4	4	1	1/2	1/2	1		3	45	A2	2	76
5	5	14	14	2.0	0	0	4/4	6	1	1/2	1/2	1		3	45	A2	2	84
5	5	14	14	2.0	0	0	4/4	8	1	1/2	1/2	1		3	45	A2	2	88
5	5	14	14	2.0	0	0	4/4	3	1	1/2	1/2	1		0	60	C4	4	74
5	5	14	14	2.0	0	0	4/4	5	2	1/2	1/2	1		0	60	C4	4	80
5	5	14	14	2.0	0	0	4/4	2	1	1/2	1/2	1		4	64	E4	4	72
5	5	14	14	2.0	0	0	4/4	5	3	1/2	1/2	1		4	64	E4	4	82
5	5	14	14	2.0	0	0	4/4	1	1	1/2	1/2	1		3	69	A4	4	70
5	5	14	14	2.0	0	0	4/4	5	1	1/2	1/2	1		3	69	A4	4	78
5	5	14	14	2.0	0	0	4/4	7	1	1/2	1/2	1		3	69	A4	4	86
5	5	16	16	2.0	1/2	1/2	4/4	4	1	1/2	1/2	1		3	57	A3	3	77
5	5	16	16	2.0	1/2	1/2	4/4	6	1	1/2	1/2	1		3	57	A3	3	85
5	5	16	16	2.0	1/2	1/2	4/4	8	1	1/2	1/2	1		3	57	A3	3	89
5	5	16	16	2.0	1/2	1/2	4/4	3	1	1/2	1/2	1		4	64	E4	4	75
5	5	16	16	2.0	1/2	1/2	4/4	5	2	1/2	1/2	1		4	64	E4	4	81
5	5	16	16	2.0	1/2	1/2	4/4	2	1	1/2	1/2	1		3	69	A4	4	73
5	5	16	16	2.0	1/2	1/2	4/4	5	3	1/2	1/2	1		3	69	A4	4	83
5	5	16	16	2.0	1/2	1/2	4/4	1	1	1/2	1/2	1		0	72	C5	5	71
5	5	16	16	2.0	1/2	1/2	4/4	5	1	1/2	1/2	1		0	72	C5	5	79
5	5	16	16	2.0	1/2	1/2	4/4	7	1	1/2	1/2	1		0	72	C5	5	87
6	6	18	18	2.0	0	0	4/4	4	1	1/2	1/2	1		4	52	E3	3	96
6	6	18	18	2.0	0	0	4/4	6	1	1/2	1/2	1		4	52	E3	3	104
6	6	18	18	2.0	0	0	4/4	8	1	1/2	1/2	1		4	52	E3	3	108
6	6	18	18	2.0	0	0	4/4	3	1	1/2	1/2	1		4	64	E4	4	94
6	6	18	18	2.0	0	0	4/4	5	2	1/2	1/2	1		4	64	E4	4	100
6	6	18	18	2.0	0	0	4/4	2	1	1/2	1/2	1		1	67	G4	4	92
6	6	18	18	2.0	0	0	4/4	5	3	1/2	1/2	1		1	67	G4	4	102
6	6	18	18	2.0	0	0	4/4	1	1	1/2	1/2	1		0	72	C5	5	90
6	6	18	18	2.0	0	0	4/4	5	1	1/2	1/2	1		0	72	C5	5	98
6	6	18	18	2.0	0	0	4/4	7	1	1/2	1/2	1		0	72	C5	5	106
6	6	20	20	2.0	1/2	1/2	4/4	4	1	1/2	1/2	1		6	54	F#3	3	97
6	6	20	20	2.0	1/2	1/2	4/4	6	1	1/2	1/2	1		6	54	F#3	3	105
6	6	20	20	2.0	1/2	1/2	4/4	8	1	1/2	1/2	1		6	54	F#3	3	109
6	6	20	20	2.0	1/2	1/2	4/4	3	1	1/2	1/2	1		2	62	D4	4	95
6	6	20	20	2.0	1/2	1/2	4/4	5	2	1/2	1/2	1		2	62	D4	4	101
6	6	20	20	2.0	1/2	1/2	4/4	2	1	1/2	1/2	1		3	69	A4	4	93
6	6	20	20	2.0	1/2	1/2	4/4	5	3	1/2	1/2	1		3	69	A4	4	103
6	6	20	20	2.0	1/2	1/2	4/4	1	1	1/2	1/2	1		0	72	C5	5	91
6	6	20	20	2.0	1/2	1/2	4/4	5	1	1/2	1/2	1		0	72	C5	5	99
6	6	20	20	2.0	1/2	1/2	4/4	7	1	1/2	1/2	1		0	72	C5	5	107
7	7	22	22	2.0	0	0	4/4	4	1	1/2	1/2	1		1	55	G3	3	116
7	7	22	22	2.0	0	0	4/4	6	1	1/2	1/2	1		1	55	G3	3	124
7	7	22	22	2.0	0	0	4/4	8	1	1/2	1/2	1		1	55	G3	3	128
7	7	22	22	2.0	0	0	4/4	3	1	1/2	1/2	1		2	62	D4	4	114
7	7	22	22	2.0	0	0	4/4	5	2	1/2	1/2	1		2	62	D4	4	120
7	7	22	22	2.0	0	0	4/4	2	1	1/2	1/2	1		1	67	G4	4	112
7	7	22	22	2.0	0	0	4/4	5	3	1/2	1/2	1		1	67	G4	4	122
7	7	22	22	2.0	0	0	4/4	1	1	1/2	1/2	1		5	71	B4	4	110
7	7	22	22	2.0	0	0	4/4	5	1	1/2	1/2	1		5	71	B4	4	118
7	7	22	22	2.0	0	0	4/4	7	1	1/2	1/2	1		5	71	B4	4	126
7	7	24	24	2.0	1/2	1/2	4/4	4	1	1/2	1/2	1		0	48	C3	3	117
7	7	24	24	2.0	1/2	1/2	4/4	6	1	1/2	1/2	1		0	48	C3	3	125
7	7	24	24	2.0	1/2	1/2	4/4	8	1	1/2	1/2	1		0	48	C3	3	129
7	7	24	24	2.0	1/2	1/2	4/4	3	1	1/2	1/2	1		4	64	E4	4	115
7	7	24	24	2.0	1/2	1/2	4/4	5	2	1/2	1/2	1		4	64	E4	4	121
7	7	24	24	2.0	1/2	1/2	4/4	2	1	1/2	1/2	1	1	1	67	G4	4	113
7	7	24	24	2.0	1/2	1/2	4/4	5	3	1/2	1/2	1		1	67	G4	4	123
7	7	24	24	2.0	1/2	1/2	4/4	1	1	1/2	1/2	1		0	72	C5	5	111
7	7	24	24	2.0	1/2	1/2	4/4	5	1	1/2	1/2	1		0	72	C5	5	119
7	7	24	24	2.0	1/2	1/2	4/4	7	1	1/2	1/2	1		0	72	C5	5	127
8	8	26	26	2.0	0	0	4/4	4	1	1/2	1/2	1		2	50	D3	3	137
8	8	26	26	2.0	0	0	4/4	4	2	1/2	1/2	1		2	50	D3	3	139
8	8	26	26	2.0	0	0	4/4	6	1	1/2	1/2	1		2	50	D3	3	147
8	8	26	26	2.0	0	0	4/4	8	1	1/2	1/2	1		2	50	D3	3	151
8	8	26	26	2.0	0	0	4/4	3	1	1/2	1/2	1		2	62	D4	4	134
8	8	26	26	3.0	0	0	4/4	5	2	3/4	1/2	3/2		2	62	D4	4	143
8	8	26	26	2.0	0	0	4/4	2	1	1/2	1/2	1	-1	1	67	G4	4	132
8	8	26	26	2.0	0	0	4/4	5	3	1/2	1/2	1		1	67	G4	4	145
8	8	26	26	2.0	0	0	4/4	1	1	1/2	1/2	1		5	71	B4	4	130
8	8	26	26	2.0	0	0	4/4	5	1	1/2	1/2	1		5	71	B4	4	141
8	8	26	26	2.0	0	0	4/4	7	1	1/2	1/2	1		5	71	B4	4	149
8	8	28	28	2.0	1/2	1/2	4/4	4	2	1/2	1/2	1		2	38	D2	2	140
8	8	28	28	2.0	1/2	1/2	4/4	6	1	1/2	1/2	1		2	38	D2	2	148
8	8	28	28	2.0	1/2	1/2	4/4	8	1	1/2	1/2	1		2	38	D2	2	152
8	8	28	28	2.0	1/2	1/2	4/4	4	1	1/2	1/2	1		2	50	D3	3	138
8	8	28	28	1.0	1/2	1/2	4/4	3	1	1/4	1/4	1		2	62	D4	4	135
8	8	28	28	2.0	1/2	1/2	4/4	2	1	1/2	1/2	1		6	66	F#4	4	133
8	8	28	28	2.0	1/2	1/2	4/4	5	3	1/2	1/2	1		6	66	F#4	4	146
8	8	28	28	2.0	1/2	1/2	4/4	1	1	1/2	1/2	1		3	69	A4	4	131
8	8	28	28	2.0	1/2	1/2	4/4	5	1	1/2	1/2	1		3	69	A4	4	142
8	8	28	28	2.0	1/2	1/2	4/4	7	1	1/2	1/2	1		3	69	A4	4	150
8	8	29	29	1.0	3/4	3/4	4/4	3	1	1/4	1/4	1		0	60	C4	4	136
8	8	29	29	1.0	3/4	3/4	4/4	5	2	1/4	1/4	1		0	60	C4	4	144
9	9	30	30	2.0	0	0	4/4	4	1	1/2	1/2	1		1	43	G2	2	159
9	9	30	30	2.0	0	0	4/4	6	1	1/2	1/2	1		1	43	G2	2	167
9	9	30	30	2.0	0	0	4/4	8	1	1/2	1/2	1		1	43	G2	2	171
9	9	30	30	2.0	0	0	4/4	3	1	1/2	1/2	1		5	59	B3	3	157
9	9	30	30	2.0	0	0	4/4	5	2	1/2	1/2	1		5	59	B3	3	163
9	9	30	30	2.0	0	0	4/4	5	3	1/2	1/2	1		2	62	D4	4	165
9	9	30	30	2.0	0	0	4/4	1	1	1/2	1/2	1		1	67	G4	4	153
9	9	30	30	2.0	0	0	4/4	2	1	1/2	1/2	1		1	67	G4	4	155
9	9	30	30	2.0	0	0	4/4	5	1	1/2	1/2	1		1	67	G4	4	161
9	9	30	30	2.0	0	0	4/4	7	1	1/2	1/2	1		1	67	G4	4	169
9	9	32	32	2.0	1/2	1/2	4/4	4	1	1/2	1/2	1		4	52	E3	3	160
9	9	32	32	2.0	1/2	1/2	4/4	6	1	1/2	1/2	1		4	52	E3	3	168
9	9	32	32	2.0	1/2	1/2	4/4	8	1	1/2	1/2	1		4	52	E3	3	172
9	9	32	32	2.0	1/2	1/2	4/4	3	1	1/2	1/2	1		-2	58	Bb3	3	158
9	9	32	32	2.0	1/2	1/2	4/4	5	2	1/2	1/2	1		-2	58	Bb3	3	164
9	9	32	32	2.0	1/2	1/2	4/4	2	1	1/2	1/2	1		1	67	G4	4	156
9	9	32	32	2.0	1/2	1/2	4/4	5	3	1/2	1/2	1		1	67	G4	4	166
9	9	32	32	2.0	1/2	1/2	4/4	1	1	1/2	1/2	1		0	72	C5	5	154
9	9	32	32	2.0	1/2	1/2	4/4	5	1	1/2	1/2	1		0	72	C5	5	162
9	9	32	32	2.0	1/2	1/2	4/4	7	1	1/2	1/2	1		0	72	C5	5	170
10	10	34	34	2.0	0	0	4/4	4	1	1/2	1/2	1		-1	53	F3	3	179
10	10	34	34	2.0	0	0	4/4	6	1	1/2	1/2	1		-1	53	F3	3	187
10	10	34	34	2.0	0	0	4/4	8	1	1/2	1/2	1		-1	53	F3	3	191
10	10	34	34	2.0	0	0	4/4	3	1	1/2	1/2	1		3	57	A3	3	177
10	10	34	34	2.0	0	0	4/4	5	2	1/2	1/2	1		3	57	A3	3	183
10	10	34	34	2.0	0	0	4/4	2	1	1/2	1/2	1		3	69	A4	4	175
10	10	34	34	2.0	0	0	4/4	5	3	1/2	1/2	1		3	69	A4	4	185
10	10	34	34	2.0	0	0	4/4	1	1	1/2	1/2	1		0	72	C5	5	173
10	10	34	34	2.0	0	0	4/4	5	1	1/2	1/2	1		0	72	C5	5	181
10	10	34	34	2.0	0	0	4/4	7	1	1/2	1/2	1		0	72	C5	5	189
10	10	36	36	2.0	1/2	1/2	4/4	4	1	1/2	1/2	1		6	54	F#3	3	180
10	10	36	36	2.0	1/2	1/2	4/4	6	1	1/2	1/2	1		6	54	F#3	3	188
10	10	36	36	2.0	1/2	1/2	4/4	8	1	1/2	1/2	1		6	54	F#3	3	192
10	10	36	36	2.0	1/2	1/2	4/4	3	1	1/2	1/2	1	1	2	62	D4	4	178
10	10	36	36	2.0	1/2	1/2	4/4	5	2	1/2	1/2	1	1	2	62	D4	4	184
10	10	36	36	2.0	1/2	1/2	4/4	2	1	1/2	1/2	1		3	69	A4	4	176
10	10	36	36	2.0	1/2	1/2	4/4	5	3	1/2	1/2	1		3	69	A4	4	186
10	10	36	36	2.0	1/2	1/2	4/4	1	1	1/2	1/2	1		0	72	C5	5	174
10	10	36	36	2.0	1/2	1/2	4/4	5	1	1/2	1/2	1		0	72	C5	5	182
10	10	36	36	2.0	1/2	1/2	4/4	7	1	1/2	1/2	1		0	72	C5	5	190
11	11	38	38	2.0	0	0	4/4	4	1	1/2	1/2	1		8	56	G#3	3	199
11	11	38	38	2.0	0	0	4/4	6	1	1/2	1/2	1		8	56	G#3	3	206
11	11	38	38	2.0	0	0	4/4	8	1	1/2	1/2	1		8	56	G#3	3	210
11	11	38	38	2.0	0	0	4/4	3	1	1/2	1/2	1	-1	2	62	D4	4	197
11	11	38	38	2.0	0	0	4/4	5	2	1/2	1/2	1	-1	2	62	D4	4	203
11	11	38	38	2.0	0	0	4/4	2	1	1/2	1/2	1		4	64	E4	4	195
11	11	38	38	4.0	0	0	4/4	5	3	1	1	1		4	64	E4	4	205
11	11	38	38	2.0	0	0	4/4	1	1	1/2	1/2	1		5	71	B4	4	193
11	11	38	38	2.0	0	0	4/4	5	1	1/2	1/2	1		5	71	B4	4	201
11	11	38	38	2.0	0	0	4/4	7	1	1/2	1/2	1		5	71	B4	4	208
11	11	40	40	2.0	1/2	1/2	4/4	4	1	1/2	1/2	1		3	57	A3	3	200
11	11	40	40	2.0	1/2	1/2	4/4	6	1	1/2	1/2	1		3	57	A3	3	207
11	11	40	40	2.0	1/2	1/2	4/4	8	1	1/2	1/2	1		3	57	A3	3	211
11	11	40	40	2.0	1/2	1/2	4/4	3	1	1/2	1/2	1		0	60	C4	4	198
11	11	40	40	2.0	1/2	1/2	4/4	5	2	1/2	1/2	1		0	60	C4	4	204
11	11	40	40	2.0	1/2	1/2	4/4	2	1	1/2	1/2	1		4	64	E4	4	196
11	11	40	40	2.0	1/2	1/2	4/4	1	1	1/2	1/2	1		3	69	A4	4	194
11	11	40	40	2.0	1/2	1/2	4/4	5	1	1/2	1/2	1		3	69	A4	4	202
11	11	40	40	2.0	1/2	1/2	4/4	7	1	1/2	1/2	1		3	69	A4	4	209
12	12	42	42	2.0	0	0	4/4	4	1	1/2	1/2	1		2	50	D3	3	219
12	12	42	42	2.0	0	0	4/4	6	1	1/2	1/2	1		2	50	D3	3	229
12	12	42	42	2.0	0	0	4/4	8	1	1/2	1/2	1		2	50	D3	3	233
12	12	42	42	2.0	0	0	4/4	3	1	1/2	1/2	1		2	62	D4	4	217
12	12	42	42	2.0	0	0	4/4	5	2	1/2	1/2	1		2	62	D4	4	223
12	12	42	42	2.0	0	0	4/4	2	1	1/2	1/2	1		-1	65	F4	4	214
12	12	42	42	2.0	0	0	4/4	5	3	1/2	1/2	1		-1	65	F4	4	226
12	12	42	42	2.0	0	0	4/4	1	1	1/2	1/2	1		5	71	B4	4	212
12	12	42	42	2.0	0	0	4/4	5	1	1/2	1/2	1		5	71	B4	4	221
12	12	42	42	2.0	0	0	4/4	7	1	1/2	1/2	1		5	71	B4	4	231
12	12	44	44	2.0	1/2	1/2	4/4	4	1	1/2	1/2	1		7	49	C#3	3	220
12	12	44	44	2.0	1/2	1/2	4/4	6	1	1/2	1/2	1		7	49	C#3	3	230
12	12	44	44	2.0	1/2	1/2	4/4	8	1	1/2	1/2	1		7	49	C#3	3	234
12	12	44	44	1.0	1/2	1/2	4/4	5	2	1/4	1/4	1		3	57	A3	3	224
12	12	44	44	1.0	1/2	1/2	4/4	2	1	1/4	1/4	1		4	64	E4	4	215
12	12	44	44	1.0	1/2	1/2	4/4	5	3	1/4	1/4	1		4	64	E4	4	227
12	12	44	44	2.0	1/2	1/2	4/4	3	1	1/2	1/2	1		4	64	E4	4	218
12	12	44	44	2.0	1/2	1/2	4/4	1	1	1/2	1/2	1		3	69	A4	4	213
12	12	44	44	2.0	1/2	1/2	4/4	5	1	1/2	1/2	1		3	69	A4	4	222
12	12	44	44	2.0	1/2	1/2	4/4	7	1	1/2	1/2	1		3	69	A4	4	232
12	12	45	45	1.0	3/4	3/4	4/4	5	2	1/4	1/4	1		4	64	E4	4	225
12	12	45	45	1.0	3/4	3/4	4/4	2	1	1/4	1/4	1	1	1	67	G4	4	216
12	12	45	45	1.0	3/4	3/4	4/4	5	3	1/4	1/4	1	1	1	67	G4	4	228
13	13	46	46	2.0	0	0	4/4	4	1	1/2	1/2	1		2	50	D3	3	242
13	13	46	46	2.0	0	0	4/4	6	1	1/2	1/2	1		2	50	D3	3	251
13	13	46	46	2.0	0	0	4/4	8	1	1/2	1/2	1		2	50	D3	3	255
13	13	46	46	2.0	0	0	4/4	3	1	1/2	1/2	1		2	62	D4	4	240
13	13	46	46	2.0	0	0	4/4	5	2	1/2	1/2	1		2	62	D4	4	246
13	13	46	46	1.0	0	0	4/4	2	1	1/4	1/4	1	-1	1	67	G4	4	237
13	13	46	46	1.0	0	0	4/4	5	3	1/4	1/4	1	-1	1	67	G4	4	248
13	13	46	46	2.0	0	0	4/4	1	1	1/2	1/2	1		3	69	A4	4	235
13	13	46	46	2.0	0	0	4/4	5	1	1/2	1/2	1		3	69	A4	4	244
13	13	46	46	2.0	0	0	4/4	7	1	1/2	1/2	1		3	69	A4	4	253
13	13	47	47	1.0	1/4	1/4	4/4	2	1	1/4	1/4	1		-1	65	F4	4	238
13	13	47	47	1.0	1/4	1/4	4/4	5	3	1/4	1/4	1		-1	65	F4	4	249
13	13	48	48	2.0	1/2	1/2	4/4	4	1	1/2	1/2	1		3	57	A3	3	243
13	13	48	48	2.0	1/2	1/2	4/4	6	1	1/2	1/2	1		3	57	A3	3	252
13	13	48	48	2.0	1/2	1/2	4/4	8	1	1/2	1/2	1		3	57	A3	3	256
13	13	48	48	2.0	1/2	1/2	4/4	3	1	1/2	1/2	1		0	60	C4	4	241
13	13	48	48	2.0	1/2	1/2	4/4	5	2	1/2	1/2	1		0	60	C4	4	247
13	13	48	48	2.0	1/2	1/2	4/4	2	1	1/2	1/2	1		4	64	E4	4	239
13	13	48	48	2.0	1/2	1/2	4/4	5	3	1/2	1/2	1		4	64	E4	4	250
13	13	48	48	2.0	1/2	1/2	4/4	1	1	1/2	1/2	1		3	69	A4	4	236
13	13	48	48	2.0	1/2	1/2	4/4	5	1	1/2	1/2	1		3	69	A4	4	245
13	13	48	48	2.0	1/2	1/2	4/4	7	1	1/2	1/2	1		3	69	A4	4	254
14	14	50	50	2.0	0	0	4/4	4	1	1/2	1/2	1		-1	53	F3	3	264
14	14	50	50	2.0	0	0	4/4	6	1	1/2	1/2	1		-1	53	F3	3	271
14	14	50	50	2.0	0	0	4/4	8	1	1/2	1/2	1		-1	53	F3	3	275
14	14	50	50	2.0	0	0	4/4	3	1	1/2	1/2	1		0	60	C4	4	262
14	14	50	50	4.0	0	0	4/4	5	2	1	1	1		0	60	C4	4	268
14	14	50	50	2.0	0	0	4/4	2	1	1/2	1/2	1	1	-1	65	F4	4	259
14	14	50	50	3.0	0	0	4/4	5	3	3/4	1/2	3/2		-1	65	F4	4	269
14	14	50	50	2.0	0	0	4/4	1	1	1/2	1/2	1		3	69	A4	4	257
14	14	50	50	2.0	0	0	4/4	5	1	1/2	1/2	1		3	69	A4	4	266
14	14	50	50	2.0	0	0	4/4	7	1	1/2	1/2	1		3	69	A4	4	273
14	14	52	52	2.0	1/2	1/2	4/4	4	1	1/2	1/2	1	1	0	48	C3	3	265
14	14	52	52	2.0	1/2	1/2	4/4	6	1	1/2	1/2	1	1	0	48	C3	3	272
14	14	52	52	2.0	1/2	1/2	4/4	8	1	1/2	1/2	1	1	0	48	C3	3	276
14	14	52	52	2.0	1/2	1/2	4/4	3	1	1/2	1/2	1		0	60	C4	4	263
14	14	52	52	1.0	1/2	1/2	4/4	2	1	1/4	1/4	1	-1	-1	65	F4	4	260
14	14	52	52	2.0	1/2	1/2	4/4	1	1	1/2	1/2	1		1	67	G4	4	258
14	14	52	52	2.0	1/2	1/2	4/4	5	1	1/2	1/2	1		1	67	G4	4	267
14	14	52	52	2.0	1/2	1/2	4/4	7	1	1/2	1/2	1		1	67	G4	4	274
14	14	53	53	1.0	3/4	3/4	4/4	2	1	1/4	1/4	1		4	64	E4	4	261
14	14	53	53	1.0	3/4	3/4	4/4	5	3	1/4	1/4	1		4	64	E4	4	270
15	15	54	54	2.0	0	0	4/4	4	1	1/2	1/2	1	-1	0	48	C3	3	284
15	15	54	54	2.0	0	0	4/4	6	1	1/2	1/2	1	-1	0	48	C3	3	294
15	15	54	54	2.0	0	0	4/4	8	1	1/2	1/2	1	-1	0	48	C3	3	298
15	15	54	54	1.0	0	0	4/4	3	1	1/4	1/4	1		3	57	A3	3	281
15	15	54	54	2.0	0	0	4/4	5	2	1/2	1/2	1		3	57	A3	3	288
15	15	54	54	2.0	0	0	4/4	5	4	1/2	1/2	1		2	62	D4	4	292
15	15	54	54	2.0	0	0	4/4	2	1	1/2	1/2	1		6	66	F#4	4	279
15	15	54	54	2.0	0	0	4/4	5	3	1/2	1/2	1		6	66	F#4	4	290
15	15	54	54	2.0	0	0	4/4	1	1	1/2	1/2	1		3	69	A4	4	277
15	15	54	54	2.0	0	0	4/4	5	1	1/2	1/2	1		3	69	A4	4	286
15	15	54	54	2.0	0	0	4/4	7	1	1/2	1/2	1		3	69	A4	4	296
15	15	55	55	1.0	1/4	1/4	4/4	3	1	1/4	1/4	1		2	62	D4	4	282
15	15	56	56	2.0	1/2	1/2	4/4	4	1	1/2	1/2	1		5	47	B2	2	285
15	15	56	56	2.0	1/2	1/2	4/4	6	1	1/2	1/2	1		5	47	B2	2	295
15	15	56	56	2.0	1/2	1/2	4/4	8	1	1/2	1/2	1		5	47	B2	2	299
15	15	56	56	2.0	1/2	1/2	4/4	5	2	1/2	1/2	1	1	1	55	G3	3	289
15	15	56	56	2.0	1/2	1/2	4/4	3	1	1/2	1/2	1		2	62	D4	4	283
15	15	56	56	2.0	1/2	1/2	4/4	5	4	1/2	1/2	1		2	62	D4	4	293
15	15	56	56	2.0	1/2	1/2	4/4	2	1	1/2	1/2	1	1	1	67	G4	4	280
15	15	56	56	2.0	1/2	1/2	4/4	5	3	1/2	1/2	1		1	67	G4	4	291
15	15	56	56	2.0	1/2	1/2	4/4	1	1	1/2	1/2	1		5	71	B4	4	278
15	15	56	56	2.0	1/2	1/2	4/4	5	1	1/2	1/2	1		5	71	B4	4	287
15	15	56	56	2.0	1/2	1/2	4/4	7	1	1/2	1/2	1		5	71	B4	4	297
16	16	58	58	2.0	0	0	4/4	4	1	1/2	1/2	1		3	45	A2	2	306
16	16	58	58	2.0	0	0	4/4	6	1	1/2	1/2	1		3	45	A2	2	314
16	16	58	58	2.0	0	0	4/4	8	1	1/2	1/2	1		3	45	A2	2	318
16	16	58	58	2.0	0	0	4/4	5	2	1/2	1/2	1	-1	1	55	G3	3	310
16	16	58	58	2.0	0	0	4/4	3	1	1/2	1/2	1		0	60	C4	4	304
16	16	58	58	2.0	0	0	4/4	5	3	1/2	1/2	1		4	64	E4	4	312
16	16	58	58	2.0	0	0	4/4	2	1	1/2	1/2	1	-1	1	67	G4	4	302
16	16	58	58	2.0	0	0	4/4	1	1	1/2	1/2	1		0	72	C5	5	300
16	16	58	58	2.0	0	0	4/4	5	1	1/2	1/2	1		0	72	C5	5	308
16	16	58	58	2.0	0	0	4/4	7	1	1/2	1/2	1		0	72	C5	5	316
16	16	60	60	2.0	1/2	1/2	4/4	4	1	1/2	1/2	1		2	50	D3	3	307
16	16	60	60	2.0	1/2	1/2	4/4	6	1	1/2	1/2	1		2	50	D3	3	315
16	16	60	60	2.0	1/2	1/2	4/4	8	1	1/2	1/2	1		2	50	D3	3	319
16	16	60	60	2.0	1/2	1/2	4/4	5	2	1/2	1/2	1		6	54	F#3	3	311
16	16	60	60	2.0	1/2	1/2	4/4	3	1	1/2	1/2	1		2	62	D4	4	305
16	16	60	60	2.0	1/2	1/2	4/4	5	3	1/2	1/2	1		2	62	D4	4	313
16	16	60	60	2.0	1/2	1/2	4/4	2	1	1/2	1/2	1		6	66	F#4	4	303
16	16	60	60	2.0	1/2	1/2	4/4	1	1	1/2	1/2	1		3	69	A4	4	301
16	16	60	60	2.0	1/2	1/2	4/4	5	1	1/2	1/2	1		3	69	A4	4	309
16	16	60	60	2.0	1/2	1/2	4/4	7	1	1/2	1/2	1		3	69	A4	4	317
17	17	62	62	2.0	0	0	4/4	4	1	1/2	1/2	1		1	43	G2	2	326
17	17	62	62	2.0	0	0	4/4	6	1	1/2	1/2	1		1	43	G2	2	335
17	17	62	62	2.0	0	0	4/4	8	1	1/2	1/2	1		1	43	G2	2	339
17	17	62	62	2.0	0	0	4/4	5	2	1/2	1/2	1		1	55	G3	3	330
17	17	62	62	2.0	0	0	4/4	3	1	1/2	1/2	1		5	59	B3	3	324
17	17	62	62	2.0	0	0	4/4	5	4	1/2	1/2	1		5	59	B3	3	334
17	17	62	62	2.0	0	0	4/4	5	3	1/2	1/2	1		2	62	D4	4	332
17	17	62	62	2.0	0	0	4/4	1	1	1/2	1/2	1		1	67	G4	4	320
17	17	62	62	2.0	0	0	4/4	2	1	1/2	1/2	1		1	67	G4	4	322
17	17	62	62	2.0	0	0	4/4	5	1	1/2	1/2	1		1	67	G4	4	328
17	17	62	62	2.0	0	0	4/4	7	1	1/2	1/2	1		1	67	G4	4	337
17	17	64	64	2.0	1/2	1/2	4/4	4	1	1/2	1/2	1		3	45	A2	2	327
17	17	64	64	2.0	1/2	1/2	4/4	6	1	1/2	1/2	1		3	45	A2	2	336
17	17	64	64	2.0	1/2	1/2	4/4	8	1	1/2	1/2	1		3	45	A2	2	340
17	17	64	64	2.0	1/2	1/2	4/4	3	1	1/2	1/2	1		3	57	A3	3	325
17	17	64	64	2.0	1/2	1/2	4/4	2	1	1/2	1/2	1		4	64	E4	4	323
17	17	64	64	2.0	1/2	1/2	4/4	5	2	1/2	1/2	1		4	64	E4	4	331
17	17	64	64	2.0	1/2	1/2	4/4	5	3	1/2	1/2	1		3	69	A4	4	333
17	17	64	64	2.0	1/2	1/2	4/4	1	1	1/2	1/2	1		0	72	C5	5	321
17	17	64	64	2.0	1/2	1/2	4/4	5	1	1/2	1/2	1		0	72	C5	5	329
17	17	64	64	2.0	1/2	1/2	4/4	7	1	1/2	1/2	1		0	72	C5	5	338
18	18	66	66	2.0	0	0	4/4	4	1	1/2	1/2	1		0	48	C3	3	347
18	18	66	66	2.0	0	0	4/4	6	1	1/2	1/2	1		0	48	C3	3	355
18	18	66	66	2.0	0	0	4/4	8	1	1/2	1/2	1		0	48	C3	3	359
18	18	66	66	2.0	0	0	4/4	3	1	1/2	1/2	1		3	57	A3	3	345
18	18	66	66	2.0	0	0	4/4	2	1	1/2	1/2	1		4	64	E4	4	343
18	18	66	66	2.0	0	0	4/4	5	2	1/2	1/2	1		4	64	E4	4	351
18	18	66	66	2.0	0	0	4/4	5	3	1/2	1/2	1		3	69	A4	4	353
18	18	66	66	2.0	0	0	4/4	1	1	1/2	1/2	1		0	72	C5	5	341
18	18	66	66	2.0	0	0	4/4	5	1	1/2	1/2	1		0	72	C5	5	349
18	18	66	66	2.0	0	0	4/4	7	1	1/2	1/2	1		0	72	C5	5	357
18	18	68	68	2.0	1/2	1/2	4/4	4	1	1/2	1/2	1		2	50	D3	3	348
18	18	68	68	2.0	1/2	1/2	4/4	6	1	1/2	1/2	1		2	50	D3	3	356
18	18	68	68	2.0	1/2	1/2	4/4	8	1	1/2	1/2	1		2	50	D3	3	360
18	18	68	68	2.0	1/2	1/2	4/4	3	1	1/2	1/2	1	1	2	62	D4	4	346
18	18	68	68	2.0	1/2	1/2	4/4	5	2	1/2	1/2	1	1	2	62	D4	4	352
18	18	68	68	2.0	1/2	1/2	4/4	2	1	1/2	1/2	1		6	66	F#4	4	344
18	18	68	68	2.0	1/2	1/2	4/4	5	3	1/2	1/2	1		6	66	F#4	4	354
18	18	68	68	2.0	1/2	1/2	4/4	1	1	1/2	1/2	1		0	72	C5	5	342
18	18	68	68	2.0	1/2	1/2	4/4	5	1	1/2	1/2	1		0	72	C5	5	350
18	18	68	68	2.0	1/2	1/2	4/4	7	1	1/2	1/2	1		0	72	C5	5	358
19	19	70	70	2.0	0	0	4/4	4	1	1/2	1/2	1		4	52	E3	3	367
19	19	70	70	2.0	0	0	4/4	6	1	1/2	1/2	1		4	52	E3	3	375
19	19	70	70	2.0	0	0	4/4	8	1	1/2	1/2	1		4	52	E3	3	379
19	19	70	70	2.0	0	0	4/4	3	1	1/2	1/2	1	-1	2	62	D4	4	365
19	19	70	70	2.0	0	0	4/4	5	2	1/2	1/2	1	-1	2	62	D4	4	371
19	19	70	70	2.0	0	0	4/4	2	1	1/2	1/2	1		8	68	G#4	4	363
19	19	70	70	2.0	0	0	4/4	5	3	1/2	1/2	1		8	68	G#4	4	373
19	19	70	70	2.0	0	0	4/4	1	1	1/2	1/2	1		5	71	B4	4	361
19	19	70	70	2.0	0	0	4/4	5	1	1/2	1/2	1		5	71	B4	4	369
19	19	70	70	2.0	0	0	4/4	7	1	1/2	1/2	1		5	71	B4	4	377
19	19	72	72	2.0	1/2	1/2	4/4	4	1	1/2	1/2	1		-1	53	F3	3	368
19	19	72	72	2.0	1/2	1/2	4/4	6	1	1/2	1/2	1		-1	53	F3	3	376
19	19	72	72	2.0	1/2	1/2	4/4	8	1	1/2	1/2	1		-1	53	F3	3	380
19	19	72	72	2.0	1/2	1/2	4/4	3	1	1/2	1/2	1		0	60	C4	4	366
19	19	72	72	2.0	1/2	1/2	4/4	5	2	1/2	1/2	1		0	60	C4	4	372
19	19	72	72	2.0	1/2	1/2	4/4	1	1	1/2	1/2	1		3	69	A4	4	362
19	19	72	72	2.0	1/2	1/2	4/4	2	1	1/2	1/2	1		3	69	A4	4	364
19	19	72	72	2.0	1/2	1/2	4/4	5	1	1/2	1/2	1		3	69	A4	4	370
19	19	72	72	2.0	1/2	1/2	4/4	5	3	1/2	1/2	1		3	69	A4	4	374
19	19	72	72	2.0	1/2	1/2	4/4	7	1	1/2	1/2	1		3	69	A4	4	378
20	20	74	74	2.0	0	0	4/4	4	1	1/2	1/2	1		8	44	G#2	2	388
20	20	74	74	2.0	0	0	4/4	6	1	1/2	1/2	1		8	44	G#2	2	397
20	20	74	74	2.0	0	0	4/4	8	1	1/2	1/2	1		8	44	G#2	2	401
20	20	74	74	2.0	0	0	4/4	3	1	1/2	1/2	1		2	62	D4	4	386
20	20	74	74	2.0	0	0	4/4	5	2	1/2	1/2	1		2	62	D4	4	392
20	20	74	74	2.0	0	0	4/4	2	1	1/2	1/2	1		-1	65	F4	4	383
20	20	74	74	2.0	0	0	4/4	5	3	1/2	1/2	1		-1	65	F4	4	394
20	20	74	74	2.0	0	0	4/4	1	1	1/2	1/2	1		5	71	B4	4	381
20	20	74	74	2.0	0	0	4/4	5	1	1/2	1/2	1		5	71	B4	4	390
20	20	74	74	2.0	0	0	4/4	7	1	1/2	1/2	1		5	71	B4	4	399
20	20	76	76	2.0	1/2	1/2	4/4	4	1	1/2	1/2	1		3	45	A2	2	389
20	20	76	76	2.0	1/2	1/2	4/4	6	1	1/2	1/2	1		3	45	A2	2	398
20	20	76	76	2.0	1/2	1/2	4/4	8	1	1/2	1/2	1		3	45	A2	2	402
20	20	76	76	2.0	1/2	1/2	4/4	3	1	1/2	1/2	1		7	61	C#4	4	387
20	20	76	76	2.0	1/2	1/2	4/4	5	2	1/2	1/2	1		7	61	C#4	4	393
20	20	76	76	1.0	1/2	1/2	4/4	2	1	1/4	1/4	1		4	64	E4	4	384
20	20	76	76	1.0	1/2	1/2	4/4	5	3	1/4	1/4	1		4	64	E4	4	395
20	20	76	76	2.0	1/2	1/2	4/4	1	1	1/2	1/2	1		3	69	A4	4	382
20	20	76	76	2.0	1/2	1/2	4/4	5	1	1/2	1/2	1		3	69	A4	4	391
20	20	76	76	2.0	1/2	1/2	4/4	7	1	1/2	1/2	1		3	69	A4	4	400
20	20	77	77	1.0	3/4	3/4	4/4	2	1	1/4	1/4	1		1	67	G4	4	385
20	20	77	77	1.0	3/4	3/4	4/4	5	3	1/4	1/4	1		1	67	G4	4	396
21	21	78	78	2.0	0	0	4/4	4	1	1/2	1/2	1		2	50	D3	3	410
21	21	78	78	2.0	0	0	4/4	6	1	1/2	1/2	1		2	50	D3	3	419
21	21	78	78	2.0	0	0	4/4	8	1	1/2	1/2	1		2	50	D3	3	423
21	21	78	78	2.0	0	0	4/4	3	1	1/2	1/2	1		2	62	D4	4	408
21	21	78	78	2.0	0	0	4/4	5	2	1/2	1/2	1		2	62	D4	4	414
21	21	78	78	2.0	0	0	4/4	2	1	1/2	1/2	1		-1	65	F4	4	405
21	21	78	78	2.0	0	0	4/4	5	3	1/2	1/2	1		-1	65	F4	4	416
21	21	78	78	2.0	0	0	4/4	1	1	1/2	1/2	1		3	69	A4	4	403
21	21	78	78	2.0	0	0	4/4	5	1	1/2	1/2	1		3	69	A4	4	412
21	21	78	78	2.0	0	0	4/4	7	1	1/2	1/2	1		3	69	A4	4	421
21	21	80	80	2.0	1/2	1/2	4/4	4	1	1/2	1/2	1	1	-1	53	F3	3	411
21	21	80	80	2.0	1/2	1/2	4/4	6	1	1/2	1/2	1	1	-1	53	F3	3	420
21	21	80	80	2.0	1/2	1/2	4/4	8	1	1/2	1/2	1	1	-1	53	F3	3	424
21	21	80	80	2.0	1/2	1/2	4/4	3	1	1/2	1/2	1		0	60	C4	4	409
21	21	80	80	2.0	1/2	1/2	4/4	5	2	1/2	1/2	1		0	60	C4	4	415
21	21	80	80	1.0	1/2	1/2	4/4	2	1	1/4	1/4	1		-1	65	F4	4	406
21	21	80	80	1.0	1/2	1/2	4/4	5	3	1/4	1/4	1		-1	65	F4	4	417
21	21	80	80	2.0	1/2	1/2	4/4	1	1	1/2	1/2	1		3	69	A4	4	404
21	21	80	80	2.0	1/2	1/2	4/4	5	1	1/2	1/2	1		3	69	A4	4	413
21	21	80	80	2.0	1/2	1/2	4/4	7	1	1/2	1/2	1		3	69	A4	4	422
21	21	81	81	1.0	3/4	3/4	4/4	2	1	1/4	1/4	1		4	64	E4	4	407
21	21	81	81	1.0	3/4	3/4	4/4	5	3	1/4	1/4	1		4	64	E4	4	418
22	22	82	82	2.0	0	0	4/4	4	1	1/2	1/2	1	-1	-1	53	F3	3	431
22	22	82	82	2.0	0	0	4/4	6	1	1/2	1/2	1	-1	-1	53	F3	3	439
22	22	82	82	2.0	0	0	4/4	8	1	1/2	1/2	1	-1	-1	53	F3	3	443
22	22	82	82	2.0	0	0	4/4	3	1	1/2	1/2	1		5	59	B3	3	429
22	22	82	82	2.0	0	0	4/4	5	2	1/2	1/2	1		5	59	B3	3	435
22	22	82	82	2.0	0	0	4/4	2	1	1/2	1/2	1		2	62	D4	4	427
22	22	82	82	2.0	0	0	4/4	5	3	1/2	1/2	1		2	62	D4	4	437
22	22	82	82	2.0	0	0	4/4	1	1	1/2	1/2	1		3	69	A4	4	425
22	22	82	82	2.0	0	0	4/4	5	1	1/2	1/2	1		3	69	A4	4	433
22	22	82	82	2.0	0	0	4/4	7	1	1/2	1/2	1		3	69	A4	4	441
22	22	84	84	2.0	1/2	1/2	4/4	4	1	1/2	1/2	1	1	4	52	E3	3	432
22	22	84	84	2.0	1/2	1/2	4/4	6	1	1/2	1/2	1	1	4	52	E3	3	440
22	22	84	84	2.0	1/2	1/2	4/4	8	1	1/2	1/2	1	1	4	52	E3	3	444
22	22	84	84	2.0	1/2	1/2	4/4	3	1	1/2	1/2	1		0	60	C4	4	430
22	22	84	84	2.0	1/2	1/2	4/4	5	2	1/2	1/2	1		0	60	C4	4	436
22	22	84	84	2.0	1/2	1/2	4/4	2	1	1/2	1/2	1		4	64	E4	4	428
22	22	84	84	2.0	1/2	1/2	4/4	5	3	1/2	1/2	1		4	64	E4	4	438
22	22	84	84	2.0	1/2	1/2	4/4	1	1	1/2	1/2	1		1	67	G4	4	426
22	22	84	84	2.0	1/2	1/2	4/4	5	1	1/2	1/2	1		1	67	G4	4	434
22	22	84	84	2.0	1/2	1/2	4/4	7	1	1/2	1/2	1		1	67	G4	4	442
23	23	86	86	2.0	0	0	4/4	4	1	1/2	1/2	1	-1	4	52	E3	3	451
23	23	86	86	2.0	0	0	4/4	6	1	1/2	1/2	1	-1	4	52	E3	3	459
23	23	86	86	2.0	0	0	4/4	8	1	1/2	1/2	1	-1	4	52	E3	3	463
23	23	86	86	2.0	0	0	4/4	3	1	1/2	1/2	1		0	60	C4	4	449
23	23	86	86	2.0	0	0	4/4	5	2	1/2	1/2	1		0	60	C4	4	455
23	23	86	86	2.0	0	0	4/4	2	1	1/2	1/2	1		-1	65	F4	4	447
23	23	86	86	2.0	0	0	4/4	5	3	1/2	1/2	1		-1	65	F4	4	457
23	23	86	86	2.0	0	0	4/4	1	1	1/2	1/2	1		3	69	A4	4	445
23	23	86	86	2.0	0	0	4/4	5	1	1/2	1/2	1		3	69	A4	4	453
23	23	86	86	2.0	0	0	4/4	7	1	1/2	1/2	1		3	69	A4	4	461
23	23	88	88	2.0	1/2	1/2	4/4	4	1	1/2	1/2	1		2	50	D3	3	452
23	23	88	88	2.0	1/2	1/2	4/4	6	1	1/2	1/2	1		2	50	D3	3	460
23	23	88	88	2.0	1/2	1/2	4/4	8	1	1/2	1/2	1		2	50	D3	3	464
23	23	88	88	2.0	1/2	1/2	4/4	3	1	1/2	1/2	1		2	62	D4	4	450
23	23	88	88	2.0	1/2	1/2	4/4	5	2	1/2	1/2	1		2	62	D4	4	456
23	23	88	88	2.0	1/2	1/2	4/4	2	1	1/2	1/2	1		-1	65	F4	4	448
23	23	88	88	2.0	1/2	1/2	4/4	5	3	1/2	1/2	1		-1	65	F4	4	458
23	23	88	88	2.0	1/2	1/2	4/4	1	1	1/2	1/2	1		5	71	B4	4	446
23	23	88	88	2.0	1/2	1/2	4/4	5	1	1/2	1/2	1		5	71	B4	4	454
23	23	88	88	2.0	1/2	1/2	4/4	7	1	1/2	1/2	1		5	71	B4	4	462
24	24	90	90	2.0	0	0	4/4	4	1	1/2	1/2	1		0	48	C3	3	472
24	24	90	90	2.0	0	0	4/4	6	1	1/2	1/2	1		0	48	C3	3	481
24	24	90	90	2.0	0	0	4/4	8	1	1/2	1/2	1		0	48	C3	3	485
24	24	90	90	2.0	0	0	4/4	3	1	1/2	1/2	1		4	64	E4	4	469
24	24	90	90	2.0	0	0	4/4	5	2	1/2	1/2	1		4	64	E4	4	476
24	24	90	90	2.0	0	0	4/4	2	1	1/2	1/2	1		1	67	G4	4	467
24	24	90	90	2.0	0	0	4/4	5	3	1/2	1/2	1		1	67	G4	4	479
24	24	90	90	2.0	0	0	4/4	1	1	1/2	1/2	1		0	72	C5	5	465
24	24	90	90	2.0	0	0	4/4	5	1	1/2	1/2	1		0	72	C5	5	474
24	24	90	90	2.0	0	0	4/4	7	1	1/2	1/2	1		0	72	C5	5	483
24	24	92	92	2.0	1/2	1/2	4/4	4	1	1/2	1/2	1		2	50	D3	3	473
24	24	92	92	2.0	1/2	1/2	4/4	6	1	1/2	1/2	1		2	50	D3	3	482
24	24	92	92	2.0	1/2	1/2	4/4	8	1	1/2	1/2	1		2	50	D3	3	486
24	24	92	92	1.0	1/2	1/2	4/4	3	1	1/4	1/4	1		2	62	D4	4	470
24	24	92	92	1.0	1/2	1/2	4/4	5	2	1/4	1/4	1		2	62	D4	4	477
24	24	92	92	2.0	1/2	1/2	4/4	2	1	1/2	1/2	1		6	66	F#4	4	468
24	24	92	92	2.0	1/2	1/2	4/4	5	3	1/2	1/2	1		6	66	F#4	4	480
24	24	92	92	2.0	1/2	1/2	4/4	1	1	1/2	1/2	1		3	69	A4	4	466
24	24	92	92	2.0	1/2	1/2	4/4	5	1	1/2	1/2	1		3	69	A4	4	475
24	24	92	92	2.0	1/2	1/2	4/4	7	1	1/2	1/2	1		3	69	A4	4	484
24	24	93	93	1.0	3/4	3/4	4/4	3	1	1/4	1/4	1		0	60	C4	4	471
24	24	93	93	1.0	3/4	3/4	4/4	5	2	1/4	1/4	1		0	60	C4	4	478
25	25	94	94	2.0	0	0	4/4	4	1	1/2	1/2	1		1	43	G2	2	493
25	25	94	94	2.0	0	0	4/4	6	1	1/2	1/2	1		1	43	G2	2	501
25	25	94	94	2.0	0	0	4/4	8	1	1/2	1/2	1		1	43	G2	2	505
25	25	94	94	2.0	0	0	4/4	3	1	1/2	1/2	1		5	59	B3	3	491
25	25	94	94	2.0	0	0	4/4	5	2	1/2	1/2	1		5	59	B3	3	497
25	25	94	94	2.0	0	0	4/4	5	3	1/2	1/2	1		2	62	D4	4	499
25	25	94	94	2.0	0	0	4/4	1	1	1/2	1/2	1		1	67	G4	4	487
25	25	94	94	2.0	0	0	4/4	2	1	1/2	1/2	1		1	67	G4	4	489
25	25	94	94	2.0	0	0	4/4	5	1	1/2	1/2	1		1	67	G4	4	495
25	25	94	94	2.0	0	0	4/4	7	1	1/2	1/2	1		1	67	G4	4	503
25	25	96	96	2.0	1/2	1/2	4/4	4	1	1/2	1/2	1		4	52	E3	3	494
25	25	96	96	2.0	1/2	1/2	4/4	6	1	1/2	1/2	1		4	52	E3	3	502
25	25	96	96	2.0	1/2	1/2	4/4	8	1	1/2	1/2	1		4	52	E3	3	506
25	25	96	96	2.0	1/2	1/2	4/4	3	1	1/2	1/2	1		0	60	C4	4	492
25	25	96	96	2.0	1/2	1/2	4/4	5	2	1/2	1/2	1		0	60	C4	4	498
25	25	96	96	2.0	1/2	1/2	4/4	2	1	1/2	1/2	1		1	67	G4	4	490
25	25	96	96	2.0	1/2	1/2	4/4	5	3	1/2	1/2	1		1	67	G4	4	500
25	25	96	96	2.0	1/2	1/2	4/4	1	1	1/2	1/2	1		0	72	C5	5	488
25	25	96	96	2.0	1/2	1/2	4/4	5	1	1/2	1/2	1		0	72	C5	5	496
25	25	96	96	2.0	1/2	1/2	4/4	7	1	1/2	1/2	1		0	72	C5	5	504
26	26	98	98	2.0	0	0	4/4	4	1	1/2	1/2	1		-1	53	F3	3	513
26	26	98	98	2.0	0	0	4/4	6	1	1/2	1/2	1		-1	53	F3	3	521
26	26	98	98	2.0	0	0	4/4	8	1	1/2	1/2	1		-1	53	F3	3	525
26	26	98	98	2.0	0	0	4/4	3	1	1/2	1/2	1		0	60	C4	4	511
26	26	98	98	2.0	0	0	4/4	5	2	1/2	1/2	1		0	60	C4	4	517
26	26	98	98	2.0	0	0	4/4	2	1	1/2	1/2	1		3	69	A4	4	509
26	26	98	98	2.0	0	0	4/4	5	3	1/2	1/2	1		3	69	A4	4	519
26	26	98	98	2.0	0	0	4/4	1	1	1/2	1/2	1		0	72	C5	5	507
26	26	98	98	2.0	0	0	4/4	5	1	1/2	1/2	1		0	72	C5	5	515
26	26	98	98	2.0	0	0	4/4	7	1	1/2	1/2	1		0	72	C5	5	523
26	26	100	100	2.0	1/2	1/2	4/4	4	1	1/2	1/2	1		0	48	C3	3	514
26	26	100	100	2.0	1/2	1/2	4/4	6	1	1/2	1/2	1		0	48	C3	3	522
26	26	100	100	2.0	1/2	1/2	4/4	8	1	1/2	1/2	1		0	48	C3	3	526
26	26	100	100	2.0	1/2	1/2	4/4	3	1	1/2	1/2	1		4	64	E4	4	512
26	26	100	100	2.0	1/2	1/2	4/4	5	2	1/2	1/2	1		4	64	E4	4	518
26	26	100	100	2.0	1/2	1/2	4/4	2	1	1/2	1/2	1		1	67	G4	4	510
26	26	100	100	2.0	1/2	1/2	4/4	5	3	1/2	1/2	1		1	67	G4	4	520
26	26	100	100	2.0	1/2	1/2	4/4	1	1	1/2	1/2	1		0	72	C5	5	508
26	26	100	100	2.0	1/2	1/2	4/4	5	1	1/2	1/2	1		0	72	C5	5	516
26	26	100	100	2.0	1/2	1/2	4/4	7	1	1/2	1/2	1		0	72	C5	5	524
27	27	102	102	2.0	0	0	4/4	4	1	1/2	1/2	1		1	55	G3	3	535
27	27	102	102	2.0	0	0	4/4	6	1	1/2	1/2	1		1	55	G3	3	545
27	27	102	102	2.0	0	0	4/4	8	1	1/2	1/2	1		1	55	G3	3	549
27	27	102	102	2.0	0	0	4/4	3	1	1/2	1/2	1		2	62	D4	4	533
27	27	102	102	2.0	0	0	4/4	5	2	1/2	1/2	1		2	62	D4	4	539
27	27	102	102	1.0	0	0	4/4	2	1	1/4	1/4	1		1	67	G4	4	529
27	27	102	102	1.0	0	0	4/4	5	3	1/4	1/4	1		1	67	G4	4	541
27	27	102	102	2.0	0	0	4/4	1	1	1/2	1/2	1		5	71	B4	4	527
27	27	102	102	2.0	0	0	4/4	5	1	1/2	1/2	1		5	71	B4	4	537
27	27	102	102	2.0	0	0	4/4	7	1	1/2	1/2	1		5	71	B4	4	547
27	27	103	103	1.0	1/4	1/4	4/4	2	1	1/4	1/4	1		-1	65	F4	4	530
27	27	103	103	1.0	1/4	1/4	4/4	5	3	1/4	1/4	1		-1	65	F4	4	542
27	27	104	104	2.0	1/2	1/2	4/4	4	1	1/2	1/2	1		3	57	A3	3	536
27	27	104	104	2.0	1/2	1/2	4/4	6	1	1/2	1/2	1		3	57	A3	3	546
27	27	104	104	2.0	1/2	1/2	4/4	8	1	1/2	1/2	1		3	57	A3	3	550
27	27	104	104	2.0	1/2	1/2	4/4	3	1	1/2	1/2	1		0	60	C4	4	534
27	27	104	104	2.0	1/2	1/2	4/4	5	2	1/2	1/2	1		0	60	C4	4	540
27	27	104	104	1.0	1/2	1/2	4/4	2	1	1/4	1/4	1		4	64	E4	4	531
27	27	104	104	1.0	1/2	1/2	4/4	5	3	1/4	1/4	1		4	64	E4	4	543
27	27	104	104	2.0	1/2	1/2	4/4	1	1	1/2	1/2	1		3	69	A4	4	528
27	27	104	104	2.0	1/2	1/2	4/4	5	1	1/2	1/2	1		3	69	A4	4	538
27	27	104	104	2.0	1/2	1/2	4/4	7	1	1/2	1/2	1		3	69	A4	4	548
27	27	105	105	1.0	3/4	3/4	4/4	2	1	1/4	1/4	1		6	66	F#4	4	532
27	27	105	105	1.0	3/4	3/4	4/4	5	3	1/4	1/4	1		6	66	F#4	4	544
28	28	106	106	2.0	0	0	4/4	4	1	1/2	1/2	1		1	55	G3	3	557
28	28	106	106	2.0	0	0	4/4	6	1	1/2	1/2	1		1	55	G3	3	565
28	28	106	106	2.0	0	0	4/4	8	1	1/2	1/2	1		1	55	G3	3	569
28	28	106	106	2.0	0	0	4/4	3	1	1/2	1/2	1		2	62	D4	4	555
28	28	106	106	2.0	0	0	4/4	5	2	1/2	1/2	1		2	62	D4	4	561
28	28	106	106	2.0	0	0	4/4	2	1	1/2	1/2	1		1	67	G4	4	553
28	28	106	106	2.0	0	0	4/4	5	3	1/2	1/2	1		1	67	G4	4	563
28	28	106	106	2.0	0	0	4/4	1	1	1/2	1/2	1		5	71	B4	4	551
28	28	106	106	2.0	0	0	4/4	5	1	1/2	1/2	1		5	71	B4	4	559
28	28	106	106	2.0	0	0	4/4	7	1	1/2	1/2	1		5	71	B4	4	567
28	28	108	108	2.0	1/2	1/2	4/4	4	1	1/2	1/2	1		7	49	C#3	3	558
28	28	108	108	2.0	1/2	1/2	4/4	6	1	1/2	1/2	1		7	49	C#3	3	566
28	28	108	108	2.0	1/2	1/2	4/4	8	1	1/2	1/2	1		7	49	C#3	3	570
28	28	108	108	2.0	1/2	1/2	4/4	3	1	1/2	1/2	1		4	64	E4	4	556
28	28	108	108	2.0	1/2	1/2	4/4	5	2	1/2	1/2	1		4	64	E4	4	562
28	28	108	108	2.0	1/2	1/2	4/4	2	1	1/2	1/2	1		1	67	G4	4	554
28	28	108	108	2.0	1/2	1/2	4/4	5	3	1/2	1/2	1		1	67	G4	4	564
28	28	108	108	2.0	1/2	1/2	4/4	1	1	1/2	1/2	1		3	69	A4	4	552
28	28	108	108	2.0	1/2	1/2	4/4	5	1	1/2	1/2	1		3	69	A4	4	560
28	28	108	108	2.0	1/2	1/2	4/4	7	1	1/2	1/2	1		3	69	A4	4	568
29	29	110	110	2.0	0	0	4/4	4	1	1/2	1/2	1		2	50	D3	3	577
29	29	110	110	2.0	0	0	4/4	6	1	1/2	1/2	1		2	50	D3	3	585
29	29	110	110	2.0	0	0	4/4	8	1	1/2	1/2	1		2	50	D3	3	589
29	29	110	110	2.0	0	0	4/4	3	1	1/2	1/2	1		2	62	D4	4	575
29	29	110	110	2.0	0	0	4/4	5	2	1/2	1/2	1		2	62	D4	4	581
29	29	110	110	2.0	0	0	4/4	2	1	1/2	1/2	1		-1	65	F4	4	573
29	29	110	110	2.0	0	0	4/4	5	3	1/2	1/2	1		-1	65	F4	4	583
29	29	110	110	2.0	0	0	4/4	1	1	1/2	1/2	1		3	69	A4	4	571
29	29	110	110	2.0	0	0	4/4	5	1	1/2	1/2	1		3	69	A4	4	579
29	29	110	110	2.0	0	0	4/4	7	1	1/2	1/2	1		3	69	A4	4	587
29	29	112	112	2.0	1/2	1/2	4/4	4	1	1/2	1/2	1		-1	53	F3	3	578
29	29	112	112	2.0	1/2	1/2	4/4	6	1	1/2	1/2	1		-1	53	F3	3	586
29	29	112	112	2.0	1/2	1/2	4/4	8	1	1/2	1/2	1		-1	53	F3	3	590
29	29	112	112	2.0	1/2	1/2	4/4	3	1	1/2	1/2	1		0	60	C4	4	576
29	29	112	112	2.0	1/2	1/2	4/4	5	2	1/2	1/2	1		0	60	C4	4	582
29	29	112	112	2.0	1/2	1/2	4/4	2	1	1/2	1/2	1		-1	65	F4	4	574
29	29	112	112	2.0	1/2	1/2	4/4	5	3	1/2	1/2	1		-1	65	F4	4	584
29	29	112	112	2.0	1/2	1/2	4/4	1	1	1/2	1/2	1		3	69	A4	4	572
29	29	112	112	2.0	1/2	1/2	4/4	5	1	1/2	1/2	1		3	69	A4	4	580
29	29	112	112	2.0	1/2	1/2	4/4	7	1	1/2	1/2	1		3	69	A4	4	588
30	30	114	114	2.0	0	0	4/4	4	1	1/2	1/2	1		9	51	D#3	3	597
30	30	114	114	2.0	0	0	4/4	6	1	1/2	1/2	1		9	51	D#3	3	605
30	30	114	114	2.0	0	0	4/4	8	1	1/2	1/2	1		9	51	D#3	3	609
30	30	114	114	2.0	0	0	4/4	3	1	1/2	1/2	1		5	59	B3	3	595
30	30	114	114	2.0	0	0	4/4	5	2	1/2	1/2	1		5	59	B3	3	601
30	30	114	114	2.0	0	0	4/4	2	1	1/2	1/2	1		6	66	F#4	4	593
30	30	114	114	2.0	0	0	4/4	5	3	1/2	1/2	1		6	66	F#4	4	603
30	30	114	114	2.0	0	0	4/4	1	1	1/2	1/2	1		3	69	A4	4	591
30	30	114	114	2.0	0	0	4/4	5	1	1/2	1/2	1		3	69	A4	4	599
30	30	114	114	2.0	0	0	4/4	7	1	1/2	1/2	1		3	69	A4	4	607
30	30	116	116	2.0	1/2	1/2	4/4	4	1	1/2	1/2	1		4	52	E3	3	598
30	30	116	116	2.0	1/2	1/2	4/4	6	1	1/2	1/2	1		4	52	E3	3	606
30	30	116	116	2.0	1/2	1/2	4/4	8	1	1/2	1/2	1		4	52	E3	3	610
30	30	116	116	2.0	1/2	1/2	4/4	3	1	1/2	1/2	1		5	59	B3	3	596
30	30	116	116	2.0	1/2	1/2	4/4	5	2	1/2	1/2	1		5	59	B3	3	602
30	30	116	116	2.0	1/2	1/2	4/4	2	1	1/2	1/2	1		4	64	E4	4	594
30	30	116	116	2.0	1/2	1/2	4/4	5	3	1/2	1/2	1		4	64	E4	4	604
30	30	116	116	2.0	1/2	1/2	4/4	1	1	1/2	1/2	1		1	67	G4	4	592
30	30	116	116	2.0	1/2	1/2	4/4	5	1	1/2	1/2	1		1	67	G4	4	600
30	30	116	116	2.0	1/2	1/2	4/4	7	1	1/2	1/2	1		1	67	G4	4	608
31	31	118	118	2.0	0	0	4/4	4	1	1/2	1/2	1		-3	51	Eb3	3	617
31	31	118	118	2.0	0	0	4/4	6	1	1/2	1/2	1		-3	51	Eb3	3	625
31	31	118	118	2.0	0	0	4/4	8	1	1/2	1/2	1		-3	51	Eb3	3	629
31	31	118	118	2.0	0	0	4/4	3	1	1/2	1/2	1		0	60	C4	4	615
31	31	118	118	2.0	0	0	4/4	5	2	1/2	1/2	1		0	60	C4	4	621
31	31	118	118	2.0	0	0	4/4	2	1	1/2	1/2	1		-1	65	F4	4	613
31	31	118	118	2.0	0	0	4/4	5	3	1/2	1/2	1		-1	65	F4	4	623
31	31	118	118	2.0	0	0	4/4	1	1	1/2	1/2	1		3	69	A4	4	611
31	31	118	118	2.0	0	0	4/4	5	1	1/2	1/2	1		3	69	A4	4	619
31	31	118	118	2.0	0	0	4/4	7	1	1/2	1/2	1		3	69	A4	4	627
31	31	120	120	2.0	1/2	1/2	4/4	4	1	1/2	1/2	1		2	50	D3	3	618
31	31	120	120	2.0	1/2	1/2	4/4	6	1	1/2	1/2	1		2	50	D3	3	626
31	31	120	120	2.0	1/2	1/2	4/4	8	1	1/2	1/2	1		2	50	D3	3	630
31	31	120	120	2.0	1/2	1/2	4/4	3	1	1/2	1/2	1		2	62	D4	4	616
31	31	120	120	2.0	1/2	1/2	4/4	5	2	1/2	1/2	1		2	62	D4	4	622
31	31	120	120	2.0	1/2	1/2	4/4	2	1	1/2	1/2	1		-1	65	F4	4	614
31	31	120	120	2.0	1/2	1/2	4/4	5	3	1/2	1/2	1		-1	65	F4	4	624
31	31	120	120	2.0	1/2	1/2	4/4	1	1	1/2	1/2	1		5	71	B4	4	612
31	31	120	120	2.0	1/2	1/2	4/4	5	1	1/2	1/2	1		5	71	B4	4	620
31	31	120	120	2.0	1/2	1/2	4/4	7	1	1/2	1/2	1		5	71	B4	4	628
32	32	122	122	2.0	0	0	4/4	4	1	1/2	1/2	1		0	48	C3	3	637
32	32	122	122	2.0	0	0	4/4	6	1	1/2	1/2	1		0	48	C3	3	645
32	32	122	122	2.0	0	0	4/4	8	1	1/2	1/2	1		0	48	C3	3	649
32	32	122	122	2.0	0	0	4/4	3	1	1/2	1/2	1		4	64	E4	4	635
32	32	122	122	2.0	0	0	4/4	5	2	1/2	1/2	1		4	64	E4	4	641
32	32	122	122	2.0	0	0	4/4	2	1	1/2	1/2	1		1	67	G4	4	633
32	32	122	122	2.0	0	0	4/4	5	3	1/2	1/2	1		1	67	G4	4	643
32	32	122	122	2.0	0	0	4/4	1	1	1/2	1/2	1		0	72	C5	5	631
32	32	122	122	2.0	0	0	4/4	5	1	1/2	1/2	1		0	72	C5	5	639
32	32	122	122	2.0	0	0	4/4	7	1	1/2	1/2	1		0	72	C5	5	647
32	32	124	124	2.0	1/2	1/2	4/4	4	1	1/2	1/2	1		2	50	D3	3	638
32	32	124	124	2.0	1/2	1/2	4/4	6	1	1/2	1/2	1		2	50	D3	3	646
32	32	124	124	2.0	1/2	1/2	4/4	8	1	1/2	1/2	1		2	50	D3	3	650
32	32	124	124	2.0	1/2	1/2	4/4	3	1	1/2	1/2	1		2	62	D4	4	636
32	32	124	124	2.0	1/2	1/2	4/4	5	2	1/2	1/2	1		2	62	D4	4	642
32	32	124	124	2.0	1/2	1/2	4/4	2	1	1/2	1/2	1		6	66	F#4	4	634
32	32	124	124	2.0	1/2	1/2	4/4	5	3	1/2	1/2	1		6	66	F#4	4	644
32	32	124	124	2.0	1/2	1/2	4/4	1	1	1/2	1/2	1		3	69	A4	4	632
32	32	124	124	2.0	1/2	1/2	4/4	5	1	1/2	1/2	1		3	69	A4	4	640
32	32	124	124	2.0	1/2	1/2	4/4	7	1	1/2	1/2	1		3	69	A4	4	648
33	33	126	126	4.0	0	0	4/4	4	1	1	1	1		1	43	G2	2	654
33	33	126	126	4.0	0	0	4/4	6	1	1	1	1		1	43	G2	2	658
33	33	126	126	4.0	0	0	4/4	8	1	1	1	1		1	43	G2	2	660
33	33	126	126	4.0	0	0	4/4	3	1	1	1	1		5	59	B3	3	653
33	33	126	126	4.0	0	0	4/4	5	2	1	1	1		5	59	B3	3	656
33	33	126	126	4.0	0	0	4/4	5	3	1	1	1		2	62	D4	4	657
33	33	126	126	4.0	0	0	4/4	1	1	1	1	1		1	67	G4	4	651
33	33	126	126	4.0	0	0	4/4	2	1	1	1	1		1	67	G4	4	652
33	33	126	126	4.0	0	0	4/4	5	1	1	1	1		1	67	G4	4	655
33	33	126	126	4.0	0	0	4/4	7	1	1	1	1		1	67	G4	4	659
34	34	130	130	4.0	0	0	4/4	4	1	1	1	1		0	48	C3	3	664
34	34	130	130	4.0	0	0	4/4	6	1	1	1	1		0	48	C3	3	668
34	34	130	130	4.0	0	0	4/4	8	1	1	1	1		0	48	C3	3	670
34	34	130	130	4.0	0	0	4/4	3	1	1	1	1		1	55	G3	3	663
34	34	130	130	4.0	0	0	4/4	5	2	1	1	1		1	55	G3	3	666
34	34	130	130	4.0	0	0	4/4	2	1	1	1	1		0	60	C4	4	662
34	34	130	130	4.0	0	0	4/4	5	3	1	1	1		0	60	C4	4	667
34	34	130	130	4.0	0	0	4/4	1	1	1	1	1		4	64	E4	4	661
34	34	130	130	4.0	0	0	4/4	5	1	1	1	1		4	64	E4	4	665
34	34	130	130	4.0	0	0	4/4	7	1	1	1	1		4	64	E4	4	669
35	35	134	134	2.0	0	0	4/4	4	1	1/2	1/2	1		5	47	B2	2	677
35	35	134	134	2.0	0	0	4/4	6	1	1/2	1/2	1		5	47	B2	2	685
35	35	134	134	2.0	0	0	4/4	8	1	1/2	1/2	1		5	47	B2	2	689
35	35	134	134	2.0	0	0	4/4	3	1	1/2	1/2	1		1	55	G3	3	675
35	35	134	134	2.0	0	0	4/4	5	2	1/2	1/2	1		1	55	G3	3	681
35	35	134	134	2.0	0	0	4/4	2	1	1/2	1/2	1		2	62	D4	4	673
35	35	134	134	2.0	0	0	4/4	5	3	1/2	1/2	1		2	62	D4	4	683
35	35	134	134	2.0	0	0	4/4	1	1	1/2	1/2	1		1	67	G4	4	671
35	35	134	134	2.0	0	0	4/4	5	1	1/2	1/2	1		1	67	G4	4	679
35	35	134	134	2.0	0	0	4/4	7	1	1/2	1/2	1		1	67	G4	4	687
35	35	136	136	2.0	1/2	1/2	4/4	4	1	1/2	1/2	1		3	45	A2	2	678
35	35	136	136	2.0	1/2	1/2	4/4	6	1	1/2	1/2	1		3	45	A2	2	686
35	35	136	136	2.0	1/2	1/2	4/4	8	1	1/2	1/2	1		3	45	A2	2	690
35	35	136	136	2.0	1/2	1/2	4/4	3	1	1/2	1/2	1		0	60	C4	4	676
35	35	136	136	2.0	1/2	1/2	4/4	5	2	1/2	1/2	1		0	60	C4	4	682
35	35	136	136	2.0	1/2	1/2	4/4	2	1	1/2	1/2	1		4	64	E4	4	674
35	35	136	136	2.0	1/2	1/2	4/4	5	3	1/2	1/2	1		4	64	E4	4	684
35	35	136	136	2.0	1/2	1/2	4/4	1	1	1/2	1/2	1		3	69	A4	4	672
35	35	136	136	2.0	1/2	1/2	4/4	5	1	1/2	1/2	1		3	69	A4	4	680
35	35	136	136	2.0	1/2	1/2	4/4	7	1	1/2	1/2	1		3	69	A4	4	688
36	36	138	138	2.0	0	0	4/4	4	1	1/2	1/2	1		2	50	D3	3	698
36	36	138	138	2.0	0	0	4/4	6	1	1/2	1/2	1		2	50	D3	3	706
36	36	138	138	2.0	0	0	4/4	8	1	1/2	1/2	1		2	50	D3	3	710
36	36	138	138	1.0	0	0	4/4	3	1	1/4	1/4	1		2	62	D4	4	695
36	36	138	138	2.0	0	0	4/4	5	2	1/2	1/2	1		2	62	D4	4	702
36	36	138	138	2.0	0	0	4/4	2	1	1/2	1/2	1		-1	65	F4	4	693
36	36	138	138	2.0	0	0	4/4	5	3	1/2	1/2	1		-1	65	F4	4	704
36	36	138	138	2.0	0	0	4/4	1	1	1/2	1/2	1		5	71	B4	4	691
36	36	138	138	2.0	0	0	4/4	5	1	1/2	1/2	1		5	71	B4	4	700
36	36	138	138	2.0	0	0	4/4	7	1	1/2	1/2	1		5	71	B4	4	708
36	36	139	139	1.0	1/4	1/4	4/4	3	1	1/4	1/4	1		5	59	B3	3	696
36	36	140	140	2.0	1/2	1/2	4/4	4	1	1/2	1/2	1		4	52	E3	3	699
36	36	140	140	2.0	1/2	1/2	4/4	6	1	1/2	1/2	1		4	52	E3	3	707
36	36	140	140	2.0	1/2	1/2	4/4	8	1	1/2	1/2	1		4	52	E3	3	711
36	36	140	140	2.0	1/2	1/2	4/4	3	1	1/2	1/2	1		8	56	G#3	3	697
36	36	140	140	2.0	1/2	1/2	4/4	5	2	1/2	1/2	1		8	56	G#3	3	703
36	36	140	140	2.0	1/2	1/2	4/4	2	1	1/2	1/2	1		4	64	E4	4	694
36	36	140	140	2.0	1/2	1/2	4/4	5	3	1/2	1/2	1		4	64	E4	4	705
36	36	140	140	2.0	1/2	1/2	4/4	1	1	1/2	1/2	1		5	71	B4	4	692
36	36	140	140	2.0	1/2	1/2	4/4	5	1	1/2	1/2	1		5	71	B4	4	701
36	36	140	140	2.0	1/2	1/2	4/4	7	1	1/2	1/2	1		5	71	B4	4	709
37	37	142	142	4.0	0	0	4/4	4	1	1	1	1		3	45	A2	2	715
37	37	142	142	4.0	0	0	4/4	6	1	1	1	1		3	45	A2	2	719
37	37	142	142	4.0	0	0	4/4	8	1	1	1	1		3	45	A2	2	721
37	37	142	142	4.0	0	0	4/4	3	1	1	1	1		3	57	A3	3	714
37	37	142	142	4.0	0	0	4/4	2	1	1	1	1		0	60	C4	4	713
37	37	142	142	4.0	0	0	4/4	5	2	1	1	1		0	60	C4	4	717
37	37	142	142	4.0	0	0	4/4	5	3	1	1	1		4	64	E4	4	718
37	37	142	142	4.0	0	0	4/4	1	1	1	1	1		3	69	A4	4	712
37	37	142	142	4.0	0	0	4/4	5	1	1	1	1		3	69	A4	4	716
37	37	142	142	4.0	0	0	4/4	7	1	1	1	1		3	69	A4	4	720
38	38	146	146	4.0	0	0	4/4	3	1	1	1	1		3	57	A3	3	724
38	38	146	146	4.0	0	0	4/4	4	1	1	1	1		3	57	A3	3	725
38	38	146	146	4.0	0	0	4/4	5	2	1	1	1		3	57	A3	3	727
38	38	146	146	4.0	0	0	4/4	6	1	1	1	1		3	57	A3	3	729
38	38	146	146	4.0	0	0	4/4	8	1	1	1	1		3	57	A3	3	731
38	38	146	146	4.0	0	0	4/4	2	1	1	1	1		0	60	C4	4	723
38	38	146	146	4.0	0	0	4/4	5	3	1	1	1		0	60	C4	4	728
38	38	146	146	4.0	0	0	4/4	1	1	1	1	1		4	64	E4	4	722
38	38	146	146	4.0	0	0	4/4	5	1	1	1	1		4	64	E4	4	726
38	38	146	146	4.0	0	0	4/4	7	1	1	1	1		4	64	E4	4	730
39	39	150	150	2.0	0	0	4/4	4	1	1/2	1/2	1		4	52	E3	3	738
39	39	150	150	2.0	0	0	4/4	6	1	1/2	1/2	1		4	52	E3	3	747
39	39	150	150	2.0	0	0	4/4	8	1	1/2	1/2	1		4	52	E3	3	752
39	39	150	150	2.0	0	0	4/4	3	1	1/2	1/2	1		5	59	B3	3	736
39	39	150	150	2.0	0	0	4/4	5	2	1/2	1/2	1		5	59	B3	3	743
39	39	150	150	2.0	0	0	4/4	2	1	1/2	1/2	1		4	64	E4	4	734
39	39	150	150	2.0	0	0	4/4	5	3	1/2	1/2	1		4	64	E4	4	745
39	39	150	150	2.0	0	0	4/4	1	1	1/2	1/2	1		1	67	G4	4	732
39	39	150	150	2.0	0	0	4/4	5	1	1/2	1/2	1		1	67	G4	4	741
39	39	150	150	2.0	0	0	4/4	7	1	1/2	1/2	1		1	67	G4	4	750
39	39	152	152	1.0	1/2	1/2	4/4	4	1	1/4	1/4	1		-1	53	F3	3	739
39	39	152	152	1.0	1/2	1/2	4/4	6	1	1/4	1/4	1		-1	53	F3	3	748
39	39	152	152	1.0	1/2	1/2	4/4	8	1	1/4	1/4	1		-1	53	F3	3	753
39	39	152	152	2.0	1/2	1/2	4/4	3	1	1/2	1/2	1	1	3	57	A3	3	737
39	39	152	152	2.0	1/2	1/2	4/4	5	2	1/2	1/2	1	1	3	57	A3	3	744
39	39	152	152	2.0	1/2	1/2	4/4	2	1	1/2	1/2	1		0	60	C4	4	735
39	39	152	152	2.0	1/2	1/2	4/4	5	3	1/2	1/2	1		0	60	C4	4	746
39	39	152	152	2.0	1/2	1/2	4/4	1	1	1/2	1/2	1		3	69	A4	4	733
39	39	152	152	2.0	1/2	1/2	4/4	5	1	1/2	1/2	1		3	69	A4	4	742
39	39	152	152	2.0	1/2	1/2	4/4	7	1	1/2	1/2	1		3	69	A4	4	751
39	39	153	153	1.0	3/4	3/4	4/4	4	1	1/4	1/4	1		4	52	E3	3	740
39	39	153	153	1.0	3/4	3/4	4/4	6	1	1/4	1/4	1		4	52	E3	3	749
39	39	153	153	1.0	3/4	3/4	4/4	8	1	1/4	1/4	1		4	52	E3	3	754
40	40	154	154	2.0	0	0	4/4	4	1	1/2	1/2	1		2	50	D3	3	761
40	40	154	154	2.0	0	0	4/4	6	1	1/2	1/2	1		2	50	D3	3	769
40	40	154	154	2.0	0	0	4/4	8	1	1/2	1/2	1		2	50	D3	3	773
40	40	154	154	2.0	0	0	4/4	3	1	1/2	1/2	1	-1	3	57	A3	3	759
40	40	154	154	2.0	0	0	4/4	5	2	1/2	1/2	1	-1	3	57	A3	3	765
40	40	154	154	2.0	0	0	4/4	2	1	1/2	1/2	1		-1	65	F4	4	757
40	40	154	154	2.0	0	0	4/4	5	3	1/2	1/2	1		-1	65	F4	4	767
40	40	154	154	2.0	0	0	4/4	1	1	1/2	1/2	1		5	71	B4	4	755
40	40	154	154	2.0	0	0	4/4	5	1	1/2	1/2	1		5	71	B4	4	763
40	40	154	154	2.0	0	0	4/4	7	1	1/2	1/2	1		5	71	B4	4	771
40	40	156	156	2.0	1/2	1/2	4/4	4	1	1/2	1/2	1		4	52	E3	3	762
40	40	156	156	2.0	1/2	1/2	4/4	6	1	1/2	1/2	1		4	52	E3	3	770
40	40	156	156	2.0	1/2	1/2	4/4	8	1	1/2	1/2	1		4	52	E3	3	774
40	40	156	156	2.0	1/2	1/2	4/4	3	1	1/2	1/2	1		8	56	G#3	3	760
40	40	156	156	2.0	1/2	1/2	4/4	5	2	1/2	1/2	1		8	56	G#3	3	766
40	40	156	156	2.0	1/2	1/2	4/4	2	1	1/2	1/2	1		4	64	E4	4	758
40	40	156	156	2.0	1/2	1/2	4/4	5	3	1/2	1/2	1		4	64	E4	4	768
40	40	156	156	2.0	1/2	1/2	4/4	1	1	1/2	1/2	1		5	71	B4	4	756
40	40	156	156	2.0	1/2	1/2	4/4	5	1	1/2	1/2	1		5	71	B4	4	764
40	40	156	156	2.0	1/2	1/2	4/4	7	1	1/2	1/2	1		5	71	B4	4	772
41	41	158	158	4.0	0	0	4/4	4	1	1	1	1		3	45	A2	2	778
41	41	158	158	4.0	0	0	4/4	6	1	1	1	1		3	45	A2	2	783
41	41	158	158	4.0	0	0	4/4	8	1	1	1	1		3	45	A2	2	785
41	41	158	158	4.0	0	0	4/4	3	1	1	1	1		3	57	A3	3	777
41	41	158	158	4.0	0	0	4/4	5	2	1	1	1		3	57	A3	3	780
41	41	158	158	4.0	0	0	4/4	2	1	1	1	1		0	60	C4	4	776
41	41	158	158	4.0	0	0	4/4	5	4	1	1	1		0	60	C4	4	782
41	41	158	158	4.0	0	0	4/4	5	3	1	1	1		4	64	E4	4	781
41	41	158	158	4.0	0	0	4/4	1	1	1	1	1		3	69	A4	4	775
41	41	158	158	4.0	0	0	4/4	5	1	1	1	1		3	69	A4	4	779
41	41	158	158	4.0	0	0	4/4	7	1	1	1	1		3	69	A4	4	784
42	42	162	162	4.0	0	0	4/4	4	1	1	1	1		4	52	E3	3	789
42	42	162	162	4.0	0	0	4/4	6	1	1	1	1		4	52	E3	3	793
42	42	162	162	4.0	0	0	4/4	8	1	1	1	1		4	52	E3	3	795
42	42	162	162	4.0	0	0	4/4	3	1	1	1	1		1	55	G3	3	788
42	42	162	162	4.0	0	0	4/4	2	1	1	1	1		4	64	E4	4	787
42	42	162	162	4.0	0	0	4/4	5	2	1	1	1		4	64	E4	4	791
42	42	162	162	4.0	0	0	4/4	5	3	1	1	1		1	67	G4	4	792
42	42	162	162	4.0	0	0	4/4	1	1	1	1	1		5	71	B4	4	786
42	42	162	162	4.0	0	0	4/4	5	1	1	1	1		5	71	B4	4	790
42	42	162	162	4.0	0	0	4/4	7	1	1	1	1		5	71	B4	4	794
43	43	166	166	2.0	0	0	4/4	4	1	1/2	1/2	1		9	51	D#3	3	802
43	43	166	166	2.0	0	0	4/4	6	1	1/2	1/2	1		9	51	D#3	3	810
43	43	166	166	2.0	0	0	4/4	8	1	1/2	1/2	1		9	51	D#3	3	814
43	43	166	166	2.0	0	0	4/4	3	1	1/2	1/2	1		3	57	A3	3	800
43	43	166	166	2.0	0	0	4/4	5	2	1/2	1/2	1		-1	65	F4	4	806
43	43	166	166	2.0	0	0	4/4	2	1	1/2	1/2	1		6	66	F#4	4	798
43	43	166	166	2.0	0	0	4/4	5	3	1/2	1/2	1		3	69	A4	4	808
43	43	166	166	2.0	0	0	4/4	1	1	1/2	1/2	1		5	71	B4	4	796
43	43	166	166	2.0	0	0	4/4	5	1	1/2	1/2	1		5	71	B4	4	804
43	43	166	166	2.0	0	0	4/4	7	1	1/2	1/2	1		5	71	B4	4	812
43	43	168	168	2.0	1/2	1/2	4/4	4	1	1/2	1/2	1		4	52	E3	3	803
43	43	168	168	2.0	1/2	1/2	4/4	6	1	1/2	1/2	1		4	52	E3	3	811
43	43	168	168	2.0	1/2	1/2	4/4	8	1	1/2	1/2	1		4	52	E3	3	815
43	43	168	168	2.0	1/2	1/2	4/4	3	1	1/2	1/2	1		1	55	G3	3	801
43	43	168	168	2.0	1/2	1/2	4/4	5	2	1/2	1/2	1		4	64	E4	4	807
43	43	168	168	2.0	1/2	1/2	4/4	2	1	1/2	1/2	1		1	67	G4	4	799
43	43	168	168	2.0	1/2	1/2	4/4	5	3	1/2	1/2	1		1	67	G4	4	809
43	43	168	168	2.0	1/2	1/2	4/4	1	1	1/2	1/2	1		5	71	B4	4	797
43	43	168	168	2.0	1/2	1/2	4/4	5	1	1/2	1/2	1		5	71	B4	4	805
43	43	168	168	2.0	1/2	1/2	4/4	7	1	1/2	1/2	1		5	71	B4	4	813
44	44	170	170	2.0	0	0	4/4	4	1	1/2	1/2	1		5	47	B2	2	822
44	44	170	170	2.0	0	0	4/4	6	1	1/2	1/2	1		5	47	B2	2	830
44	44	170	170	2.0	0	0	4/4	8	1	1/2	1/2	1		5	47	B2	2	834
44	44	170	170	2.0	0	0	4/4	3	1	1/2	1/2	1		2	62	D4	4	820
44	44	170	170	2.0	0	0	4/4	5	2	1/2	1/2	1		2	62	D4	4	826
44	44	170	170	2.0	0	0	4/4	2	1	1/2	1/2	1		1	67	G4	4	818
44	44	170	170	2.0	0	0	4/4	5	3	1/2	1/2	1		1	67	G4	4	828
44	44	170	170	2.0	0	0	4/4	1	1	1/2	1/2	1		2	74	D5	5	816
44	44	170	170	2.0	0	0	4/4	5	1	1/2	1/2	1		2	74	D5	5	824
44	44	170	170	2.0	0	0	4/4	7	1	1/2	1/2	1		2	74	D5	5	832
44	44	172	172	2.0	1/2	1/2	4/4	4	1	1/2	1/2	1		7	49	C#3	3	823
44	44	172	172	2.0	1/2	1/2	4/4	6	1	1/2	1/2	1		7	49	C#3	3	831
44	44	172	172	2.0	1/2	1/2	4/4	8	1	1/2	1/2	1		7	49	C#3	3	835
44	44	172	172	2.0	1/2	1/2	4/4	3	1	1/2	1/2	1		4	64	E4	4	821
44	44	172	172	2.0	1/2	1/2	4/4	5	2	1/2	1/2	1		4	64	E4	4	827
44	44	172	172	2.0	1/2	1/2	4/4	2	1	1/2	1/2	1	1	1	67	G4	4	819
44	44	172	172	2.0	1/2	1/2	4/4	5	3	1/2	1/2	1	1	1	67	G4	4	829
44	44	172	172	2.0	1/2	1/2	4/4	1	1	1/2	1/2	1		3	69	A4	4	817
44	44	172	172	2.0	1/2	1/2	4/4	5	1	1/2	1/2	1		3	69	A4	4	825
44	44	172	172	2.0	1/2	1/2	4/4	7	1	1/2	1/2	1		3	69	A4	4	833
45	45	174	174	2.0	0	0	4/4	4	1	1/2	1/2	1		2	50	D3	3	843
45	45	174	174	2.0	0	0	4/4	6	1	1/2	1/2	1		2	50	D3	3	852
45	45	174	174	2.0	0	0	4/4	8	1	1/2	1/2	1		2	50	D3	3	856
45	45	174	174	2.0	0	0	4/4	3	1	1/2	1/2	1		2	62	D4	4	841
45	45	174	174	2.0	0	0	4/4	5	2	1/2	1/2	1		2	62	D4	4	847
45	45	174	174	1.0	0	0	4/4	2	1	1/4	1/4	1	-1	1	67	G4	4	838
45	45	174	174	1.0	0	0	4/4	5	3	1/4	1/4	1	-1	1	67	G4	4	849
45	45	174	174	2.0	0	0	4/4	1	1	1/2	1/2	1		3	69	A4	4	836
45	45	174	174	2.0	0	0	4/4	5	1	1/2	1/2	1		3	69	A4	4	845
45	45	174	174	2.0	0	0	4/4	7	1	1/2	1/2	1		3	69	A4	4	854
45	45	175	175	1.0	1/4	1/4	4/4	2	1	1/4	1/4	1		-1	65	F4	4	839
45	45	175	175	1.0	1/4	1/4	4/4	5	3	1/4	1/4	1		-1	65	F4	4	850
45	45	176	176	2.0	1/2	1/2	4/4	4	1	1/2	1/2	1		4	52	E3	3	844
45	45	176	176	2.0	1/2	1/2	4/4	6	1	1/2	1/2	1		4	52	E3	3	853
45	45	176	176	2.0	1/2	1/2	4/4	8	1	1/2	1/2	1		4	52	E3	3	857
45	45	176	176	2.0	1/2	1/2	4/4	3	1	1/2	1/2	1		5	59	B3	3	842
45	45	176	176	2.0	1/2	1/2	4/4	5	2	1/2	1/2	1		5	59	B3	3	848
45	45	176	176	2.0	1/2	1/2	4/4	2	1	1/2	1/2	1		4	64	E4	4	840
45	45	176	176	2.0	1/2	1/2	4/4	5	3	1/2	1/2	1		4	64	E4	4	851
45	45	176	176	2.0	1/2	1/2	4/4	1	1	1/2	1/2	1		1	67	G4	4	837
45	45	176	176	2.0	1/2	1/2	4/4	5	1	1/2	1/2	1		1	67	G4	4	846
45	45	176	176	2.0	1/2	1/2	4/4	7	1	1/2	1/2	1		1	67	G4	4	855
46	46	178	178	2.0	0	0	4/4	4	1	1/2	1/2	1		0	48	C3	3	866
46	46	178	178	2.0	0	0	4/4	6	1	1/2	1/2	1		0	48	C3	3	875
46	46	178	178	2.0	0	0	4/4	8	1	1/2	1/2	1		0	48	C3	3	879
46	46	178	178	1.0	0	0	4/4	3	1	1/4	1/4	1		0	60	C4	4	863
46	46	178	178	2.0	0	0	4/4	5	2	1/2	1/2	1		0	60	C4	4	870
46	46	178	178	1.0	0	0	4/4	2	1	1/4	1/4	1		4	64	E4	4	860
46	46	178	178	1.0	0	0	4/4	5	3	1/4	1/4	1		4	64	E4	4	872
46	46	178	178	2.0	0	0	4/4	1	1	1/2	1/2	1		3	69	A4	4	858
46	46	178	178	2.0	0	0	4/4	5	1	1/2	1/2	1		3	69	A4	4	868
46	46	178	178	2.0	0	0	4/4	7	1	1/2	1/2	1		3	69	A4	4	877
46	46	179	179	1.0	1/4	1/4	4/4	3	1	1/4	1/4	1		2	62	D4	4	864
46	46	179	179	1.0	1/4	1/4	4/4	2	1	1/4	1/4	1		6	66	F#4	4	861
46	46	179	179	1.0	1/4	1/4	4/4	5	3	1/4	1/4	1		6	66	F#4	4	873
46	46	180	180	2.0	1/2	1/2	4/4	4	1	1/2	1/2	1		5	47	B2	2	867
46	46	180	180	2.0	1/2	1/2	4/4	6	1	1/2	1/2	1		5	47	B2	2	876
46	46	180	180	2.0	1/2	1/2	4/4	8	1	1/2	1/2	1		5	47	B2	2	880
46	46	180	180	2.0	1/2	1/2	4/4	3	1	1/2	1/2	1		2	62	D4	4	865
46	46	180	180	2.0	1/2	1/2	4/4	5	2	1/2	1/2	1		2	62	D4	4	871
46	46	180	180	2.0	1/2	1/2	4/4	2	1	1/2	1/2	1	1	1	67	G4	4	862
46	46	180	180	2.0	1/2	1/2	4/4	5	3	1/2	1/2	1	1	1	67	G4	4	874
46	46	180	180	2.0	1/2	1/2	4/4	1	1	1/2	1/2	1		5	71	B4	4	859
46	46	180	180	2.0	1/2	1/2	4/4	5	1	1/2	1/2	1		5	71	B4	4	869
46	46	180	180	2.0	1/2	1/2	4/4	7	1	1/2	1/2	1		5	71	B4	4	878
47	47	182	182	2.0	0	0	4/4	4	1	1/2	1/2	1		3	45	A2	2	888
47	47	182	182	2.0	0	0	4/4	6	1	1/2	1/2	1		3	45	A2	2	897
47	47	182	182	2.0	0	0	4/4	8	1	1/2	1/2	1		3	45	A2	2	901
47	47	182	182	2.0	0	0	4/4	3	1	1/2	1/2	1		0	60	C4	4	885
47	47	182	182	2.0	0	0	4/4	5	2	1/2	1/2	1		0	60	C4	4	892
47	47	182	182	2.0	0	0	4/4	2	1	1/2	1/2	1	-1	1	67	G4	4	883
47	47	182	182	2.0	0	0	4/4	5	3	1/2	1/2	1	-1	1	67	G4	4	895
47	47	182	182	2.0	0	0	4/4	1	1	1/2	1/2	1		0	72	C5	5	881
47	47	182	182	2.0	0	0	4/4	5	1	1/2	1/2	1		0	72	C5	5	890
47	47	182	182	2.0	0	0	4/4	7	1	1/2	1/2	1		0	72	C5	5	899
47	47	184	184	2.0	1/2	1/2	4/4	4	1	1/2	1/2	1		2	50	D3	3	889
47	47	184	184	2.0	1/2	1/2	4/4	6	1	1/2	1/2	1		2	50	D3	3	898
47	47	184	184	2.0	1/2	1/2	4/4	8	1	1/2	1/2	1		2	50	D3	3	902
47	47	184	184	1.0	1/2	1/2	4/4	3	1	1/4	1/4	1		2	62	D4	4	886
47	47	184	184	1.0	1/2	1/2	4/4	5	2	1/4	1/4	1		2	62	D4	4	893
47	47	184	184	2.0	1/2	1/2	4/4	2	1	1/2	1/2	1		6	66	F#4	4	884
47	47	184	184	2.0	1/2	1/2	4/4	5	3	1/2	1/2	1		6	66	F#4	4	896
47	47	184	184	2.0	1/2	1/2	4/4	1	1	1/2	1/2	1		3	69	A4	4	882
47	47	184	184	2.0	1/2	1/2	4/4	5	1	1/2	1/2	1		3	69	A4	4	891
47	47	184	184	2.0	1/2	1/2	4/4	7	1	1/2	1/2	1		3	69	A4	4	900
47	47	185	185	1.0	3/4	3/4	4/4	3	1	1/4	1/4	1		0	60	C4	4	887
47	47	185	185	1.0	3/4	3/4	4/4	5	2	1/4	1/4	1		0	60	C4	4	894
48	48	186	186	2.0	0	0	4/4	4	1	1/2	1/2	1		1	43	G2	2	909
48	48	186	186	2.0	0	0	4/4	6	1	1/2	1/2	1		1	43	G2	2	917
48	48	186	186	2.0	0	0	4/4	8	1	1/2	1/2	1		1	43	G2	2	921
48	48	186	186	2.0	0	0	4/4	3	1	1/2	1/2	1		5	59	B3	3	907
48	48	186	186	2.0	0	0	4/4	5	2	1/2	1/2	1		5	59	B3	3	913
48	48	186	186	2.0	0	0	4/4	5	3	1/2	1/2	1		2	62	D4	4	915
48	48	186	186	2.0	0	0	4/4	1	1	1/2	1/2	1		1	67	G4	4	903
48	48	186	186	2.0	0	0	4/4	2	1	1/2	1/2	1		1	67	G4	4	905
48	48	186	186	2.0	0	0	4/4	5	1	1/2	1/2	1		1	67	G4	4	911
48	48	186	186	2.0	0	0	4/4	7	1	1/2	1/2	1		1	67	G4	4	919
48	48	188	188	2.0	1/2	1/2	4/4	4	1	1/2	1/2	1		4	52	E3	3	910
48	48	188	188	2.0	1/2	1/2	4/4	6	1	1/2	1/2	1		4	52	E3	3	918
48	48	188	188	2.0	1/2	1/2	4/4	8	1	1/2	1/2	1		4	52	E3	3	922
48	48	188	188	2.0	1/2	1/2	4/4	3	1	1/2	1/2	1		0	60	C4	4	908
48	48	188	188	2.0	1/2	1/2	4/4	5	2	1/2	1/2	1		0	60	C4	4	914
48	48	188	188	2.0	1/2	1/2	4/4	2	1	1/2	1/2	1		1	67	G4	4	906
48	48	188	188	2.0	1/2	1/2	4/4	5	3	1/2	1/2	1		1	67	G4	4	916
48	48	188	188	2.0	1/2	1/2	4/4	1	1	1/2	1/2	1		0	72	C5	5	904
48	48	188	188	2.0	1/2	1/2	4/4	5	1	1/2	1/2	1		0	72	C5	5	912
48	48	188	188	2.0	1/2	1/2	4/4	7	1	1/2	1/2	1		0	72	C5	5	920
49	49	190	190	2.0	0	0	4/4	4	1	1/2	1/2	1		2	50	D3	3	929
49	49	190	190	2.0	0	0	4/4	6	1	1/2	1/2	1		2	50	D3	3	937
49	49	190	190	2.0	0	0	4/4	8	1	1/2	1/2	1		2	50	D3	3	941
49	49	190	190	2.0	0	0	4/4	3	1	1/2	1/2	1		2	62	D4	4	927
49	49	190	190	2.0	0	0	4/4	5	2	1/2	1/2	1		2	62	D4	4	933
49	49	190	190	2.0	0	0	4/4	2	1	1/2	1/2	1		-1	65	F4	4	925
49	49	190	190	2.0	0	0	4/4	5	3	1/2	1/2	1		-1	65	F4	4	935
49	49	190	190	2.0	0	0	4/4	1	1	1/2	1/2	1		0	72	C5	5	923
49	49	190	190	2.0	0	0	4/4	5	1	1/2	1/2	1		0	72	C5	5	931
49	49	190	190	2.0	0	0	4/4	7	1	1/2	1/2	1		0	72	C5	5	939
49	49	192	192	2.0	1/2	1/2	4/4	4	1	1/2	1/2	1		0	48	C3	3	930
49	49	192	192	2.0	1/2	1/2	4/4	6	1	1/2	1/2	1		0	48	C3	3	938
49	49	192	192	2.0	1/2	1/2	4/4	8	1	1/2	1/2	1		0	48	C3	3	942
49	49	192	192	2.0	1/2	1/2	4/4	3	1	1/2	1/2	1		4	64	E4	4	928
49	49	192	192	2.0	1/2	1/2	4/4	5	2	1/2	1/2	1		4	64	E4	4	934
49	49	192	192	2.0	1/2	1/2	4/4	2	1	1/2	1/2	1		1	67	G4	4	926
49	49	192	192	2.0	1/2	1/2	4/4	5	3	1/2	1/2	1		1	67	G4	4	936
49	49	192	192	2.0	1/2	1/2	4/4	1	1	1/2	1/2	1		0	72	C5	5	924
49	49	192	192	2.0	1/2	1/2	4/4	5	1	1/2	1/2	1		0	72	C5	5	932
49	49	192	192	2.0	1/2	1/2	4/4	7	1	1/2	1/2	1		0	72	C5	5	940
50	50	194	194	2.0	0	0	4/4	4	1	1/2	1/2	1		8	44	G#2	2	949
50	50	194	194	2.0	0	0	4/4	6	1	1/2	1/2	1		8	44	G#2	2	957
50	50	194	194	2.0	0	0	4/4	8	1	1/2	1/2	1		8	44	G#2	2	961
50	50	194	194	2.0	0	0	4/4	3	1	1/2	1/2	1		2	62	D4	4	947
50	50	194	194	2.0	0	0	4/4	5	2	1/2	1/2	1		2	62	D4	4	953
50	50	194	194	2.0	0	0	4/4	2	1	1/2	1/2	1		-1	65	F4	4	945
50	50	194	194	2.0	0	0	4/4	5	3	1/2	1/2	1		-1	65	F4	4	955
50	50	194	194	2.0	0	0	4/4	1	1	1/2	1/2	1		5	71	B4	4	943
50	50	194	194	2.0	0	0	4/4	5	1	1/2	1/2	1		5	71	B4	4	951
50	50	194	194	2.0	0	0	4/4	7	1	1/2	1/2	1		5	71	B4	4	959
50	50	196	196	2.0	1/2	1/2	4/4	4	1	1/2	1/2	1		3	45	A2	2	950
50	50	196	196	2.0	1/2	1/2	4/4	6	1	1/2	1/2	1		3	45	A2	2	958
50	50	196	196	2.0	1/2	1/2	4/4	8	1	1/2	1/2	1		3	45	A2	2	962
50	50	196	196	2.0	1/2	1/2	4/4	3	1	1/2	1/2	1		0	60	C4	4	948
50	50	196	196	2.0	1/2	1/2	4/4	5	2	1/2	1/2	1		0	60	C4	4	954
50	50	196	196	2.0	1/2	1/2	4/4	2	1	1/2	1/2	1		4	64	E4	4	946
50	50	196	196	2.0	1/2	1/2	4/4	5	3	1/2	1/2	1		4	64	E4	4	956
50	50	196	196	2.0	1/2	1/2	4/4	1	1	1/2	1/2	1		3	69	A4	4	944
50	50	196	196	2.0	1/2	1/2	4/4	5	1	1/2	1/2	1		3	69	A4	4	952
50	50	196	196	2.0	1/2	1/2	4/4	7	1	1/2	1/2	1		3	69	A4	4	960
51	51	198	198	1.0	0	0	4/4	4	1	1/4	1/4	1		2	50	D3	3	971
51	51	198	198	1.0	0	0	4/4	6	1	1/4	1/4	1		2	50	D3	3	983
51	51	198	198	1.0	0	0	4/4	8	1	1/4	1/4	1		2	50	D3	3	989
51	51	198	198	1.0	0	0	4/4	3	1	1/4	1/4	1		2	62	D4	4	968
51	51	198	198	1.0	0	0	4/4	5	2	1/4	1/4	1		2	62	D4	4	977
51	51	198	198	1.0	0	0	4/4	2	1	1/4	1/4	1		-1	65	F4	4	965
51	51	198	198	1.0	0	0	4/4	5	3	1/4	1/4	1		-1	65	F4	4	980
51	51	198	198	2.0	0	0	4/4	1	1	1/2	1/2	1		5	71	B4	4	963
51	51	198	198	2.0	0	0	4/4	5	1	1/2	1/2	1		5	71	B4	4	975
51	51	198	198	2.0	0	0	4/4	7	1	1/2	1/2	1		5	71	B4	4	987
51	51	199	199	1.0	1/4	1/4	4/4	4	1	1/4	1/4	1		4	52	E3	3	972
51	51	199	199	1.0	1/4	1/4	4/4	6	1	1/4	1/4	1		4	52	E3	3	984
51	51	199	199	1.0	1/4	1/4	4/4	8	1	1/4	1/4	1		4	52	E3	3	990
51	51	199	199	1.0	1/4	1/4	4/4	3	1	1/4	1/4	1		5	59	B3	3	969
51	51	199	199	1.0	1/4	1/4	4/4	5	2	1/4	1/4	1		5	59	B3	3	978
51	51	199	199	1.0	1/4	1/4	4/4	2	1	1/4	1/4	1		1	67	G4	4	966
51	51	199	199	1.0	1/4	1/4	4/4	5	3	1/4	1/4	1		1	67	G4	4	981
51	51	200	200	1.0	1/2	1/2	4/4	4	1	1/4	1/4	1		7	49	C#3	3	973
51	51	200	200	1.0	1/2	1/2	4/4	6	1	1/4	1/4	1		7	49	C#3	3	985
51	51	200	200	1.0	1/2	1/2	4/4	8	1	1/4	1/4	1		7	49	C#3	3	991
51	51	200	200	2.0	1/2	1/2	4/4	3	1	1/2	1/2	1	1	4	64	E4	4	970
51	51	200	200	2.0	1/2	1/2	4/4	5	2	1/2	1/2	1	1	4	64	E4	4	979
51	51	200	200	2.0	1/2	1/2	4/4	2	1	1/2	1/2	1	1	1	67	G4	4	967
51	51	200	200	2.0	1/2	1/2	4/4	5	3	1/2	1/2	1	1	1	67	G4	4	982
51	51	200	200	2.0	1/2	1/2	4/4	1	1	1/2	1/2	1		3	69	A4	4	964
51	51	200	200	2.0	1/2	1/2	4/4	5	1	1/2	1/2	1		3	69	A4	4	976
51	51	200	200	2.0	1/2	1/2	4/4	7	1	1/2	1/2	1		3	69	A4	4	988
51	51	201	201	1.0	3/4	3/4	4/4	4	1	1/4	1/4	1		3	45	A2	2	974
51	51	201	201	1.0	3/4	3/4	4/4	6	1	1/4	1/4	1		3	45	A2	2	986
51	51	201	201	1.0	3/4	3/4	4/4	8	1	1/4	1/4	1		3	45	A2	2	992
52	52	202	202	2.0	0	0	4/4	4	1	1/2	1/2	1		2	50	D3	3	1001
52	52	202	202	2.0	0	0	4/4	6	1	1/2	1/2	1		2	50	D3	3	1011
52	52	202	202	2.0	0	0	4/4	8	1	1/2	1/2	1		2	50	D3	3	1015
52	52	202	202	1.0	0	0	4/4	3	1	1/4	1/4	1	-1	4	64	E4	4	998
52	52	202	202	1.0	0	0	4/4	5	2	1/4	1/4	1	-1	4	64	E4	4	1005
52	52	202	202	1.0	0	0	4/4	2	1	1/4	1/4	1	-1	1	67	G4	4	995
52	52	202	202	1.0	0	0	4/4	5	3	1/4	1/4	1	-1	1	67	G4	4	1008
52	52	202	202	2.0	0	0	4/4	1	1	1/2	1/2	1		3	69	A4	4	993
52	52	202	202	2.0	0	0	4/4	5	1	1/2	1/2	1		3	69	A4	4	1003
52	52	202	202	2.0	0	0	4/4	7	1	1/2	1/2	1		3	69	A4	4	1013
52	52	203	203	1.0	1/4	1/4	4/4	3	1	1/4	1/4	1		2	62	D4	4	999
52	52	203	203	1.0	1/4	1/4	4/4	5	2	1/4	1/4	1		2	62	D4	4	1006
52	52	203	203	1.0	1/4	1/4	4/4	2	1	1/4	1/4	1		-1	65	F4	4	996
52	52	203	203	1.0	1/4	1/4	4/4	5	3	1/4	1/4	1		-1	65	F4	4	1009
52	52	204	204	2.0	1/2	1/2	4/4	4	1	1/2	1/2	1		-1	53	F3	3	1002
52	52	204	204	2.0	1/2	1/2	4/4	6	1	1/2	1/2	1		-1	53	F3	3	1012
52	52	204	204	2.0	1/2	1/2	4/4	8	1	1/2	1/2	1		-1	53	F3	3	1016
52	52	204	204	2.0	1/2	1/2	4/4	3	1	1/2	1/2	1		0	60	C4	4	1000
52	52	204	204	2.0	1/2	1/2	4/4	5	2	1/2	1/2	1		0	60	C4	4	1007
52	52	204	204	2.0	1/2	1/2	4/4	2	1	1/2	1/2	1		-1	65	F4	4	997
52	52	204	204	2.0	1/2	1/2	4/4	5	3	1/2	1/2	1		-1	65	F4	4	1010
52	52	204	204	2.0	1/2	1/2	4/4	1	1	1/2	1/2	1		3	69	A4	4	994
52	52	204	204	2.0	1/2	1/2	4/4	5	1	1/2	1/2	1		3	69	A4	4	1004
52	52	204	204	2.0	1/2	1/2	4/4	7	1	1/2	1/2	1		3	69	A4	4	1014
53	53	206	206	2.0	0	0	4/4	4	1	1/2	1/2	1		2	50	D3	3	1023
53	53	206	206	4.0	0	0	4/4	6	1	1	1	1		2	50	D3	3	1030
53	53	206	206	4.0	0	0	4/4	8	1	1	1	1		2	50	D3	3	1033
53	53	206	206	2.0	0	0	4/4	3	1	1/2	1/2	1		5	59	B3	3	1021
53	53	206	206	4.0	0	0	4/4	5	2	1	1	1		5	59	B3	3	1027
53	53	206	206	2.0	0	0	4/4	2	1	1/2	1/2	1		-1	65	F4	4	1019
53	53	206	206	2.0	0	0	4/4	5	3	1/2	1/2	1		-1	65	F4	4	1028
53	53	206	206	2.0	0	0	4/4	1	1	1/2	1/2	1		3	69	A4	4	1017
53	53	206	206	2.0	0	0	4/4	5	1	1/2	1/2	1		3	69	A4	4	1025
53	53	206	206	2.0	0	0	4/4	7	1	1/2	1/2	1		3	69	A4	4	1031
53	53	208	208	2.0	1/2	1/2	4/4	4	1	1/2	1/2	1		2	50	D3	3	1024
53	53	208	208	2.0	1/2	1/2	4/4	3	1	1/2	1/2	1		5	59	B3	3	1022
53	53	208	208	2.0	1/2	1/2	4/4	2	1	1/2	1/2	1		4	64	E4	4	1020
53	53	208	208	2.0	1/2	1/2	4/4	5	3	1/2	1/2	1		4	64	E4	4	1029
53	53	208	208	2.0	1/2	1/2	4/4	1	1	1/2	1/2	1		1	67	G4	4	1018
53	53	208	208	2.0	1/2	1/2	4/4	5	1	1/2	1/2	1		1	67	G4	4	1026
53	53	208	208	2.0	1/2	1/2	4/4	7	1	1/2	1/2	1		1	67	G4	4	1032
54	54	210	210	2.0	0	0	4/4	4	1	1/2	1/2	1		0	48	C3	3	1042
54	54	210	210	2.0	0	0	4/4	6	1	1/2	1/2	1		0	48	C3	3	1052
54	54	210	210	2.0	0	0	4/4	8	1	1/2	1/2	1		0	48	C3	3	1056
54	54	210	210	1.0	0	0	4/4	3	1	1/4	1/4	1		0	60	C4	4	1039
54	54	210	210	1.0	0	0	4/4	5	2	1/4	1/4	1		0	60	C4	4	1046
54	54	210	210	1.0	0	0	4/4	2	1	1/4	1/4	1		4	64	E4	4	1036
54	54	210	210	1.0	0	0	4/4	5	3	1/4	1/4	1		4	64	E4	4	1049
54	54	210	210	2.0	0	0	4/4	1	1	1/2	1/2	1		3	69	A4	4	1034
54	54	210	210	2.0	0	0	4/4	5	1	1/2	1/2	1		3	69	A4	4	1044
54	54	210	210	2.0	0	0	4/4	7	1	1/2	1/2	1		3	69	A4	4	1054
54	54	211	211	1.0	1/4	1/4	4/4	3	1	1/4	1/4	1		2	62	D4	4	1040
54	54	211	211	1.0	1/4	1/4	4/4	5	2	1/4	1/4	1		2	62	D4	4	1047
54	54	211	211	1.0	1/4	1/4	4/4	2	1	1/4	1/4	1		6	66	F#4	4	1037
54	54	211	211	1.0	1/4	1/4	4/4	5	3	1/4	1/4	1		6	66	F#4	4	1050
54	54	212	212	2.0	1/2	1/2	4/4	4	1	1/2	1/2	1		5	47	B2	2	1043
54	54	212	212	2.0	1/2	1/2	4/4	6	1	1/2	1/2	1		5	47	B2	2	1053
54	54	212	212	2.0	1/2	1/2	4/4	8	1	1/2	1/2	1		5	47	B2	2	1057
54	54	212	212	2.0	1/2	1/2	4/4	3	1	1/2	1/2	1		2	62	D4	4	1041
54	54	212	212	2.0	1/2	1/2	4/4	5	2	1/2	1/2	1		2	62	D4	4	1048
54	54	212	212	2.0	1/2	1/2	4/4	2	1	1/2	1/2	1		1	67	G4	4	1038
54	54	212	212	2.0	1/2	1/2	4/4	5	3	1/2	1/2	1		1	67	G4	4	1051
54	54	212	212	2.0	1/2	1/2	4/4	1	1	1/2	1/2	1		5	71	B4	4	1035
54	54	212	212	2.0	1/2	1/2	4/4	5	1	1/2	1/2	1		5	71	B4	4	1045
54	54	212	212	2.0	1/2	1/2	4/4	7	1	1/2	1/2	1		5	71	B4	4	1055
55	55	214	214	1.0	0	0	4/4	4	1	1/4	1/4	1		4	52	E3	3	1066
55	55	214	214	1.0	0	0	4/4	6	1	1/4	1/4	1		4	52	E3	3	1077
55	55	214	214	1.0	0	0	4/4	8	1	1/4	1/4	1		4	52	E3	3	1083
55	55	214	214	2.0	0	0	4/4	3	1	1/2	1/2	1		0	60	C4	4	1063
55	55	214	214	2.0	0	0	4/4	5	2	1/2	1/2	1		0	60	C4	4	1072
55	55	214	214	2.0	0	0	4/4	2	1	1/2	1/2	1	1	1	67	G4	4	1060
55	55	214	214	3.0	0	0	4/4	5	3	3/4	1/2	3/2		1	67	G4	4	1075
55	55	214	214	2.0	0	0	4/4	1	1	1/2	1/2	1		0	72	C5	5	1058
55	55	214	214	2.0	0	0	4/4	5	1	1/2	1/2	1		0	72	C5	5	1070
55	55	214	214	2.0	0	0	4/4	7	1	1/2	1/2	1		0	72	C5	5	1081
55	55	215	215	1.0	1/4	1/4	4/4	4	1	1/4	1/4	1		2	50	D3	3	1067
55	55	215	215	1.0	1/4	1/4	4/4	6	1	1/4	1/4	1		2	50	D3	3	1078
55	55	215	215	1.0	1/4	1/4	4/4	8	1	1/4	1/4	1		2	50	D3	3	1084
55	55	216	216	1.0	1/2	1/2	4/4	4	1	1/4	1/4	1		0	48	C3	3	1068
55	55	216	216	1.0	1/2	1/2	4/4	6	1	1/4	1/4	1		0	48	C3	3	1079
55	55	216	216	1.0	1/2	1/2	4/4	8	1	1/4	1/4	1		0	48	C3	3	1085
55	55	216	216	1.0	1/2	1/2	4/4	3	1	1/4	1/4	1		4	64	E4	4	1064
55	55	216	216	1.0	1/2	1/2	4/4	5	2	1/4	1/4	1		4	64	E4	4	1073
55	55	216	216	1.0	1/2	1/2	4/4	2	1	1/4	1/4	1	-1	1	67	G4	4	1061
55	55	216	216	2.0	1/2	1/2	4/4	1	1	1/2	1/2	1		3	69	A4	4	1059
55	55	216	216	2.0	1/2	1/2	4/4	5	1	1/2	1/2	1		3	69	A4	4	1071
55	55	216	216	2.0	1/2	1/2	4/4	7	1	1/2	1/2	1		3	69	A4	4	1082
55	55	217	217	1.0	3/4	3/4	4/4	4	1	1/4	1/4	1		2	50	D3	3	1069
55	55	217	217	1.0	3/4	3/4	4/4	6	1	1/4	1/4	1		2	50	D3	3	1080
55	55	217	217	1.0	3/4	3/4	4/4	8	1	1/4	1/4	1		2	50	D3	3	1086
55	55	217	217	1.0	3/4	3/4	4/4	3	1	1/4	1/4	1		2	62	D4	4	1065
55	55	217	217	1.0	3/4	3/4	4/4	5	2	1/4	1/4	1		2	62	D4	4	1074
55	55	217	217	1.0	3/4	3/4	4/4	2	1	1/4	1/4	1		6	66	F#4	4	1062
55	55	217	217	1.0	3/4	3/4	4/4	5	3	1/4	1/4	1		6	66	F#4	4	1076
56	56	218	218	2.0	0	0	4/4	4	1	1/2	1/2	1		1	43	G2	2	1093
56	56	218	218	2.0	0	0	4/4	6	1	1/2	1/2	1		1	43	G2	2	1101
56	56	218	218	2.0	0	0	4/4	8	1	1/2	1/2	1		1	43	G2	2	1105
56	56	218	218	2.0	0	0	4/4	3	1	1/2	1/2	1		5	59	B3	3	1091
56	56	218	218	2.0	0	0	4/4	5	2	1/2	1/2	1		5	59	B3	3	1097
56	56	218	218	2.0	0	0	4/4	5	3	1/2	1/2	1		2	62	D4	4	1099
56	56	218	218	2.0	0	0	4/4	1	1	1/2	1/2	1		1	67	G4	4	1087
56	56	218	218	2.0	0	0	4/4	2	1	1/2	1/2	1		1	67	G4	4	1089
56	56	218	218	2.0	0	0	4/4	5	1	1/2	1/2	1		1	67	G4	4	1095
56	56	218	218	2.0	0	0	4/4	7	1	1/2	1/2	1		1	67	G4	4	1103
56	56	220	220	2.0	1/2	1/2	4/4	3	1	1/2	1/2	1		3	57	A3	3	1092
56	56	220	220	2.0	1/2	1/2	4/4	4	1	1/2	1/2	1		3	57	A3	3	1094
56	56	220	220	2.0	1/2	1/2	4/4	6	1	1/2	1/2	1		3	57	A3	3	1102
56	56	220	220	2.0	1/2	1/2	4/4	8	1	1/2	1/2	1		3	57	A3	3	1106
56	56	220	220	2.0	1/2	1/2	4/4	2	1	1/2	1/2	1		4	64	E4	4	1090
56	56	220	220	2.0	1/2	1/2	4/4	5	2	1/2	1/2	1		4	64	E4	4	1098
56	56	220	220	2.0	1/2	1/2	4/4	5	3	1/2	1/2	1		3	69	A4	4	1100
56	56	220	220	2.0	1/2	1/2	4/4	1	1	1/2	1/2	1		0	72	C5	5	1088
56	56	220	220	2.0	1/2	1/2	4/4	5	1	1/2	1/2	1		0	72	C5	5	1096
56	56	220	220	2.0	1/2	1/2	4/4	7	1	1/2	1/2	1		0	72	C5	5	1104
57	57	222	222	2.0	0	0	4/4	4	1	1/2	1/2	1		1	55	G3	3	1113
57	57	222	222	2.0	0	0	4/4	6	1	1/2	1/2	1		1	55	G3	3	1121
57	57	222	222	2.0	0	0	4/4	8	1	1/2	1/2	1		1	55	G3	3	1125
57	57	222	222	2.0	0	0	4/4	3	1	1/2	1/2	1		3	57	A3	3	1111
57	57	222	222	2.0	0	0	4/4	2	1	1/2	1/2	1		4	64	E4	4	1109
57	57	222	222	2.0	0	0	4/4	5	2	1/2	1/2	1		4	64	E4	4	1117
57	57	222	222	2.0	0	0	4/4	5	3	1/2	1/2	1		3	69	A4	4	1119
57	57	222	222	2.0	0	0	4/4	1	1	1/2	1/2	1		0	72	C5	5	1107
57	57	222	222	2.0	0	0	4/4	5	1	1/2	1/2	1		0	72	C5	5	1115
57	57	222	222	2.0	0	0	4/4	7	1	1/2	1/2	1		0	72	C5	5	1123
57	57	224	224	2.0	1/2	1/2	4/4	4	1	1/2	1/2	1		6	54	F#3	3	1114
57	57	224	224	2.0	1/2	1/2	4/4	6	1	1/2	1/2	1		6	54	F#3	3	1122
57	57	224	224	2.0	1/2	1/2	4/4	8	1	1/2	1/2	1		6	54	F#3	3	1126
57	57	224	224	2.0	1/2	1/2	4/4	3	1	1/2	1/2	1		3	57	A3	3	1112
57	57	224	224	2.0	1/2	1/2	4/4	2	1	1/2	1/2	1		9	63	D#4	4	1110
57	57	224	224	2.0	1/2	1/2	4/4	5	2	1/2	1/2	1		9	63	D#4	4	1118
57	57	224	224	2.0	1/2	1/2	4/4	5	3	1/2	1/2	1		3	69	A4	4	1120
57	57	224	224	2.0	1/2	1/2	4/4	1	1	1/2	1/2	1		0	72	C5	5	1108
57	57	224	224	2.0	1/2	1/2	4/4	5	1	1/2	1/2	1		0	72	C5	5	1116
57	57	224	224	2.0	1/2	1/2	4/4	7	1	1/2	1/2	1		0	72	C5	5	1124
58	58	226	226	2.0	0	0	4/4	4	1	1/2	1/2	1		8	56	G#3	3	1134
58	58	226	226	2.0	0	0	4/4	6	1	1/2	1/2	1		8	56	G#3	3	1142
58	58	226	226	2.0	0	0	4/4	8	1	1/2	1/2	1		8	56	G#3	3	1146
58	58	226	226	1.0	0	0	4/4	3	1	1/4	1/4	1		5	59	B3	3	1131
58	58	226	226	2.0	0	0	4/4	2	1	1/2	1/2	1		2	62	D4	4	1129
58	58	226	226	2.0	0	0	4/4	5	2	1/2	1/2	1		2	62	D4	4	1138
58	58	226	226	2.0	0	0	4/4	5	3	1/2	1/2	1		4	64	E4	4	1140
58	58	226	226	2.0	0	0	4/4	1	1	1/2	1/2	1		5	71	B4	4	1127
58	58	226	226	2.0	0	0	4/4	5	1	1/2	1/2	1		5	71	B4	4	1136
58	58	226	226	2.0	0	0	4/4	7	1	1/2	1/2	1		5	71	B4	4	1144
58	58	227	227	1.0	1/4	1/4	4/4	3	1	1/4	1/4	1		4	64	E4	4	1132
58	58	228	228	2.0	1/2	1/2	4/4	4	1	1/2	1/2	1		3	57	A3	3	1135
58	58	228	228	2.0	1/2	1/2	4/4	6	1	1/2	1/2	1		3	57	A3	3	1143
58	58	228	228	2.0	1/2	1/2	4/4	8	1	1/2	1/2	1		3	57	A3	3	1147
58	58	228	228	2.0	1/2	1/2	4/4	2	1	1/2	1/2	1		0	60	C4	4	1130
58	58	228	228	2.0	1/2	1/2	4/4	5	2	1/2	1/2	1		0	60	C4	4	1139
58	58	228	228	2.0	1/2	1/2	4/4	3	1	1/2	1/2	1		4	64	E4	4	1133
58	58	228	228	2.0	1/2	1/2	4/4	5	3	1/2	1/2	1		4	64	E4	4	1141
58	58	228	228	2.0	1/2	1/2	4/4	1	1	1/2	1/2	1		3	69	A4	4	1128
58	58	228	228	2.0	1/2	1/2	4/4	5	1	1/2	1/2	1		3	69	A4	4	1137
58	58	228	228	2.0	1/2	1/2	4/4	7	1	1/2	1/2	1		3	69	A4	4	1145
59	59	230	230	1.0	0	0	4/4	4	1	1/4	1/4	1		2	50	D3	3	1154
59	59	230	230	1.0	0	0	4/4	6	1	1/4	1/4	1		2	50	D3	3	1163
59	59	230	230	1.0	0	0	4/4	8	1	1/4	1/4	1		2	50	D3	3	1168
59	59	230	230	2.0	0	0	4/4	3	1	1/2	1/2	1		2	62	D4	4	1152
59	59	230	230	2.0	0	0	4/4	5	2	1/2	1/2	1		2	62	D4	4	1159
59	59	230	230	2.0	0	0	4/4	2	1	1/2	1/2	1		-1	65	F4	4	1150
59	59	230	230	2.0	0	0	4/4	5	3	1/2	1/2	1		-1	65	F4	4	1161
59	59	230	230	2.0	0	0	4/4	1	1	1/2	1/2	1		5	71	B4	4	1148
59	59	230	230	2.0	0	0	4/4	5	1	1/2	1/2	1		5	71	B4	4	1157
59	59	230	230	2.0	0	0	4/4	7	1	1/2	1/2	1		5	71	B4	4	1166
59	59	231	231	1.0	1/4	1/4	4/4	4	1	1/4	1/4	1		4	52	E3	3	1155
59	59	231	231	1.0	1/4	1/4	4/4	6	1	1/4	1/4	1		4	52	E3	3	1164
59	59	231	231	1.0	1/4	1/4	4/4	8	1	1/4	1/4	1		4	52	E3	3	1169
59	59	232	232	2.0	1/2	1/2	4/4	4	1	1/2	1/2	1		-1	53	F3	3	1156
59	59	232	232	2.0	1/2	1/2	4/4	6	1	1/2	1/2	1		-1	53	F3	3	1165
59	59	232	232	2.0	1/2	1/2	4/4	8	1	1/2	1/2	1		-1	53	F3	3	1170
59	59	232	232	2.0	1/2	1/2	4/4	3	1	1/2	1/2	1		2	62	D4	4	1153
59	59	232	232	2.0	1/2	1/2	4/4	5	2	1/2	1/2	1		2	62	D4	4	1160
59	59	232	232	2.0	1/2	1/2	4/4	2	1	1/2	1/2	1		-1	65	F4	4	1151
59	59	232	232	2.0	1/2	1/2	4/4	5	3	1/2	1/2	1		-1	65	F4	4	1162
59	59	232	232	2.0	1/2	1/2	4/4	1	1	1/2	1/2	1		3	69	A4	4	1149
59	59	232	232	2.0	1/2	1/2	4/4	5	1	1/2	1/2	1		3	69	A4	4	1158
59	59	232	232	2.0	1/2	1/2	4/4	7	1	1/2	1/2	1		3	69	A4	4	1167
60	60	234	234	2.0	0	0	4/4	4	1	1/2	1/2	1		3	45	A2	2	1177
60	60	234	234	2.0	0	0	4/4	6	1	1/2	1/2	1		3	45	A2	2	1185
60	60	234	234	2.0	0	0	4/4	8	1	1/2	1/2	1		3	45	A2	2	1189
60	60	234	234	2.0	0	0	4/4	3	1	1/2	1/2	1		7	61	C#4	4	1175
60	60	234	234	2.0	0	0	4/4	5	2	1/2	1/2	1		7	61	C#4	4	1181
60	60	234	234	2.0	0	0	4/4	2	1	1/2	1/2	1		4	64	E4	4	1173
60	60	234	234	2.0	0	0	4/4	5	3	1/2	1/2	1		4	64	E4	4	1183
60	60	234	234	2.0	0	0	4/4	1	1	1/2	1/2	1		3	69	A4	4	1171
60	60	234	234	2.0	0	0	4/4	5	1	1/2	1/2	1		3	69	A4	4	1179
60	60	234	234	2.0	0	0	4/4	7	1	1/2	1/2	1		3	69	A4	4	1187
60	60	236	236	2.0	1/2	1/2	4/4	4	1	1/2	1/2	1		7	49	C#3	3	1178
60	60	236	236	2.0	1/2	1/2	4/4	6	1	1/2	1/2	1		7	49	C#3	3	1186
60	60	236	236	2.0	1/2	1/2	4/4	8	1	1/2	1/2	1		7	49	C#3	3	1190
60	60	236	236	2.0	1/2	1/2	4/4	3	1	1/2	1/2	1		4	64	E4	4	1176
60	60	236	236	2.0	1/2	1/2	4/4	5	2	1/2	1/2	1		4	64	E4	4	1182
60	60	236	236	2.0	1/2	1/2	4/4	2	1	1/2	1/2	1		1	67	G4	4	1174
60	60	236	236	2.0	1/2	1/2	4/4	5	3	1/2	1/2	1		1	67	G4	4	1184
60	60	236	236	2.0	1/2	1/2	4/4	1	1	1/2	1/2	1		3	69	A4	4	1172
60	60	236	236	2.0	1/2	1/2	4/4	5	1	1/2	1/2	1		3	69	A4	4	1180
60	60	236	236	2.0	1/2	1/2	4/4	7	1	1/2	1/2	1		3	69	A4	4	1188
61	61	238	238	2.0	0	0	4/4	4	1	1/2	1/2	1		2	50	D3	3	1198
61	61	238	238	2.0	0	0	4/4	6	1	1/2	1/2	1		2	50	D3	3	1206
61	61	238	238	2.0	0	0	4/4	8	1	1/2	1/2	1		2	50	D3	3	1210
61	61	238	238	2.0	0	0	4/4	3	1	1/2	1/2	1	1	2	62	D4	4	1195
61	61	238	238	3.0	0	0	4/4	5	2	3/4	1/2	3/2		2	62	D4	4	1202
61	61	238	238	2.0	0	0	4/4	2	1	1/2	1/2	1		-1	65	F4	4	1193
61	61	238	238	2.0	0	0	4/4	5	3	1/2	1/2	1		-1	65	F4	4	1204
61	61	238	238	2.0	0	0	4/4	1	1	1/2	1/2	1		3	69	A4	4	1191
61	61	238	238	2.0	0	0	4/4	5	1	1/2	1/2	1		3	69	A4	4	1200
61	61	238	238	2.0	0	0	4/4	7	1	1/2	1/2	1		3	69	A4	4	1208
61	61	240	240	2.0	1/2	1/2	4/4	4	1	1/2	1/2	1		4	52	E3	3	1199
61	61	240	240	2.0	1/2	1/2	4/4	6	1	1/2	1/2	1		4	52	E3	3	1207
61	61	240	240	2.0	1/2	1/2	4/4	8	1	1/2	1/2	1		4	52	E3	3	1211
61	61	240	240	1.0	1/2	1/2	4/4	3	1	1/4	1/4	1	-1	2	62	D4	4	1196
61	61	240	240	2.0	1/2	1/2	4/4	1	1	1/2	1/2	1		1	67	G4	4	1192
61	61	240	240	2.0	1/2	1/2	4/4	2	1	1/2	1/2	1		1	67	G4	4	1194
61	61	240	240	2.0	1/2	1/2	4/4	5	1	1/2	1/2	1		1	67	G4	4	1201
61	61	240	240	2.0	1/2	1/2	4/4	5	3	1/2	1/2	1		1	67	G4	4	1205
61	61	240	240	2.0	1/2	1/2	4/4	7	1	1/2	1/2	1		1	67	G4	4	1209
61	61	241	241	1.0	3/4	3/4	4/4	3	1	1/4	1/4	1		0	60	C4	4	1197
61	61	241	241	1.0	3/4	3/4	4/4	5	2	1/4	1/4	1		0	60	C4	4	1203
62	62	242	242	1.0	0	0	4/4	4	1	1/4	1/4	1		-1	53	F3	3	1221
62	62	242	242	1.0	0	0	4/4	6	1	1/4	1/4	1		-1	53	F3	3	1233
62	62	242	242	1.0	0	0	4/4	8	1	1/4	1/4	1		-1	53	F3	3	1239
62	62	242	242	2.0	0	0	4/4	3	1	1/2	1/2	1		3	57	A3	3	1218
62	62	242	242	2.0	0	0	4/4	5	2	1/2	1/2	1		3	57	A3	3	1227
62	62	242	242	1.0	0	0	4/4	2	1	1/4	1/4	1		0	60	C4	4	1214
62	62	242	242	1.0	0	0	4/4	5	3	1/4	1/4	1		0	60	C4	4	1230
62	62	242	242	2.0	0	0	4/4	1	1	1/2	1/2	1		3	69	A4	4	1212
62	62	242	242	2.0	0	0	4/4	5	1	1/2	1/2	1		3	69	A4	4	1225
62	62	242	242	2.0	0	0	4/4	7	1	1/2	1/2	1		3	69	A4	4	1237
62	62	243	243	1.0	1/4	1/4	4/4	4	1	1/4	1/4	1		6	54	F#3	3	1222
62	62	243	243	1.0	1/4	1/4	4/4	6	1	1/4	1/4	1		6	54	F#3	3	1234
62	62	243	243	1.0	1/4	1/4	4/4	8	1	1/4	1/4	1		6	54	F#3	3	1240
62	62	243	243	1.0	1/4	1/4	4/4	2	1	1/4	1/4	1		2	62	D4	4	1215
62	62	243	243	2.0	1/4	1/4	4/4	5	3	1/2	1/2	1		2	62	D4	4	1231
62	62	244	244	1.0	1/2	1/2	4/4	4	1	1/4	1/4	1		1	55	G3	3	1223
62	62	244	244	1.0	1/2	1/2	4/4	6	1	1/4	1/4	1		1	55	G3	3	1235
62	62	244	244	1.0	1/2	1/2	4/4	8	1	1/4	1/4	1		1	55	G3	3	1241
62	62	244	244	1.0	1/2	1/2	4/4	2	1	1/4	1/4	1		2	62	D4	4	1216
62	62	244	244	1.0	1/2	1/2	4/4	3	1	1/4	1/4	1		2	62	D4	4	1219
62	62	244	244	1.0	1/2	1/2	4/4	5	2	1/4	1/4	1		2	62	D4	4	1228
62	62	244	244	2.0	1/2	1/2	4/4	1	1	1/2	1/2	1		5	71	B4	4	1213
62	62	244	244	2.0	1/2	1/2	4/4	5	1	1/2	1/2	1		5	71	B4	4	1226
62	62	244	244	2.0	1/2	1/2	4/4	7	1	1/2	1/2	1		5	71	B4	4	1238
62	62	245	245	1.0	3/4	3/4	4/4	4	1	1/4	1/4	1		8	56	G#3	3	1224
62	62	245	245	1.0	3/4	3/4	4/4	6	1	1/4	1/4	1		8	56	G#3	3	1236
62	62	245	245	1.0	3/4	3/4	4/4	8	1	1/4	1/4	1		8	56	G#3	3	1242
62	62	245	245	1.0	3/4	3/4	4/4	3	1	1/4	1/4	1		5	59	B3	3	1220
62	62	245	245	1.0	3/4	3/4	4/4	5	2	1/4	1/4	1		5	59	B3	3	1229
62	62	245	245	1.0	3/4	3/4	4/4	2	1	1/4	1/4	1		4	64	E4	4	1217
62	62	245	245	1.0	3/4	3/4	4/4	5	3	1/4	1/4	1		4	64	E4	4	1232
63	63	246	246	1.0	0	0	4/4	3	1	1/4	1/4	1		3	57	A3	3	1247
63	63	246	246	2.0	0	0	4/4	4	1	1/2	1/2	1		3	57	A3	3	1251
63	63	246	246	2.0	0	0	4/4	5	2	1/2	1/2	1		3	57	A3	3	1255
63	63	246	246	2.0	0	0	4/4	6	1	1/2	1/2	1		3	57	A3	3	1260
63	63	246	246	2.0	0	0	4/4	8	1	1/2	1/2	1		3	57	A3	3	1264
63	63	246	246	2.0	0	0	4/4	2	1	1/2	1/2	1		4	64	E4	4	1245
63	63	246	246	2.0	0	0	4/4	5	3	1/2	1/2	1		4	64	E4	4	1258
63	63	246	246	2.0	0	0	4/4	1	1	1/2	1/2	1		0	72	C5	5	1243
63	63	246	246	2.0	0	0	4/4	5	1	1/2	1/2	1		0	72	C5	5	1253
63	63	246	246	2.0	0	0	4/4	7	1	1/2	1/2	1		0	72	C5	5	1262
63	63	247	247	1.0	1/4	1/4	4/4	3	1	1/4	1/4	1		1	55	G3	3	1248
63	63	248	248	2.0	1/2	1/2	4/4	4	1	1/2	1/2	1		2	50	D3	3	1252
63	63	248	248	2.0	1/2	1/2	4/4	6	1	1/2	1/2	1		2	50	D3	3	1261
63	63	248	248	2.0	1/2	1/2	4/4	8	1	1/2	1/2	1		2	50	D3	3	1265
63	63	248	248	1.0	1/2	1/2	4/4	3	1	1/4	1/4	1		6	54	F#3	3	1249
63	63	248	248	1.0	1/2	1/2	4/4	5	2	1/4	1/4	1		6	54	F#3	3	1256
63	63	248	248	2.0	1/2	1/2	4/4	2	1	1/2	1/2	1		2	62	D4	4	1246
63	63	248	248	2.0	1/2	1/2	4/4	5	3	1/2	1/2	1		2	62	D4	4	1259
63	63	248	248	2.0	1/2	1/2	4/4	1	1	1/2	1/2	1		3	69	A4	4	1244
63	63	248	248	2.0	1/2	1/2	4/4	5	1	1/2	1/2	1		3	69	A4	4	1254
63	63	248	248	2.0	1/2	1/2	4/4	7	1	1/2	1/2	1		3	69	A4	4	1263
63	63	249	249	1.0	3/4	3/4	4/4	3	1	1/4	1/4	1		0	60	C4	4	1250
63	63	249	249	1.0	3/4	3/4	4/4	5	2	1/4	1/4	1		0	60	C4	4	1257
64	64	250	250	2.0	0	0	4/4	4	1	1/2	1/2	1		1	43	G2	2	1272
64	64	250	250	2.0	0	0	4/4	6	1	1/2	1/2	1		1	43	G2	2	1280
64	64	250	250	2.0	0	0	4/4	8	1	1/2	1/2	1		1	43	G2	2	1284
64	64	250	250	2.0	0	0	4/4	3	1	1/2	1/2	1		5	59	B3	3	1270
64	64	250	250	2.0	0	0	4/4	5	2	1/2	1/2	1		5	59	B3	3	1276
64	64	250	250	2.0	0	0	4/4	2	1	1/2	1/2	1		2	62	D4	4	1268
64	64	250	250	2.0	0	0	4/4	5	3	1/2	1/2	1		2	62	D4	4	1278
64	64	250	250	2.0	0	0	4/4	1	1	1/2	1/2	1		1	67	G4	4	1266
64	64	250	250	2.0	0	0	4/4	5	1	1/2	1/2	1		1	67	G4	4	1274
64	64	250	250	2.0	0	0	4/4	7	1	1/2	1/2	1		1	67	G4	4	1282
64	64	252	252	2.0	1/2	1/2	4/4	4	1	1/2	1/2	1		6	54	F#3	3	1273
64	64	252	252	2.0	1/2	1/2	4/4	6	1	1/2	1/2	1		6	54	F#3	3	1281
64	64	252	252	2.0	1/2	1/2	4/4	8	1	1/2	1/2	1		6	54	F#3	3	1285
64	64	252	252	2.0	1/2	1/2	4/4	3	1	1/2	1/2	1		3	57	A3	3	1271
64	64	252	252	2.0	1/2	1/2	4/4	5	2	1/2	1/2	1		3	57	A3	3	1277
64	64	252	252	2.0	1/2	1/2	4/4	2	1	1/2	1/2	1		9	63	D#4	4	1269
64	64	252	252	2.0	1/2	1/2	4/4	5	3	1/2	1/2	1		9	63	D#4	4	1279
64	64	252	252	2.0	1/2	1/2	4/4	1	1	1/2	1/2	1		0	72	C5	5	1267
64	64	252	252	2.0	1/2	1/2	4/4	5	1	1/2	1/2	1		0	72	C5	5	1275
64	64	252	252	2.0	1/2	1/2	4/4	7	1	1/2	1/2	1		0	72	C5	5	1283
65	65	254	254	2.0	0	0	4/4	4	1	1/2	1/2	1		4	52	E3	3	1292
65	65	254	254	2.0	0	0	4/4	6	1	1/2	1/2	1		4	52	E3	3	1300
65	65	254	254	2.0	0	0	4/4	8	1	1/2	1/2	1		4	52	E3	3	1304
65	65	254	254	2.0	0	0	4/4	3	1	1/2	1/2	1		3	57	A3	3	1290
65	65	254	254	2.0	0	0	4/4	5	2	1/2	1/2	1		3	57	A3	3	1296
65	65	254	254	2.0	0	0	4/4	2	1	1/2	1/2	1		4	64	E4	4	1288
65	65	254	254	2.0	0	0	4/4	5	3	1/2	1/2	1		4	64	E4	4	1298
65	65	254	254	2.0	0	0	4/4	1	1	1/2	1/2	1		0	72	C5	5	1286
65	65	254	254	2.0	0	0	4/4	5	1	1/2	1/2	1		0	72	C5	5	1294
65	65	254	254	2.0	0	0	4/4	7	1	1/2	1/2	1		0	72	C5	5	1302
65	65	256	256	2.0	1/2	1/2	4/4	4	1	1/2	1/2	1		9	51	D#3	3	1293
65	65	256	256	2.0	1/2	1/2	4/4	6	1	1/2	1/2	1		9	51	D#3	3	1301
65	65	256	256	2.0	1/2	1/2	4/4	8	1	1/2	1/2	1		9	51	D#3	3	1305
65	65	256	256	2.0	1/2	1/2	4/4	3	1	1/2	1/2	1		3	57	A3	3	1291
65	65	256	256	2.0	1/2	1/2	4/4	5	2	1/2	1/2	1		3	57	A3	3	1297
65	65	256	256	2.0	1/2	1/2	4/4	2	1	1/2	1/2	1		6	66	F#4	4	1289
65	65	256	256	2.0	1/2	1/2	4/4	5	3	1/2	1/2	1		6	66	F#4	4	1299
65	65	256	256	2.0	1/2	1/2	4/4	1	1	1/2	1/2	1		0	72	C5	5	1287
65	65	256	256	2.0	1/2	1/2	4/4	5	1	1/2	1/2	1		0	72	C5	5	1295
65	65	256	256	2.0	1/2	1/2	4/4	7	1	1/2	1/2	1		0	72	C5	5	1303
66	66	258	258	2.0	0	0	4/4	4	1	1/2	1/2	1		2	50	D3	3	1312
66	66	258	258	2.0	0	0	4/4	6	1	1/2	1/2	1		2	50	D3	3	1319
66	66	258	258	2.0	0	0	4/4	8	1	1/2	1/2	1		2	50	D3	3	1323
66	66	258	258	2.0	0	0	4/4	3	1	1/2	1/2	1		8	56	G#3	3	1310
66	66	258	258	2.0	0	0	4/4	5	2	1/2	1/2	1		8	56	G#3	3	1316
66	66	258	258	2.0	0	0	4/4	2	1	1/2	1/2	1		4	64	E4	4	1308
66	66	258	258	4.0	0	0	4/4	5	3	1	1	1		4	64	E4	4	1318
66	66	258	258	2.0	0	0	4/4	1	1	1/2	1/2	1		5	71	B4	4	1306
66	66	258	258	2.0	0	0	4/4	5	1	1/2	1/2	1		5	71	B4	4	1314
66	66	258	258	2.0	0	0	4/4	7	1	1/2	1/2	1		5	71	B4	4	1321
66	66	260	260	2.0	1/2	1/2	4/4	4	1	1/2	1/2	1		0	48	C3	3	1313
66	66	260	260	2.0	1/2	1/2	4/4	6	1	1/2	1/2	1		0	48	C3	3	1320
66	66	260	260	2.0	1/2	1/2	4/4	8	1	1/2	1/2	1		0	48	C3	3	1324
66	66	260	260	2.0	1/2	1/2	4/4	3	1	1/2	1/2	1		3	57	A3	3	1311
66	66	260	260	2.0	1/2	1/2	4/4	5	2	1/2	1/2	1		3	57	A3	3	1317
66	66	260	260	2.0	1/2	1/2	4/4	2	1	1/2	1/2	1		4	64	E4	4	1309
66	66	260	260	2.0	1/2	1/2	4/4	1	1	1/2	1/2	1		3	69	A4	4	1307
66	66	260	260	2.0	1/2	1/2	4/4	5	1	1/2	1/2	1		3	69	A4	4	1315
66	66	260	260	2.0	1/2	1/2	4/4	7	1	1/2	1/2	1		3	69	A4	4	1322
67	67	262	262	2.0	0	0	4/4	4	1	1/2	1/2	1		8	44	G#2	2	1332
67	67	262	262	2.0	0	0	4/4	6	1	1/2	1/2	1		8	44	G#2	2	1341
67	67	262	262	2.0	0	0	4/4	8	1	1/2	1/2	1		8	44	G#2	2	1345
67	67	262	262	2.0	0	0	4/4	3	1	1/2	1/2	1		2	62	D4	4	1330
67	67	262	262	2.0	0	0	4/4	5	2	1/2	1/2	1		2	62	D4	4	1336
67	67	262	262	2.0	0	0	4/4	2	1	1/2	1/2	1		-1	65	F4	4	1327
67	67	262	262	2.0	0	0	4/4	5	3	1/2	1/2	1		-1	65	F4	4	1338
67	67	262	262	2.0	0	0	4/4	1	1	1/2	1/2	1		5	71	B4	4	1325
67	67	262	262	2.0	0	0	4/4	5	1	1/2	1/2	1		5	71	B4	4	1334
67	67	262	262	2.0	0	0	4/4	7	1	1/2	1/2	1		5	71	B4	4	1343
67	67	264	264	2.0	1/2	1/2	4/4	4	1	1/2	1/2	1		3	45	A2	2	1333
67	67	264	264	2.0	1/2	1/2	4/4	6	1	1/2	1/2	1		3	45	A2	2	1342
67	67	264	264	2.0	1/2	1/2	4/4	8	1	1/2	1/2	1		3	45	A2	2	1346
67	67	264	264	2.0	1/2	1/2	4/4	3	1	1/2	1/2	1		7	61	C#4	4	1331
67	67	264	264	2.0	1/2	1/2	4/4	5	2	1/2	1/2	1		7	61	C#4	4	1337
67	67	264	264	1.0	1/2	1/2	4/4	2	1	1/4	1/4	1		4	64	E4	4	1328
67	67	264	264	1.0	1/2	1/2	4/4	5	3	1/4	1/4	1		4	64	E4	4	1339
67	67	264	264	2.0	1/2	1/2	4/4	1	1	1/2	1/2	1		3	69	A4	4	1326
67	67	264	264	2.0	1/2	1/2	4/4	5	1	1/2	1/2	1		3	69	A4	4	1335
67	67	264	264	2.0	1/2	1/2	4/4	7	1	1/2	1/2	1		3	69	A4	4	1344
67	67	265	265	1.0	3/4	3/4	4/4	2	1	1/4	1/4	1		1	67	G4	4	1329
67	67	265	265	1.0	3/4	3/4	4/4	5	3	1/4	1/4	1		1	67	G4	4	1340
68	68	266	266	2.0	0	0	4/4	4	1	1/2	1/2	1		2	50	D3	3	1353
68	68	266	266	2.0	0	0	4/4	6	1	1/2	1/2	1		2	50	D3	3	1361
68	68	266	266	2.0	0	0	4/4	8	1	1/2	1/2	1		2	50	D3	3	1365
68	68	266	266	2.0	0	0	4/4	3	1	1/2	1/2	1		2	62	D4	4	1351
68	68	266	266	2.0	0	0	4/4	5	2	1/2	1/2	1		2	62	D4	4	1357
68	68	266	266	2.0	0	0	4/4	2	1	1/2	1/2	1		-1	65	F4	4	1349
68	68	266	266	2.0	0	0	4/4	5	3	1/2	1/2	1		-1	65	F4	4	1359
68	68	266	266	2.0	0	0	4/4	1	1	1/2	1/2	1		3	69	A4	4	1347
68	68	266	266	2.0	0	0	4/4	5	1	1/2	1/2	1		3	69	A4	4	1355
68	68	266	266	2.0	0	0	4/4	7	1	1/2	1/2	1		3	69	A4	4	1363
68	68	268	268	2.0	1/2	1/2	4/4	4	1	1/2	1/2	1		3	57	A3	3	1354
68	68	268	268	2.0	1/2	1/2	4/4	6	1	1/2	1/2	1		3	57	A3	3	1362
68	68	268	268	2.0	1/2	1/2	4/4	8	1	1/2	1/2	1		3	57	A3	3	1366
68	68	268	268	2.0	1/2	1/2	4/4	3	1	1/2	1/2	1		7	61	C#4	4	1352
68	68	268	268	2.0	1/2	1/2	4/4	5	2	1/2	1/2	1		7	61	C#4	4	1358
68	68	268	268	2.0	1/2	1/2	4/4	2	1	1/2	1/2	1		4	64	E4	4	1350
68	68	268	268	2.0	1/2	1/2	4/4	5	3	1/2	1/2	1		4	64	E4	4	1360
68	68	268	268	2.0	1/2	1/2	4/4	1	1	1/2	1/2	1		3	69	A4	4	1348
68	68	268	268	2.0	1/2	1/2	4/4	5	1	1/2	1/2	1		3	69	A4	4	1356
68	68	268	268	2.0	1/2	1/2	4/4	7	1	1/2	1/2	1		3	69	A4	4	1364
69	69	270	270	2.0	0	0	4/4	4	1	1/2	1/2	1		-1	53	F3	3	1374
69	69	270	270	2.0	0	0	4/4	6	1	1/2	1/2	1		-1	53	F3	3	1382
69	69	270	270	2.0	0	0	4/4	8	1	1/2	1/2	1		-1	53	F3	3	1386
69	69	270	270	2.0	0	0	4/4	3	1	1/2	1/2	1	1	2	62	D4	4	1371
69	69	270	270	3.0	0	0	4/4	5	2	3/4	1/2	3/2		2	62	D4	4	1378
69	69	270	270	2.0	0	0	4/4	2	1	1/2	1/2	1		-1	65	F4	4	1369
69	69	270	270	2.0	0	0	4/4	5	3	1/2	1/2	1		-1	65	F4	4	1380
69	69	270	270	2.0	0	0	4/4	1	1	1/2	1/2	1		3	69	A4	4	1367
69	69	270	270	2.0	0	0	4/4	5	1	1/2	1/2	1		3	69	A4	4	1376
69	69	270	270	2.0	0	0	4/4	7	1	1/2	1/2	1		3	69	A4	4	1384
69	69	272	272	2.0	1/2	1/2	4/4	4	1	1/2	1/2	1		4	52	E3	3	1375
69	69	272	272	2.0	1/2	1/2	4/4	6	1	1/2	1/2	1		4	52	E3	3	1383
69	69	272	272	2.0	1/2	1/2	4/4	8	1	1/2	1/2	1		4	52	E3	3	1387
69	69	272	272	1.0	1/2	1/2	4/4	3	1	1/4	1/4	1	-1	2	62	D4	4	1372
69	69	272	272	2.0	1/2	1/2	4/4	1	1	1/2	1/2	1		1	67	G4	4	1368
69	69	272	272	2.0	1/2	1/2	4/4	2	1	1/2	1/2	1		1	67	G4	4	1370
69	69	272	272	2.0	1/2	1/2	4/4	5	1	1/2	1/2	1		1	67	G4	4	1377
69	69	272	272	2.0	1/2	1/2	4/4	5	3	1/2	1/2	1		1	67	G4	4	1381
69	69	272	272	2.0	1/2	1/2	4/4	7	1	1/2	1/2	1		1	67	G4	4	1385
69	69	273	273	1.0	3/4	3/4	4/4	3	1	1/4	1/4	1		0	60	C4	4	1373
69	69	273	273	1.0	3/4	3/4	4/4	5	2	1/4	1/4	1		0	60	C4	4	1379
70	70	274	274	2.0	0	0	4/4	4	1	1/2	1/2	1		-3	51	Eb3	3	1394
70	70	274	274	2.0	0	0	4/4	6	1	1/2	1/2	1		-3	51	Eb3	3	1402
70	70	274	274	2.0	0	0	4/4	8	1	1/2	1/2	1		-3	51	Eb3	3	1406
70	70	274	274	2.0	0	0	4/4	3	1	1/2	1/2	1		0	60	C4	4	1392
70	70	274	274	2.0	0	0	4/4	5	2	1/2	1/2	1		0	60	C4	4	1398
70	70	274	274	2.0	0	0	4/4	2	1	1/2	1/2	1		6	66	F#4	4	1390
70	70	274	274	2.0	0	0	4/4	5	3	1/2	1/2	1		6	66	F#4	4	1400
70	70	274	274	2.0	0	0	4/4	1	1	1/2	1/2	1		3	69	A4	4	1388
70	70	274	274	2.0	0	0	4/4	5	1	1/2	1/2	1		3	69	A4	4	1396
70	70	274	274	2.0	0	0	4/4	7	1	1/2	1/2	1		3	69	A4	4	1404
70	70	276	276	2.0	1/2	1/2	4/4	4	1	1/2	1/2	1		2	50	D3	3	1395
70	70	276	276	2.0	1/2	1/2	4/4	6	1	1/2	1/2	1		2	50	D3	3	1403
70	70	276	276	2.0	1/2	1/2	4/4	8	1	1/2	1/2	1		2	50	D3	3	1407
70	70	276	276	2.0	1/2	1/2	4/4	3	1	1/2	1/2	1		2	62	D4	4	1393
70	70	276	276	2.0	1/2	1/2	4/4	5	2	1/2	1/2	1		2	62	D4	4	1399
70	70	276	276	2.0	1/2	1/2	4/4	2	1	1/2	1/2	1		1	67	G4	4	1391
70	70	276	276	2.0	1/2	1/2	4/4	5	3	1/2	1/2	1		1	67	G4	4	1401
70	70	276	276	2.0	1/2	1/2	4/4	1	1	1/2	1/2	1		5	71	B4	4	1389
70	70	276	276	2.0	1/2	1/2	4/4	5	1	1/2	1/2	1		5	71	B4	4	1397
70	70	276	276	2.0	1/2	1/2	4/4	7	1	1/2	1/2	1		5	71	B4	4	1405
71	71	278	278	2.0	0	0	4/4	4	1	1/2	1/2	1		0	48	C3	3	1415
71	71	278	278	2.0	0	0	4/4	6	1	1/2	1/2	1		0	48	C3	3	1424
71	71	278	278	2.0	0	0	4/4	8	1	1/2	1/2	1		0	48	C3	3	1428
71	71	278	278	2.0	0	0	4/4	3	1	1/2	1/2	1		4	64	E4	4	1412
71	71	278	278	2.0	0	0	4/4	5	2	1/2	1/2	1		4	64	E4	4	1419
71	71	278	278	2.0	0	0	4/4	2	1	1/2	1/2	1		1	67	G4	4	1410
71	71	278	278	2.0	0	0	4/4	5	3	1/2	1/2	1		1	67	G4	4	1422
71	71	278	278	2.0	0	0	4/4	1	1	1/2	1/2	1		0	72	C5	5	1408
71	71	278	278	2.0	0	0	4/4	5	1	1/2	1/2	1		0	72	C5	5	1417
71	71	278	278	2.0	0	0	4/4	7	1	1/2	1/2	1		0	72	C5	5	1426
71	71	280	280	2.0	1/2	1/2	4/4	4	1	1/2	1/2	1		2	50	D3	3	1416
71	71	280	280	2.0	1/2	1/2	4/4	6	1	1/2	1/2	1		2	50	D3	3	1425
71	71	280	280	2.0	1/2	1/2	4/4	8	1	1/2	1/2	1		2	50	D3	3	1429
71	71	280	280	1.0	1/2	1/2	4/4	3	1	1/4	1/4	1		2	62	D4	4	1413
71	71	280	280	1.0	1/2	1/2	4/4	5	2	1/4	1/4	1		2	62	D4	4	1420
71	71	280	280	2.0	1/2	1/2	4/4	2	1	1/2	1/2	1		6	66	F#4	4	1411
71	71	280	280	2.0	1/2	1/2	4/4	5	3	1/2	1/2	1		6	66	F#4	4	1423
71	71	280	280	2.0	1/2	1/2	4/4	1	1	1/2	1/2	1		3	69	A4	4	1409
71	71	280	280	2.0	1/2	1/2	4/4	5	1	1/2	1/2	1		3	69	A4	4	1418
71	71	280	280	2.0	1/2	1/2	4/4	7	1	1/2	1/2	1		3	69	A4	4	1427
71	71	281	281	1.0	3/4	3/4	4/4	3	1	1/4	1/4	1		0	60	C4	4	1414
71	71	281	281	1.0	3/4	3/4	4/4	5	2	1/4	1/4	1		0	60	C4	4	1421
72	72	282	282	2.0	0	0	4/4	4	1	1/2	1/2	1		1	43	G2	2	1436
72	72	282	282	2.0	0	0	4/4	6	1	1/2	1/2	1		1	43	G2	2	1444
72	72	282	282	2.0	0	0	4/4	8	1	1/2	1/2	1		1	43	G2	2	1448
72	72	282	282	2.0	0	0	4/4	3	1	1/2	1/2	1		5	59	B3	3	1434
72	72	282	282	2.0	0	0	4/4	5	2	1/2	1/2	1		5	59	B3	3	1440
72	72	282	282	2.0	0	0	4/4	5	3	1/2	1/2	1		2	62	D4	4	1442
72	72	282	282	2.0	0	0	4/4	1	1	1/2	1/2	1		1	67	G4	4	1430
72	72	282	282	2.0	0	0	4/4	2	1	1/2	1/2	1		1	67	G4	4	1432
72	72	282	282	2.0	0	0	4/4	5	1	1/2	1/2	1		1	67	G4	4	1438
72	72	282	282	2.0	0	0	4/4	7	1	1/2	1/2	1		1	67	G4	4	1446
72	72	284	284	2.0	1/2	1/2	4/4	4	1	1/2	1/2	1		4	52	E3	3	1437
72	72	284	284	2.0	1/2	1/2	4/4	6	1	1/2	1/2	1		4	52	E3	3	1445
72	72	284	284	2.0	1/2	1/2	4/4	8	1	1/2	1/2	1		4	52	E3	3	1449
72	72	284	284	2.0	1/2	1/2	4/4	3	1	1/2	1/2	1		-2	58	Bb3	3	1435
72	72	284	284	2.0	1/2	1/2	4/4	5	2	1/2	1/2	1		-2	58	Bb3	3	1441
72	72	284	284	2.0	1/2	1/2	4/4	2	1	1/2	1/2	1		1	67	G4	4	1433
72	72	284	284	2.0	1/2	1/2	4/4	5	3	1/2	1/2	1		1	67	G4	4	1443
72	72	284	284	2.0	1/2	1/2	4/4	1	1	1/2	1/2	1		0	72	C5	5	1431
72	72	284	284	2.0	1/2	1/2	4/4	5	1	1/2	1/2	1		0	72	C5	5	1439
72	72	284	284	2.0	1/2	1/2	4/4	7	1	1/2	1/2	1		0	72	C5	5	1447
73	73	286	286	2.0	0	0	4/4	4	1	1/2	1/2	1		-1	53	F3	3	1456
73	73	286	286	2.0	0	0	4/4	6	1	1/2	1/2	1		-1	53	F3	3	1464
73	73	286	286	2.0	0	0	4/4	8	1	1/2	1/2	1		-1	53	F3	3	1468
73	73	286	286	2.0	0	0	4/4	3	1	1/2	1/2	1		3	57	A3	3	1454
73	73	286	286	2.0	0	0	4/4	5	2	1/2	1/2	1		3	57	A3	3	1460
73	73	286	286	2.0	0	0	4/4	2	1	1/2	1/2	1		-1	65	F4	4	1452
73	73	286	286	2.0	0	0	4/4	5	3	1/2	1/2	1		-1	65	F4	4	1462
73	73	286	286	2.0	0	0	4/4	1	1	1/2	1/2	1		0	72	C5	5	1450
73	73	286	286	2.0	0	0	4/4	5	1	1/2	1/2	1		0	72	C5	5	1458
73	73	286	286	2.0	0	0	4/4	7	1	1/2	1/2	1		0	72	C5	5	1466
73	73	288	288	2.0	1/2	1/2	4/4	4	1	1/2	1/2	1		6	54	F#3	3	1457
73	73	288	288	2.0	1/2	1/2	4/4	6	1	1/2	1/2	1		6	54	F#3	3	1465
73	73	288	288	2.0	1/2	1/2	4/4	8	1	1/2	1/2	1		6	54	F#3	3	1469
73	73	288	288	2.0	1/2	1/2	4/4	3	1	1/2	1/2	1		3	57	A3	3	1455
73	73	288	288	2.0	1/2	1/2	4/4	5	2	1/2	1/2	1		3	57	A3	3	1461
73	73	288	288	2.0	1/2	1/2	4/4	2	1	1/2	1/2	1		2	62	D4	4	1453
73	73	288	288	2.0	1/2	1/2	4/4	5	3	1/2	1/2	1		2	62	D4	4	1463
73	73	288	288	2.0	1/2	1/2	4/4	1	1	1/2	1/2	1		0	72	C5	5	1451
73	73	288	288	2.0	1/2	1/2	4/4	5	1	1/2	1/2	1		0	72	C5	5	1459
73	73	288	288	2.0	1/2	1/2	4/4	7	1	1/2	1/2	1		0	72	C5	5	1467
74	74	290	290	2.0	0	0	4/4	4	1	1/2	1/2	1		1	55	G3	3	1480
74	74	290	290	2.0	0	0	4/4	6	1	1/2	1/2	1		1	55	G3	3	1490
74	74	290	290	2.0	0	0	4/4	8	1	1/2	1/2	1		1	55	G3	3	1494
74	74	290	290	1.0	0	0	4/4	3	1	1/4	1/4	1		5	59	B3	3	1476
74	74	290	290	1.0	0	0	4/4	5	2	1/4	1/4	1		5	59	B3	3	1484
74	74	290	290	1.0	0	0	4/4	2	1	1/4	1/4	1		2	62	D4	4	1472
74	74	290	290	1.0	0	0	4/4	5	3	1/4	1/4	1		2	62	D4	4	1487
74	74	290	290	2.0	0	0	4/4	1	1	1/2	1/2	1		5	71	B4	4	1470
74	74	290	290	2.0	0	0	4/4	5	1	1/2	1/2	1		5	71	B4	4	1482
74	74	290	290	2.0	0	0	4/4	7	1	1/2	1/2	1		5	71	B4	4	1492
74	74	291	291	1.0	1/4	1/4	4/4	3	1	1/4	1/4	1		2	62	D4	4	1477
74	74	291	291	2.0	1/4	1/4	4/4	5	2	1/2	1/2	1		2	62	D4	4	1485
74	74	291	291	1.0	1/4	1/4	4/4	2	1	1/4	1/4	1		-1	65	F4	4	1473
74	74	291	291	2.0	1/4	1/4	4/4	5	3	1/2	1/2	1		-1	65	F4	4	1488
74	74	292	292	2.0	1/2	1/2	4/4	4	1	1/2	1/2	1		3	57	A3	3	1481
74	74	292	292	2.0	1/2	1/2	4/4	6	1	1/2	1/2	1		3	57	A3	3	1491
74	74	292	292	2.0	1/2	1/2	4/4	8	1	1/2	1/2	1		3	57	A3	3	1495
74	74	292	292	1.0	1/2	1/2	4/4	3	1	1/4	1/4	1		2	62	D4	4	1478
74	74	292	292	1.0	1/2	1/2	4/4	2	1	1/4	1/4	1		-1	65	F4	4	1474
74	74	292	292	2.0	1/2	1/2	4/4	1	1	1/2	1/2	1		3	69	A4	4	1471
74	74	292	292	2.0	1/2	1/2	4/4	5	1	1/2	1/2	1		3	69	A4	4	1483
74	74	292	292	2.0	1/2	1/2	4/4	7	1	1/2	1/2	1		3	69	A4	4	1493
74	74	293	293	1.0	3/4	3/4	4/4	3	1	1/4	1/4	1		0	60	C4	4	1479
74	74	293	293	1.0	3/4	3/4	4/4	5	2	1/4	1/4	1		0	60	C4	4	1486
74	74	293	293	1.0	3/4	3/4	4/4	2	1	1/4	1/4	1		4	64	E4	4	1475
74	74	293	293	1.0	3/4	3/4	4/4	5	3	1/4	1/4	1		4	64	E4	4	1489
75	75	294	294	2.0	0	0	4/4	4	1	1/2	1/2	1		2	50	D3	3	1503
75	75	294	294	2.0	0	0	4/4	6	1	1/2	1/2	1		2	50	D3	3	1513
75	75	294	294	2.0	0	0	4/4	8	1	1/2	1/2	1		2	50	D3	3	1517
75	75	294	294	2.0	0	0	4/4	3	1	1/2	1/2	1		2	62	D4	4	1501
75	75	294	294	2.0	0	0	4/4	5	2	1/2	1/2	1		2	62	D4	4	1507
75	75	294	294	2.0	0	0	4/4	2	1	1/2	1/2	1		-1	65	F4	4	1498
75	75	294	294	2.0	0	0	4/4	5	3	1/2	1/2	1		-1	65	F4	4	1510
75	75	294	294	2.0	0	0	4/4	1	1	1/2	1/2	1		5	71	B4	4	1496
75	75	294	294	2.0	0	0	4/4	5	1	1/2	1/2	1		5	71	B4	4	1505
75	75	294	294	2.0	0	0	4/4	7	1	1/2	1/2	1		5	71	B4	4	1515
75	75	296	296	2.0	1/2	1/2	4/4	4	1	1/2	1/2	1		7	49	C#3	3	1504
75	75	296	296	2.0	1/2	1/2	4/4	6	1	1/2	1/2	1		7	49	C#3	3	1514
75	75	296	296	2.0	1/2	1/2	4/4	8	1	1/2	1/2	1		7	49	C#3	3	1518
75	75	296	296	1.0	1/2	1/2	4/4	5	2	1/4	1/4	1		3	57	A3	3	1508
75	75	296	296	1.0	1/2	1/2	4/4	2	1	1/4	1/4	1		4	64	E4	4	1499
75	75	296	296	1.0	1/2	1/2	4/4	5	3	1/4	1/4	1		4	64	E4	4	1511
75	75	296	296	2.0	1/2	1/2	4/4	3	1	1/2	1/2	1		4	64	E4	4	1502
75	75	296	296	2.0	1/2	1/2	4/4	1	1	1/2	1/2	1		3	69	A4	4	1497
75	75	296	296	2.0	1/2	1/2	4/4	5	1	1/2	1/2	1		3	69	A4	4	1506
75	75	296	296	2.0	1/2	1/2	4/4	7	1	1/2	1/2	1		3	69	A4	4	1516
75	75	297	297	1.0	3/4	3/4	4/4	5	2	1/4	1/4	1		4	64	E4	4	1509
75	75	297	297	1.0	3/4	3/4	4/4	2	1	1/4	1/4	1	1	1	67	G4	4	1500
75	75	297	297	1.0	3/4	3/4	4/4	5	3	1/4	1/4	1		1	67	G4	4	1512
76	76	298	298	2.0	0	0	4/4	4	1	1/2	1/2	1		2	50	D3	3	1526
76	76	298	298	2.0	0	0	4/4	6	1	1/2	1/2	1		2	50	D3	3	1535
76	76	298	298	2.0	0	0	4/4	8	1	1/2	1/2	1		2	50	D3	3	1539
76	76	298	298	2.0	0	0	4/4	3	1	1/2	1/2	1		2	62	D4	4	1524
76	76	298	298	2.0	0	0	4/4	5	2	1/2	1/2	1		2	62	D4	4	1530
76	76	298	298	1.0	0	0	4/4	2	1	1/4	1/4	1	-1	1	67	G4	4	1521
76	76	298	298	1.0	0	0	4/4	5	3	1/4	1/4	1		1	67	G4	4	1532
76	76	298	298	2.0	0	0	4/4	1	1	1/2	1/2	1		3	69	A4	4	1519
76	76	298	298	2.0	0	0	4/4	5	1	1/2	1/2	1		3	69	A4	4	1528
76	76	298	298	2.0	0	0	4/4	7	1	1/2	1/2	1		3	69	A4	4	1537
76	76	299	299	1.0	1/4	1/4	4/4	2	1	1/4	1/4	1		-1	65	F4	4	1522
76	76	299	299	1.0	1/4	1/4	4/4	5	3	1/4	1/4	1		-1	65	F4	4	1533
76	76	300	300	2.0	1/2	1/2	4/4	4	1	1/2	1/2	1		-1	53	F3	3	1527
76	76	300	300	2.0	1/2	1/2	4/4	6	1	1/2	1/2	1		-1	53	F3	3	1536
76	76	300	300	2.0	1/2	1/2	4/4	8	1	1/2	1/2	1		-1	53	F3	3	1540
76	76	300	300	2.0	1/2	1/2	4/4	3	1	1/2	1/2	1		0	60	C4	4	1525
76	76	300	300	2.0	1/2	1/2	4/4	5	2	1/2	1/2	1		0	60	C4	4	1531
76	76	300	300	2.0	1/2	1/2	4/4	2	1	1/2	1/2	1		-1	65	F4	4	1523
76	76	300	300	2.0	1/2	1/2	4/4	5	3	1/2	1/2	1		-1	65	F4	4	1534
76	76	300	300	2.0	1/2	1/2	4/4	1	1	1/2	1/2	1		3	69	A4	4	1520
76	76	300	300	2.0	1/2	1/2	4/4	5	1	1/2	1/2	1		3	69	A4	4	1529
76	76	300	300	2.0	1/2	1/2	4/4	7	1	1/2	1/2	1		3	69	A4	4	1538
77	77	302	302	2.0	0	0	4/4	4	1	1/2	1/2	1		5	47	B2	2	1547
77	77	302	302	2.0	0	0	4/4	6	1	1/2	1/2	1		5	47	B2	2	1555
77	77	302	302	2.0	0	0	4/4	8	1	1/2	1/2	1		5	47	B2	2	1559
77	77	302	302	2.0	0	0	4/4	3	1	1/2	1/2	1		2	62	D4	4	1545
77	77	302	302	2.0	0	0	4/4	5	2	1/2	1/2	1		2	62	D4	4	1551
77	77	302	302	2.0	0	0	4/4	2	1	1/2	1/2	1		-1	65	F4	4	1543
77	77	302	302	2.0	0	0	4/4	5	3	1/2	1/2	1		-1	65	F4	4	1553
77	77	302	302	2.0	0	0	4/4	1	1	1/2	1/2	1		3	69	A4	4	1541
77	77	302	302	2.0	0	0	4/4	5	1	1/2	1/2	1		3	69	A4	4	1549
77	77	302	302	2.0	0	0	4/4	7	1	1/2	1/2	1		3	69	A4	4	1557
77	77	304	304	2.0	1/2	1/2	4/4	4	1	1/2	1/2	1	1	0	48	C3	3	1548
77	77	304	304	2.0	1/2	1/2	4/4	6	1	1/2	1/2	1	1	0	48	C3	3	1556
77	77	304	304	2.0	1/2	1/2	4/4	8	1	1/2	1/2	1	1	0	48	C3	3	1560
77	77	304	304	2.0	1/2	1/2	4/4	2	1	1/2	1/2	1		4	64	E4	4	1544
77	77	304	304	2.0	1/2	1/2	4/4	3	1	1/2	1/2	1		4	64	E4	4	1546
77	77	304	304	2.0	1/2	1/2	4/4	5	2	1/2	1/2	1		4	64	E4	4	1552
77	77	304	304	2.0	1/2	1/2	4/4	5	3	1/2	1/2	1		4	64	E4	4	1554
77	77	304	304	2.0	1/2	1/2	4/4	1	1	1/2	1/2	1		1	67	G4	4	1542
77	77	304	304	2.0	1/2	1/2	4/4	5	1	1/2	1/2	1		1	67	G4	4	1550
77	77	304	304	2.0	1/2	1/2	4/4	7	1	1/2	1/2	1		1	67	G4	4	1558
78	78	306	306	2.0	0	0	4/4	4	1	1/2	1/2	1	-1	0	48	C3	3	1567
78	78	306	306	2.0	0	0	4/4	6	1	1/2	1/2	1	-1	0	48	C3	3	1575
78	78	306	306	2.0	0	0	4/4	8	1	1/2	1/2	1	-1	0	48	C3	3	1579
78	78	306	306	2.0	0	0	4/4	3	1	1/2	1/2	1		2	62	D4	4	1565
78	78	306	306	2.0	0	0	4/4	5	2	1/2	1/2	1		2	62	D4	4	1571
78	78	306	306	2.0	0	0	4/4	2	1	1/2	1/2	1		6	66	F#4	4	1563
78	78	306	306	2.0	0	0	4/4	5	3	1/2	1/2	1		6	66	F#4	4	1573
78	78	306	306	2.0	0	0	4/4	1	1	1/2	1/2	1		3	69	A4	4	1561
78	78	306	306	2.0	0	0	4/4	5	1	1/2	1/2	1		3	69	A4	4	1569
78	78	306	306	2.0	0	0	4/4	7	1	1/2	1/2	1		3	69	A4	4	1577
78	78	308	308	2.0	1/2	1/2	4/4	4	1	1/2	1/2	1		5	47	B2	2	1568
78	78	308	308	2.0	1/2	1/2	4/4	6	1	1/2	1/2	1		5	47	B2	2	1576
78	78	308	308	2.0	1/2	1/2	4/4	8	1	1/2	1/2	1		5	47	B2	2	1580
78	78	308	308	2.0	1/2	1/2	4/4	3	1	1/2	1/2	1		2	62	D4	4	1566
78	78	308	308	2.0	1/2	1/2	4/4	5	2	1/2	1/2	1		2	62	D4	4	1572
78	78	308	308	2.0	1/2	1/2	4/4	2	1	1/2	1/2	1	1	1	67	G4	4	1564
78	78	308	308	2.0	1/2	1/2	4/4	5	3	1/2	1/2	1	1	1	67	G4	4	1574
78	78	308	308	2.0	1/2	1/2	4/4	1	1	1/2	1/2	1		5	71	B4	4	1562
78	78	308	308	2.0	1/2	1/2	4/4	5	1	1/2	1/2	1		5	71	B4	4	1570
78	78	308	308	2.0	1/2	1/2	4/4	7	1	1/2	1/2	1		5	71	B4	4	1578
79	79	310	310	2.0	0	0	4/4	4	1	1/2	1/2	1		3	45	A2	2	1588
79	79	310	310	2.0	0	0	4/4	6	1	1/2	1/2	1		3	45	A2	2	1597
79	79	310	310	2.0	0	0	4/4	8	1	1/2	1/2	1		3	45	A2	2	1601
79	79	310	310	2.0	0	0	4/4	3	1	1/2	1/2	1		0	60	C4	4	1585
79	79	310	310	2.0	0	0	4/4	5	2	1/2	1/2	1		0	60	C4	4	1592
79	79	310	310	2.0	0	0	4/4	2	1	1/2	1/2	1	-1	1	67	G4	4	1583
79	79	310	310	2.0	0	0	4/4	5	3	1/2	1/2	1	-1	1	67	G4	4	1595
79	79	310	310	2.0	0	0	4/4	1	1	1/2	1/2	1		0	72	C5	5	1581
79	79	310	310	2.0	0	0	4/4	5	1	1/2	1/2	1		0	72	C5	5	1590
79	79	310	310	2.0	0	0	4/4	7	1	1/2	1/2	1		0	72	C5	5	1599
79	79	312	312	2.0	1/2	1/2	4/4	4	1	1/2	1/2	1		2	50	D3	3	1589
79	79	312	312	2.0	1/2	1/2	4/4	6	1	1/2	1/2	1		2	50	D3	3	1598
79	79	312	312	2.0	1/2	1/2	4/4	8	1	1/2	1/2	1		2	50	D3	3	1602
79	79	312	312	1.0	1/2	1/2	4/4	3	1	1/4	1/4	1		2	62	D4	4	1586
79	79	312	312	1.0	1/2	1/2	4/4	5	2	1/4	1/4	1		2	62	D4	4	1593
79	79	312	312	2.0	1/2	1/2	4/4	2	1	1/2	1/2	1		6	66	F#4	4	1584
79	79	312	312	2.0	1/2	1/2	4/4	5	3	1/2	1/2	1		6	66	F#4	4	1596
79	79	312	312	2.0	1/2	1/2	4/4	1	1	1/2	1/2	1		3	69	A4	4	1582
79	79	312	312	2.0	1/2	1/2	4/4	5	1	1/2	1/2	1		3	69	A4	4	1591
79	79	312	312	2.0	1/2	1/2	4/4	7	1	1/2	1/2	1		3	69	A4	4	1600
79	79	313	313	1.0	3/4	3/4	4/4	3	1	1/4	1/4	1		0	60	C4	4	1587
79	79	313	313	1.0	3/4	3/4	4/4	5	2	1/4	1/4	1		0	60	C4	4	1594
80	80	314	314	2.0	0	0	4/4	4	1	1/2	1/2	1		1	43	G2	2	1609
80	80	314	314	2.0	0	0	4/4	6	1	1/2	1/2	1		1	43	G2	2	1617
80	80	314	314	2.0	0	0	4/4	8	1	1/2	1/2	1		1	43	G2	2	1621
80	80	314	314	2.0	0	0	4/4	3	1	1/2	1/2	1		5	59	B3	3	1607
80	80	314	314	2.0	0	0	4/4	5	2	1/2	1/2	1		5	59	B3	3	1613
80	80	314	314	2.0	0	0	4/4	5	3	1/2	1/2	1		2	62	D4	4	1615
80	80	314	314	2.0	0	0	4/4	1	1	1/2	1/2	1		1	67	G4	4	1603
80	80	314	314	2.0	0	0	4/4	2	1	1/2	1/2	1		1	67	G4	4	1605
80	80	314	314	2.0	0	0	4/4	5	1	1/2	1/2	1		1	67	G4	4	1611
80	80	314	314	2.0	0	0	4/4	7	1	1/2	1/2	1		1	67	G4	4	1619
80	80	316	316	2.0	1/2	1/2	4/4	4	1	1/2	1/2	1		4	52	E3	3	1610
80	80	316	316	2.0	1/2	1/2	4/4	6	1	1/2	1/2	1		4	52	E3	3	1618
80	80	316	316	2.0	1/2	1/2	4/4	8	1	1/2	1/2	1		4	52	E3	3	1622
80	80	316	316	2.0	1/2	1/2	4/4	3	1	1/2	1/2	1		-2	58	Bb3	3	1608
80	80	316	316	2.0	1/2	1/2	4/4	5	2	1/2	1/2	1		-2	58	Bb3	3	1614
80	80	316	316	2.0	1/2	1/2	4/4	2	1	1/2	1/2	1		1	67	G4	4	1606
80	80	316	316	2.0	1/2	1/2	4/4	5	3	1/2	1/2	1		1	67	G4	4	1616
80	80	316	316	2.0	1/2	1/2	4/4	1	1	1/2	1/2	1		0	72	C5	5	1604
80	80	316	316	2.0	1/2	1/2	4/4	5	1	1/2	1/2	1		0	72	C5	5	1612
80	80	316	316	2.0	1/2	1/2	4/4	7	1	1/2	1/2	1		0	72	C5	5	1620
81	81	318	318	2.0	0	0	4/4	4	1	1/2	1/2	1		-1	53	F3	3	1629
81	81	318	318	2.0	0	0	4/4	6	1	1/2	1/2	1		-1	53	F3	3	1637
81	81	318	318	2.0	0	0	4/4	8	1	1/2	1/2	1		-1	53	F3	3	1641
81	81	318	318	2.0	0	0	4/4	3	1	1/2	1/2	1		3	57	A3	3	1627
81	81	318	318	2.0	0	0	4/4	5	2	1/2	1/2	1		3	57	A3	3	1633
81	81	318	318	2.0	0	0	4/4	2	1	1/2	1/2	1		-1	65	F4	4	1625
81	81	318	318	2.0	0	0	4/4	5	3	1/2	1/2	1		-1	65	F4	4	1635
81	81	318	318	2.0	0	0	4/4	1	1	1/2	1/2	1		0	72	C5	5	1623
81	81	318	318	2.0	0	0	4/4	5	1	1/2	1/2	1		0	72	C5	5	1631
81	81	318	318	2.0	0	0	4/4	7	1	1/2	1/2	1		0	72	C5	5	1639
81	81	320	320	2.0	1/2	1/2	4/4	4	1	1/2	1/2	1		6	54	F#3	3	1630
81	81	320	320	2.0	1/2	1/2	4/4	6	1	1/2	1/2	1		6	54	F#3	3	1638
81	81	320	320	2.0	1/2	1/2	4/4	8	1	1/2	1/2	1		6	54	F#3	3	1642
81	81	320	320	2.0	1/2	1/2	4/4	3	1	1/2	1/2	1		3	57	A3	3	1628
81	81	320	320	2.0	1/2	1/2	4/4	5	2	1/2	1/2	1		3	57	A3	3	1634
81	81	320	320	2.0	1/2	1/2	4/4	2	1	1/2	1/2	1		2	62	D4	4	1626
81	81	320	320	2.0	1/2	1/2	4/4	5	3	1/2	1/2	1		2	62	D4	4	1636
81	81	320	320	2.0	1/2	1/2	4/4	1	1	1/2	1/2	1		0	72	C5	5	1624
81	81	320	320	2.0	1/2	1/2	4/4	5	1	1/2	1/2	1		0	72	C5	5	1632
81	81	320	320	2.0	1/2	1/2	4/4	7	1	1/2	1/2	1		0	72	C5	5	1640
82	82	322	322	2.0	0	0	4/4	4	1	1/2	1/2	1		1	55	G3	3	1653
82	82	322	322	2.0	0	0	4/4	6	1	1/2	1/2	1		1	55	G3	3	1663
82	82	322	322	2.0	0	0	4/4	8	1	1/2	1/2	1		1	55	G3	3	1667
82	82	322	322	1.0	0	0	4/4	3	1	1/4	1/4	1		5	59	B3	3	1649
82	82	322	322	1.0	0	0	4/4	5	2	1/4	1/4	1		5	59	B3	3	1657
82	82	322	322	1.0	0	0	4/4	2	1	1/4	1/4	1		2	62	D4	4	1645
82	82	322	322	1.0	0	0	4/4	5	3	1/4	1/4	1		2	62	D4	4	1660
82	82	322	322	2.0	0	0	4/4	1	1	1/2	1/2	1		5	71	B4	4	1643
82	82	322	322	2.0	0	0	4/4	5	1	1/2	1/2	1		5	71	B4	4	1655
82	82	322	322	2.0	0	0	4/4	7	1	1/2	1/2	1		5	71	B4	4	1665
82	82	323	323	1.0	1/4	1/4	4/4	3	1	1/4	1/4	1		2	62	D4	4	1650
82	82	323	323	2.0	1/4	1/4	4/4	5	2	1/2	1/2	1		2	62	D4	4	1658
82	82	323	323	1.0	1/4	1/4	4/4	2	1	1/4	1/4	1		-1	65	F4	4	1646
82	82	323	323	2.0	1/4	1/4	4/4	5	3	1/2	1/2	1		-1	65	F4	4	1661
82	82	324	324	2.0	1/2	1/2	4/4	4	1	1/2	1/2	1		3	57	A3	3	1654
82	82	324	324	2.0	1/2	1/2	4/4	6	1	1/2	1/2	1		3	57	A3	3	1664
82	82	324	324	2.0	1/2	1/2	4/4	8	1	1/2	1/2	1		3	57	A3	3	1668
82	82	324	324	1.0	1/2	1/2	4/4	3	1	1/4	1/4	1		2	62	D4	4	1651
82	82	324	324	1.0	1/2	1/2	4/4	2	1	1/4	1/4	1		-1	65	F4	4	1647
82	82	324	324	2.0	1/2	1/2	4/4	1	1	1/2	1/2	1		3	69	A4	4	1644
82	82	324	324	2.0	1/2	1/2	4/4	5	1	1/2	1/2	1		3	69	A4	4	1656
82	82	324	324	2.0	1/2	1/2	4/4	7	1	1/2	1/2	1		3	69	A4	4	1666
82	82	325	325	1.0	3/4	3/4	4/4	3	1	1/4	1/4	1		0	60	C4	4	1652
82	82	325	325	1.0	3/4	3/4	4/4	5	2	1/4	1/4	1		0	60	C4	4	1659
82	82	325	325	1.0	3/4	3/4	4/4	2	1	1/4	1/4	1		4	64	E4	4	1648
82	82	325	325	1.0	3/4	3/4	4/4	5	3	1/4	1/4	1		4	64	E4	4	1662
83	83	326	326	2.0	0	0	4/4	4	1	1/2	1/2	1		2	50	D3	3	1676
83	83	326	326	2.0	0	0	4/4	6	1	1/2	1/2	1		2	50	D3	3	1686
83	83	326	326	2.0	0	0	4/4	8	1	1/2	1/2	1		2	50	D3	3	1690
83	83	326	326	2.0	0	0	4/4	3	1	1/2	1/2	1		2	62	D4	4	1674
83	83	326	326	2.0	0	0	4/4	5	2	1/2	1/2	1		2	62	D4	4	1680
83	83	326	326	2.0	0	0	4/4	2	1	1/2	1/2	1		-1	65	F4	4	1671
83	83	326	326	2.0	0	0	4/4	5	3	1/2	1/2	1		-1	65	F4	4	1683
83	83	326	326	2.0	0	0	4/4	1	1	1/2	1/2	1		5	71	B4	4	1669
83	83	326	326	2.0	0	0	4/4	5	1	1/2	1/2	1		5	71	B4	4	1678
83	83	326	326	2.0	0	0	4/4	7	1	1/2	1/2	1		5	71	B4	4	1688
83	83	328	328	2.0	1/2	1/2	4/4	4	1	1/2	1/2	1		7	49	C#3	3	1677
83	83	328	328	2.0	1/2	1/2	4/4	6	1	1/2	1/2	1		7	49	C#3	3	1687
83	83	328	328	2.0	1/2	1/2	4/4	8	1	1/2	1/2	1		7	49	C#3	3	1691
83	83	328	328	1.0	1/2	1/2	4/4	5	2	1/4	1/4	1		3	57	A3	3	1681
83	83	328	328	1.0	1/2	1/2	4/4	2	1	1/4	1/4	1		4	64	E4	4	1672
83	83	328	328	1.0	1/2	1/2	4/4	5	3	1/4	1/4	1		4	64	E4	4	1684
83	83	328	328	2.0	1/2	1/2	4/4	3	1	1/2	1/2	1		4	64	E4	4	1675
83	83	328	328	2.0	1/2	1/2	4/4	1	1	1/2	1/2	1		3	69	A4	4	1670
83	83	328	328	2.0	1/2	1/2	4/4	5	1	1/2	1/2	1		3	69	A4	4	1679
83	83	328	328	2.0	1/2	1/2	4/4	7	1	1/2	1/2	1		3	69	A4	4	1689
83	83	329	329	1.0	3/4	3/4	4/4	5	2	1/4	1/4	1		4	64	E4	4	1682
83	83	329	329	1.0	3/4	3/4	4/4	2	1	1/4	1/4	1	1	1	67	G4	4	1673
83	83	329	329	1.0	3/4	3/4	4/4	5	3	1/4	1/4	1	1	1	67	G4	4	1685
84	84	330	330	2.0	0	0	4/4	4	1	1/2	1/2	1		2	50	D3	3	1699
84	84	330	330	2.0	0	0	4/4	6	1	1/2	1/2	1		2	50	D3	3	1708
84	84	330	330	2.0	0	0	4/4	8	1	1/2	1/2	1		2	50	D3	3	1712
84	84	330	330	2.0	0	0	4/4	3	1	1/2	1/2	1		2	62	D4	4	1697
84	84	330	330	2.0	0	0	4/4	5	2	1/2	1/2	1		2	62	D4	4	1703
84	84	330	330	1.0	0	0	4/4	2	1	1/4	1/4	1	-1	1	67	G4	4	1694
84	84	330	330	1.0	0	0	4/4	5	3	1/4	1/4	1	-1	1	67	G4	4	1705
84	84	330	330	2.0	0	0	4/4	1	1	1/2	1/2	1		3	69	A4	4	1692
84	84	330	330	2.0	0	0	4/4	5	1	1/2	1/2	1		3	69	A4	4	1701
84	84	330	330	2.0	0	0	4/4	7	1	1/2	1/2	1		3	69	A4	4	1710
84	84	331	331	1.0	1/4	1/4	4/4	2	1	1/4	1/4	1		-1	65	F4	4	1695
84	84	331	331	1.0	1/4	1/4	4/4	5	3	1/4	1/4	1		-1	65	F4	4	1706
84	84	332	332	2.0	1/2	1/2	4/4	4	1	1/2	1/2	1		-1	53	F3	3	1700
84	84	332	332	2.0	1/2	1/2	4/4	6	1	1/2	1/2	1		-1	53	F3	3	1709
84	84	332	332	2.0	1/2	1/2	4/4	8	1	1/2	1/2	1		-1	53	F3	3	1713
84	84	332	332	2.0	1/2	1/2	4/4	3	1	1/2	1/2	1		0	60	C4	4	1698
84	84	332	332	2.0	1/2	1/2	4/4	5	2	1/2	1/2	1		0	60	C4	4	1704
84	84	332	332	2.0	1/2	1/2	4/4	2	1	1/2	1/2	1		-1	65	F4	4	1696
84	84	332	332	2.0	1/2	1/2	4/4	5	3	1/2	1/2	1		-1	65	F4	4	1707
84	84	332	332	2.0	1/2	1/2	4/4	1	1	1/2	1/2	1		3	69	A4	4	1693
84	84	332	332	2.0	1/2	1/2	4/4	5	1	1/2	1/2	1		3	69	A4	4	1702
84	84	332	332	2.0	1/2	1/2	4/4	7	1	1/2	1/2	1		3	69	A4	4	1711
85	85	334	334	2.0	0	0	4/4	4	1	1/2	1/2	1		5	47	B2	2	1720
85	85	334	334	2.0	0	0	4/4	6	1	1/2	1/2	1		5	47	B2	2	1728
85	85	334	334	2.0	0	0	4/4	8	1	1/2	1/2	1		5	47	B2	2	1732
85	85	334	334	2.0	0	0	4/4	3	1	1/2	1/2	1		2	62	D4	4	1718
85	85	334	334	2.0	0	0	4/4	5	2	1/2	1/2	1		2	62	D4	4	1724
85	85	334	334	2.0	0	0	4/4	2	1	1/2	1/2	1		-1	65	F4	4	1716
85	85	334	334	2.0	0	0	4/4	5	3	1/2	1/2	1		-1	65	F4	4	1726
85	85	334	334	2.0	0	0	4/4	1	1	1/2	1/2	1		3	69	A4	4	1714
85	85	334	334	2.0	0	0	4/4	5	1	1/2	1/2	1		3	69	A4	4	1722
85	85	334	334	2.0	0	0	4/4	7	1	1/2	1/2	1		3	69	A4	4	1730
85	85	336	336	2.0	1/2	1/2	4/4	4	1	1/2	1/2	1	1	0	48	C3	3	1721
85	85	336	336	2.0	1/2	1/2	4/4	6	1	1/2	1/2	1	1	0	48	C3	3	1729
85	85	336	336	2.0	1/2	1/2	4/4	8	1	1/2	1/2	1	1	0	48	C3	3	1733
85	85	336	336	2.0	1/2	1/2	4/4	2	1	1/2	1/2	1		4	64	E4	4	1717
85	85	336	336	2.0	1/2	1/2	4/4	3	1	1/2	1/2	1		4	64	E4	4	1719
85	85	336	336	2.0	1/2	1/2	4/4	5	2	1/2	1/2	1		4	64	E4	4	1725
85	85	336	336	2.0	1/2	1/2	4/4	5	3	1/2	1/2	1		4	64	E4	4	1727
85	85	336	336	2.0	1/2	1/2	4/4	1	1	1/2	1/2	1		1	67	G4	4	1715
85	85	336	336	2.0	1/2	1/2	4/4	5	1	1/2	1/2	1		1	67	G4	4	1723
85	85	336	336	2.0	1/2	1/2	4/4	7	1	1/2	1/2	1		1	67	G4	4	1731
86	86	338	338	2.0	0	0	4/4	4	1	1/2	1/2	1	-1	0	48	C3	3	1740
86	86	338	338	2.0	0	0	4/4	6	1	1/2	1/2	1	-1	0	48	C3	3	1748
86	86	338	338	2.0	0	0	4/4	8	1	1/2	1/2	1	-1	0	48	C3	3	1752
86	86	338	338	2.0	0	0	4/4	3	1	1/2	1/2	1		2	62	D4	4	1738
86	86	338	338	2.0	0	0	4/4	5	2	1/2	1/2	1		2	62	D4	4	1744
86	86	338	338	2.0	0	0	4/4	2	1	1/2	1/2	1		6	66	F#4	4	1736
86	86	338	338	2.0	0	0	4/4	5	3	1/2	1/2	1		6	66	F#4	4	1746
86	86	338	338	2.0	0	0	4/4	1	1	1/2	1/2	1		3	69	A4	4	1734
86	86	338	338	2.0	0	0	4/4	5	1	1/2	1/2	1		3	69	A4	4	1742
86	86	338	338	2.0	0	0	4/4	7	1	1/2	1/2	1		3	69	A4	4	1750
86	86	340	340	2.0	1/2	1/2	4/4	4	1	1/2	1/2	1		5	47	B2	2	1741
86	86	340	340	2.0	1/2	1/2	4/4	6	1	1/2	1/2	1		5	47	B2	2	1749
86	86	340	340	2.0	1/2	1/2	4/4	8	1	1/2	1/2	1		5	47	B2	2	1753
86	86	340	340	2.0	1/2	1/2	4/4	3	1	1/2	1/2	1		2	62	D4	4	1739
86	86	340	340	2.0	1/2	1/2	4/4	5	2	1/2	1/2	1		2	62	D4	4	1745
86	86	340	340	2.0	1/2	1/2	4/4	2	1	1/2	1/2	1	1	1	67	G4	4	1737
86	86	340	340	2.0	1/2	1/2	4/4	5	3	1/2	1/2	1	1	1	67	G4	4	1747
86	86	340	340	2.0	1/2	1/2	4/4	1	1	1/2	1/2	1		5	71	B4	4	1735
86	86	340	340	2.0	1/2	1/2	4/4	5	1	1/2	1/2	1		5	71	B4	4	1743
86	86	340	340	2.0	1/2	1/2	4/4	7	1	1/2	1/2	1		5	71	B4	4	1751
87	87	342	342	2.0	0	0	4/4	4	1	1/2	1/2	1		3	45	A2	2	1761
87	87	342	342	2.0	0	0	4/4	6	1	1/2	1/2	1		3	45	A2	2	1770
87	87	342	342	2.0	0	0	4/4	8	1	1/2	1/2	1		3	45	A2	2	1774
87	87	342	342	2.0	0	0	4/4	3	1	1/2	1/2	1		0	60	C4	4	1758
87	87	342	342	2.0	0	0	4/4	5	2	1/2	1/2	1		0	60	C4	4	1765
87	87	342	342	2.0	0	0	4/4	2	1	1/2	1/2	1	-1	1	67	G4	4	1756
87	87	342	342	2.0	0	0	4/4	5	3	1/2	1/2	1	-1	1	67	G4	4	1768
87	87	342	342	2.0	0	0	4/4	1	1	1/2	1/2	1		0	72	C5	5	1754
87	87	342	342	2.0	0	0	4/4	5	1	1/2	1/2	1		0	72	C5	5	1763
87	87	342	342	2.0	0	0	4/4	7	1	1/2	1/2	1		0	72	C5	5	1772
87	87	344	344	2.0	1/2	1/2	4/4	4	1	1/2	1/2	1		2	50	D3	3	1762
87	87	344	344	2.0	1/2	1/2	4/4	6	1	1/2	1/2	1		2	50	D3	3	1771
87	87	344	344	2.0	1/2	1/2	4/4	8	1	1/2	1/2	1		2	50	D3	3	1775
87	87	344	344	1.0	1/2	1/2	4/4	3	1	1/4	1/4	1		2	62	D4	4	1759
87	87	344	344	1.0	1/2	1/2	4/4	5	2	1/4	1/4	1		2	62	D4	4	1766
87	87	344	344	2.0	1/2	1/2	4/4	2	1	1/2	1/2	1		6	66	F#4	4	1757
87	87	344	344	2.0	1/2	1/2	4/4	5	3	1/2	1/2	1		6	66	F#4	4	1769
87	87	344	344	2.0	1/2	1/2	4/4	1	1	1/2	1/2	1		3	69	A4	4	1755
87	87	344	344	2.0	1/2	1/2	4/4	5	1	1/2	1/2	1		3	69	A4	4	1764
87	87	344	344	2.0	1/2	1/2	4/4	7	1	1/2	1/2	1		3	69	A4	4	1773
87	87	345	345	1.0	3/4	3/4	4/4	3	1	1/4	1/4	1		0	60	C4	4	1760
87	87	345	345	1.0	3/4	3/4	4/4	5	2	1/4	1/4	1		0	60	C4	4	1767
88	88	346	346	2.0	0	0	4/4	4	1	1/2	1/2	1		1	43	G2	2	1782
88	88	346	346	2.0	0	0	4/4	6	1	1/2	1/2	1		1	43	G2	2	1790
88	88	346	346	2.0	0	0	4/4	8	1	1/2	1/2	1		1	43	G2	2	1794
88	88	346	346	2.0	0	0	4/4	3	1	1/2	1/2	1		5	59	B3	3	1780
88	88	346	346	2.0	0	0	4/4	5	2	1/2	1/2	1		5	59	B3	3	1786
88	88	346	346	2.0	0	0	4/4	5	3	1/2	1/2	1		2	62	D4	4	1788
88	88	346	346	2.0	0	0	4/4	1	1	1/2	1/2	1		1	67	G4	4	1776
88	88	346	346	2.0	0	0	4/4	2	1	1/2	1/2	1		1	67	G4	4	1778
88	88	346	346	2.0	0	0	4/4	5	1	1/2	1/2	1		1	67	G4	4	1784
88	88	346	346	2.0	0	0	4/4	7	1	1/2	1/2	1		1	67	G4	4	1792
88	88	348	348	2.0	1/2	1/2	4/4	4	1	1/2	1/2	1		4	52	E3	3	1783
88	88	348	348	2.0	1/2	1/2	4/4	6	1	1/2	1/2	1		4	52	E3	3	1791
88	88	348	348	2.0	1/2	1/2	4/4	8	1	1/2	1/2	1		4	52	E3	3	1795
88	88	348	348	2.0	1/2	1/2	4/4	3	1	1/2	1/2	1		-2	58	Bb3	3	1781
88	88	348	348	2.0	1/2	1/2	4/4	5	2	1/2	1/2	1		-2	58	Bb3	3	1787
88	88	348	348	2.0	1/2	1/2	4/4	2	1	1/2	1/2	1		1	67	G4	4	1779
88	88	348	348	2.0	1/2	1/2	4/4	5	3	1/2	1/2	1		1	67	G4	4	1789
88	88	348	348	2.0	1/2	1/2	4/4	1	1	1/2	1/2	1		0	72	C5	5	1777
88	88	348	348	2.0	1/2	1/2	4/4	5	1	1/2	1/2	1		0	72	C5	5	1785
88	88	348	348	2.0	1/2	1/2	4/4	7	1	1/2	1/2	1		0	72	C5	5	1793
89	89	350	350	2.0	0	0	4/4	4	1	1/2	1/2	1		-1	53	F3	3	1802
89	89	350	350	2.0	0	0	4/4	6	1	1/2	1/2	1		-1	53	F3	3	1810
89	89	350	350	2.0	0	0	4/4	8	1	1/2	1/2	1		-1	53	F3	3	1814
89	89	350	350	2.0	0	0	4/4	3	1	1/2	1/2	1		3	57	A3	3	1800
89	89	350	350	2.0	0	0	4/4	5	2	1/2	1/2	1		3	57	A3	3	1806
89	89	350	350	2.0	0	0	4/4	2	1	1/2	1/2	1		-1	65	F4	4	1798
89	89	350	350	2.0	0	0	4/4	5	3	1/2	1/2	1		-1	65	F4	4	1808
89	89	350	350	2.0	0	0	4/4	1	1	1/2	1/2	1		0	72	C5	5	1796
89	89	350	350	2.0	0	0	4/4	5	1	1/2	1/2	1		0	72	C5	5	1804
89	89	350	350	2.0	0	0	4/4	7	1	1/2	1/2	1		0	72	C5	5	1812
89	89	352	352	2.0	1/2	1/2	4/4	4	1	1/2	1/2	1		6	54	F#3	3	1803
89	89	352	352	2.0	1/2	1/2	4/4	6	1	1/2	1/2	1		6	54	F#3	3	1811
89	89	352	352	2.0	1/2	1/2	4/4	8	1	1/2	1/2	1		6	54	F#3	3	1815
89	89	352	352	2.0	1/2	1/2	4/4	3	1	1/2	1/2	1		3	57	A3	3	1801
89	89	352	352	2.0	1/2	1/2	4/4	5	2	1/2	1/2	1		3	57	A3	3	1807
89	89	352	352	2.0	1/2	1/2	4/4	2	1	1/2	1/2	1		2	62	D4	4	1799
89	89	352	352	2.0	1/2	1/2	4/4	5	3	1/2	1/2	1		2	62	D4	4	1809
89	89	352	352	2.0	1/2	1/2	4/4	1	1	1/2	1/2	1		0	72	C5	5	1797
89	89	352	352	2.0	1/2	1/2	4/4	5	1	1/2	1/2	1		0	72	C5	5	1805
89	89	352	352	2.0	1/2	1/2	4/4	7	1	1/2	1/2	1		0	72	C5	5	1813
90	90	354	354	2.0	0	0	4/4	4	1	1/2	1/2	1		1	55	G3	3	1826
90	90	354	354	2.0	0	0	4/4	6	1	1/2	1/2	1		1	55	G3	3	1836
90	90	354	354	2.0	0	0	4/4	8	1	1/2	1/2	1		1	55	G3	3	1840
90	90	354	354	1.0	0	0	4/4	3	1	1/4	1/4	1		5	59	B3	3	1822
90	90	354	354	1.0	0	0	4/4	5	2	1/4	1/4	1		5	59	B3	3	1830
90	90	354	354	1.0	0	0	4/4	2	1	1/4	1/4	1		2	62	D4	4	1818
90	90	354	354	1.0	0	0	4/4	5	3	1/4	1/4	1		2	62	D4	4	1833
90	90	354	354	2.0	0	0	4/4	1	1	1/2	1/2	1		5	71	B4	4	1816
90	90	354	354	2.0	0	0	4/4	5	1	1/2	1/2	1		5	71	B4	4	1828
90	90	354	354	2.0	0	0	4/4	7	1	1/2	1/2	1		5	71	B4	4	1838
90	90	355	355	1.0	1/4	1/4	4/4	3	1	1/4	1/4	1		2	62	D4	4	1823
90	90	355	355	2.0	1/4	1/4	4/4	5	2	1/2	1/2	1		2	62	D4	4	1831
90	90	355	355	1.0	1/4	1/4	4/4	2	1	1/4	1/4	1		-1	65	F4	4	1819
90	90	355	355	2.0	1/4	1/4	4/4	5	3	1/2	1/2	1		-1	65	F4	4	1834
90	90	356	356	2.0	1/2	1/2	4/4	4	1	1/2	1/2	1		3	57	A3	3	1827
90	90	356	356	2.0	1/2	1/2	4/4	6	1	1/2	1/2	1		3	57	A3	3	1837
90	90	356	356	2.0	1/2	1/2	4/4	8	1	1/2	1/2	1		3	57	A3	3	1841
90	90	356	356	1.0	1/2	1/2	4/4	3	1	1/4	1/4	1		2	62	D4	4	1824
90	90	356	356	1.0	1/2	1/2	4/4	2	1	1/4	1/4	1		-1	65	F4	4	1820
90	90	356	356	2.0	1/2	1/2	4/4	1	1	1/2	1/2	1		3	69	A4	4	1817
90	90	356	356	2.0	1/2	1/2	4/4	5	1	1/2	1/2	1		3	69	A4	4	1829
90	90	356	356	2.0	1/2	1/2	4/4	7	1	1/2	1/2	1		3	69	A4	4	1839
90	90	357	357	1.0	3/4	3/4	4/4	3	1	1/4	1/4	1		0	60	C4	4	1825
90	90	357	357	1.0	3/4	3/4	4/4	5	2	1/4	1/4	1		0	60	C4	4	1832
90	90	357	357	1.0	3/4	3/4	4/4	2	1	1/4	1/4	1		4	64	E4	4	1821
90	90	357	357	1.0	3/4	3/4	4/4	5	3	1/4	1/4	1		4	64	E4	4	1835
91	91	358	358	2.0	0	0	4/4	4	1	1/2	1/2	1		2	50	D3	3	1849
91	91	358	358	2.0	0	0	4/4	6	1	1/2	1/2	1		2	50	D3	3	1859
91	91	358	358	2.0	0	0	4/4	8	1	1/2	1/2	1		2	50	D3	3	1863
91	91	358	358	2.0	0	0	4/4	3	1	1/2	1/2	1		2	62	D4	4	1847
91	91	358	358	2.0	0	0	4/4	5	2	1/2	1/2	1		2	62	D4	4	1853
91	91	358	358	2.0	0	0	4/4	2	1	1/2	1/2	1		-1	65	F4	4	1844
91	91	358	358	2.0	0	0	4/4	5	3	1/2	1/2	1		-1	65	F4	4	1856
91	91	358	358	2.0	0	0	4/4	1	1	1/2	1/2	1		5	71	B4	4	1842
91	91	358	358	2.0	0	0	4/4	5	1	1/2	1/2	1		5	71	B4	4	1851
91	91	358	358	2.0	0	0	4/4	7	1	1/2	1/2	1		5	71	B4	4	1861
91	91	360	360	2.0	1/2	1/2	4/4	4	1	1/2	1/2	1		7	49	C#3	3	1850
91	91	360	360	2.0	1/2	1/2	4/4	6	1	1/2	1/2	1		7	49	C#3	3	1860
91	91	360	360	2.0	1/2	1/2	4/4	8	1	1/2	1/2	1		7	49	C#3	3	1864
91	91	360	360	1.0	1/2	1/2	4/4	5	2	1/4	1/4	1		3	57	A3	3	1854
91	91	360	360	1.0	1/2	1/2	4/4	2	1	1/4	1/4	1		4	64	E4	4	1845
91	91	360	360	1.0	1/2	1/2	4/4	5	3	1/4	1/4	1		4	64	E4	4	1857
91	91	360	360	2.0	1/2	1/2	4/4	3	1	1/2	1/2	1		4	64	E4	4	1848
91	91	360	360	2.0	1/2	1/2	4/4	1	1	1/2	1/2	1		3	69	A4	4	1843
91	91	360	360	2.0	1/2	1/2	4/4	5	1	1/2	1/2	1		3	69	A4	4	1852
91	91	360	360	2.0	1/2	1/2	4/4	7	1	1/2	1/2	1		3	69	A4	4	1862
91	91	361	361	1.0	3/4	3/4	4/4	5	2	1/4	1/4	1		4	64	E4	4	1855
91	91	361	361	1.0	3/4	3/4	4/4	2	1	1/4	1/4	1	1	1	67	G4	4	1846
91	91	361	361	1.0	3/4	3/4	4/4	5	3	1/4	1/4	1	1	1	67	G4	4	1858
92	92	362	362	2.0	0	0	4/4	4	1	1/2	1/2	1		2	50	D3	3	1872
92	92	362	362	2.0	0	0	4/4	6	1	1/2	1/2	1		2	50	D3	3	1881
92	92	362	362	2.0	0	0	4/4	8	1	1/2	1/2	1		2	50	D3	3	1885
92	92	362	362	2.0	0	0	4/4	3	1	1/2	1/2	1		2	62	D4	4	1870
92	92	362	362	2.0	0	0	4/4	5	2	1/2	1/2	1		2	62	D4	4	1876
92	92	362	362	1.0	0	0	4/4	2	1	1/4	1/4	1	-1	1	67	G4	4	1867
92	92	362	362	1.0	0	0	4/4	5	3	1/4	1/4	1	-1	1	67	G4	4	1878
92	92	362	362	2.0	0	0	4/4	1	1	1/2	1/2	1		3	69	A4	4	1865
92	92	362	362	2.0	0	0	4/4	5	1	1/2	1/2	1		3	69	A4	4	1874
92	92	362	362	2.0	0	0	4/4	7	1	1/2	1/2	1		3	69	A4	4	1883
92	92	363	363	1.0	1/4	1/4	4/4	2	1	1/4	1/4	1		-1	65	F4	4	1868
92	92	363	363	1.0	1/4	1/4	4/4	5	3	1/4	1/4	1		-1	65	F4	4	1879
92	92	364	364	2.0	1/2	1/2	4/4	4	1	1/2	1/2	1		-1	53	F3	3	1873
92	92	364	364	2.0	1/2	1/2	4/4	6	1	1/2	1/2	1		-1	53	F3	3	1882
92	92	364	364	2.0	1/2	1/2	4/4	8	1	1/2	1/2	1		-1	53	F3	3	1886
92	92	364	364	2.0	1/2	1/2	4/4	3	1	1/2	1/2	1		0	60	C4	4	1871
92	92	364	364	2.0	1/2	1/2	4/4	5	2	1/2	1/2	1		0	60	C4	4	1877
92	92	364	364	2.0	1/2	1/2	4/4	2	1	1/2	1/2	1		-1	65	F4	4	1869
92	92	364	364	2.0	1/2	1/2	4/4	5	3	1/2	1/2	1		-1	65	F4	4	1880
92	92	364	364	2.0	1/2	1/2	4/4	1	1	1/2	1/2	1		3	69	A4	4	1866
92	92	364	364	2.0	1/2	1/2	4/4	5	1	1/2	1/2	1		3	69	A4	4	1875
92	92	364	364	2.0	1/2	1/2	4/4	7	1	1/2	1/2	1		3	69	A4	4	1884
93	93	366	366	2.0	0	0	4/4	4	1	1/2	1/2	1		5	47	B2	2	1893
93	93	366	366	2.0	0	0	4/4	6	1	1/2	1/2	1		5	47	B2	2	1901
93	93	366	366	2.0	0	0	4/4	8	1	1/2	1/2	1		5	47	B2	2	1905
93	93	366	366	2.0	0	0	4/4	3	1	1/2	1/2	1		2	62	D4	4	1891
93	93	366	366	2.0	0	0	4/4	5	2	1/2	1/2	1		2	62	D4	4	1897
93	93	366	366	2.0	0	0	4/4	2	1	1/2	1/2	1		-1	65	F4	4	1889
93	93	366	366	2.0	0	0	4/4	5	3	1/2	1/2	1		-1	65	F4	4	1899
93	93	366	366	2.0	0	0	4/4	1	1	1/2	1/2	1		3	69	A4	4	1887
93	93	366	366	2.0	0	0	4/4	5	1	1/2	1/2	1		3	69	A4	4	1895
93	93	366	366	2.0	0	0	4/4	7	1	1/2	1/2	1		3	69	A4	4	1903
93	93	368	368	2.0	1/2	1/2	4/4	4	1	1/2	1/2	1	1	0	48	C3	3	1894
93	93	368	368	2.0	1/2	1/2	4/4	6	1	1/2	1/2	1	1	0	48	C3	3	1902
93	93	368	368	2.0	1/2	1/2	4/4	8	1	1/2	1/2	1	1	0	48	C3	3	1906
93	93	368	368	2.0	1/2	1/2	4/4	2	1	1/2	1/2	1		4	64	E4	4	1890
93	93	368	368	2.0	1/2	1/2	4/4	3	1	1/2	1/2	1		4	64	E4	4	1892
93	93	368	368	2.0	1/2	1/2	4/4	5	2	1/2	1/2	1		4	64	E4	4	1898
93	93	368	368	2.0	1/2	1/2	4/4	5	3	1/2	1/2	1		4	64	E4	4	1900
93	93	368	368	2.0	1/2	1/2	4/4	1	1	1/2	1/2	1		1	67	G4	4	1888
93	93	368	368	2.0	1/2	1/2	4/4	5	1	1/2	1/2	1		1	67	G4	4	1896
93	93	368	368	2.0	1/2	1/2	4/4	7	1	1/2	1/2	1		1	67	G4	4	1904
94	94	370	370	2.0	0	0	4/4	4	1	1/2	1/2	1	-1	0	48	C3	3	1913
94	94	370	370	2.0	0	0	4/4	6	1	1/2	1/2	1	-1	0	48	C3	3	1921
94	94	370	370	2.0	0	0	4/4	8	1	1/2	1/2	1	-1	0	48	C3	3	1925
94	94	370	370	2.0	0	0	4/4	3	1	1/2	1/2	1		2	62	D4	4	1911
94	94	370	370	2.0	0	0	4/4	5	2	1/2	1/2	1		2	62	D4	4	1917
94	94	370	370	2.0	0	0	4/4	2	1	1/2	1/2	1		6	66	F#4	4	1909
94	94	370	370	2.0	0	0	4/4	5	3	1/2	1/2	1		6	66	F#4	4	1919
94	94	370	370	2.0	0	0	4/4	1	1	1/2	1/2	1		3	69	A4	4	1907
94	94	370	370	2.0	0	0	4/4	5	1	1/2	1/2	1		3	69	A4	4	1915
94	94	370	370	2.0	0	0	4/4	7	1	1/2	1/2	1		3	69	A4	4	1923
94	94	372	372	2.0	1/2	1/2	4/4	4	1	1/2	1/2	1		5	47	B2	2	1914
94	94	372	372	2.0	1/2	1/2	4/4	6	1	1/2	1/2	1		5	47	B2	2	1922
94	94	372	372	2.0	1/2	1/2	4/4	8	1	1/2	1/2	1		5	47	B2	2	1926
94	94	372	372	2.0	1/2	1/2	4/4	3	1	1/2	1/2	1		2	62	D4	4	1912
94	94	372	372	2.0	1/2	1/2	4/4	5	2	1/2	1/2	1		2	62	D4	4	1918
94	94	372	372	2.0	1/2	1/2	4/4	2	1	1/2	1/2	1	1	1	67	G4	4	1910
94	94	372	372	2.0	1/2	1/2	4/4	5	3	1/2	1/2	1	1	1	67	G4	4	1920
94	94	372	372	2.0	1/2	1/2	4/4	1	1	1/2	1/2	1		5	71	B4	4	1908
94	94	372	372	2.0	1/2	1/2	4/4	5	1	1/2	1/2	1		5	71	B4	4	1916
94	94	372	372	2.0	1/2	1/2	4/4	7	1	1/2	1/2	1		5	71	B4	4	1924
95	95	374	374	2.0	0	0	4/4	4	1	1/2	1/2	1		3	45	A2	2	1934
95	95	374	374	2.0	0	0	4/4	6	1	1/2	1/2	1		3	45	A2	2	1943
95	95	374	374	2.0	0	0	4/4	8	1	1/2	1/2	1		3	45	A2	2	1947
95	95	374	374	2.0	0	0	4/4	3	1	1/2	1/2	1		0	60	C4	4	1931
95	95	374	374	2.0	0	0	4/4	5	2	1/2	1/2	1		0	60	C4	4	1938
95	95	374	374	2.0	0	0	4/4	2	1	1/2	1/2	1	-1	1	67	G4	4	1929
95	95	374	374	2.0	0	0	4/4	5	3	1/2	1/2	1	-1	1	67	G4	4	1941
95	95	374	374	2.0	0	0	4/4	1	1	1/2	1/2	1		0	72	C5	5	1927
95	95	374	374	2.0	0	0	4/4	5	1	1/2	1/2	1		0	72	C5	5	1936
95	95	374	374	2.0	0	0	4/4	7	1	1/2	1/2	1		0	72	C5	5	1945
95	95	376	376	2.0	1/2	1/2	4/4	4	1	1/2	1/2	1		2	50	D3	3	1935
95	95	376	376	2.0	1/2	1/2	4/4	6	1	1/2	1/2	1		2	50	D3	3	1944
95	95	376	376	2.0	1/2	1/2	4/4	8	1	1/2	1/2	1		2	50	D3	3	1948
95	95	376	376	1.0	1/2	1/2	4/4	3	1	1/4	1/4	1		2	62	D4	4	1932
95	95	376	376	1.0	1/2	1/2	4/4	5	2	1/4	1/4	1		2	62	D4	4	1939
95	95	376	376	2.0	1/2	1/2	4/4	2	1	1/2	1/2	1		6	66	F#4	4	1930
95	95	376	376	2.0	1/2	1/2	4/4	5	3	1/2	1/2	1		6	66	F#4	4	1942
95	95	376	376	2.0	1/2	1/2	4/4	1	1	1/2	1/2	1		3	69	A4	4	1928
95	95	376	376	2.0	1/2	1/2	4/4	5	1	1/2	1/2	1		3	69	A4	4	1937
95	95	376	376	2.0	1/2	1/2	4/4	7	1	1/2	1/2	1		3	69	A4	4	1946
95	95	377	377	1.0	3/4	3/4	4/4	3	1	1/4	1/4	1		0	60	C4	4	1933
95	95	377	377	1.0	3/4	3/4	4/4	5	2	1/4	1/4	1		0	60	C4	4	1940
96	96	378	378	2.0	0	0	4/4	4	1	1/2	1/2	1		1	43	G2	2	1955
96	96	378	378	2.0	0	0	4/4	6	1	1/2	1/2	1		1	43	G2	2	1964
96	96	378	378	2.0	0	0	4/4	8	1	1/2	1/2	1		1	43	G2	2	1968
96	96	378	378	2.0	0	0	4/4	3	1	1/2	1/2	1		5	59	B3	3	1953
96	96	378	378	2.0	0	0	4/4	5	2	1/2	1/2	1		5	59	B3	3	1959
96	96	378	378	2.0	0	0	4/4	5	3	1/2	1/2	1		2	62	D4	4	1961
96	96	378	378	2.0	0	0	4/4	1	1	1/2	1/2	1		1	67	G4	4	1949
96	96	378	378	2.0	0	0	4/4	2	1	1/2	1/2	1		1	67	G4	4	1951
96	96	378	378	2.0	0	0	4/4	5	1	1/2	1/2	1		1	67	G4	4	1957
96	96	378	378	2.0	0	0	4/4	7	1	1/2	1/2	1		1	67	G4	4	1966
96	96	380	380	2.0	1/2	1/2	4/4	4	1	1/2	1/2	1	1	1	55	G3	3	1956
96	96	380	380	2.0	1/2	1/2	4/4	6	1	1/2	1/2	1	1	1	55	G3	3	1965
96	96	380	380	2.0	1/2	1/2	4/4	8	1	1/2	1/2	1	1	1	55	G3	3	1969
96	96	380	380	2.0	1/2	1/2	4/4	5	2	1/2	1/2	1		3	57	A3	3	1960
96	96	380	380	2.0	1/2	1/2	4/4	3	1	1/2	1/2	1		7	61	C#4	4	1954
96	96	380	380	2.0	1/2	1/2	4/4	5	4	1/2	1/2	1		7	61	C#4	4	1963
96	96	380	380	2.0	1/2	1/2	4/4	2	1	1/2	1/2	1		4	64	E4	4	1952
96	96	380	380	2.0	1/2	1/2	4/4	5	3	1/2	1/2	1		4	64	E4	4	1962
96	96	380	380	2.0	1/2	1/2	4/4	1	1	1/2	1/2	1		3	69	A4	4	1950
96	96	380	380	2.0	1/2	1/2	4/4	5	1	1/2	1/2	1		3	69	A4	4	1958
96	96	380	380	2.0	1/2	1/2	4/4	7	1	1/2	1/2	1		3	69	A4	4	1967
97	97	382	382	2.0	0	0	4/4	4	1	1/2	1/2	1	-1	1	55	G3	3	1976
97	97	382	382	2.0	0	0	4/4	6	1	1/2	1/2	1	-1	1	55	G3	3	1985
97	97	382	382	2.0	0	0	4/4	8	1	1/2	1/2	1	-1	1	55	G3	3	1989
97	97	382	382	2.0	0	0	4/4	5	2	1/2	1/2	1		3	57	A3	3	1980
97	97	382	382	2.0	0	0	4/4	2	1	1/2	1/2	1		2	62	D4	4	1972
97	97	382	382	2.0	0	0	4/4	3	1	1/2	1/2	1		2	62	D4	4	1974
97	97	382	382	2.0	0	0	4/4	5	3	1/2	1/2	1		2	62	D4	4	1982
97	97	382	382	2.0	0	0	4/4	5	4	1/2	1/2	1		2	62	D4	4	1984
97	97	382	382	2.0	0	0	4/4	1	1	1/2	1/2	1		3	69	A4	4	1970
97	97	382	382	2.0	0	0	4/4	5	1	1/2	1/2	1		3	69	A4	4	1978
97	97	382	382	2.0	0	0	4/4	7	1	1/2	1/2	1		3	69	A4	4	1987
97	97	384	384	2.0	1/2	1/2	4/4	4	1	1/2	1/2	1	1	-1	53	F3	3	1977
97	97	384	384	2.0	1/2	1/2	4/4	6	1	1/2	1/2	1	1	-1	53	F3	3	1986
97	97	384	384	2.0	1/2	1/2	4/4	8	1	1/2	1/2	1	1	-1	53	F3	3	1990
97	97	384	384	2.0	1/2	1/2	4/4	3	1	1/2	1/2	1		3	57	A3	3	1975
97	97	384	384	2.0	1/2	1/2	4/4	5	2	1/2	1/2	1		3	57	A3	3	1981
97	97	384	384	2.0	1/2	1/2	4/4	2	1	1/2	1/2	1		2	62	D4	4	1973
97	97	384	384	2.0	1/2	1/2	4/4	5	3	1/2	1/2	1		2	62	D4	4	1983
97	97	384	384	2.0	1/2	1/2	4/4	1	1	1/2	1/2	1		3	69	A4	4	1971
97	97	384	384	2.0	1/2	1/2	4/4	5	1	1/2	1/2	1		3	69	A4	4	1979
97	97	384	384	2.0	1/2	1/2	4/4	7	1	1/2	1/2	1		3	69	A4	4	1988
98	98	386	386	2.0	0	0	4/4	4	1	1/2	1/2	1	-1	-1	53	F3	3	1997
98	98	386	386	2.0	0	0	4/4	6	1	1/2	1/2	1	-1	-1	53	F3	3	2005
98	98	386	386	2.0	0	0	4/4	8	1	1/2	1/2	1	-1	-1	53	F3	3	2009
98	98	386	386	2.0	0	0	4/4	3	1	1/2	1/2	1		5	59	B3	3	1995
98	98	386	386	2.0	0	0	4/4	5	2	1/2	1/2	1		5	59	B3	3	2001
98	98	386	386	2.0	0	0	4/4	2	1	1/2	1/2	1		2	62	D4	4	1993
98	98	386	386	2.0	0	0	4/4	5	3	1/2	1/2	1		2	62	D4	4	2003
98	98	386	386	2.0	0	0	4/4	1	1	1/2	1/2	1		1	67	G4	4	1991
98	98	386	386	2.0	0	0	4/4	5	1	1/2	1/2	1		1	67	G4	4	1999
98	98	386	386	2.0	0	0	4/4	7	1	1/2	1/2	1		1	67	G4	4	2007
98	98	388	388	2.0	1/2	1/2	4/4	4	1	1/2	1/2	1		4	52	E3	3	1998
98	98	388	388	2.0	1/2	1/2	4/4	6	1	1/2	1/2	1		4	52	E3	3	2006
98	98	388	388	2.0	1/2	1/2	4/4	8	1	1/2	1/2	1		4	52	E3	3	2010
98	98	388	388	2.0	1/2	1/2	4/4	3	1	1/2	1/2	1		4	64	E4	4	1996
98	98	388	388	2.0	1/2	1/2	4/4	5	2	1/2	1/2	1		4	64	E4	4	2002
98	98	388	388	2.0	1/2	1/2	4/4	2	1	1/2	1/2	1		1	67	G4	4	1994
98	98	388	388	2.0	1/2	1/2	4/4	5	3	1/2	1/2	1		1	67	G4	4	2004
98	98	388	388	2.0	1/2	1/2	4/4	1	1	1/2	1/2	1		5	71	B4	4	1992
98	98	388	388	2.0	1/2	1/2	4/4	5	1	1/2	1/2	1		5	71	B4	4	2000
98	98	388	388	2.0	1/2	1/2	4/4	7	1	1/2	1/2	1		5	71	B4	4	2008
99	99	390	390	2.0	0	0	4/4	4	1	1/2	1/2	1		0	48	C3	3	2017
99	99	390	390	2.0	0	0	4/4	6	1	1/2	1/2	1		0	48	C3	3	2025
99	99	390	390	2.0	0	0	4/4	8	1	1/2	1/2	1		0	48	C3	3	2029
99	99	390	390	2.0	0	0	4/4	3	1	1/2	1/2	1		4	64	E4	4	2015
99	99	390	390	2.0	0	0	4/4	5	2	1/2	1/2	1		4	64	E4	4	2021
99	99	390	390	2.0	0	0	4/4	2	1	1/2	1/2	1		1	67	G4	4	2013
99	99	390	390	2.0	0	0	4/4	5	3	1/2	1/2	1		1	67	G4	4	2023
99	99	390	390	2.0	0	0	4/4	1	1	1/2	1/2	1		0	72	C5	5	2011
99	99	390	390	2.0	0	0	4/4	5	1	1/2	1/2	1		0	72	C5	5	2019
99	99	390	390	2.0	0	0	4/4	7	1	1/2	1/2	1		0	72	C5	5	2027
99	99	392	392	2.0	1/2	1/2	4/4	4	1	1/2	1/2	1		7	49	C#3	3	2018
99	99	392	392	2.0	1/2	1/2	4/4	6	1	1/2	1/2	1		7	49	C#3	3	2026
99	99	392	392	2.0	1/2	1/2	4/4	8	1	1/2	1/2	1		7	49	C#3	3	2030
99	99	392	392	2.0	1/2	1/2	4/4	3	1	1/2	1/2	1		4	64	E4	4	2016
99	99	392	392	2.0	1/2	1/2	4/4	5	2	1/2	1/2	1		4	64	E4	4	2022
99	99	392	392	2.0	1/2	1/2	4/4	2	1	1/2	1/2	1		1	67	G4	4	2014
99	99	392	392	2.0	1/2	1/2	4/4	5	3	1/2	1/2	1		1	67	G4	4	2024
99	99	392	392	2.0	1/2	1/2	4/4	1	1	1/2	1/2	1		3	69	A4	4	2012
99	99	392	392	2.0	1/2	1/2	4/4	5	1	1/2	1/2	1		3	69	A4	4	2020
99	99	392	392	2.0	1/2	1/2	4/4	7	1	1/2	1/2	1		3	69	A4	4	2028
100	100	394	394	2.0	0	0	4/4	4	1	1/2	1/2	1		2	50	D3	3	2037
100	100	394	394	2.0	0	0	4/4	6	1	1/2	1/2	1		2	50	D3	3	2045
100	100	394	394	2.0	0	0	4/4	8	1	1/2	1/2	1		2	50	D3	3	2049
100	100	394	394	2.0	0	0	4/4	3	1	1/2	1/2	1		2	62	D4	4	2035
100	100	394	394	2.0	0	0	4/4	5	2	1/2	1/2	1		2	62	D4	4	2041
100	100	394	394	2.0	0	0	4/4	2	1	1/2	1/2	1		-1	65	F4	4	2033
100	100	394	394	2.0	0	0	4/4	5	3	1/2	1/2	1		-1	65	F4	4	2043
100	100	394	394	2.0	0	0	4/4	1	1	1/2	1/2	1		3	69	A4	4	2031
100	100	394	394	2.0	0	0	4/4	5	1	1/2	1/2	1		3	69	A4	4	2039
100	100	394	394	2.0	0	0	4/4	7	1	1/2	1/2	1		3	69	A4	4	2047
100	100	396	396	2.0	1/2	1/2	4/4	4	1	1/2	1/2	1		-1	53	F3	3	2038
100	100	396	396	2.0	1/2	1/2	4/4	6	1	1/2	1/2	1		-1	53	F3	3	2046
100	100	396	396	2.0	1/2	1/2	4/4	8	1	1/2	1/2	1		-1	53	F3	3	2050
100	100	396	396	2.0	1/2	1/2	4/4	3	1	1/2	1/2	1		0	60	C4	4	2036
100	100	396	396	2.0	1/2	1/2	4/4	5	2	1/2	1/2	1		0	60	C4	4	2042
100	100	396	396	2.0	1/2	1/2	4/4	2	1	1/2	1/2	1		-1	65	F4	4	2034
100	100	396	396	2.0	1/2	1/2	4/4	5	3	1/2	1/2	1		-1	65	F4	4	2044
100	100	396	396	2.0	1/2	1/2	4/4	1	1	1/2	1/2	1		3	69	A4	4	2032
100	100	396	396	2.0	1/2	1/2	4/4	5	1	1/2	1/2	1		3	69	A4	4	2040
100	100	396	396	2.0	1/2	1/2	4/4	7	1	1/2	1/2	1		3	69	A4	4	2048
101	101	398	398	2.0	0	0	4/4	4	1	1/2	1/2	1		9	51	D#3	3	2057
101	101	398	398	2.0	0	0	4/4	6	1	1/2	1/2	1		9	51	D#3	3	2065
101	101	398	398	2.0	0	0	4/4	8	1	1/2	1/2	1		9	51	D#3	3	2069
101	101	398	398	2.0	0	0	4/4	3	1	1/2	1/2	1		0	60	C4	4	2055
101	101	398	398	2.0	0	0	4/4	5	2	1/2	1/2	1		0	60	C4	4	2061
101	101	398	398	2.0	0	0	4/4	2	1	1/2	1/2	1		6	66	F#4	4	2053
101	101	398	398	2.0	0	0	4/4	5	3	1/2	1/2	1		6	66	F#4	4	2063
101	101	398	398	2.0	0	0	4/4	1	1	1/2	1/2	1		3	69	A4	4	2051
101	101	398	398	2.0	0	0	4/4	5	1	1/2	1/2	1		3	69	A4	4	2059
101	101	398	398	2.0	0	0	4/4	7	1	1/2	1/2	1		3	69	A4	4	2067
101	101	400	400	2.0	1/2	1/2	4/4	4	1	1/2	1/2	1		4	52	E3	3	2058
101	101	400	400	2.0	1/2	1/2	4/4	6	1	1/2	1/2	1		4	52	E3	3	2066
101	101	400	400	2.0	1/2	1/2	4/4	8	1	1/2	1/2	1		4	52	E3	3	2070
101	101	400	400	2.0	1/2	1/2	4/4	3	1	1/2	1/2	1		5	59	B3	3	2056
101	101	400	400	2.0	1/2	1/2	4/4	5	2	1/2	1/2	1		5	59	B3	3	2062
101	101	400	400	2.0	1/2	1/2	4/4	5	3	1/2	1/2	1		4	64	E4	4	2064
101	101	400	400	2.0	1/2	1/2	4/4	1	1	1/2	1/2	1		1	67	G4	4	2052
101	101	400	400	2.0	1/2	1/2	4/4	2	1	1/2	1/2	1		1	67	G4	4	2054
101	101	400	400	2.0	1/2	1/2	4/4	5	1	1/2	1/2	1		1	67	G4	4	2060
101	101	400	400	2.0	1/2	1/2	4/4	7	1	1/2	1/2	1		1	67	G4	4	2068
102	102	402	402	2.0	0	0	4/4	4	1	1/2	1/2	1		0	48	C3	3	2077
102	102	402	402	2.0	0	0	4/4	6	1	1/2	1/2	1		0	48	C3	3	2085
102	102	402	402	2.0	0	0	4/4	8	1	1/2	1/2	1		0	48	C3	3	2089
102	102	402	402	2.0	0	0	4/4	3	1	1/2	1/2	1		0	60	C4	4	2075
102	102	402	402	2.0	0	0	4/4	5	2	1/2	1/2	1		0	60	C4	4	2081
102	102	402	402	2.0	0	0	4/4	2	1	1/2	1/2	1		4	64	E4	4	2073
102	102	402	402	2.0	0	0	4/4	5	3	1/2	1/2	1		4	64	E4	4	2083
102	102	402	402	2.0	0	0	4/4	1	1	1/2	1/2	1		3	69	A4	4	2071
102	102	402	402	2.0	0	0	4/4	5	1	1/2	1/2	1		3	69	A4	4	2079
102	102	402	402	2.0	0	0	4/4	7	1	1/2	1/2	1		3	69	A4	4	2087
102	102	404	404	2.0	1/2	1/2	4/4	4	1	1/2	1/2	1		3	45	A2	2	2078
102	102	404	404	2.0	1/2	1/2	4/4	6	1	1/2	1/2	1		3	45	A2	2	2086
102	102	404	404	2.0	1/2	1/2	4/4	8	1	1/2	1/2	1		3	45	A2	2	2090
102	102	404	404	2.0	1/2	1/2	4/4	3	1	1/2	1/2	1		0	60	C4	4	2076
102	102	404	404	2.0	1/2	1/2	4/4	5	2	1/2	1/2	1		0	60	C4	4	2082
102	102	404	404	2.0	1/2	1/2	4/4	2	1	1/2	1/2	1		4	64	E4	4	2074
102	102	404	404	2.0	1/2	1/2	4/4	5	3	1/2	1/2	1		4	64	E4	4	2084
102	102	404	404	2.0	1/2	1/2	4/4	1	1	1/2	1/2	1		0	72	C5	5	2072
102	102	404	404	2.0	1/2	1/2	4/4	5	1	1/2	1/2	1		0	72	C5	5	2080
102	102	404	404	2.0	1/2	1/2	4/4	7	1	1/2	1/2	1		0	72	C5	5	2088
103	103	406	406	2.0	0	0	4/4	4	1	1/2	1/2	1		5	47	B2	2	2097
103	103	406	406	2.0	0	0	4/4	6	1	1/2	1/2	1		5	47	B2	2	2105
103	103	406	406	2.0	0	0	4/4	8	1	1/2	1/2	1		5	47	B2	2	2109
103	103	406	406	2.0	0	0	4/4	2	1	1/2	1/2	1		2	62	D4	4	2093
103	103	406	406	2.0	0	0	4/4	3	1	1/2	1/2	1		2	62	D4	4	2095
103	103	406	406	2.0	0	0	4/4	5	2	1/2	1/2	1		2	62	D4	4	2101
103	103	406	406	2.0	0	0	4/4	5	3	1/2	1/2	1		2	62	D4	4	2103
103	103	406	406	2.0	0	0	4/4	1	1	1/2	1/2	1		1	67	G4	4	2091
103	103	406	406	2.0	0	0	4/4	5	1	1/2	1/2	1		1	67	G4	4	2099
103	103	406	406	2.0	0	0	4/4	7	1	1/2	1/2	1		1	67	G4	4	2107
103	103	408	408	2.0	1/2	1/2	4/4	4	1	1/2	1/2	1		1	43	G2	2	2098
103	103	408	408	2.0	1/2	1/2	4/4	6	1	1/2	1/2	1		1	43	G2	2	2106
103	103	408	408	2.0	1/2	1/2	4/4	8	1	1/2	1/2	1		1	43	G2	2	2110
103	103	408	408	2.0	1/2	1/2	4/4	3	1	1/2	1/2	1		5	59	B3	3	2096
103	103	408	408	2.0	1/2	1/2	4/4	5	2	1/2	1/2	1		5	59	B3	3	2102
103	103	408	408	2.0	1/2	1/2	4/4	2	1	1/2	1/2	1		2	62	D4	4	2094
103	103	408	408	2.0	1/2	1/2	4/4	5	3	1/2	1/2	1		2	62	D4	4	2104
103	103	408	408	2.0	1/2	1/2	4/4	1	1	1/2	1/2	1		1	67	G4	4	2092
103	103	408	408	2.0	1/2	1/2	4/4	5	1	1/2	1/2	1		1	67	G4	4	2100
103	103	408	408	2.0	1/2	1/2	4/4	7	1	1/2	1/2	1		1	67	G4	4	2108
104	104	410	410	2.0	0	0	4/4	4	1	1/2	1/2	1		0	48	C3	3	2117
104	104	410	410	2.0	0	0	4/4	6	1	1/2	1/2	1		0	48	C3	3	2126
104	104	410	410	2.0	0	0	4/4	8	1	1/2	1/2	1		0	48	C3	3	2130
104	104	410	410	2.0	0	0	4/4	3	1	1/2	1/2	1		1	55	G3	3	2115
104	104	410	410	2.0	0	0	4/4	5	2	1/2	1/2	1		1	55	G3	3	2121
104	104	410	410	2.0	0	0	4/4	2	1	1/2	1/2	1		0	60	C4	4	2113
104	104	410	410	2.0	0	0	4/4	5	3	1/2	1/2	1		0	60	C4	4	2123
104	104	410	410	2.0	0	0	4/4	1	1	1/2	1/2	1		4	64	E4	4	2111
104	104	410	410	2.0	0	0	4/4	5	1	1/2	1/2	1		4	64	E4	4	2119
104	104	410	410	2.0	0	0	4/4	7	1	1/2	1/2	1		4	64	E4	4	2128
104	104	412	412	2.0	1/2	1/2	4/4	4	1	1/2	1/2	1	1	1	55	G3	3	2118
104	104	412	412	2.0	1/2	1/2	4/4	6	1	1/2	1/2	1	1	1	55	G3	3	2127
104	104	412	412	2.0	1/2	1/2	4/4	8	1	1/2	1/2	1	1	1	55	G3	3	2131
104	104	412	412	2.0	1/2	1/2	4/4	5	2	1/2	1/2	1		3	57	A3	3	2122
104	104	412	412	2.0	1/2	1/2	4/4	3	1	1/2	1/2	1		7	61	C#4	4	2116
104	104	412	412	2.0	1/2	1/2	4/4	5	4	1/2	1/2	1		7	61	C#4	4	2125
104	104	412	412	2.0	1/2	1/2	4/4	2	1	1/2	1/2	1		4	64	E4	4	2114
104	104	412	412	2.0	1/2	1/2	4/4	5	3	1/2	1/2	1		4	64	E4	4	2124
104	104	412	412	2.0	1/2	1/2	4/4	1	1	1/2	1/2	1		3	69	A4	4	2112
104	104	412	412	2.0	1/2	1/2	4/4	5	1	1/2	1/2	1		3	69	A4	4	2120
104	104	412	412	2.0	1/2	1/2	4/4	7	1	1/2	1/2	1		3	69	A4	4	2129
105	105	414	414	2.0	0	0	4/4	4	1	1/2	1/2	1	-1	1	55	G3	3	2138
105	105	414	414	2.0	0	0	4/4	6	1	1/2	1/2	1	-1	1	55	G3	3	2147
105	105	414	414	2.0	0	0	4/4	8	1	1/2	1/2	1	-1	1	55	G3	3	2151
105	105	414	414	2.0	0	0	4/4	5	2	1/2	1/2	1		3	57	A3	3	2142
105	105	414	414	2.0	0	0	4/4	2	1	1/2	1/2	1		2	62	D4	4	2134
105	105	414	414	2.0	0	0	4/4	3	1	1/2	1/2	1		2	62	D4	4	2136
105	105	414	414	2.0	0	0	4/4	5	3	1/2	1/2	1		2	62	D4	4	2144
105	105	414	414	2.0	0	0	4/4	5	4	1/2	1/2	1		2	62	D4	4	2146
105	105	414	414	2.0	0	0	4/4	1	1	1/2	1/2	1		3	69	A4	4	2132
105	105	414	414	2.0	0	0	4/4	5	1	1/2	1/2	1		3	69	A4	4	2140
105	105	414	414	2.0	0	0	4/4	7	1	1/2	1/2	1		3	69	A4	4	2149
105	105	416	416	2.0	1/2	1/2	4/4	4	1	1/2	1/2	1	1	-1	53	F3	3	2139
105	105	416	416	2.0	1/2	1/2	4/4	6	1	1/2	1/2	1	1	-1	53	F3	3	2148
105	105	416	416	2.0	1/2	1/2	4/4	8	1	1/2	1/2	1	1	-1	53	F3	3	2152
105	105	416	416	2.0	1/2	1/2	4/4	3	1	1/2	1/2	1		3	57	A3	3	2137
105	105	416	416	2.0	1/2	1/2	4/4	5	2	1/2	1/2	1		3	57	A3	3	2143
105	105	416	416	2.0	1/2	1/2	4/4	2	1	1/2	1/2	1		2	62	D4	4	2135
105	105	416	416	2.0	1/2	1/2	4/4	5	3	1/2	1/2	1		2	62	D4	4	2145
105	105	416	416	2.0	1/2	1/2	4/4	1	1	1/2	1/2	1		3	69	A4	4	2133
105	105	416	416	2.0	1/2	1/2	4/4	5	1	1/2	1/2	1		3	69	A4	4	2141
105	105	416	416	2.0	1/2	1/2	4/4	7	1	1/2	1/2	1		3	69	A4	4	2150
106	106	418	418	2.0	0	0	4/4	4	1	1/2	1/2	1	-1	-1	53	F3	3	2159
106	106	418	418	2.0	0	0	4/4	6	1	1/2	1/2	1	-1	-1	53	F3	3	2167
106	106	418	418	2.0	0	0	4/4	8	1	1/2	1/2	1	-1	-1	53	F3	3	2171
106	106	418	418	2.0	0	0	4/4	3	1	1/2	1/2	1		5	59	B3	3	2157
106	106	418	418	2.0	0	0	4/4	5	2	1/2	1/2	1		5	59	B3	3	2163
106	106	418	418	2.0	0	0	4/4	2	1	1/2	1/2	1		2	62	D4	4	2155
106	106	418	418	2.0	0	0	4/4	5	3	1/2	1/2	1		2	62	D4	4	2165
106	106	418	418	2.0	0	0	4/4	1	1	1/2	1/2	1		1	67	G4	4	2153
106	106	418	418	2.0	0	0	4/4	5	1	1/2	1/2	1		1	67	G4	4	2161
106	106	418	418	2.0	0	0	4/4	7	1	1/2	1/2	1		1	67	G4	4	2169
106	106	420	420	2.0	1/2	1/2	4/4	4	1	1/2	1/2	1		4	52	E3	3	2160
106	106	420	420	2.0	1/2	1/2	4/4	6	1	1/2	1/2	1		4	52	E3	3	2168
106	106	420	420	2.0	1/2	1/2	4/4	8	1	1/2	1/2	1		4	52	E3	3	2172
106	106	420	420	2.0	1/2	1/2	4/4	3	1	1/2	1/2	1		4	64	E4	4	2158
106	106	420	420	2.0	1/2	1/2	4/4	5	2	1/2	1/2	1		4	64	E4	4	2164
106	106	420	420	2.0	1/2	1/2	4/4	2	1	1/2	1/2	1		1	67	G4	4	2156
106	106	420	420	2.0	1/2	1/2	4/4	5	3	1/2	1/2	1		1	67	G4	4	2166
106	106	420	420	2.0	1/2	1/2	4/4	1	1	1/2	1/2	1		5	71	B4	4	2154
106	106	420	420	2.0	1/2	1/2	4/4	5	1	1/2	1/2	1		5	71	B4	4	2162
106	106	420	420	2.0	1/2	1/2	4/4	7	1	1/2	1/2	1		5	71	B4	4	2170
107	107	422	422	2.0	0	0	4/4	4	1	1/2	1/2	1		0	48	C3	3	2179
107	107	422	422	2.0	0	0	4/4	6	1	1/2	1/2	1		0	48	C3	3	2187
107	107	422	422	2.0	0	0	4/4	8	1	1/2	1/2	1		0	48	C3	3	2191
107	107	422	422	2.0	0	0	4/4	3	1	1/2	1/2	1		4	64	E4	4	2177
107	107	422	422	2.0	0	0	4/4	5	2	1/2	1/2	1		4	64	E4	4	2183
107	107	422	422	2.0	0	0	4/4	2	1	1/2	1/2	1		1	67	G4	4	2175
107	107	422	422	2.0	0	0	4/4	5	3	1/2	1/2	1		1	67	G4	4	2185
107	107	422	422	2.0	0	0	4/4	1	1	1/2	1/2	1		0	72	C5	5	2173
107	107	422	422	2.0	0	0	4/4	5	1	1/2	1/2	1		0	72	C5	5	2181
107	107	422	422	2.0	0	0	4/4	7	1	1/2	1/2	1		0	72	C5	5	2189
107	107	424	424	2.0	1/2	1/2	4/4	4	1	1/2	1/2	1		7	49	C#3	3	2180
107	107	424	424	2.0	1/2	1/2	4/4	6	1	1/2	1/2	1		7	49	C#3	3	2188
107	107	424	424	2.0	1/2	1/2	4/4	8	1	1/2	1/2	1		7	49	C#3	3	2192
107	107	424	424	2.0	1/2	1/2	4/4	3	1	1/2	1/2	1		4	64	E4	4	2178
107	107	424	424	2.0	1/2	1/2	4/4	5	2	1/2	1/2	1		4	64	E4	4	2184
107	107	424	424	2.0	1/2	1/2	4/4	2	1	1/2	1/2	1		1	67	G4	4	2176
107	107	424	424	2.0	1/2	1/2	4/4	5	3	1/2	1/2	1		1	67	G4	4	2186
107	107	424	424	2.0	1/2	1/2	4/4	1	1	1/2	1/2	1		3	69	A4	4	2174
107	107	424	424	2.0	1/2	1/2	4/4	5	1	1/2	1/2	1		3	69	A4	4	2182
107	107	424	424	2.0	1/2	1/2	4/4	7	1	1/2	1/2	1		3	69	A4	4	2190
108	108	426	426	2.0	0	0	4/4	4	1	1/2	1/2	1		2	50	D3	3	2199
108	108	426	426	2.0	0	0	4/4	6	1	1/2	1/2	1		2	50	D3	3	2207
108	108	426	426	2.0	0	0	4/4	8	1	1/2	1/2	1		2	50	D3	3	2211
108	108	426	426	2.0	0	0	4/4	3	1	1/2	1/2	1		2	62	D4	4	2197
108	108	426	426	2.0	0	0	4/4	5	2	1/2	1/2	1		2	62	D4	4	2203
108	108	426	426	2.0	0	0	4/4	2	1	1/2	1/2	1		-1	65	F4	4	2195
108	108	426	426	2.0	0	0	4/4	5	3	1/2	1/2	1		-1	65	F4	4	2205
108	108	426	426	2.0	0	0	4/4	1	1	1/2	1/2	1		3	69	A4	4	2193
108	108	426	426	2.0	0	0	4/4	5	1	1/2	1/2	1		3	69	A4	4	2201
108	108	426	426	2.0	0	0	4/4	7	1	1/2	1/2	1		3	69	A4	4	2209
108	108	428	428	2.0	1/2	1/2	4/4	4	1	1/2	1/2	1		-1	53	F3	3	2200
108	108	428	428	2.0	1/2	1/2	4/4	6	1	1/2	1/2	1		-1	53	F3	3	2208
108	108	428	428	2.0	1/2	1/2	4/4	8	1	1/2	1/2	1		-1	53	F3	3	2212
108	108	428	428	2.0	1/2	1/2	4/4	3	1	1/2	1/2	1		0	60	C4	4	2198
108	108	428	428	2.0	1/2	1/2	4/4	5	2	1/2	1/2	1		0	60	C4	4	2204
108	108	428	428	2.0	1/2	1/2	4/4	2	1	1/2	1/2	1		-1	65	F4	4	2196
108	108	428	428	2.0	1/2	1/2	4/4	5	3	1/2	1/2	1		-1	65	F4	4	2206
108	108	428	428	2.0	1/2	1/2	4/4	1	1	1/2	1/2	1		3	69	A4	4	2194
108	108	428	428	2.0	1/2	1/2	4/4	5	1	1/2	1/2	1		3	69	A4	4	2202
108	108	428	428	2.0	1/2	1/2	4/4	7	1	1/2	1/2	1		3	69	A4	4	2210
109	109	430	430	2.0	0	0	4/4	4	1	1/2	1/2	1		9	51	D#3	3	2219
109	109	430	430	2.0	0	0	4/4	6	1	1/2	1/2	1		9	51	D#3	3	2227
109	109	430	430	2.0	0	0	4/4	8	1	1/2	1/2	1		9	51	D#3	3	2231
109	109	430	430	2.0	0	0	4/4	3	1	1/2	1/2	1		0	60	C4	4	2217
109	109	430	430	2.0	0	0	4/4	5	2	1/2	1/2	1		0	60	C4	4	2223
109	109	430	430	2.0	0	0	4/4	2	1	1/2	1/2	1		6	66	F#4	4	2215
109	109	430	430	2.0	0	0	4/4	5	3	1/2	1/2	1		6	66	F#4	4	2225
109	109	430	430	2.0	0	0	4/4	1	1	1/2	1/2	1		3	69	A4	4	2213
109	109	430	430	2.0	0	0	4/4	5	1	1/2	1/2	1		3	69	A4	4	2221
109	109	430	430	2.0	0	0	4/4	7	1	1/2	1/2	1		3	69	A4	4	2229
109	109	432	432	2.0	1/2	1/2	4/4	4	1	1/2	1/2	1		4	52	E3	3	2220
109	109	432	432	2.0	1/2	1/2	4/4	6	1	1/2	1/2	1		4	52	E3	3	2228
109	109	432	432	2.0	1/2	1/2	4/4	8	1	1/2	1/2	1		4	52	E3	3	2232
109	109	432	432	2.0	1/2	1/2	4/4	3	1	1/2	1/2	1		5	59	B3	3	2218
109	109	432	432	2.0	1/2	1/2	4/4	5	2	1/2	1/2	1		5	59	B3	3	2224
109	109	432	432	2.0	1/2	1/2	4/4	5	3	1/2	1/2	1		4	64	E4	4	2226
109	109	432	432	2.0	1/2	1/2	4/4	1	1	1/2	1/2	1		1	67	G4	4	2214
109	109	432	432	2.0	1/2	1/2	4/4	2	1	1/2	1/2	1		1	67	G4	4	2216
109	109	432	432	2.0	1/2	1/2	4/4	5	1	1/2	1/2	1		1	67	G4	4	2222
109	109	432	432	2.0	1/2	1/2	4/4	7	1	1/2	1/2	1		1	67	G4	4	2230
110	110	434	434	2.0	0	0	4/4	4	1	1/2	1/2	1		0	48	C3	3	2239
110	110	434	434	2.0	0	0	4/4	6	1	1/2	1/2	1		0	48	C3	3	2247
110	110	434	434	2.0	0	0	4/4	8	1	1/2	1/2	1		0	48	C3	3	2251
110	110	434	434	2.0	0	0	4/4	3	1	1/2	1/2	1		0	60	C4	4	2237
110	110	434	434	2.0	0	0	4/4	5	2	1/2	1/2	1		0	60	C4	4	2243
110	110	434	434	2.0	0	0	4/4	2	1	1/2	1/2	1		4	64	E4	4	2235
110	110	434	434	2.0	0	0	4/4	5	3	1/2	1/2	1		4	64	E4	4	2245
110	110	434	434	2.0	0	0	4/4	1	1	1/2	1/2	1		3	69	A4	4	2233
110	110	434	434	2.0	0	0	4/4	5	1	1/2	1/2	1		3	69	A4	4	2241
110	110	434	434	2.0	0	0	4/4	7	1	1/2	1/2	1		3	69	A4	4	2249
110	110	436	436	2.0	1/2	1/2	4/4	4	1	1/2	1/2	1		3	45	A2	2	2240
110	110	436	436	2.0	1/2	1/2	4/4	6	1	1/2	1/2	1		3	45	A2	2	2248
110	110	436	436	2.0	1/2	1/2	4/4	8	1	1/2	1/2	1		3	45	A2	2	2252
110	110	436	436	2.0	1/2	1/2	4/4	3	1	1/2	1/2	1		0	60	C4	4	2238
110	110	436	436	2.0	1/2	1/2	4/4	5	2	1/2	1/2	1		0	60	C4	4	2244
110	110	436	436	2.0	1/2	1/2	4/4	2	1	1/2	1/2	1		4	64	E4	4	2236
110	110	436	436	2.0	1/2	1/2	4/4	5	3	1/2	1/2	1		4	64	E4	4	2246
110	110	436	436	2.0	1/2	1/2	4/4	1	1	1/2	1/2	1		0	72	C5	5	2234
110	110	436	436	2.0	1/2	1/2	4/4	5	1	1/2	1/2	1		0	72	C5	5	2242
110	110	436	436	2.0	1/2	1/2	4/4	7	1	1/2	1/2	1		0	72	C5	5	2250
111	111	438	438	2.0	0	0	4/4	4	1	1/2	1/2	1		5	47	B2	2	2259
111	111	438	438	2.0	0	0	4/4	6	1	1/2	1/2	1		5	47	B2	2	2267
111	111	438	438	2.0	0	0	4/4	8	1	1/2	1/2	1		5	47	B2	2	2271
111	111	438	438	2.0	0	0	4/4	2	1	1/2	1/2	1		2	62	D4	4	2255
111	111	438	438	2.0	0	0	4/4	3	1	1/2	1/2	1		2	62	D4	4	2257
111	111	438	438	2.0	0	0	4/4	5	2	1/2	1/2	1		2	62	D4	4	2263
111	111	438	438	2.0	0	0	4/4	5	3	1/2	1/2	1		2	62	D4	4	2265
111	111	438	438	2.0	0	0	4/4	1	1	1/2	1/2	1		1	67	G4	4	2253
111	111	438	438	2.0	0	0	4/4	5	1	1/2	1/2	1		1	67	G4	4	2261
111	111	438	438	2.0	0	0	4/4	7	1	1/2	1/2	1		1	67	G4	4	2269
111	111	440	440	2.0	1/2	1/2	4/4	4	1	1/2	1/2	1		1	43	G2	2	2260
111	111	440	440	2.0	1/2	1/2	4/4	6	1	1/2	1/2	1		1	43	G2	2	2268
111	111	440	440	2.0	1/2	1/2	4/4	8	1	1/2	1/2	1		1	43	G2	2	2272
111	111	440	440	2.0	1/2	1/2	4/4	3	1	1/2	1/2	1		5	59	B3	3	2258
111	111	440	440	2.0	1/2	1/2	4/4	5	2	1/2	1/2	1		5	59	B3	3	2264
111	111	440	440	2.0	1/2	1/2	4/4	2	1	1/2	1/2	1		2	62	D4	4	2256
111	111	440	440	2.0	1/2	1/2	4/4	5	3	1/2	1/2	1		2	62	D4	4	2266
111	111	440	440	2.0	1/2	1/2	4/4	1	1	1/2	1/2	1		1	67	G4	4	2254
111	111	440	440	2.0	1/2	1/2	4/4	5	1	1/2	1/2	1		1	67	G4	4	2262
111	111	440	440	2.0	1/2	1/2	4/4	7	1	1/2	1/2	1		1	67	G4	4	2270
112	112	442	442	2.0	0	0	4/4	4	1	1/2	1/2	1		0	48	C3	3	2279
112	112	442	442	2.0	0	0	4/4	6	1	1/2	1/2	1		0	48	C3	3	2288
112	112	442	442	2.0	0	0	4/4	8	1	1/2	1/2	1		0	48	C3	3	2292
112	112	442	442	2.0	0	0	4/4	3	1	1/2	1/2	1		1	55	G3	3	2277
112	112	442	442	2.0	0	0	4/4	5	2	1/2	1/2	1		1	55	G3	3	2283
112	112	442	442	2.0	0	0	4/4	2	1	1/2	1/2	1		0	60	C4	4	2275
112	112	442	442	2.0	0	0	4/4	5	3	1/2	1/2	1		0	60	C4	4	2285
112	112	442	442	2.0	0	0	4/4	1	1	1/2	1/2	1		4	64	E4	4	2273
112	112	442	442	2.0	0	0	4/4	5	1	1/2	1/2	1		4	64	E4	4	2281
112	112	442	442	2.0	0	0	4/4	7	1	1/2	1/2	1		4	64	E4	4	2290
112	112	444	444	2.0	1/2	1/2	4/4	4	1	1/2	1/2	1	1	1	55	G3	3	2280
112	112	444	444	2.0	1/2	1/2	4/4	6	1	1/2	1/2	1	1	1	55	G3	3	2289
112	112	444	444	2.0	1/2	1/2	4/4	8	1	1/2	1/2	1	1	1	55	G3	3	2293
112	112	444	444	2.0	1/2	1/2	4/4	5	2	1/2	1/2	1		3	57	A3	3	2284
112	112	444	444	2.0	1/2	1/2	4/4	3	1	1/2	1/2	1		7	61	C#4	4	2278
112	112	444	444	2.0	1/2	1/2	4/4	5	4	1/2	1/2	1		7	61	C#4	4	2287
112	112	444	444	2.0	1/2	1/2	4/4	2	1	1/2	1/2	1		4	64	E4	4	2276
112	112	444	444	2.0	1/2	1/2	4/4	5	3	1/2	1/2	1		4	64	E4	4	2286
112	112	444	444	2.0	1/2	1/2	4/4	1	1	1/2	1/2	1		3	69	A4	4	2274
112	112	444	444	2.0	1/2	1/2	4/4	5	1	1/2	1/2	1		3	69	A4	4	2282
112	112	444	444	2.0	1/2	1/2	4/4	7	1	1/2	1/2	1		3	69	A4	4	2291
113	113	446	446	2.0	0	0	4/4	4	1	1/2	1/2	1	-1	1	55	G3	3	2300
113	113	446	446	2.0	0	0	4/4	6	1	1/2	1/2	1	-1	1	55	G3	3	2309
113	113	446	446	2.0	0	0	4/4	8	1	1/2	1/2	1	-1	1	55	G3	3	2313
113	113	446	446	2.0	0	0	4/4	5	2	1/2	1/2	1		3	57	A3	3	2304
113	113	446	446	2.0	0	0	4/4	2	1	1/2	1/2	1		2	62	D4	4	2296
113	113	446	446	2.0	0	0	4/4	3	1	1/2	1/2	1		2	62	D4	4	2298
113	113	446	446	2.0	0	0	4/4	5	3	1/2	1/2	1		2	62	D4	4	2306
113	113	446	446	2.0	0	0	4/4	5	4	1/2	1/2	1		2	62	D4	4	2308
113	113	446	446	2.0	0	0	4/4	1	1	1/2	1/2	1		3	69	A4	4	2294
113	113	446	446	2.0	0	0	4/4	5	1	1/2	1/2	1		3	69	A4	4	2302
113	113	446	446	2.0	0	0	4/4	7	1	1/2	1/2	1		3	69	A4	4	2311
113	113	448	448	2.0	1/2	1/2	4/4	4	1	1/2	1/2	1	1	-1	53	F3	3	2301
113	113	448	448	2.0	1/2	1/2	4/4	6	1	1/2	1/2	1	1	-1	53	F3	3	2310
113	113	448	448	2.0	1/2	1/2	4/4	8	1	1/2	1/2	1	1	-1	53	F3	3	2314
113	113	448	448	2.0	1/2	1/2	4/4	3	1	1/2	1/2	1		3	57	A3	3	2299
113	113	448	448	2.0	1/2	1/2	4/4	5	2	1/2	1/2	1		3	57	A3	3	2305
113	113	448	448	2.0	1/2	1/2	4/4	2	1	1/2	1/2	1		2	62	D4	4	2297
113	113	448	448	2.0	1/2	1/2	4/4	5	3	1/2	1/2	1		2	62	D4	4	2307
113	113	448	448	2.0	1/2	1/2	4/4	1	1	1/2	1/2	1		3	69	A4	4	2295
113	113	448	448	2.0	1/2	1/2	4/4	5	1	1/2	1/2	1		3	69	A4	4	2303
113	113	448	448	2.0	1/2	1/2	4/4	7	1	1/2	1/2	1		3	69	A4	4	2312
114	114	450	450	2.0	0	0	4/4	4	1	1/2	1/2	1	-1	-1	53	F3	3	2321
114	114	450	450	2.0	0	0	4/4	6	1	1/2	1/2	1	-1	-1	53	F3	3	2329
114	114	450	450	2.0	0	0	4/4	8	1	1/2	1/2	1	-1	-1	53	F3	3	2333
114	114	450	450	2.0	0	0	4/4	3	1	1/2	1/2	1		5	59	B3	3	2319
114	114	450	450	2.0	0	0	4/4	5	2	1/2	1/2	1		5	59	B3	3	2325
114	114	450	450	2.0	0	0	4/4	2	1	1/2	1/2	1		2	62	D4	4	2317
114	114	450	450	2.0	0	0	4/4	5	3	1/2	1/2	1		2	62	D4	4	2327
114	114	450	450	2.0	0	0	4/4	1	1	1/2	1/2	1		1	67	G4	4	2315
114	114	450	450	2.0	0	0	4/4	5	1	1/2	1/2	1		1	67	G4	4	2323
114	114	450	450	2.0	0	0	4/4	7	1	1/2	1/2	1		1	67	G4	4	2331
114	114	452	452	2.0	1/2	1/2	4/4	4	1	1/2	1/2	1		4	52	E3	3	2322
114	114	452	452	2.0	1/2	1/2	4/4	6	1	1/2	1/2	1		4	52	E3	3	2330
114	114	452	452	2.0	1/2	1/2	4/4	8	1	1/2	1/2	1		4	52	E3	3	2334
114	114	452	452	2.0	1/2	1/2	4/4	3	1	1/2	1/2	1		4	64	E4	4	2320
114	114	452	452	2.0	1/2	1/2	4/4	5	2	1/2	1/2	1		4	64	E4	4	2326
114	114	452	452	2.0	1/2	1/2	4/4	2	1	1/2	1/2	1		1	67	G4	4	2318
114	114	452	452	2.0	1/2	1/2	4/4	5	3	1/2	1/2	1		1	67	G4	4	2328
114	114	452	452	2.0	1/2	1/2	4/4	1	1	1/2	1/2	1		5	71	B4	4	2316
114	114	452	452	2.0	1/2	1/2	4/4	5	1	1/2	1/2	1		5	71	B4	4	2324
114	114	452	452	2.0	1/2	1/2	4/4	7	1	1/2	1/2	1		5	71	B4	4	2332
115	115	454	454	2.0	0	0	4/4	4	1	1/2	1/2	1		0	48	C3	3	2341
115	115	454	454	2.0	0	0	4/4	6	1	1/2	1/2	1		0	48	C3	3	2349
115	115	454	454	2.0	0	0	4/4	8	1	1/2	1/2	1		0	48	C3	3	2353
115	115	454	454	2.0	0	0	4/4	3	1	1/2	1/2	1		4	64	E4	4	2339
115	115	454	454	2.0	0	0	4/4	5	2	1/2	1/2	1		4	64	E4	4	2345
115	115	454	454	2.0	0	0	4/4	2	1	1/2	1/2	1		1	67	G4	4	2337
115	115	454	454	2.0	0	0	4/4	5	3	1/2	1/2	1		1	67	G4	4	2347
115	115	454	454	2.0	0	0	4/4	1	1	1/2	1/2	1		0	72	C5	5	2335
115	115	454	454	2.0	0	0	4/4	5	1	1/2	1/2	1		0	72	C5	5	2343
115	115	454	454	2.0	0	0	4/4	7	1	1/2	1/2	1		0	72	C5	5	2351
115	115	456	456	2.0	1/2	1/2	4/4	4	1	1/2	1/2	1		7	49	C#3	3	2342
115	115	456	456	2.0	1/2	1/2	4/4	6	1	1/2	1/2	1		7	49	C#3	3	2350
115	115	456	456	2.0	1/2	1/2	4/4	8	1	1/2	1/2	1		7	49	C#3	3	2354
115	115	456	456	2.0	1/2	1/2	4/4	3	1	1/2	1/2	1		4	64	E4	4	2340
115	115	456	456	2.0	1/2	1/2	4/4	5	2	1/2	1/2	1		4	64	E4	4	2346
115	115	456	456	2.0	1/2	1/2	4/4	2	1	1/2	1/2	1		1	67	G4	4	2338
115	115	456	456	2.0	1/2	1/2	4/4	5	3	1/2	1/2	1		1	67	G4	4	2348
115	115	456	456	2.0	1/2	1/2	4/4	1	1	1/2	1/2	1		3	69	A4	4	2336
115	115	456	456	2.0	1/2	1/2	4/4	5	1	1/2	1/2	1		3	69	A4	4	2344
115	115	456	456	2.0	1/2	1/2	4/4	7	1	1/2	1/2	1		3	69	A4	4	2352
116	116	458	458	2.0	0	0	4/4	4	1	1/2	1/2	1		2	50	D3	3	2361
116	116	458	458	2.0	0	0	4/4	6	1	1/2	1/2	1		2	50	D3	3	2369
116	116	458	458	2.0	0	0	4/4	8	1	1/2	1/2	1		2	50	D3	3	2373
116	116	458	458	2.0	0	0	4/4	3	1	1/2	1/2	1		2	62	D4	4	2359
116	116	458	458	2.0	0	0	4/4	5	2	1/2	1/2	1		2	62	D4	4	2365
116	116	458	458	2.0	0	0	4/4	2	1	1/2	1/2	1		-1	65	F4	4	2357
116	116	458	458	2.0	0	0	4/4	5	3	1/2	1/2	1		-1	65	F4	4	2367
116	116	458	458	2.0	0	0	4/4	1	1	1/2	1/2	1		3	69	A4	4	2355
116	116	458	458	2.0	0	0	4/4	5	1	1/2	1/2	1		3	69	A4	4	2363
116	116	458	458	2.0	0	0	4/4	7	1	1/2	1/2	1		3	69	A4	4	2371
116	116	460	460	2.0	1/2	1/2	4/4	4	1	1/2	1/2	1		-1	53	F3	3	2362
116	116	460	460	2.0	1/2	1/2	4/4	6	1	1/2	1/2	1		-1	53	F3	3	2370
116	116	460	460	2.0	1/2	1/2	4/4	8	1	1/2	1/2	1		-1	53	F3	3	2374
116	116	460	460	2.0	1/2	1/2	4/4	3	1	1/2	1/2	1		0	60	C4	4	2360
116	116	460	460	2.0	1/2	1/2	4/4	5	2	1/2	1/2	1		0	60	C4	4	2366
116	116	460	460	2.0	1/2	1/2	4/4	2	1	1/2	1/2	1		-1	65	F4	4	2358
116	116	460	460	2.0	1/2	1/2	4/4	5	3	1/2	1/2	1		-1	65	F4	4	2368
116	116	460	460	2.0	1/2	1/2	4/4	1	1	1/2	1/2	1		3	69	A4	4	2356
116	116	460	460	2.0	1/2	1/2	4/4	5	1	1/2	1/2	1		3	69	A4	4	2364
116	116	460	460	2.0	1/2	1/2	4/4	7	1	1/2	1/2	1		3	69	A4	4	2372
117	117	462	462	2.0	0	0	4/4	4	1	1/2	1/2	1		9	51	D#3	3	2381
117	117	462	462	2.0	0	0	4/4	6	1	1/2	1/2	1		9	51	D#3	3	2389
117	117	462	462	2.0	0	0	4/4	8	1	1/2	1/2	1		9	51	D#3	3	2393
117	117	462	462	2.0	0	0	4/4	3	1	1/2	1/2	1		0	60	C4	4	2379
117	117	462	462	2.0	0	0	4/4	5	2	1/2	1/2	1		0	60	C4	4	2385
117	117	462	462	2.0	0	0	4/4	2	1	1/2	1/2	1		6	66	F#4	4	2377
117	117	462	462	2.0	0	0	4/4	5	3	1/2	1/2	1		6	66	F#4	4	2387
117	117	462	462	2.0	0	0	4/4	1	1	1/2	1/2	1		3	69	A4	4	2375
117	117	462	462	2.0	0	0	4/4	5	1	1/2	1/2	1		3	69	A4	4	2383
117	117	462	462	2.0	0	0	4/4	7	1	1/2	1/2	1		3	69	A4	4	2391
117	117	464	464	2.0	1/2	1/2	4/4	4	1	1/2	1/2	1		4	52	E3	3	2382
117	117	464	464	2.0	1/2	1/2	4/4	6	1	1/2	1/2	1		4	52	E3	3	2390
117	117	464	464	2.0	1/2	1/2	4/4	8	1	1/2	1/2	1		4	52	E3	3	2394
117	117	464	464	2.0	1/2	1/2	4/4	3	1	1/2	1/2	1		5	59	B3	3	2380
117	117	464	464	2.0	1/2	1/2	4/4	5	2	1/2	1/2	1		5	59	B3	3	2386
117	117	464	464	2.0	1/2	1/2	4/4	5	3	1/2	1/2	1		4	64	E4	4	2388
117	117	464	464	2.0	1/2	1/2	4/4	1	1	1/2	1/2	1		1	67	G4	4	2376
117	117	464	464	2.0	1/2	1/2	4/4	2	1	1/2	1/2	1		1	67	G4	4	2378
117	117	464	464	2.0	1/2	1/2	4/4	5	1	1/2	1/2	1		1	67	G4	4	2384
117	117	464	464	2.0	1/2	1/2	4/4	7	1	1/2	1/2	1		1	67	G4	4	2392
118	118	466	466	2.0	0	0	4/4	4	1	1/2	1/2	1		0	48	C3	3	2401
118	118	466	466	2.0	0	0	4/4	6	1	1/2	1/2	1		0	48	C3	3	2409
118	118	466	466	2.0	0	0	4/4	8	1	1/2	1/2	1		0	48	C3	3	2413
118	118	466	466	2.0	0	0	4/4	3	1	1/2	1/2	1		0	60	C4	4	2399
118	118	466	466	2.0	0	0	4/4	5	2	1/2	1/2	1		0	60	C4	4	2405
118	118	466	466	2.0	0	0	4/4	2	1	1/2	1/2	1		4	64	E4	4	2397
118	118	466	466	2.0	0	0	4/4	5	3	1/2	1/2	1		4	64	E4	4	2407
118	118	466	466	2.0	0	0	4/4	1	1	1/2	1/2	1		3	69	A4	4	2395
118	118	466	466	2.0	0	0	4/4	5	1	1/2	1/2	1		3	69	A4	4	2403
118	118	466	466	2.0	0	0	4/4	7	1	1/2	1/2	1		3	69	A4	4	2411
118	118	468	468	2.0	1/2	1/2	4/4	4	1	1/2	1/2	1		3	45	A2	2	2402
118	118	468	468	2.0	1/2	1/2	4/4	6	1	1/2	1/2	1		3	45	A2	2	2410
118	118	468	468	2.0	1/2	1/2	4/4	8	1	1/2	1/2	1		3	45	A2	2	2414
118	118	468	468	2.0	1/2	1/2	4/4	3	1	1/2	1/2	1		0	60	C4	4	2400
118	118	468	468	2.0	1/2	1/2	4/4	5	2	1/2	1/2	1		0	60	C4	4	2406
118	118	468	468	2.0	1/2	1/2	4/4	2	1	1/2	1/2	1		4	64	E4	4	2398
118	118	468	468	2.0	1/2	1/2	4/4	5	3	1/2	1/2	1		4	64	E4	4	2408
118	118	468	468	2.0	1/2	1/2	4/4	1	1	1/2	1/2	1		0	72	C5	5	2396
118	118	468	468	2.0	1/2	1/2	4/4	5	1	1/2	1/2	1		0	72	C5	5	2404
118	118	468	468	2.0	1/2	1/2	4/4	7	1	1/2	1/2	1		0	72	C5	5	2412
119	119	470	470	2.0	0	0	4/4	4	1	1/2	1/2	1		5	47	B2	2	2421
119	119	470	470	2.0	0	0	4/4	6	1	1/2	1/2	1		5	47	B2	2	2429
119	119	470	470	2.0	0	0	4/4	8	1	1/2	1/2	1		5	47	B2	2	2433
119	119	470	470	2.0	0	0	4/4	2	1	1/2	1/2	1		2	62	D4	4	2417
119	119	470	470	2.0	0	0	4/4	3	1	1/2	1/2	1		2	62	D4	4	2419
119	119	470	470	2.0	0	0	4/4	5	2	1/2	1/2	1		2	62	D4	4	2425
119	119	470	470	2.0	0	0	4/4	5	3	1/2	1/2	1		2	62	D4	4	2427
119	119	470	470	2.0	0	0	4/4	1	1	1/2	1/2	1		1	67	G4	4	2415
119	119	470	470	2.0	0	0	4/4	5	1	1/2	1/2	1		1	67	G4	4	2423
119	119	470	470	2.0	0	0	4/4	7	1	1/2	1/2	1		1	67	G4	4	2431
119	119	472	472	2.0	1/2	1/2	4/4	4	1	1/2	1/2	1		1	43	G2	2	2422
119	119	472	472	2.0	1/2	1/2	4/4	6	1	1/2	1/2	1		1	43	G2	2	2430
119	119	472	472	2.0	1/2	1/2	4/4	8	1	1/2	1/2	1		1	43	G2	2	2434
119	119	472	472	2.0	1/2	1/2	4/4	3	1	1/2	1/2	1		5	59	B3	3	2420
119	119	472	472	2.0	1/2	1/2	4/4	5	2	1/2	1/2	1		5	59	B3	3	2426
119	119	472	472	2.0	1/2	1/2	4/4	2	1	1/2	1/2	1		2	62	D4	4	2418
119	119	472	472	2.0	1/2	1/2	4/4	5	3	1/2	1/2	1		2	62	D4	4	2428
119	119	472	472	2.0	1/2	1/2	4/4	1	1	1/2	1/2	1		1	67	G4	4	2416
119	119	472	472	2.0	1/2	1/2	4/4	5	1	1/2	1/2	1		1	67	G4	4	2424
119	119	472	472	2.0	1/2	1/2	4/4	7	1	1/2	1/2	1		1	67	G4	4	2432
120	120	474	474	2.0	0	0	4/4	4	1	1/2	1/2	1		0	48	C3	3	2441
120	120	474	474	2.0	0	0	4/4	6	1	1/2	1/2	1		0	48	C3	3	2450
120	120	474	474	2.0	0	0	4/4	8	1	1/2	1/2	1		0	48	C3	3	2454
120	120	474	474	2.0	0	0	4/4	3	1	1/2	1/2	1		1	55	G3	3	2439
120	120	474	474	2.0	0	0	4/4	5	2	1/2	1/2	1		1	55	G3	3	2445
120	120	474	474	2.0	0	0	4/4	2	1	1/2	1/2	1		0	60	C4	4	2437
120	120	474	474	2.0	0	0	4/4	5	3	1/2	1/2	1		0	60	C4	4	2447
120	120	474	474	2.0	0	0	4/4	1	1	1/2	1/2	1		4	64	E4	4	2435
120	120	474	474	2.0	0	0	4/4	5	1	1/2	1/2	1		4	64	E4	4	2443
120	120	474	474	2.0	0	0	4/4	7	1	1/2	1/2	1		4	64	E4	4	2452
120	120	476	476	2.0	1/2	1/2	4/4	4	1	1/2	1/2	1	1	1	55	G3	3	2442
120	120	476	476	2.0	1/2	1/2	4/4	6	1	1/2	1/2	1	1	1	55	G3	3	2451
120	120	476	476	2.0	1/2	1/2	4/4	8	1	1/2	1/2	1	1	1	55	G3	3	2455
120	120	476	476	2.0	1/2	1/2	4/4	5	2	1/2	1/2	1		3	57	A3	3	2446
120	120	476	476	2.0	1/2	1/2	4/4	3	1	1/2	1/2	1		7	61	C#4	4	2440
120	120	476	476	2.0	1/2	1/2	4/4	5	4	1/2	1/2	1		7	61	C#4	4	2449
120	120	476	476	2.0	1/2	1/2	4/4	2	1	1/2	1/2	1		4	64	E4	4	2438
120	120	476	476	2.0	1/2	1/2	4/4	5	3	1/2	1/2	1		4	64	E4	4	2448
120	120	476	476	2.0	1/2	1/2	4/4	1	1	1/2	1/2	1		3	69	A4	4	2436
120	120	476	476	2.0	1/2	1/2	4/4	5	1	1/2	1/2	1		3	69	A4	4	2444
120	120	476	476	2.0	1/2	1/2	4/4	7	1	1/2	1/2	1		3	69	A4	4	2453
121	121	478	478	2.0	0	0	4/4	4	1	1/2	1/2	1	-1	1	55	G3	3	2462
121	121	478	478	2.0	0	0	4/4	6	1	1/2	1/2	1	-1	1	55	G3	3	2471
121	121	478	478	2.0	0	0	4/4	8	1	1/2	1/2	1	-1	1	55	G3	3	2475
121	121	478	478	2.0	0	0	4/4	5	2	1/2	1/2	1		3	57	A3	3	2466
121	121	478	478	2.0	0	0	4/4	2	1	1/2	1/2	1		2	62	D4	4	2458
121	121	478	478	2.0	0	0	4/4	3	1	1/2	1/2	1		2	62	D4	4	2460
121	121	478	478	2.0	0	0	4/4	5	3	1/2	1/2	1		2	62	D4	4	2468
121	121	478	478	2.0	0	0	4/4	5	4	1/2	1/2	1		2	62	D4	4	2470
121	121	478	478	2.0	0	0	4/4	1	1	1/2	1/2	1		3	69	A4	4	2456
121	121	478	478	2.0	0	0	4/4	5	1	1/2	1/2	1		3	69	A4	4	2464
121	121	478	478	2.0	0	0	4/4	7	1	1/2	1/2	1		3	69	A4	4	2473
121	121	480	480	2.0	1/2	1/2	4/4	4	1	1/2	1/2	1	1	-1	53	F3	3	2463
121	121	480	480	2.0	1/2	1/2	4/4	6	1	1/2	1/2	1	1	-1	53	F3	3	2472
121	121	480	480	2.0	1/2	1/2	4/4	8	1	1/2	1/2	1	1	-1	53	F3	3	2476
121	121	480	480	2.0	1/2	1/2	4/4	3	1	1/2	1/2	1		3	57	A3	3	2461
121	121	480	480	2.0	1/2	1/2	4/4	5	2	1/2	1/2	1		3	57	A3	3	2467
121	121	480	480	2.0	1/2	1/2	4/4	2	1	1/2	1/2	1		2	62	D4	4	2459
121	121	480	480	2.0	1/2	1/2	4/4	5	3	1/2	1/2	1		2	62	D4	4	2469
121	121	480	480	2.0	1/2	1/2	4/4	1	1	1/2	1/2	1		3	69	A4	4	2457
121	121	480	480	2.0	1/2	1/2	4/4	5	1	1/2	1/2	1		3	69	A4	4	2465
121	121	480	480	2.0	1/2	1/2	4/4	7	1	1/2	1/2	1		3	69	A4	4	2474
122	122	482	482	2.0	0	0	4/4	4	1	1/2	1/2	1	-1	-1	53	F3	3	2483
122	122	482	482	2.0	0	0	4/4	6	1	1/2	1/2	1	-1	-1	53	F3	3	2491
122	122	482	482	2.0	0	0	4/4	8	1	1/2	1/2	1	-1	-1	53	F3	3	2495
122	122	482	482	2.0	0	0	4/4	3	1	1/2	1/2	1		5	59	B3	3	2481
122	122	482	482	2.0	0	0	4/4	5	2	1/2	1/2	1		5	59	B3	3	2487
122	122	482	482	2.0	0	0	4/4	2	1	1/2	1/2	1		2	62	D4	4	2479
122	122	482	482	2.0	0	0	4/4	5	3	1/2	1/2	1		2	62	D4	4	2489
122	122	482	482	2.0	0	0	4/4	1	1	1/2	1/2	1		1	67	G4	4	2477
122	122	482	482	2.0	0	0	4/4	5	1	1/2	1/2	1		1	67	G4	4	2485
122	122	482	482	2.0	0	0	4/4	7	1	1/2	1/2	1		1	67	G4	4	2493
122	122	484	484	2.0	1/2	1/2	4/4	4	1	1/2	1/2	1		4	52	E3	3	2484
122	122	484	484	2.0	1/2	1/2	4/4	6	1	1/2	1/2	1		4	52	E3	3	2492
122	122	484	484	2.0	1/2	1/2	4/4	8	1	1/2	1/2	1		4	52	E3	3	2496
122	122	484	484	2.0	1/2	1/2	4/4	3	1	1/2	1/2	1		4	64	E4	4	2482
122	122	484	484	2.0	1/2	1/2	4/4	5	2	1/2	1/2	1		4	64	E4	4	2488
122	122	484	484	2.0	1/2	1/2	4/4	2	1	1/2	1/2	1		1	67	G4	4	2480
122	122	484	484	2.0	1/2	1/2	4/4	5	3	1/2	1/2	1		1	67	G4	4	2490
122	122	484	484	2.0	1/2	1/2	4/4	1	1	1/2	1/2	1		5	71	B4	4	2478
122	122	484	484	2.0	1/2	1/2	4/4	5	1	1/2	1/2	1		5	71	B4	4	2486
122	122	484	484	2.0	1/2	1/2	4/4	7	1	1/2	1/2	1		5	71	B4	4	2494
123	123	486	486	2.0	0	0	4/4	4	1	1/2	1/2	1		0	48	C3	3	2503
123	123	486	486	2.0	0	0	4/4	6	1	1/2	1/2	1		0	48	C3	3	2511
123	123	486	486	2.0	0	0	4/4	8	1	1/2	1/2	1		0	48	C3	3	2515
123	123	486	486	2.0	0	0	4/4	3	1	1/2	1/2	1		4	64	E4	4	2501
123	123	486	486	2.0	0	0	4/4	5	2	1/2	1/2	1		4	64	E4	4	2507
123	123	486	486	2.0	0	0	4/4	2	1	1/2	1/2	1		1	67	G4	4	2499
123	123	486	486	2.0	0	0	4/4	5	3	1/2	1/2	1		1	67	G4	4	2509
123	123	486	486	2.0	0	0	4/4	1	1	1/2	1/2	1		0	72	C5	5	2497
123	123	486	486	2.0	0	0	4/4	5	1	1/2	1/2	1		0	72	C5	5	2505
123	123	486	486	2.0	0	0	4/4	7	1	1/2	1/2	1		0	72	C5	5	2513
123	123	488	488	2.0	1/2	1/2	4/4	4	1	1/2	1/2	1		7	49	C#3	3	2504
123	123	488	488	2.0	1/2	1/2	4/4	6	1	1/2	1/2	1		7	49	C#3	3	2512
123	123	488	488	2.0	1/2	1/2	4/4	8	1	1/2	1/2	1		7	49	C#3	3	2516
123	123	488	488	2.0	1/2	1/2	4/4	3	1	1/2	1/2	1		4	64	E4	4	2502
123	123	488	488	2.0	1/2	1/2	4/4	5	2	1/2	1/2	1		4	64	E4	4	2508
123	123	488	488	2.0	1/2	1/2	4/4	2	1	1/2	1/2	1		1	67	G4	4	2500
123	123	488	488	2.0	1/2	1/2	4/4	5	3	1/2	1/2	1		1	67	G4	4	2510
123	123	488	488	2.0	1/2	1/2	4/4	1	1	1/2	1/2	1		3	69	A4	4	2498
123	123	488	488	2.0	1/2	1/2	4/4	5	1	1/2	1/2	1		3	69	A4	4	2506
123	123	488	488	2.0	1/2	1/2	4/4	7	1	1/2	1/2	1		3	69	A4	4	2514
124	124	490	490	2.0	0	0	4/4	4	1	1/2	1/2	1		2	50	D3	3	2523
124	124	490	490	2.0	0	0	4/4	6	1	1/2	1/2	1		2	50	D3	3	2531
124	124	490	490	2.0	0	0	4/4	8	1	1/2	1/2	1		2	50	D3	3	2535
124	124	490	490	2.0	0	0	4/4	3	1	1/2	1/2	1		2	62	D4	4	2521
124	124	490	490	2.0	0	0	4/4	5	2	1/2	1/2	1		2	62	D4	4	2527
124	124	490	490	2.0	0	0	4/4	2	1	1/2	1/2	1		-1	65	F4	4	2519
124	124	490	490	2.0	0	0	4/4	5	3	1/2	1/2	1		-1	65	F4	4	2529
124	124	490	490	2.0	0	0	4/4	1	1	1/2	1/2	1		3	69	A4	4	2517
124	124	490	490	2.0	0	0	4/4	5	1	1/2	1/2	1		3	69	A4	4	2525
124	124	490	490	2.0	0	0	4/4	7	1	1/2	1/2	1		3	69	A4	4	2533
124	124	492	492	2.0	1/2	1/2	4/4	4	1	1/2	1/2	1		-1	53	F3	3	2524
124	124	492	492	2.0	1/2	1/2	4/4	6	1	1/2	1/2	1		-1	53	F3	3	2532
124	124	492	492	2.0	1/2	1/2	4/4	8	1	1/2	1/2	1		-1	53	F3	3	2536
124	124	492	492	2.0	1/2	1/2	4/4	3	1	1/2	1/2	1		0	60	C4	4	2522
124	124	492	492	2.0	1/2	1/2	4/4	5	2	1/2	1/2	1		0	60	C4	4	2528
124	124	492	492	2.0	1/2	1/2	4/4	2	1	1/2	1/2	1		-1	65	F4	4	2520
124	124	492	492	2.0	1/2	1/2	4/4	5	3	1/2	1/2	1		-1	65	F4	4	2530
124	124	492	492	2.0	1/2	1/2	4/4	1	1	1/2	1/2	1		3	69	A4	4	2518
124	124	492	492	2.0	1/2	1/2	4/4	5	1	1/2	1/2	1		3	69	A4	4	2526
124	124	492	492	2.0	1/2	1/2	4/4	7	1	1/2	1/2	1		3	69	A4	4	2534
125	125	494	494	2.0	0	0	4/4	4	1	1/2	1/2	1		9	51	D#3	3	2543
125	125	494	494	2.0	0	0	4/4	6	1	1/2	1/2	1		9	51	D#3	3	2551
125	125	494	494	2.0	0	0	4/4	8	1	1/2	1/2	1		9	51	D#3	3	2555
125	125	494	494	2.0	0	0	4/4	3	1	1/2	1/2	1		0	60	C4	4	2541
125	125	494	494	2.0	0	0	4/4	5	2	1/2	1/2	1		0	60	C4	4	2547
125	125	494	494	2.0	0	0	4/4	2	1	1/2	1/2	1		6	66	F#4	4	2539
125	125	494	494	2.0	0	0	4/4	5	3	1/2	1/2	1		6	66	F#4	4	2549
125	125	494	494	2.0	0	0	4/4	1	1	1/2	1/2	1		3	69	A4	4	2537
125	125	494	494	2.0	0	0	4/4	5	1	1/2	1/2	1		3	69	A4	4	2545
125	125	494	494	2.0	0	0	4/4	7	1	1/2	1/2	1		3	69	A4	4	2553
125	125	496	496	2.0	1/2	1/2	4/4	4	1	1/2	1/2	1		4	52	E3	3	2544
125	125	496	496	2.0	1/2	1/2	4/4	6	1	1/2	1/2	1		4	52	E3	3	2552
125	125	496	496	2.0	1/2	1/2	4/4	8	1	1/2	1/2	1		4	52	E3	3	2556
125	125	496	496	2.0	1/2	1/2	4/4	3	1	1/2	1/2	1		5	59	B3	3	2542
125	125	496	496	2.0	1/2	1/2	4/4	5	2	1/2	1/2	1		5	59	B3	3	2548
125	125	496	496	2.0	1/2	1/2	4/4	5	3	1/2	1/2	1		4	64	E4	4	2550
125	125	496	496	2.0	1/2	1/2	4/4	1	1	1/2	1/2	1		1	67	G4	4	2538
125	125	496	496	2.0	1/2	1/2	4/4	2	1	1/2	1/2	1		1	67	G4	4	2540
125	125	496	496	2.0	1/2	1/2	4/4	5	1	1/2	1/2	1		1	67	G4	4	2546
125	125	496	496	2.0	1/2	1/2	4/4	7	1	1/2	1/2	1		1	67	G4	4	2554
126	126	498	498	2.0	0	0	4/4	4	1	1/2	1/2	1		0	48	C3	3	2563
126	126	498	498	2.0	0	0	4/4	6	1	1/2	1/2	1		0	48	C3	3	2571
126	126	498	498	2.0	0	0	4/4	8	1	1/2	1/2	1		0	48	C3	3	2575
126	126	498	498	2.0	0	0	4/4	3	1	1/2	1/2	1		0	60	C4	4	2561
126	126	498	498	2.0	0	0	4/4	5	2	1/2	1/2	1		0	60	C4	4	2567
126	126	498	498	2.0	0	0	4/4	2	1	1/2	1/2	1		4	64	E4	4	2559
126	126	498	498	2.0	0	0	4/4	5	3	1/2	1/2	1		4	64	E4	4	2569
126	126	498	498	2.0	0	0	4/4	1	1	1/2	1/2	1		3	69	A4	4	2557
126	126	498	498	2.0	0	0	4/4	5	1	1/2	1/2	1		3	69	A4	4	2565
126	126	498	498	2.0	0	0	4/4	7	1	1/2	1/2	1		3	69	A4	4	2573
126	126	500	500	2.0	1/2	1/2	4/4	4	1	1/2	1/2	1		3	45	A2	2	2564
126	126	500	500	2.0	1/2	1/2	4/4	6	1	1/2	1/2	1		3	45	A2	2	2572
126	126	500	500	2.0	1/2	1/2	4/4	8	1	1/2	1/2	1		3	45	A2	2	2576
126	126	500	500	2.0	1/2	1/2	4/4	3	1	1/2	1/2	1		0	60	C4	4	2562
126	126	500	500	2.0	1/2	1/2	4/4	5	2	1/2	1/2	1		0	60	C4	4	2568
126	126	500	500	2.0	1/2	1/2	4/4	2	1	1/2	1/2	1		4	64	E4	4	2560
126	126	500	500	2.0	1/2	1/2	4/4	5	3	1/2	1/2	1		4	64	E4	4	2570
126	126	500	500	2.0	1/2	1/2	4/4	1	1	1/2	1/2	1		0	72	C5	5	2558
126	126	500	500	2.0	1/2	1/2	4/4	5	1	1/2	1/2	1		0	72	C5	5	2566
126	126	500	500	2.0	1/2	1/2	4/4	7	1	1/2	1/2	1		0	72	C5	5	2574
127	127	502	502	2.0	0	0	4/4	4	1	1/2	1/2	1		5	47	B2	2	2583
127	127	502	502	2.0	0	0	4/4	6	1	1/2	1/2	1		5	47	B2	2	2591
127	127	502	502	2.0	0	0	4/4	8	1	1/2	1/2	1		5	47	B2	2	2595
127	127	502	502	2.0	0	0	4/4	2	1	1/2	1/2	1		2	62	D4	4	2579
127	127	502	502	2.0	0	0	4/4	3	1	1/2	1/2	1		2	62	D4	4	2581
127	127	502	502	2.0	0	0	4/4	5	2	1/2	1/2	1		2	62	D4	4	2587
127	127	502	502	2.0	0	0	4/4	5	3	1/2	1/2	1		2	62	D4	4	2589
127	127	502	502	2.0	0	0	4/4	1	1	1/2	1/2	1		1	67	G4	4	2577
127	127	502	502	2.0	0	0	4/4	5	1	1/2	1/2	1		1	67	G4	4	2585
127	127	502	502	2.0	0	0	4/4	7	1	1/2	1/2	1		1	67	G4	4	2593
127	127	504	504	2.0	1/2	1/2	4/4	4	1	1/2	1/2	1		1	43	G2	2	2584
127	127	504	504	2.0	1/2	1/2	4/4	6	1	1/2	1/2	1		1	43	G2	2	2592
127	127	504	504	2.0	1/2	1/2	4/4	8	1	1/2	1/2	1		1	43	G2	2	2596
127	127	504	504	2.0	1/2	1/2	4/4	3	1	1/2	1/2	1		5	59	B3	3	2582
127	127	504	504	2.0	1/2	1/2	4/4	5	2	1/2	1/2	1		5	59	B3	3	2588
127	127	504	504	2.0	1/2	1/2	4/4	2	1	1/2	1/2	1		2	62	D4	4	2580
127	127	504	504	2.0	1/2	1/2	4/4	5	3	1/2	1/2	1		2	62	D4	4	2590
127	127	504	504	2.0	1/2	1/2	4/4	1	1	1/2	1/2	1		1	67	G4	4	2578
127	127	504	504	2.0	1/2	1/2	4/4	5	1	1/2	1/2	1		1	67	G4	4	2586
127	127	504	504	2.0	1/2	1/2	4/4	7	1	1/2	1/2	1		1	67	G4	4	2594
128	128	506	506	2.0	0	0	4/4	4	1	1/2	1/2	1		0	48	C3	3	2603
128	128	506	506	2.0	0	0	4/4	6	1	1/2	1/2	1		0	48	C3	3	2612
128	128	506	506	2.0	0	0	4/4	8	1	1/2	1/2	1		0	48	C3	3	2616
128	128	506	506	2.0	0	0	4/4	3	1	1/2	1/2	1		1	55	G3	3	2601
128	128	506	506	2.0	0	0	4/4	5	2	1/2	1/2	1		1	55	G3	3	2607
128	128	506	506	2.0	0	0	4/4	2	1	1/2	1/2	1		0	60	C4	4	2599
128	128	506	506	2.0	0	0	4/4	5	3	1/2	1/2	1		0	60	C4	4	2609
128	128	506	506	2.0	0	0	4/4	1	1	1/2	1/2	1		4	64	E4	4	2597
128	128	506	506	2.0	0	0	4/4	5	1	1/2	1/2	1		4	64	E4	4	2605
128	128	506	506	2.0	0	0	4/4	7	1	1/2	1/2	1		4	64	E4	4	2614
128	128	508	508	2.0	1/2	1/2	4/4	4	1	1/2	1/2	1	1	1	55	G3	3	2604
128	128	508	508	2.0	1/2	1/2	4/4	6	1	1/2	1/2	1	1	1	55	G3	3	2613
128	128	508	508	2.0	1/2	1/2	4/4	8	1	1/2	1/2	1	1	1	55	G3	3	2617
128	128	508	508	2.0	1/2	1/2	4/4	5	2	1/2	1/2	1		3	57	A3	3	2608
128	128	508	508	2.0	1/2	1/2	4/4	3	1	1/2	1/2	1		7	61	C#4	4	2602
128	128	508	508	2.0	1/2	1/2	4/4	5	4	1/2	1/2	1		7	61	C#4	4	2611
128	128	508	508	2.0	1/2	1/2	4/4	2	1	1/2	1/2	1		4	64	E4	4	2600
128	128	508	508	2.0	1/2	1/2	4/4	5	3	1/2	1/2	1		4	64	E4	4	2610
128	128	508	508	2.0	1/2	1/2	4/4	1	1	1/2	1/2	1		3	69	A4	4	2598
128	128	508	508	2.0	1/2	1/2	4/4	5	1	1/2	1/2	1		3	69	A4	4	2606
128	128	508	508	2.0	1/2	1/2	4/4	7	1	1/2	1/2	1		3	69	A4	4	2615
129	129	510	510	2.0	0	0	4/4	4	1	1/2	1/2	1	-1	1	55	G3	3	2624
129	129	510	510	2.0	0	0	4/4	6	1	1/2	1/2	1	-1	1	55	G3	3	2633
129	129	510	510	2.0	0	0	4/4	8	1	1/2	1/2	1	-1	1	55	G3	3	2637
129	129	510	510	2.0	0	0	4/4	5	2	1/2	1/2	1		3	57	A3	3	2628
129	129	510	510	2.0	0	0	4/4	2	1	1/2	1/2	1		2	62	D4	4	2620
129	129	510	510	2.0	0	0	4/4	3	1	1/2	1/2	1		2	62	D4	4	2622
129	129	510	510	2.0	0	0	4/4	5	3	1/2	1/2	1		2	62	D4	4	2630
129	129	510	510	2.0	0	0	4/4	5	4	1/2	1/2	1		2	62	D4	4	2632
129	129	510	510	2.0	0	0	4/4	1	1	1/2	1/2	1		3	69	A4	4	2618
129	129	510	510	2.0	0	0	4/4	5	1	1/2	1/2	1		3	69	A4	4	2626
129	129	510	510	2.0	0	0	4/4	7	1	1/2	1/2	1		3	69	A4	4	2635
129	129	512	512	2.0	1/2	1/2	4/4	4	1	1/2	1/2	1	1	-1	53	F3	3	2625
129	129	512	512	2.0	1/2	1/2	4/4	6	1	1/2	1/2	1	1	-1	53	F3	3	2634
129	129	512	512	2.0	1/2	1/2	4/4	8	1	1/2	1/2	1	1	-1	53	F3	3	2638
129	129	512	512	2.0	1/2	1/2	4/4	3	1	1/2	1/2	1		3	57	A3	3	2623
129	129	512	512	2.0	1/2	1/2	4/4	5	2	1/2	1/2	1		3	57	A3	3	2629
129	129	512	512	2.0	1/2	1/2	4/4	2	1	1/2	1/2	1		2	62	D4	4	2621
129	129	512	512	2.0	1/2	1/2	4/4	5	3	1/2	1/2	1		2	62	D4	4	2631
129	129	512	512	2.0	1/2	1/2	4/4	1	1	1/2	1/2	1		3	69	A4	4	2619
129	129	512	512	2.0	1/2	1/2	4/4	5	1	1/2	1/2	1		3	69	A4	4	2627
129	129	512	512	2.0	1/2	1/2	4/4	7	1	1/2	1/2	1		3	69	A4	4	2636
130	130	514	514	2.0	0	0	4/4	4	1	1/2	1/2	1	-1	-1	53	F3	3	2645
130	130	514	514	2.0	0	0	4/4	6	1	1/2	1/2	1	-1	-1	53	F3	3	2653
130	130	514	514	2.0	0	0	4/4	8	1	1/2	1/2	1	-1	-1	53	F3	3	2657
130	130	514	514	2.0	0	0	4/4	3	1	1/2	1/2	1		5	59	B3	3	2643
130	130	514	514	2.0	0	0	4/4	5	2	1/2	1/2	1		5	59	B3	3	2649
130	130	514	514	2.0	0	0	4/4	2	1	1/2	1/2	1		2	62	D4	4	2641
130	130	514	514	2.0	0	0	4/4	5	3	1/2	1/2	1		2	62	D4	4	2651
130	130	514	514	2.0	0	0	4/4	1	1	1/2	1/2	1		1	67	G4	4	2639
130	130	514	514	2.0	0	0	4/4	5	1	1/2	1/2	1		1	67	G4	4	2647
130	130	514	514	2.0	0	0	4/4	7	1	1/2	1/2	1		1	67	G4	4	2655
130	130	516	516	2.0	1/2	1/2	4/4	4	1	1/2	1/2	1		4	52	E3	3	2646
130	130	516	516	2.0	1/2	1/2	4/4	6	1	1/2	1/2	1		4	52	E3	3	2654
130	130	516	516	2.0	1/2	1/2	4/4	8	1	1/2	1/2	1		4	52	E3	3	2658
130	130	516	516	2.0	1/2	1/2	4/4	3	1	1/2	1/2	1		4	64	E4	4	2644
130	130	516	516	2.0	1/2	1/2	4/4	5	2	1/2	1/2	1		4	64	E4	4	2650
130	130	516	516	2.0	1/2	1/2	4/4	2	1	1/2	1/2	1		1	67	G4	4	2642
130	130	516	516	2.0	1/2	1/2	4/4	5	3	1/2	1/2	1		1	67	G4	4	2652
130	130	516	516	2.0	1/2	1/2	4/4	1	1	1/2	1/2	1		5	71	B4	4	2640
130	130	516	516	2.0	1/2	1/2	4/4	5	1	1/2	1/2	1		5	71	B4	4	2648
130	130	516	516	2.0	1/2	1/2	4/4	7	1	1/2	1/2	1		5	71	B4	4	2656
131	131	518	518	2.0	0	0	4/4	4	1	1/2	1/2	1		0	48	C3	3	2665
131	131	518	518	2.0	0	0	4/4	6	1	1/2	1/2	1		0	48	C3	3	2673
131	131	518	518	2.0	0	0	4/4	8	1	1/2	1/2	1		0	48	C3	3	2677
131	131	518	518	2.0	0	0	4/4	3	1	1/2	1/2	1		4	64	E4	4	2663
131	131	518	518	2.0	0	0	4/4	5	2	1/2	1/2	1		4	64	E4	4	2669
131	131	518	518	2.0	0	0	4/4	2	1	1/2	1/2	1		1	67	G4	4	2661
131	131	518	518	2.0	0	0	4/4	5	3	1/2	1/2	1		1	67	G4	4	2671
131	131	518	518	2.0	0	0	4/4	1	1	1/2	1/2	1		0	72	C5	5	2659
131	131	518	518	2.0	0	0	4/4	5	1	1/2	1/2	1		0	72	C5	5	2667
131	131	518	518	2.0	0	0	4/4	7	1	1/2	1/2	1		0	72	C5	5	2675
131	131	520	520	2.0	1/2	1/2	4/4	4	1	1/2	1/2	1		7	49	C#3	3	2666
131	131	520	520	2.0	1/2	1/2	4/4	6	1	1/2	1/2	1		7	49	C#3	3	2674
131	131	520	520	2.0	1/2	1/2	4/4	8	1	1/2	1/2	1		7	49	C#3	3	2678
131	131	520	520	2.0	1/2	1/2	4/4	3	1	1/2	1/2	1		4	64	E4	4	2664
131	131	520	520	2.0	1/2	1/2	4/4	5	2	1/2	1/2	1		4	64	E4	4	2670
131	131	520	520	2.0	1/2	1/2	4/4	2	1	1/2	1/2	1		1	67	G4	4	2662
131	131	520	520	2.0	1/2	1/2	4/4	5	3	1/2	1/2	1		1	67	G4	4	2672
131	131	520	520	2.0	1/2	1/2	4/4	1	1	1/2	1/2	1		3	69	A4	4	2660
131	131	520	520	2.0	1/2	1/2	4/4	5	1	1/2	1/2	1		3	69	A4	4	2668
131	131	520	520	2.0	1/2	1/2	4/4	7	1	1/2	1/2	1		3	69	A4	4	2676
132	132	522	522	2.0	0	0	4/4	4	1	1/2	1/2	1		2	50	D3	3	2685
132	132	522	522	2.0	0	0	4/4	6	1	1/2	1/2	1		2	50	D3	3	2693
132	132	522	522	2.0	0	0	4/4	8	1	1/2	1/2	1		2	50	D3	3	2697
132	132	522	522	2.0	0	0	4/4	3	1	1/2	1/2	1		2	62	D4	4	2683
132	132	522	522	2.0	0	0	4/4	5	2	1/2	1/2	1		2	62	D4	4	2689
132	132	522	522	2.0	0	0	4/4	2	1	1/2	1/2	1		-1	65	F4	4	2681
132	132	522	522	2.0	0	0	4/4	5	3	1/2	1/2	1		-1	65	F4	4	2691
132	132	522	522	2.0	0	0	4/4	1	1	1/2	1/2	1		3	69	A4	4	2679
132	132	522	522	2.0	0	0	4/4	5	1	1/2	1/2	1		3	69	A4	4	2687
132	132	522	522	2.0	0	0	4/4	7	1	1/2	1/2	1		3	69	A4	4	2695
132	132	524	524	2.0	1/2	1/2	4/4	4	1	1/2	1/2	1		-1	53	F3	3	2686
132	132	524	524	2.0	1/2	1/2	4/4	6	1	1/2	1/2	1		-1	53	F3	3	2694
132	132	524	524	2.0	1/2	1/2	4/4	8	1	1/2	1/2	1		-1	53	F3	3	2698
132	132	524	524	2.0	1/2	1/2	4/4	3	1	1/2	1/2	1		0	60	C4	4	2684
132	132	524	524	2.0	1/2	1/2	4/4	5	2	1/2	1/2	1		0	60	C4	4	2690
132	132	524	524	2.0	1/2	1/2	4/4	2	1	1/2	1/2	1		-1	65	F4	4	2682
132	132	524	524	2.0	1/2	1/2	4/4	5	3	1/2	1/2	1		-1	65	F4	4	2692
132	132	524	524	2.0	1/2	1/2	4/4	1	1	1/2	1/2	1		3	69	A4	4	2680
132	132	524	524	2.0	1/2	1/2	4/4	5	1	1/2	1/2	1		3	69	A4	4	2688
132	132	524	524	2.0	1/2	1/2	4/4	7	1	1/2	1/2	1		3	69	A4	4	2696
133	133	526	526	2.0	0	0	4/4	4	1	1/2	1/2	1		9	51	D#3	3	2705
133	133	526	526	2.0	0	0	4/4	6	1	1/2	1/2	1		9	51	D#3	3	2713
133	133	526	526	2.0	0	0	4/4	8	1	1/2	1/2	1		9	51	D#3	3	2717
133	133	526	526	2.0	0	0	4/4	3	1	1/2	1/2	1		0	60	C4	4	2703
133	133	526	526	2.0	0	0	4/4	5	2	1/2	1/2	1		0	60	C4	4	2709
133	133	526	526	2.0	0	0	4/4	2	1	1/2	1/2	1		6	66	F#4	4	2701
133	133	526	526	2.0	0	0	4/4	5	3	1/2	1/2	1		6	66	F#4	4	2711
133	133	526	526	2.0	0	0	4/4	1	1	1/2	1/2	1		3	69	A4	4	2699
133	133	526	526	2.0	0	0	4/4	5	1	1/2	1/2	1		3	69	A4	4	2707
133	133	526	526	2.0	0	0	4/4	7	1	1/2	1/2	1		3	69	A4	4	2715
133	133	528	528	2.0	1/2	1/2	4/4	4	1	1/2	1/2	1		4	52	E3	3	2706
133	133	528	528	2.0	1/2	1/2	4/4	6	1	1/2	1/2	1		4	52	E3	3	2714
133	133	528	528	2.0	1/2	1/2	4/4	8	1	1/2	1/2	1		4	52	E3	3	2718
133	133	528	528	2.0	1/2	1/2	4/4	3	1	1/2	1/2	1		5	59	B3	3	2704
133	133	528	528	2.0	1/2	1/2	4/4	5	2	1/2	1/2	1		5	59	B3	3	2710
133	133	528	528	2.0	1/2	1/2	4/4	5	3	1/2	1/2	1		4	64	E4	4	2712
133	133	528	528	2.0	1/2	1/2	4/4	1	1	1/2	1/2	1		1	67	G4	4	2700
133	133	528	528	2.0	1/2	1/2	4/4	2	1	1/2	1/2	1		1	67	G4	4	2702
133	133	528	528	2.0	1/2	1/2	4/4	5	1	1/2	1/2	1		1	67	G4	4	2708
133	133	528	528	2.0	1/2	1/2	4/4	7	1	1/2	1/2	1		1	67	G4	4	2716
134	134	530	530	2.0	0	0	4/4	4	1	1/2	1/2	1		0	48	C3	3	2725
134	134	530	530	2.0	0	0	4/4	6	1	1/2	1/2	1		0	48	C3	3	2733
134	134	530	530	2.0	0	0	4/4	8	1	1/2	1/2	1		0	48	C3	3	2737
134	134	530	530	2.0	0	0	4/4	3	1	1/2	1/2	1		0	60	C4	4	2723
134	134	530	530	2.0	0	0	4/4	5	2	1/2	1/2	1		0	60	C4	4	2729
134	134	530	530	2.0	0	0	4/4	2	1	1/2	1/2	1		4	64	E4	4	2721
134	134	530	530	2.0	0	0	4/4	5	3	1/2	1/2	1		4	64	E4	4	2731
134	134	530	530	2.0	0	0	4/4	1	1	1/2	1/2	1		3	69	A4	4	2719
134	134	530	530	2.0	0	0	4/4	5	1	1/2	1/2	1		3	69	A4	4	2727
134	134	530	530	2.0	0	0	4/4	7	1	1/2	1/2	1		3	69	A4	4	2735
134	134	532	532	2.0	1/2	1/2	4/4	4	1	1/2	1/2	1		3	45	A2	2	2726
134	134	532	532	2.0	1/2	1/2	4/4	6	1	1/2	1/2	1		3	45	A2	2	2734
134	134	532	532	2.0	1/2	1/2	4/4	8	1	1/2	1/2	1		3	45	A2	2	2738
134	134	532	532	2.0	1/2	1/2	4/4	3	1	1/2	1/2	1		0	60	C4	4	2724
134	134	532	532	2.0	1/2	1/2	4/4	5	2	1/2	1/2	1		0	60	C4	4	2730
134	134	532	532	2.0	1/2	1/2	4/4	2	1	1/2	1/2	1		4	64	E4	4	2722
134	134	532	532	2.0	1/2	1/2	4/4	5	3	1/2	1/2	1		4	64	E4	4	2732
134	134	532	532	2.0	1/2	1/2	4/4	1	1	1/2	1/2	1		0	72	C5	5	2720
134	134	532	532	2.0	1/2	1/2	4/4	5	1	1/2	1/2	1		0	72	C5	5	2728
134	134	532	532	2.0	1/2	1/2	4/4	7	1	1/2	1/2	1		0	72	C5	5	2736
135	135	534	534	2.0	0	0	4/4	4	1	1/2	1/2	1		5	47	B2	2	2745
135	135	534	534	2.0	0	0	4/4	6	1	1/2	1/2	1		5	47	B2	2	2753
135	135	534	534	2.0	0	0	4/4	8	1	1/2	1/2	1		5	47	B2	2	2757
135	135	534	534	2.0	0	0	4/4	2	1	1/2	1/2	1		2	62	D4	4	2741
135	135	534	534	2.0	0	0	4/4	3	1	1/2	1/2	1		2	62	D4	4	2743
135	135	534	534	2.0	0	0	4/4	5	2	1/2	1/2	1		2	62	D4	4	2749
135	135	534	534	2.0	0	0	4/4	5	3	1/2	1/2	1		2	62	D4	4	2751
135	135	534	534	2.0	0	0	4/4	1	1	1/2	1/2	1		1	67	G4	4	2739
135	135	534	534	2.0	0	0	4/4	5	1	1/2	1/2	1		1	67	G4	4	2747
135	135	534	534	2.0	0	0	4/4	7	1	1/2	1/2	1		1	67	G4	4	2755
135	135	536	536	2.0	1/2	1/2	4/4	4	1	1/2	1/2	1		1	43	G2	2	2746
135	135	536	536	2.0	1/2	1/2	4/4	6	1	1/2	1/2	1		1	43	G2	2	2754
135	135	536	536	2.0	1/2	1/2	4/4	8	1	1/2	1/2	1		1	43	G2	2	2758
135	135	536	536	2.0	1/2	1/2	4/4	3	1	1/2	1/2	1		5	59	B3	3	2744
135	135	536	536	2.0	1/2	1/2	4/4	5	2	1/2	1/2	1		5	59	B3	3	2750
135	135	536	536	2.0	1/2	1/2	4/4	2	1	1/2	1/2	1		2	62	D4	4	2742
135	135	536	536	2.0	1/2	1/2	4/4	5	3	1/2	1/2	1		2	62	D4	4	2752
135	135	536	536	2.0	1/2	1/2	4/4	1	1	1/2	1/2	1		1	67	G4	4	2740
135	135	536	536	2.0	1/2	1/2	4/4	5	1	1/2	1/2	1		1	67	G4	4	2748
135	135	536	536	2.0	1/2	1/2	4/4	7	1	1/2	1/2	1		1	67	G4	4	2756
136	136	538	538	2.0	0	0	4/4	4	1	1/2	1/2	1		0	48	C3	3	2765
136	136	538	538	2.0	0	0	4/4	6	1	1/2	1/2	1		0	48	C3	3	2774
136	136	538	538	2.0	0	0	4/4	8	1	1/2	1/2	1		0	48	C3	3	2778
136	136	538	538	2.0	0	0	4/4	3	1	1/2	1/2	1		1	55	G3	3	2763
136	136	538	538	2.0	0	0	4/4	5	2	1/2	1/2	1		1	55	G3	3	2769
136	136	538	538	2.0	0	0	4/4	2	1	1/2	1/2	1		0	60	C4	4	2761
136	136	538	538	2.0	0	0	4/4	5	3	1/2	1/2	1		0	60	C4	4	2771
136	136	538	538	2.0	0	0	4/4	1	1	1/2	1/2	1		4	64	E4	4	2759
136	136	538	538	2.0	0	0	4/4	5	1	1/2	1/2	1		4	64	E4	4	2767
136	136	538	538	2.0	0	0	4/4	7	1	1/2	1/2	1		4	64	E4	4	2776
136	136	540	540	2.0	1/2	1/2	4/4	4	1	1/2	1/2	1	1	1	55	G3	3	2766
136	136	540	540	2.0	1/2	1/2	4/4	6	1	1/2	1/2	1	1	1	55	G3	3	2775
136	136	540	540	2.0	1/2	1/2	4/4	8	1	1/2	1/2	1	1	1	55	G3	3	2779
136	136	540	540	2.0	1/2	1/2	4/4	5	2	1/2	1/2	1		3	57	A3	3	2770
136	136	540	540	2.0	1/2	1/2	4/4	3	1	1/2	1/2	1		7	61	C#4	4	2764
136	136	540	540	2.0	1/2	1/2	4/4	5	4	1/2	1/2	1		7	61	C#4	4	2773
136	136	540	540	2.0	1/2	1/2	4/4	2	1	1/2	1/2	1		4	64	E4	4	2762
136	136	540	540	2.0	1/2	1/2	4/4	5	3	1/2	1/2	1		4	64	E4	4	2772
136	136	540	540	2.0	1/2	1/2	4/4	1	1	1/2	1/2	1		3	69	A4	4	2760
136	136	540	540	2.0	1/2	1/2	4/4	5	1	1/2	1/2	1		3	69	A4	4	2768
136	136	540	540	2.0	1/2	1/2	4/4	7	1	1/2	1/2	1		3	69	A4	4	2777
137	137	542	542	2.0	0	0	4/4	4	1	1/2	1/2	1	-1	1	55	G3	3	2786
137	137	542	542	2.0	0	0	4/4	6	1	1/2	1/2	1	-1	1	55	G3	3	2795
137	137	542	542	2.0	0	0	4/4	8	1	1/2	1/2	1	-1	1	55	G3	3	2799
137	137	542	542	2.0	0	0	4/4	5	2	1/2	1/2	1		3	57	A3	3	2790
137	137	542	542	2.0	0	0	4/4	2	1	1/2	1/2	1		2	62	D4	4	2782
137	137	542	542	2.0	0	0	4/4	3	1	1/2	1/2	1		2	62	D4	4	2784
137	137	542	542	2.0	0	0	4/4	5	3	1/2	1/2	1		2	62	D4	4	2792
137	137	542	542	2.0	0	0	4/4	5	4	1/2	1/2	1		2	62	D4	4	2794
137	137	542	542	2.0	0	0	4/4	1	1	1/2	1/2	1		3	69	A4	4	2780
137	137	542	542	2.0	0	0	4/4	5	1	1/2	1/2	1		3	69	A4	4	2788
137	137	542	542	2.0	0	0	4/4	7	1	1/2	1/2	1		3	69	A4	4	2797
137	137	544	544	2.0	1/2	1/2	4/4	4	1	1/2	1/2	1	1	-1	53	F3	3	2787
137	137	544	544	2.0	1/2	1/2	4/4	6	1	1/2	1/2	1	1	-1	53	F3	3	2796
137	137	544	544	2.0	1/2	1/2	4/4	8	1	1/2	1/2	1	1	-1	53	F3	3	2800
137	137	544	544	2.0	1/2	1/2	4/4	3	1	1/2	1/2	1		3	57	A3	3	2785
137	137	544	544	2.0	1/2	1/2	4/4	5	2	1/2	1/2	1		3	57	A3	3	2791
137	137	544	544	2.0	1/2	1/2	4/4	2	1	1/2	1/2	1		2	62	D4	4	2783
137	137	544	544	2.0	1/2	1/2	4/4	5	3	1/2	1/2	1		2	62	D4	4	2793
137	137	544	544	2.0	1/2	1/2	4/4	1	1	1/2	1/2	1		3	69	A4	4	2781
137	137	544	544	2.0	1/2	1/2	4/4	5	1	1/2	1/2	1		3	69	A4	4	2789
137	137	544	544	2.0	1/2	1/2	4/4	7	1	1/2	1/2	1		3	69	A4	4	2798
138	138	546	546	2.0	0	0	4/4	4	1	1/2	1/2	1	-1	-1	53	F3	3	2807
138	138	546	546	2.0	0	0	4/4	6	1	1/2	1/2	1	-1	-1	53	F3	3	2815
138	138	546	546	2.0	0	0	4/4	8	1	1/2	1/2	1	-1	-1	53	F3	3	2819
138	138	546	546	2.0	0	0	4/4	3	1	1/2	1/2	1		5	59	B3	3	2805
138	138	546	546	2.0	0	0	4/4	5	2	1/2	1/2	1		5	59	B3	3	2811
138	138	546	546	2.0	0	0	4/4	2	1	1/2	1/2	1		2	62	D4	4	2803
138	138	546	546	2.0	0	0	4/4	5	3	1/2	1/2	1		2	62	D4	4	2813
138	138	546	546	2.0	0	0	4/4	1	1	1/2	1/2	1		1	67	G4	4	2801
138	138	546	546	2.0	0	0	4/4	5	1	1/2	1/2	1		1	67	G4	4	2809
138	138	546	546	2.0	0	0	4/4	7	1	1/2	1/2	1		1	67	G4	4	2817
138	138	548	548	2.0	1/2	1/2	4/4	4	1	1/2	1/2	1		4	52	E3	3	2808
138	138	548	548	2.0	1/2	1/2	4/4	6	1	1/2	1/2	1		4	52	E3	3	2816
138	138	548	548	2.0	1/2	1/2	4/4	8	1	1/2	1/2	1		4	52	E3	3	2820
138	138	548	548	2.0	1/2	1/2	4/4	3	1	1/2	1/2	1		4	64	E4	4	2806
138	138	548	548	2.0	1/2	1/2	4/4	5	2	1/2	1/2	1		4	64	E4	4	2812
138	138	548	548	2.0	1/2	1/2	4/4	2	1	1/2	1/2	1		1	67	G4	4	2804
138	138	548	548	2.0	1/2	1/2	4/4	5	3	1/2	1/2	1		1	67	G4	4	2814
138	138	548	548	2.0	1/2	1/2	4/4	1	1	1/2	1/2	1		5	71	B4	4	2802
138	138	548	548	2.0	1/2	1/2	4/4	5	1	1/2	1/2	1		5	71	B4	4	2810
138	138	548	548	2.0	1/2	1/2	4/4	7	1	1/2	1/2	1		5	71	B4	4	2818
139	139	550	550	2.0	0	0	4/4	4	1	1/2	1/2	1		0	48	C3	3	2827
139	139	550	550	2.0	0	0	4/4	6	1	1/2	1/2	1		0	48	C3	3	2835
139	139	550	550	2.0	0	0	4/4	8	1	1/2	1/2	1		0	48	C3	3	2839
139	139	550	550	2.0	0	0	4/4	3	1	1/2	1/2	1		4	64	E4	4	2825
139	139	550	550	2.0	0	0	4/4	5	2	1/2	1/2	1		4	64	E4	4	2831
139	139	550	550	2.0	0	0	4/4	2	1	1/2	1/2	1		1	67	G4	4	2823
139	139	550	550	2.0	0	0	4/4	5	3	1/2	1/2	1		1	67	G4	4	2833
139	139	550	550	2.0	0	0	4/4	1	1	1/2	1/2	1		0	72	C5	5	2821
139	139	550	550	2.0	0	0	4/4	5	1	1/2	1/2	1		0	72	C5	5	2829
139	139	550	550	2.0	0	0	4/4	7	1	1/2	1/2	1		0	72	C5	5	2837
139	139	552	552	2.0	1/2	1/2	4/4	4	1	1/2	1/2	1		7	49	C#3	3	2828
139	139	552	552	2.0	1/2	1/2	4/4	6	1	1/2	1/2	1		7	49	C#3	3	2836
139	139	552	552	2.0	1/2	1/2	4/4	8	1	1/2	1/2	1		7	49	C#3	3	2840
139	139	552	552	2.0	1/2	1/2	4/4	3	1	1/2	1/2	1		4	64	E4	4	2826
139	139	552	552	2.0	1/2	1/2	4/4	5	2	1/2	1/2	1		4	64	E4	4	2832
139	139	552	552	2.0	1/2	1/2	4/4	2	1	1/2	1/2	1		1	67	G4	4	2824
139	139	552	552	2.0	1/2	1/2	4/4	5	3	1/2	1/2	1		1	67	G4	4	2834
139	139	552	552	2.0	1/2	1/2	4/4	1	1	1/2	1/2	1		3	69	A4	4	2822
139	139	552	552	2.0	1/2	1/2	4/4	5	1	1/2	1/2	1		3	69	A4	4	2830
139	139	552	552	2.0	1/2	1/2	4/4	7	1	1/2	1/2	1		3	69	A4	4	2838
140	140	554	554	2.0	0	0	4/4	4	1	1/2	1/2	1		2	50	D3	3	2847
140	140	554	554	2.0	0	0	4/4	6	1	1/2	1/2	1		2	50	D3	3	2855
140	140	554	554	2.0	0	0	4/4	8	1	1/2	1/2	1		2	50	D3	3	2859
140	140	554	554	2.0	0	0	4/4	3	1	1/2	1/2	1		2	62	D4	4	2845
140	140	554	554	2.0	0	0	4/4	5	2	1/2	1/2	1		2	62	D4	4	2851
140	140	554	554	2.0	0	0	4/4	2	1	1/2	1/2	1		-1	65	F4	4	2843
140	140	554	554	2.0	0	0	4/4	5	3	1/2	1/2	1		-1	65	F4	4	2853
140	140	554	554	2.0	0	0	4/4	1	1	1/2	1/2	1		3	69	A4	4	2841
140	140	554	554	2.0	0	0	4/4	5	1	1/2	1/2	1		3	69	A4	4	2849
140	140	554	554	2.0	0	0	4/4	7	1	1/2	1/2	1		3	69	A4	4	2857
140	140	556	556	2.0	1/2	1/2	4/4	4	1	1/2	1/2	1		-1	53	F3	3	2848
140	140	556	556	2.0	1/2	1/2	4/4	6	1	1/2	1/2	1		-1	53	F3	3	2856
140	140	556	556	2.0	1/2	1/2	4/4	8	1	1/2	1/2	1		-1	53	F3	3	2860
140	140	556	556	2.0	1/2	1/2	4/4	3	1	1/2	1/2	1		0	60	C4	4	2846
140	140	556	556	2.0	1/2	1/2	4/4	5	2	1/2	1/2	1		0	60	C4	4	2852
140	140	556	556	2.0	1/2	1/2	4/4	2	1	1/2	1/2	1		-1	65	F4	4	2844
140	140	556	556	2.0	1/2	1/2	4/4	5	3	1/2	1/2	1		-1	65	F4	4	2854
140	140	556	556	2.0	1/2	1/2	4/4	1	1	1/2	1/2	1		3	69	A4	4	2842
140	140	556	556	2.0	1/2	1/2	4/4	5	1	1/2	1/2	1		3	69	A4	4	2850
140	140	556	556	2.0	1/2	1/2	4/4	7	1	1/2	1/2	1		3	69	A4	4	2858
141	141	558	558	2.0	0	0	4/4	4	1	1/2	1/2	1		9	51	D#3	3	2867
141	141	558	558	2.0	0	0	4/4	6	1	1/2	1/2	1		9	51	D#3	3	2875
141	141	558	558	2.0	0	0	4/4	8	1	1/2	1/2	1		9	51	D#3	3	2879
141	141	558	558	2.0	0	0	4/4	3	1	1/2	1/2	1		0	60	C4	4	2865
141	141	558	558	2.0	0	0	4/4	5	2	1/2	1/2	1		0	60	C4	4	2871
141	141	558	558	2.0	0	0	4/4	2	1	1/2	1/2	1		6	66	F#4	4	2863
141	141	558	558	2.0	0	0	4/4	5	3	1/2	1/2	1		6	66	F#4	4	2873
141	141	558	558	2.0	0	0	4/4	1	1	1/2	1/2	1		3	69	A4	4	2861
141	141	558	558	2.0	0	0	4/4	5	1	1/2	1/2	1		3	69	A4	4	2869
141	141	558	558	2.0	0	0	4/4	7	1	1/2	1/2	1		3	69	A4	4	2877
141	141	560	560	2.0	1/2	1/2	4/4	4	1	1/2	1/2	1		4	52	E3	3	2868
141	141	560	560	2.0	1/2	1/2	4/4	6	1	1/2	1/2	1		4	52	E3	3	2876
141	141	560	560	2.0	1/2	1/2	4/4	8	1	1/2	1/2	1		4	52	E3	3	2880
141	141	560	560	2.0	1/2	1/2	4/4	3	1	1/2	1/2	1		5	59	B3	3	2866
141	141	560	560	2.0	1/2	1/2	4/4	5	2	1/2	1/2	1		5	59	B3	3	2872
141	141	560	560	2.0	1/2	1/2	4/4	5	3	1/2	1/2	1		4	64	E4	4	2874
141	141	560	560	2.0	1/2	1/2	4/4	1	1	1/2	1/2	1		1	67	G4	4	2862
141	141	560	560	2.0	1/2	1/2	4/4	2	1	1/2	1/2	1		1	67	G4	4	2864
141	141	560	560	2.0	1/2	1/2	4/4	5	1	1/2	1/2	1		1	67	G4	4	2870
141	141	560	560	2.0	1/2	1/2	4/4	7	1	1/2	1/2	1		1	67	G4	4	2878
142	142	562	562	2.0	0	0	4/4	4	1	1/2	1/2	1		0	48	C3	3	2887
142	142	562	562	2.0	0	0	4/4	6	1	1/2	1/2	1		0	48	C3	3	2895
142	142	562	562	2.0	0	0	4/4	8	1	1/2	1/2	1		0	48	C3	3	2899
142	142	562	562	2.0	0	0	4/4	3	1	1/2	1/2	1		0	60	C4	4	2885
142	142	562	562	2.0	0	0	4/4	5	2	1/2	1/2	1		0	60	C4	4	2891
142	142	562	562	2.0	0	0	4/4	2	1	1/2	1/2	1		4	64	E4	4	2883
142	142	562	562	2.0	0	0	4/4	5	3	1/2	1/2	1		4	64	E4	4	2893
142	142	562	562	2.0	0	0	4/4	1	1	1/2	1/2	1		3	69	A4	4	2881
142	142	562	562	2.0	0	0	4/4	5	1	1/2	1/2	1		3	69	A4	4	2889
142	142	562	562	2.0	0	0	4/4	7	1	1/2	1/2	1		3	69	A4	4	2897
142	142	564	564	2.0	1/2	1/2	4/4	4	1	1/2	1/2	1		3	45	A2	2	2888
142	142	564	564	2.0	1/2	1/2	4/4	6	1	1/2	1/2	1		3	45	A2	2	2896
142	142	564	564	2.0	1/2	1/2	4/4	8	1	1/2	1/2	1		3	45	A2	2	2900
142	142	564	564	2.0	1/2	1/2	4/4	3	1	1/2	1/2	1		0	60	C4	4	2886
142	142	564	564	2.0	1/2	1/2	4/4	5	2	1/2	1/2	1		0	60	C4	4	2892
142	142	564	564	2.0	1/2	1/2	4/4	2	1	1/2	1/2	1		4	64	E4	4	2884
142	142	564	564	2.0	1/2	1/2	4/4	5	3	1/2	1/2	1		4	64	E4	4	2894
142	142	564	564	2.0	1/2	1/2	4/4	1	1	1/2	1/2	1		0	72	C5	5	2882
142	142	564	564	2.0	1/2	1/2	4/4	5	1	1/2	1/2	1		0	72	C5	5	2890
142	142	564	564	2.0	1/2	1/2	4/4	7	1	1/2	1/2	1		0	72	C5	5	2898
143	143	566	566	2.0	0	0	4/4	4	1	1/2	1/2	1		5	47	B2	2	2907
143	143	566	566	2.0	0	0	4/4	6	1	1/2	1/2	1		5	47	B2	2	2915
143	143	566	566	2.0	0	0	4/4	8	1	1/2	1/2	1		5	47	B2	2	2919
143	143	566	566	2.0	0	0	4/4	2	1	1/2	1/2	1		2	62	D4	4	2903
143	143	566	566	2.0	0	0	4/4	3	1	1/2	1/2	1		2	62	D4	4	2905
143	143	566	566	2.0	0	0	4/4	5	2	1/2	1/2	1		2	62	D4	4	2911
143	143	566	566	2.0	0	0	4/4	5	3	1/2	1/2	1		2	62	D4	4	2913
143	143	566	566	2.0	0	0	4/4	1	1	1/2	1/2	1		1	67	G4	4	2901
143	143	566	566	2.0	0	0	4/4	5	1	1/2	1/2	1		1	67	G4	4	2909
143	143	566	566	2.0	0	0	4/4	7	1	1/2	1/2	1		1	67	G4	4	2917
143	143	568	568	2.0	1/2	1/2	4/4	4	1	1/2	1/2	1		1	43	G2	2	2908
143	143	568	568	2.0	1/2	1/2	4/4	6	1	1/2	1/2	1		1	43	G2	2	2916
143	143	568	568	2.0	1/2	1/2	4/4	8	1	1/2	1/2	1		1	43	G2	2	2920
143	143	568	568	2.0	1/2	1/2	4/4	3	1	1/2	1/2	1		5	59	B3	3	2906
143	143	568	568	2.0	1/2	1/2	4/4	5	2	1/2	1/2	1		5	59	B3	3	2912
143	143	568	568	2.0	1/2	1/2	4/4	2	1	1/2	1/2	1		2	62	D4	4	2904
143	143	568	568	2.0	1/2	1/2	4/4	5	3	1/2	1/2	1		2	62	D4	4	2914
143	143	568	568	2.0	1/2	1/2	4/4	1	1	1/2	1/2	1		1	67	G4	4	2902
143	143	568	568	2.0	1/2	1/2	4/4	5	1	1/2	1/2	1		1	67	G4	4	2910
143	143	568	568	2.0	1/2	1/2	4/4	7	1	1/2	1/2	1		1	67	G4	4	2918
144	144	570	570	2.0	0	0	4/4	4	1	1/2	1/2	1		0	48	C3	3	2927
144	144	570	570	2.0	0	0	4/4	6	1	1/2	1/2	1		0	48	C3	3	2936
144	144	570	570	2.0	0	0	4/4	8	1	1/2	1/2	1		0	48	C3	3	2940
144	144	570	570	2.0	0	0	4/4	3	1	1/2	1/2	1		1	55	G3	3	2925
144	144	570	570	2.0	0	0	4/4	5	2	1/2	1/2	1		1	55	G3	3	2932
144	144	570	570	2.0	0	0	4/4	2	1	1/2	1/2	1		0	60	C4	4	2923
144	144	570	570	2.0	0	0	4/4	5	3	1/2	1/2	1		0	60	C4	4	2934
144	144	570	570	2.0	0	0	4/4	1	1	1/2	1/2	1		4	64	E4	4	2921
144	144	570	570	2.0	0	0	4/4	5	1	1/2	1/2	1		4	64	E4	4	2930
144	144	570	570	2.0	0	0	4/4	7	1	1/2	1/2	1		4	64	E4	4	2938
144	144	572	572	2.0	1/2	1/2	4/4	4	2	1/2	1/2	1		-1	41	F2	2	2929
144	144	572	572	2.0	1/2	1/2	4/4	6	1	1/2	1/2	1		-1	41	F2	2	2937
144	144	572	572	2.0	1/2	1/2	4/4	8	1	1/2	1/2	1		-1	41	F2	2	2941
144	144	572	572	2.0	1/2	1/2	4/4	4	1	1/2	1/2	1		-1	53	F3	3	2928
144	144	572	572	2.0	1/2	1/2	4/4	3	1	1/2	1/2	1		3	57	A3	3	2926
144	144	572	572	2.0	1/2	1/2	4/4	5	2	1/2	1/2	1		3	57	A3	3	2933
144	144	572	572	2.0	1/2	1/2	4/4	2	1	1/2	1/2	1		0	60	C4	4	2924
144	144	572	572	2.0	1/2	1/2	4/4	5	3	1/2	1/2	1		0	60	C4	4	2935
144	144	572	572	2.0	1/2	1/2	4/4	1	1	1/2	1/2	1		-1	65	F4	4	2922
144	144	572	572	2.0	1/2	1/2	4/4	5	1	1/2	1/2	1		-1	65	F4	4	2931
144	144	572	572	2.0	1/2	1/2	4/4	7	1	1/2	1/2	1		-1	65	F4	4	2939
145	145	574	574	2.0	0	0	4/4	4	2	1/2	1/2	1		1	43	G2	2	2954
145	145	574	574	2.0	0	0	4/4	6	1	1/2	1/2	1		1	43	G2	2	2965
145	145	574	574	2.0	0	0	4/4	8	1	1/2	1/2	1		1	43	G2	2	2970
145	145	574	574	1.0	0	0	4/4	4	1	1/4	1/4	1		1	55	G3	3	2950
145	145	574	574	2.0	0	0	4/4	3	1	1/2	1/2	1		1	55	G3	3	2947
145	145	574	574	2.0	0	0	4/4	5	2	1/2	1/2	1		1	55	G3	3	2959
145	145	574	574	2.0	0	0	4/4	2	1	1/2	1/2	1		5	59	B3	3	2944
145	145	574	574	2.0	0	0	4/4	5	3	1/2	1/2	1		5	59	B3	3	2962
145	145	574	574	2.0	0	0	4/4	1	1	1/2	1/2	1		2	62	D4	4	2942
145	145	574	574	2.0	0	0	4/4	5	1	1/2	1/2	1		2	62	D4	4	2957
145	145	574	574	2.0	0	0	4/4	7	1	1/2	1/2	1		2	62	D4	4	2968
145	145	575	575	1.0	1/4	1/4	4/4	4	1	1/4	1/4	1		1	43	G2	2	2951
145	145	576	576	1.0	1/2	1/2	4/4	4	1	1/4	1/4	1		3	45	A2	2	2952
145	145	576	576	1.0	1/2	1/2	4/4	4	2	1/4	1/4	1		3	45	A2	2	2955
145	145	576	576	1.0	1/2	1/2	4/4	6	1	1/4	1/4	1		3	45	A2	2	2966
145	145	576	576	1.0	1/2	1/2	4/4	8	1	1/4	1/4	1		3	45	A2	2	2971
145	145	576	576	1.0	1/2	1/2	4/4	2	1	1/4	1/4	1		0	60	C4	4	2945
145	145	576	576	1.0	1/2	1/2	4/4	3	1	1/4	1/4	1		0	60	C4	4	2948
145	145	576	576	1.0	1/2	1/2	4/4	5	2	1/4	1/4	1		0	60	C4	4	2960
145	145	576	576	1.0	1/2	1/2	4/4	5	3	1/4	1/4	1		0	60	C4	4	2963
145	145	576	576	2.0	1/2	1/2	4/4	1	1	1/2	1/2	1		-1	65	F4	4	2943
145	145	576	576	2.0	1/2	1/2	4/4	5	1	1/2	1/2	1		-1	65	F4	4	2958
145	145	576	576	2.0	1/2	1/2	4/4	7	1	1/2	1/2	1		-1	65	F4	4	2969
145	145	577	577	1.0	3/4	3/4	4/4	4	1	1/4	1/4	1		5	47	B2	2	2953
145	145	577	577	1.0	3/4	3/4	4/4	4	2	1/4	1/4	1		5	47	B2	2	2956
145	145	577	577	1.0	3/4	3/4	4/4	6	1	1/4	1/4	1		5	47	B2	2	2967
145	145	577	577	1.0	3/4	3/4	4/4	8	1	1/4	1/4	1		5	47	B2	2	2972
145	145	577	577	1.0	3/4	3/4	4/4	3	1	1/4	1/4	1		1	55	G3	3	2949
145	145	577	577	1.0	3/4	3/4	4/4	5	2	1/4	1/4	1		1	55	G3	3	2961
145	145	577	577	1.0	3/4	3/4	4/4	2	1	1/4	1/4	1		2	62	D4	4	2946
145	145	577	577	1.0	3/4	3/4	4/4	5	3	1/4	1/4	1		2	62	D4	4	2964
146	146	578	578	3.0	0	0	4/4	4	1	3/4	1/2	3/2		0	48	C3	3	2981
146	146	578	578	3.0	0	0	4/4	4	2	3/4	1/2	3/2		0	48	C3	3	2983
146	146	578	578	3.0	0	0	4/4	6	1	3/4	1/2	3/2		0	48	C3	3	2992
146	146	578	578	3.0	0	0	4/4	8	1	3/4	1/2	3/2		0	48	C3	3	2996
146	146	578	578	2.0	0	0	4/4	3	1	1/2	1/2	1		1	55	G3	3	2978
146	146	578	578	2.0	0	0	4/4	5	2	1/2	1/2	1		1	55	G3	3	2986
146	146	578	578	2.0	0	0	4/4	2	1	1/2	1/2	1		0	60	C4	4	2975
146	146	578	578	2.0	0	0	4/4	5	3	1/2	1/2	1		0	60	C4	4	2989
146	146	578	578	2.0	0	0	4/4	1	1	1/2	1/2	1		4	64	E4	4	2973
146	146	578	578	2.0	0	0	4/4	5	1	1/2	1/2	1		4	64	E4	4	2984
146	146	578	578	2.0	0	0	4/4	7	1	1/2	1/2	1		4	64	E4	4	2994
146	146	580	580	1.0	1/2	1/2	4/4	3	1	1/4	1/4	1		6	54	F#3	3	2979
146	146	580	580	1.0	1/2	1/2	4/4	5	2	1/4	1/4	1		6	54	F#3	3	2987
146	146	580	580	1.0	1/2	1/2	4/4	2	1	1/4	1/4	1		3	57	A3	3	2976
146	146	580	580	1.0	1/2	1/2	4/4	5	3	1/4	1/4	1		3	57	A3	3	2990
146	146	580	580	2.0	1/2	1/2	4/4	1	1	1/2	1/2	1		2	62	D4	4	2974
146	146	580	580	2.0	1/2	1/2	4/4	5	1	1/2	1/2	1		2	62	D4	4	2985
146	146	580	580	2.0	1/2	1/2	4/4	7	1	1/2	1/2	1		2	62	D4	4	2995
146	146	581	581	1.0	3/4	3/4	4/4	4	1	1/4	1/4	1	1	5	47	B2	2	2982
146	146	581	581	1.0	3/4	3/4	4/4	6	1	1/4	1/4	1	1	5	47	B2	2	2993
146	146	581	581	1.0	3/4	3/4	4/4	8	1	1/4	1/4	1	1	5	47	B2	2	2997
146	146	581	581	1.0	3/4	3/4	4/4	3	1	1/4	1/4	1		1	55	G3	3	2980
146	146	581	581	1.0	3/4	3/4	4/4	5	2	1/4	1/4	1		1	55	G3	3	2988
146	146	581	581	1.0	3/4	3/4	4/4	2	1	1/4	1/4	1		5	59	B3	3	2977
146	146	581	581	1.0	3/4	3/4	4/4	5	3	1/4	1/4	1		5	59	B3	3	2991
147	147	582	582	1.0	0	0	4/4	4	1	1/4	1/4	1	-1	5	47	B2	2	3005
147	147	582	582	1.0	0	0	4/4	6	1	1/4	1/4	1	-1	5	47	B2	2	3014
147	147	582	582	1.0	0	0	4/4	8	1	1/4	1/4	1	-1	5	47	B2	2	3019
147	147	582	582	1.0	0	0	4/4	3	1	1/4	1/4	1		1	55	G3	3	3002
147	147	582	582	1.0	0	0	4/4	5	2	1/4	1/4	1		1	55	G3	3	3010
147	147	582	582	2.0	0	0	4/4	2	1	1/2	1/2	1		0	60	C4	4	3000
147	147	582	582	2.0	0	0	4/4	5	3	1/2	1/2	1		0	60	C4	4	3012
147	147	582	582	2.0	0	0	4/4	1	1	1/2	1/2	1		4	64	E4	4	2998
147	147	582	582	2.0	0	0	4/4	5	1	1/2	1/2	1		4	64	E4	4	3008
147	147	582	582	2.0	0	0	4/4	7	1	1/2	1/2	1		4	64	E4	4	3017
147	147	583	583	1.0	1/4	1/4	4/4	4	1	1/4	1/4	1		3	45	A2	2	3006
147	147	583	583	1.0	1/4	1/4	4/4	6	1	1/4	1/4	1		3	45	A2	2	3015
147	147	583	583	1.0	1/4	1/4	4/4	8	1	1/4	1/4	1		3	45	A2	2	3020
147	147	583	583	1.0	1/4	1/4	4/4	3	1	1/4	1/4	1		3	57	A3	3	3003
147	147	583	583	3.0	1/4	1/4	4/4	5	2	3/4	1/2	3/2		3	57	A3	3	3011
147	147	584	584	2.0	1/2	1/2	4/4	4	1	1/2	1/2	1		2	50	D3	3	3007
147	147	584	584	2.0	1/2	1/2	4/4	6	1	1/2	1/2	1		2	50	D3	3	3016
147	147	584	584	2.0	1/2	1/2	4/4	8	1	1/2	1/2	1		2	50	D3	3	3021
147	147	584	584	2.0	1/2	1/2	4/4	3	1	1/2	1/2	1		3	57	A3	3	3004
147	147	584	584	2.0	1/2	1/2	4/4	2	1	1/2	1/2	1		2	62	D4	4	3001
147	147	584	584	2.0	1/2	1/2	4/4	5	3	1/2	1/2	1		2	62	D4	4	3013
147	147	584	584	2.0	1/2	1/2	4/4	1	1	1/2	1/2	1		6	66	F#4	4	2999
147	147	584	584	2.0	1/2	1/2	4/4	5	1	1/2	1/2	1		6	66	F#4	4	3009
147	147	584	584	2.0	1/2	1/2	4/4	7	1	1/2	1/2	1		6	66	F#4	4	3018
148	148	586	586	2.0	0	0	4/4	4	1	1/2	1/2	1		1	43	G2	2	3028
148	148	586	586	2.0	0	0	4/4	6	1	1/2	1/2	1		1	43	G2	2	3036
148	148	586	586	2.0	0	0	4/4	8	1	1/2	1/2	1		1	43	G2	2	3040
148	148	586	586	2.0	0	0	4/4	3	1	1/2	1/2	1		5	59	B3	3	3026
148	148	586	586	2.0	0	0	4/4	5	2	1/2	1/2	1		5	59	B3	3	3032
148	148	586	586	2.0	0	0	4/4	2	1	1/2	1/2	1		2	62	D4	4	3024
148	148	586	586	2.0	0	0	4/4	5	3	1/2	1/2	1		2	62	D4	4	3034
148	148	586	586	2.0	0	0	4/4	1	1	1/2	1/2	1		1	67	G4	4	3022
148	148	586	586	2.0	0	0	4/4	5	1	1/2	1/2	1		1	67	G4	4	3030
148	148	586	586	2.0	0	0	4/4	7	1	1/2	1/2	1		1	67	G4	4	3038
148	148	588	588	2.0	1/2	1/2	4/4	4	1	1/2	1/2	1		-1	53	F3	3	3029
148	148	588	588	2.0	1/2	1/2	4/4	6	1	1/2	1/2	1		-1	53	F3	3	3037
148	148	588	588	2.0	1/2	1/2	4/4	8	1	1/2	1/2	1		-1	53	F3	3	3041
148	148	588	588	2.0	1/2	1/2	4/4	3	1	1/2	1/2	1		5	59	B3	3	3027
148	148	588	588	2.0	1/2	1/2	4/4	5	2	1/2	1/2	1		5	59	B3	3	3033
148	148	588	588	2.0	1/2	1/2	4/4	2	1	1/2	1/2	1		2	62	D4	4	3025
148	148	588	588	2.0	1/2	1/2	4/4	5	3	1/2	1/2	1		2	62	D4	4	3035
148	148	588	588	2.0	1/2	1/2	4/4	1	1	1/2	1/2	1		1	67	G4	4	3023
148	148	588	588	2.0	1/2	1/2	4/4	5	1	1/2	1/2	1		1	67	G4	4	3031
148	148	588	588	2.0	1/2	1/2	4/4	7	1	1/2	1/2	1		1	67	G4	4	3039
149	149	590	590	2.0	0	0	4/4	4	1	1/2	1/2	1		4	52	E3	3	3048
149	149	590	590	2.0	0	0	4/4	6	1	1/2	1/2	1		4	52	E3	3	3056
149	149	590	590	2.0	0	0	4/4	8	1	1/2	1/2	1		4	52	E3	3	3060
149	149	590	590	2.0	0	0	4/4	3	1	1/2	1/2	1		0	60	C4	4	3046
149	149	590	590	2.0	0	0	4/4	5	2	1/2	1/2	1		0	60	C4	4	3052
149	149	590	590	2.0	0	0	4/4	2	1	1/2	1/2	1		4	64	E4	4	3044
149	149	590	590	2.0	0	0	4/4	5	3	1/2	1/2	1		4	64	E4	4	3054
149	149	590	590	2.0	0	0	4/4	1	1	1/2	1/2	1		1	67	G4	4	3042
149	149	590	590	2.0	0	0	4/4	5	1	1/2	1/2	1		1	67	G4	4	3050
149	149	590	590	2.0	0	0	4/4	7	1	1/2	1/2	1		1	67	G4	4	3058
149	149	592	592	2.0	1/2	1/2	4/4	4	1	1/2	1/2	1		2	50	D3	3	3049
149	149	592	592	2.0	1/2	1/2	4/4	6	1	1/2	1/2	1		2	50	D3	3	3057
149	149	592	592	2.0	1/2	1/2	4/4	8	1	1/2	1/2	1		2	50	D3	3	3061
149	149	592	592	2.0	1/2	1/2	4/4	3	1	1/2	1/2	1		-2	58	Bb3	3	3047
149	149	592	592	2.0	1/2	1/2	4/4	5	2	1/2	1/2	1		-2	58	Bb3	3	3053
149	149	592	592	2.0	1/2	1/2	4/4	2	1	1/2	1/2	1		4	64	E4	4	3045
149	149	592	592	2.0	1/2	1/2	4/4	5	3	1/2	1/2	1		4	64	E4	4	3055
149	149	592	592	2.0	1/2	1/2	4/4	1	1	1/2	1/2	1		1	67	G4	4	3043
149	149	592	592	2.0	1/2	1/2	4/4	5	1	1/2	1/2	1		1	67	G4	4	3051
149	149	592	592	2.0	1/2	1/2	4/4	7	1	1/2	1/2	1		1	67	G4	4	3059
150	150	594	594	2.0	0	0	4/4	4	1	1/2	1/2	1		7	49	C#3	3	3068
150	150	594	594	2.0	0	0	4/4	6	1	1/2	1/2	1		7	49	C#3	3	3076
150	150	594	594	2.0	0	0	4/4	8	1	1/2	1/2	1		7	49	C#3	3	3080
150	150	594	594	2.0	0	0	4/4	3	1	1/2	1/2	1		3	57	A3	3	3066
150	150	594	594	2.0	0	0	4/4	5	2	1/2	1/2	1		3	57	A3	3	3072
150	150	594	594	2.0	0	0	4/4	2	1	1/2	1/2	1		4	64	E4	4	3064
150	150	594	594	2.0	0	0	4/4	5	3	1/2	1/2	1		4	64	E4	4	3074
150	150	594	594	2.0	0	0	4/4	1	1	1/2	1/2	1		3	69	A4	4	3062
150	150	594	594	2.0	0	0	4/4	5	1	1/2	1/2	1		3	69	A4	4	3070
150	150	594	594	2.0	0	0	4/4	7	1	1/2	1/2	1		3	69	A4	4	3078
150	150	596	596	2.0	1/2	1/2	4/4	4	1	1/2	1/2	1		2	50	D3	3	3069
150	150	596	596	2.0	1/2	1/2	4/4	6	1	1/2	1/2	1		2	50	D3	3	3077
150	150	596	596	2.0	1/2	1/2	4/4	8	1	1/2	1/2	1		2	50	D3	3	3081
150	150	596	596	2.0	1/2	1/2	4/4	3	1	1/2	1/2	1		3	57	A3	3	3067
150	150	596	596	2.0	1/2	1/2	4/4	5	2	1/2	1/2	1		3	57	A3	3	3073
150	150	596	596	2.0	1/2	1/2	4/4	2	1	1/2	1/2	1		2	62	D4	4	3065
150	150	596	596	2.0	1/2	1/2	4/4	5	3	1/2	1/2	1		2	62	D4	4	3075
150	150	596	596	2.0	1/2	1/2	4/4	1	1	1/2	1/2	1		-1	65	F4	4	3063
150	150	596	596	2.0	1/2	1/2	4/4	5	1	1/2	1/2	1		-1	65	F4	4	3071
150	150	596	596	2.0	1/2	1/2	4/4	7	1	1/2	1/2	1		-1	65	F4	4	3079
151	151	598	598	2.0	0	0	4/4	4	1	1/2	1/2	1		1	43	G2	2	3088
151	151	598	598	2.0	0	0	4/4	6	1	1/2	1/2	1		1	43	G2	2	3096
151	151	598	598	2.0	0	0	4/4	8	1	1/2	1/2	1		1	43	G2	2	3100
151	151	598	598	2.0	0	0	4/4	3	1	1/2	1/2	1		-2	58	Bb3	3	3086
151	151	598	598	2.0	0	0	4/4	5	2	1/2	1/2	1		-2	58	Bb3	3	3092
151	151	598	598	2.0	0	0	4/4	2	1	1/2	1/2	1		2	62	D4	4	3084
151	151	598	598	2.0	0	0	4/4	5	3	1/2	1/2	1		2	62	D4	4	3094
151	151	598	598	2.0	0	0	4/4	1	1	1/2	1/2	1		1	67	G4	4	3082
151	151	598	598	2.0	0	0	4/4	5	1	1/2	1/2	1		1	67	G4	4	3090
151	151	598	598	2.0	0	0	4/4	7	1	1/2	1/2	1		1	67	G4	4	3098
151	151	600	600	2.0	1/2	1/2	4/4	4	1	1/2	1/2	1		8	44	G#2	2	3089
151	151	600	600	2.0	1/2	1/2	4/4	6	1	1/2	1/2	1		8	44	G#2	2	3097
151	151	600	600	2.0	1/2	1/2	4/4	8	1	1/2	1/2	1		8	44	G#2	2	3101
151	151	600	600	2.0	1/2	1/2	4/4	3	1	1/2	1/2	1		5	59	B3	3	3087
151	151	600	600	2.0	1/2	1/2	4/4	5	2	1/2	1/2	1		5	59	B3	3	3093
151	151	600	600	2.0	1/2	1/2	4/4	2	1	1/2	1/2	1		2	62	D4	4	3085
151	151	600	600	2.0	1/2	1/2	4/4	5	3	1/2	1/2	1		2	62	D4	4	3095
151	151	600	600	2.0	1/2	1/2	4/4	1	1	1/2	1/2	1		-1	65	F4	4	3083
151	151	600	600	2.0	1/2	1/2	4/4	5	1	1/2	1/2	1		-1	65	F4	4	3091
151	151	600	600	2.0	1/2	1/2	4/4	7	1	1/2	1/2	1		-1	65	F4	4	3099
152	152	602	602	2.0	0	0	4/4	4	1	1/2	1/2	1		3	45	A2	2	3108
152	152	602	602	2.0	0	0	4/4	6	1	1/2	1/2	1		3	45	A2	2	3119
152	152	602	602	2.0	0	0	4/4	8	1	1/2	1/2	1		3	45	A2	2	3124
152	152	602	602	2.0	0	0	4/4	3	1	1/2	1/2	1		3	57	A3	3	3106
152	152	602	602	2.0	0	0	4/4	5	2	1/2	1/2	1		3	57	A3	3	3115
152	152	602	602	2.0	0	0	4/4	2	1	1/2	1/2	1		7	61	C#4	4	3104
152	152	602	602	2.0	0	0	4/4	5	3	1/2	1/2	1		7	61	C#4	4	3117
152	152	602	602	2.0	0	0	4/4	1	1	1/2	1/2	1		4	64	E4	4	3102
152	152	602	602	2.0	0	0	4/4	5	1	1/2	1/2	1		4	64	E4	4	3113
152	152	602	602	2.0	0	0	4/4	7	1	1/2	1/2	1		4	64	E4	4	3122
152	152	604	604	1.0	1/2	1/2	4/4	4	2	1/4	1/4	1		3	45	A2	2	3111
152	152	604	604	1.0	1/2	1/2	4/4	6	1	1/4	1/4	1		3	45	A2	2	3120
152	152	604	604	1.0	1/2	1/2	4/4	8	1	1/4	1/4	1		3	45	A2	2	3125
152	152	604	604	2.0	1/2	1/2	4/4	3	1	1/2	1/2	1		4	52	E3	3	3107
152	152	604	604	2.0	1/2	1/2	4/4	5	2	1/2	1/2	1		4	52	E3	3	3116
152	152	604	604	1.0	1/2	1/2	4/4	4	1	1/4	1/4	1		3	57	A3	3	3109
152	152	604	604	2.0	1/2	1/2	4/4	2	1	1/2	1/2	1		3	57	A3	3	3105
152	152	604	604	2.0	1/2	1/2	4/4	5	3	1/2	1/2	1		3	57	A3	3	3118
152	152	604	604	2.0	1/2	1/2	4/4	1	1	1/2	1/2	1		0	60	C4	4	3103
152	152	604	604	2.0	1/2	1/2	4/4	5	1	1/2	1/2	1		0	60	C4	4	3114
152	152	604	604	2.0	1/2	1/2	4/4	7	1	1/2	1/2	1		0	60	C4	4	3123
152	152	605	605	1.0	3/4	3/4	4/4	4	2	1/4	1/4	1		1	43	G2	2	3112
152	152	605	605	1.0	3/4	3/4	4/4	6	1	1/4	1/4	1		1	43	G2	2	3121
152	152	605	605	1.0	3/4	3/4	4/4	8	1	1/4	1/4	1		1	43	G2	2	3126
152	152	605	605	1.0	3/4	3/4	4/4	4	1	1/4	1/4	1		1	55	G3	3	3110
153	153	606	606	1.0	0	0	4/4	4	2	1/4	1/4	1		-1	41	F2	2	3139
153	153	606	606	1.0	0	0	4/4	6	1	1/4	1/4	1		-1	41	F2	2	3151
153	153	606	606	1.0	0	0	4/4	8	1	1/4	1/4	1		-1	41	F2	2	3157
153	153	606	606	1.0	0	0	4/4	4	1	1/4	1/4	1		-1	53	F3	3	3135
153	153	606	606	2.0	0	0	4/4	3	1	1/2	1/2	1		-1	53	F3	3	3132
153	153	606	606	2.0	0	0	4/4	5	2	1/2	1/2	1		-1	53	F3	3	3145
153	153	606	606	2.0	0	0	4/4	2	1	1/2	1/2	1		3	57	A3	3	3129
153	153	606	606	2.0	0	0	4/4	5	3	1/2	1/2	1		3	57	A3	3	3148
153	153	606	606	2.0	0	0	4/4	1	1	1/2	1/2	1		2	62	D4	4	3127
153	153	606	606	2.0	0	0	4/4	5	1	1/2	1/2	1		2	62	D4	4	3143
153	153	606	606	2.0	0	0	4/4	7	1	1/2	1/2	1		2	62	D4	4	3155
153	153	607	607	1.0	1/4	1/4	4/4	4	2	1/4	1/4	1		4	40	E2	2	3140
153	153	607	607	1.0	1/4	1/4	4/4	6	1	1/4	1/4	1		4	40	E2	2	3152
153	153	607	607	1.0	1/4	1/4	4/4	8	1	1/4	1/4	1		4	40	E2	2	3158
153	153	607	607	1.0	1/4	1/4	4/4	4	1	1/4	1/4	1		4	52	E3	3	3136
153	153	608	608	1.0	1/2	1/2	4/4	4	2	1/4	1/4	1		2	38	D2	2	3141
153	153	608	608	1.0	1/2	1/2	4/4	6	1	1/4	1/4	1		2	38	D2	2	3153
153	153	608	608	1.0	1/2	1/2	4/4	8	1	1/4	1/4	1		2	38	D2	2	3159
153	153	608	608	1.0	1/2	1/2	4/4	4	1	1/4	1/4	1		2	50	D3	3	3137
153	153	608	608	1.0	1/2	1/2	4/4	3	1	1/4	1/4	1		-1	53	F3	3	3133
153	153	608	608	1.0	1/2	1/2	4/4	5	2	1/4	1/4	1		-1	53	F3	3	3146
153	153	608	608	1.0	1/2	1/2	4/4	2	1	1/4	1/4	1		3	57	A3	3	3130
153	153	608	608	1.0	1/2	1/2	4/4	5	3	1/4	1/4	1		3	57	A3	3	3149
153	153	608	608	2.0	1/2	1/2	4/4	1	1	1/2	1/2	1		-1	65	F4	4	3128
153	153	608	608	2.0	1/2	1/2	4/4	5	1	1/2	1/2	1		-1	65	F4	4	3144
153	153	608	608	2.0	1/2	1/2	4/4	7	1	1/2	1/2	1		-1	65	F4	4	3156
153	153	609	609	1.0	3/4	3/4	4/4	4	2	1/4	1/4	1		1	43	G2	2	3142
153	153	609	609	1.0	3/4	3/4	4/4	6	1	1/4	1/4	1		1	43	G2	2	3154
153	153	609	609	1.0	3/4	3/4	4/4	8	1	1/4	1/4	1		1	43	G2	2	3160
153	153	609	609	1.0	3/4	3/4	4/4	3	1	1/4	1/4	1		1	55	G3	3	3134
153	153	609	609	1.0	3/4	3/4	4/4	4	1	1/4	1/4	1		1	55	G3	3	3138
153	153	609	609	1.0	3/4	3/4	4/4	5	2	1/4	1/4	1		1	55	G3	3	3147
153	153	609	609	1.0	3/4	3/4	4/4	2	1	1/4	1/4	1		5	59	B3	3	3131
153	153	609	609	1.0	3/4	3/4	4/4	5	3	1/4	1/4	1		5	59	B3	3	3150
154	154	610	610	2.0	0	0	4/4	4	1	1/2	1/2	1		0	48	C3	3	3167
154	154	610	610	2.0	0	0	4/4	4	2	1/2	1/2	1		0	48	C3	3	3169
154	154	610	610	2.0	0	0	4/4	6	1	1/2	1/2	1		0	48	C3	3	3177
154	154	610	610	2.0	0	0	4/4	8	1	1/2	1/2	1		0	48	C3	3	3181
154	154	610	610	2.0	0	0	4/4	3	1	1/2	1/2	1		1	55	G3	3	3165
154	154	610	610	2.0	0	0	4/4	5	2	1/2	1/2	1		1	55	G3	3	3173
154	154	610	610	2.0	0	0	4/4	2	1	1/2	1/2	1		0	60	C4	4	3163
154	154	610	610	2.0	0	0	4/4	5	3	1/2	1/2	1		0	60	C4	4	3175
154	154	610	610	2.0	0	0	4/4	1	1	1/2	1/2	1		4	64	E4	4	3161
154	154	610	610	2.0	0	0	4/4	5	1	1/2	1/2	1		4	64	E4	4	3171
154	154	610	610	2.0	0	0	4/4	7	1	1/2	1/2	1		4	64	E4	4	3179
154	154	612	612	2.0	1/2	1/2	4/4	4	2	1/2	1/2	1		1	43	G2	2	3170
154	154	612	612	2.0	1/2	1/2	4/4	6	1	1/2	1/2	1		1	43	G2	2	3178
154	154	612	612	2.0	1/2	1/2	4/4	8	1	1/2	1/2	1		1	43	G2	2	3182
154	154	612	612	2.0	1/2	1/2	4/4	3	1	1/2	1/2	1		1	55	G3	3	3166
154	154	612	612	2.0	1/2	1/2	4/4	4	1	1/2	1/2	1		1	55	G3	3	3168
154	154	612	612	2.0	1/2	1/2	4/4	5	2	1/2	1/2	1		1	55	G3	3	3174
154	154	612	612	2.0	1/2	1/2	4/4	2	1	1/2	1/2	1		5	59	B3	3	3164
154	154	612	612	2.0	1/2	1/2	4/4	5	3	1/2	1/2	1		5	59	B3	3	3176
154	154	612	612	2.0	1/2	1/2	4/4	1	1	1/2	1/2	1		2	62	D4	4	3162
154	154	612	612	2.0	1/2	1/2	4/4	5	1	1/2	1/2	1		2	62	D4	4	3172
154	154	612	612	2.0	1/2	1/2	4/4	7	1	1/2	1/2	1		2	62	D4	4	3180
155	155	614	614	2.0	0	0	4/4	4	2	1/2	1/2	1		-1	41	F2	2	3191
155	155	614	614	2.0	0	0	4/4	6	1	1/2	1/2	1		-1	41	F2	2	3200
155	155	614	614	2.0	0	0	4/4	8	1	1/2	1/2	1		-1	41	F2	2	3204
155	155	614	614	2.0	0	0	4/4	4	1	1/2	1/2	1		-1	53	F3	3	3189
155	155	614	614	2.0	0	0	4/4	3	1	1/2	1/2	1		3	57	A3	3	3187
155	155	614	614	2.0	0	0	4/4	5	2	1/2	1/2	1		3	57	A3	3	3195
155	155	614	614	2.0	0	0	4/4	2	1	1/2	1/2	1		0	60	C4	4	3185
155	155	614	614	2.0	0	0	4/4	5	3	1/2	1/2	1		0	60	C4	4	3198
155	155	614	614	2.0	0	0	4/4	1	1	1/2	1/2	1		-1	65	F4	4	3183
155	155	614	614	2.0	0	0	4/4	5	1	1/2	1/2	1		-1	65	F4	4	3193
155	155	614	614	2.0	0	0	4/4	7	1	1/2	1/2	1		-1	65	F4	4	3202
155	155	616	616	2.0	1/2	1/2	4/4	4	2	1/2	1/2	1		1	43	G2	2	3192
155	155	616	616	2.0	1/2	1/2	4/4	6	1	1/2	1/2	1		1	43	G2	2	3201
155	155	616	616	2.0	1/2	1/2	4/4	8	1	1/2	1/2	1		1	43	G2	2	3205
155	155	616	616	1.0	1/2	1/2	4/4	5	2	1/4	1/4	1		1	55	G3	3	3196
155	155	616	616	2.0	1/2	1/2	4/4	3	1	1/2	1/2	1		1	55	G3	3	3188
155	155	616	616	2.0	1/2	1/2	4/4	4	1	1/2	1/2	1		1	55	G3	3	3190
155	155	616	616	2.0	1/2	1/2	4/4	2	1	1/2	1/2	1		5	59	B3	3	3186
155	155	616	616	2.0	1/2	1/2	4/4	5	3	1/2	1/2	1		5	59	B3	3	3199
155	155	616	616	2.0	1/2	1/2	4/4	1	1	1/2	1/2	1		2	62	D4	4	3184
155	155	616	616	2.0	1/2	1/2	4/4	5	1	1/2	1/2	1		2	62	D4	4	3194
155	155	616	616	2.0	1/2	1/2	4/4	7	1	1/2	1/2	1		2	62	D4	4	3203
155	155	617	617	1.0	3/4	3/4	4/4	5	2	1/4	1/4	1		-1	53	F3	3	3197
156	156	618	618	2.0	0	0	4/4	4	1	1/2	1/2	1		0	48	C3	3	3212
156	156	618	618	2.0	0	0	4/4	4	2	1/2	1/2	1		0	48	C3	3	3214
156	156	618	618	2.0	0	0	4/4	6	1	1/2	1/2	1		0	48	C3	3	3221
156	156	618	618	2.0	0	0	4/4	8	1	1/2	1/2	1		0	48	C3	3	3225
156	156	618	618	2.0	0	0	4/4	3	1	1/2	1/2	1		4	52	E3	3	3210
156	156	618	618	2.0	0	0	4/4	5	2	1/2	1/2	1		4	52	E3	3	3217
156	156	618	618	2.0	0	0	4/4	5	3	1/2	1/2	1		1	55	G3	3	3219
156	156	618	618	2.0	0	0	4/4	1	1	1/2	1/2	1		0	60	C4	4	3206
156	156	618	618	2.0	0	0	4/4	2	1	1/2	1/2	1		0	60	C4	4	3208
156	156	618	618	2.0	0	0	4/4	5	1	1/2	1/2	1		0	60	C4	4	3215
156	156	618	618	2.0	0	0	4/4	7	1	1/2	1/2	1		0	60	C4	4	3223
156	156	620	620	2.0	1/2	1/2	4/4	4	1	1/2	1/2	1		7	49	C#3	3	3213
156	156	620	620	2.0	1/2	1/2	4/4	6	1	1/2	1/2	1		7	49	C#3	3	3222
156	156	620	620	2.0	1/2	1/2	4/4	8	1	1/2	1/2	1		7	49	C#3	3	3226
156	156	620	620	2.0	1/2	1/2	4/4	2	1	1/2	1/2	1		3	57	A3	3	3209
156	156	620	620	2.0	1/2	1/2	4/4	3	1	1/2	1/2	1		3	57	A3	3	3211
156	156	620	620	2.0	1/2	1/2	4/4	5	2	1/2	1/2	1		3	57	A3	3	3218
156	156	620	620	2.0	1/2	1/2	4/4	5	3	1/2	1/2	1		3	57	A3	3	3220
156	156	620	620	2.0	1/2	1/2	4/4	1	1	1/2	1/2	1		4	64	E4	4	3207
156	156	620	620	2.0	1/2	1/2	4/4	5	1	1/2	1/2	1		4	64	E4	4	3216
156	156	620	620	2.0	1/2	1/2	4/4	7	1	1/2	1/2	1		4	64	E4	4	3224
157	157	622	622	2.0	0	0	4/4	4	1	1/2	1/2	1		2	50	D3	3	3233
157	157	622	622	2.0	0	0	4/4	6	1	1/2	1/2	1		2	50	D3	3	3241
157	157	622	622	2.0	0	0	4/4	8	1	1/2	1/2	1		2	50	D3	3	3245
157	157	622	622	2.0	0	0	4/4	3	1	1/2	1/2	1		3	57	A3	3	3231
157	157	622	622	2.0	0	0	4/4	5	2	1/2	1/2	1		3	57	A3	3	3237
157	157	622	622	2.0	0	0	4/4	2	1	1/2	1/2	1		2	62	D4	4	3229
157	157	622	622	2.0	0	0	4/4	5	3	1/2	1/2	1		2	62	D4	4	3239
157	157	622	622	2.0	0	0	4/4	1	1	1/2	1/2	1		-1	65	F4	4	3227
157	157	622	622	2.0	0	0	4/4	5	1	1/2	1/2	1		-1	65	F4	4	3235
157	157	622	622	2.0	0	0	4/4	7	1	1/2	1/2	1		-1	65	F4	4	3243
157	157	624	624	2.0	1/2	1/2	4/4	4	1	1/2	1/2	1		0	48	C3	3	3234
157	157	624	624	2.0	1/2	1/2	4/4	6	1	1/2	1/2	1		0	48	C3	3	3242
157	157	624	624	2.0	1/2	1/2	4/4	8	1	1/2	1/2	1		0	48	C3	3	3246
157	157	624	624	2.0	1/2	1/2	4/4	3	1	1/2	1/2	1		0	60	C4	4	3232
157	157	624	624	2.0	1/2	1/2	4/4	5	2	1/2	1/2	1		0	60	C4	4	3238
157	157	624	624	2.0	1/2	1/2	4/4	2	1	1/2	1/2	1		4	64	E4	4	3230
157	157	624	624	2.0	1/2	1/2	4/4	5	3	1/2	1/2	1		4	64	E4	4	3240
157	157	624	624	2.0	1/2	1/2	4/4	1	1	1/2	1/2	1		1	67	G4	4	3228
157	157	624	624	2.0	1/2	1/2	4/4	5	1	1/2	1/2	1		1	67	G4	4	3236
157	157	624	624	2.0	1/2	1/2	4/4	7	1	1/2	1/2	1		1	67	G4	4	3244
158	158	626	626	2.0	0	0	4/4	4	2	1/2	1/2	1		-1	41	F2	2	3255
158	158	626	626	2.0	0	0	4/4	6	1	1/2	1/2	1		-1	41	F2	2	3262
158	158	626	626	2.0	0	0	4/4	8	1	1/2	1/2	1		-1	41	F2	2	3266
158	158	626	626	2.0	0	0	4/4	4	1	1/2	1/2	1		-1	53	F3	3	3253
158	158	626	626	2.0	0	0	4/4	3	1	1/2	1/2	1		0	60	C4	4	3251
158	158	626	626	2.0	0	0	4/4	5	2	1/2	1/2	1		0	60	C4	4	3258
158	158	626	626	2.0	0	0	4/4	2	1	1/2	1/2	1		-1	65	F4	4	3249
158	158	626	626	2.0	0	0	4/4	5	3	1/2	1/2	1		-1	65	F4	4	3260
158	158	626	626	2.0	0	0	4/4	1	1	1/2	1/2	1		3	69	A4	4	3247
158	158	626	626	2.0	0	0	4/4	5	1	1/2	1/2	1		3	69	A4	4	3256
158	158	626	626	2.0	0	0	4/4	7	1	1/2	1/2	1		3	69	A4	4	3264
158	158	628	628	2.0	1/2	1/2	4/4	4	1	1/2	1/2	1		-2	46	Bb2	2	3254
158	158	628	628	2.0	1/2	1/2	4/4	6	1	1/2	1/2	1		-2	46	Bb2	2	3263
158	158	628	628	2.0	1/2	1/2	4/4	8	1	1/2	1/2	1		-2	46	Bb2	2	3267
158	158	628	628	2.0	1/2	1/2	4/4	3	1	1/2	1/2	1		-2	58	Bb3	3	3252
158	158	628	628	2.0	1/2	1/2	4/4	5	2	1/2	1/2	1		-2	58	Bb3	3	3259
158	158	628	628	2.0	1/2	1/2	4/4	2	1	1/2	1/2	1		2	62	D4	4	3250
158	158	628	628	2.0	1/2	1/2	4/4	5	3	1/2	1/2	1		2	62	D4	4	3261
158	158	628	628	2.0	1/2	1/2	4/4	1	1	1/2	1/2	1		-1	65	F4	4	3248
158	158	628	628	2.0	1/2	1/2	4/4	5	1	1/2	1/2	1		-1	65	F4	4	3257
158	158	628	628	2.0	1/2	1/2	4/4	7	1	1/2	1/2	1		-1	65	F4	4	3265
159	159	630	630	2.0	0	0	4/4	4	1	1/2	1/2	1		1	43	G2	2	3274
159	159	630	630	2.0	0	0	4/4	6	1	1/2	1/2	1		1	43	G2	2	3282
159	159	630	630	2.0	0	0	4/4	8	1	1/2	1/2	1		1	43	G2	2	3286
159	159	630	630	2.0	0	0	4/4	3	1	1/2	1/2	1		-2	58	Bb3	3	3272
159	159	630	630	2.0	0	0	4/4	5	2	1/2	1/2	1		-2	58	Bb3	3	3278
159	159	630	630	2.0	0	0	4/4	2	1	1/2	1/2	1		2	62	D4	4	3270
159	159	630	630	2.0	0	0	4/4	5	3	1/2	1/2	1		2	62	D4	4	3280
159	159	630	630	2.0	0	0	4/4	1	1	1/2	1/2	1		1	67	G4	4	3268
159	159	630	630	2.0	0	0	4/4	5	1	1/2	1/2	1		1	67	G4	4	3276
159	159	630	630	2.0	0	0	4/4	7	1	1/2	1/2	1		1	67	G4	4	3284
159	159	632	632	2.0	1/2	1/2	4/4	4	1	1/2	1/2	1		8	44	G#2	2	3275
159	159	632	632	2.0	1/2	1/2	4/4	6	1	1/2	1/2	1		8	44	G#2	2	3283
159	159	632	632	2.0	1/2	1/2	4/4	8	1	1/2	1/2	1		8	44	G#2	2	3287
159	159	632	632	2.0	1/2	1/2	4/4	3	1	1/2	1/2	1		5	59	B3	3	3273
159	159	632	632	2.0	1/2	1/2	4/4	5	2	1/2	1/2	1		5	59	B3	3	3279
159	159	632	632	2.0	1/2	1/2	4/4	2	1	1/2	1/2	1		2	62	D4	4	3271
159	159	632	632	2.0	1/2	1/2	4/4	5	3	1/2	1/2	1		2	62	D4	4	3281
159	159	632	632	2.0	1/2	1/2	4/4	1	1	1/2	1/2	1		-1	65	F4	4	3269
159	159	632	632	2.0	1/2	1/2	4/4	5	1	1/2	1/2	1		-1	65	F4	4	3277
159	159	632	632	2.0	1/2	1/2	4/4	7	1	1/2	1/2	1		-1	65	F4	4	3285
160	160	634	634	2.0	0	0	4/4	4	1	1/2	1/2	1		3	45	A2	2	3294
160	160	634	634	2.0	0	0	4/4	6	1	1/2	1/2	1		3	45	A2	2	3302
160	160	634	634	2.0	0	0	4/4	8	1	1/2	1/2	1		3	45	A2	2	3306
160	160	634	634	2.0	0	0	4/4	3	1	1/2	1/2	1		3	57	A3	3	3292
160	160	634	634	2.0	0	0	4/4	5	2	1/2	1/2	1		3	57	A3	3	3298
160	160	634	634	2.0	0	0	4/4	2	1	1/2	1/2	1		7	61	C#4	4	3290
160	160	634	634	2.0	0	0	4/4	5	3	1/2	1/2	1		7	61	C#4	4	3300
160	160	634	634	2.0	0	0	4/4	1	1	1/2	1/2	1		4	64	E4	4	3288
160	160	634	634	2.0	0	0	4/4	5	1	1/2	1/2	1		4	64	E4	4	3296
160	160	634	634	2.0	0	0	4/4	7	1	1/2	1/2	1		4	64	E4	4	3304
160	160	636	636	2.0	1/2	1/2	4/4	4	1	1/2	1/2	1		2	50	D3	3	3295
160	160	636	636	2.0	1/2	1/2	4/4	6	1	1/2	1/2	1		2	50	D3	3	3303
160	160	636	636	2.0	1/2	1/2	4/4	8	1	1/2	1/2	1		2	50	D3	3	3307
160	160	636	636	2.0	1/2	1/2	4/4	3	1	1/2	1/2	1		3	57	A3	3	3293
160	160	636	636	2.0	1/2	1/2	4/4	5	2	1/2	1/2	1		3	57	A3	3	3299
160	160	636	636	2.0	1/2	1/2	4/4	2	1	1/2	1/2	1		2	62	D4	4	3291
160	160	636	636	2.0	1/2	1/2	4/4	5	3	1/2	1/2	1		2	62	D4	4	3301
160	160	636	636	2.0	1/2	1/2	4/4	1	1	1/2	1/2	1		-1	65	F4	4	3289
160	160	636	636	2.0	1/2	1/2	4/4	5	1	1/2	1/2	1		-1	65	F4	4	3297
160	160	636	636	2.0	1/2	1/2	4/4	7	1	1/2	1/2	1		-1	65	F4	4	3305
161	161	638	638	2.0	0	0	4/4	4	1	1/2	1/2	1		5	47	B2	2	3314
161	161	638	638	2.0	0	0	4/4	6	1	1/2	1/2	1		5	47	B2	2	3322
161	161	638	638	2.0	0	0	4/4	8	1	1/2	1/2	1		5	47	B2	2	3326
161	161	638	638	2.0	0	0	4/4	3	1	1/2	1/2	1		1	55	G3	3	3312
161	161	638	638	2.0	0	0	4/4	5	2	1/2	1/2	1		1	55	G3	3	3318
161	161	638	638	2.0	0	0	4/4	1	1	1/2	1/2	1		2	62	D4	4	3308
161	161	638	638	2.0	0	0	4/4	2	1	1/2	1/2	1		2	62	D4	4	3310
161	161	638	638	2.0	0	0	4/4	5	1	1/2	1/2	1		2	62	D4	4	3316
161	161	638	638	2.0	0	0	4/4	5	3	1/2	1/2	1		2	62	D4	4	3320
161	161	638	638	2.0	0	0	4/4	7	1	1/2	1/2	1		2	62	D4	4	3324
161	161	640	640	2.0	1/2	1/2	4/4	4	1	1/2	1/2	1		1	43	G2	2	3315
161	161	640	640	2.0	1/2	1/2	4/4	6	1	1/2	1/2	1		1	43	G2	2	3323
161	161	640	640	2.0	1/2	1/2	4/4	8	1	1/2	1/2	1		1	43	G2	2	3327
161	161	640	640	2.0	1/2	1/2	4/4	3	1	1/2	1/2	1		1	55	G3	3	3313
161	161	640	640	2.0	1/2	1/2	4/4	5	2	1/2	1/2	1		1	55	G3	3	3319
161	161	640	640	2.0	1/2	1/2	4/4	2	1	1/2	1/2	1		5	59	B3	3	3311
161	161	640	640	2.0	1/2	1/2	4/4	5	3	1/2	1/2	1		5	59	B3	3	3321
161	161	640	640	2.0	1/2	1/2	4/4	1	1	1/2	1/2	1		-1	65	F4	4	3309
161	161	640	640	2.0	1/2	1/2	4/4	5	1	1/2	1/2	1		-1	65	F4	4	3317
161	161	640	640	2.0	1/2	1/2	4/4	7	1	1/2	1/2	1		-1	65	F4	4	3325
162	162	642	642	2.0	0	0	4/4	4	1	1/2	1/2	1		0	48	C3	3	3334
162	162	642	642	2.0	0	0	4/4	6	1	1/2	1/2	1		0	48	C3	3	3342
162	162	642	642	2.0	0	0	4/4	8	1	1/2	1/2	1		0	48	C3	3	3346
162	162	642	642	2.0	0	0	4/4	3	1	1/2	1/2	1		1	55	G3	3	3332
162	162	642	642	2.0	0	0	4/4	5	2	1/2	1/2	1		1	55	G3	3	3338
162	162	642	642	2.0	0	0	4/4	2	1	1/2	1/2	1		0	60	C4	4	3330
162	162	642	642	2.0	0	0	4/4	5	3	1/2	1/2	1		0	60	C4	4	3340
162	162	642	642	2.0	0	0	4/4	1	1	1/2	1/2	1		4	64	E4	4	3328
162	162	642	642	2.0	0	0	4/4	5	1	1/2	1/2	1		4	64	E4	4	3336
162	162	642	642	2.0	0	0	4/4	7	1	1/2	1/2	1		4	64	E4	4	3344
162	162	644	644	2.0	1/2	1/2	4/4	4	1	1/2	1/2	1		-1	53	F3	3	3335
162	162	644	644	2.0	1/2	1/2	4/4	6	1	1/2	1/2	1		-1	53	F3	3	3343
162	162	644	644	2.0	1/2	1/2	4/4	8	1	1/2	1/2	1		-1	53	F3	3	3347
162	162	644	644	2.0	1/2	1/2	4/4	3	1	1/2	1/2	1		3	57	A3	3	3333
162	162	644	644	2.0	1/2	1/2	4/4	5	2	1/2	1/2	1		3	57	A3	3	3339
162	162	644	644	2.0	1/2	1/2	4/4	1	1	1/2	1/2	1		2	62	D4	4	3329
162	162	644	644	2.0	1/2	1/2	4/4	2	1	1/2	1/2	1		2	62	D4	4	3331
162	162	644	644	2.0	1/2	1/2	4/4	5	1	1/2	1/2	1		2	62	D4	4	3337
162	162	644	644	2.0	1/2	1/2	4/4	5	3	1/2	1/2	1		2	62	D4	4	3341
162	162	644	644	2.0	1/2	1/2	4/4	7	1	1/2	1/2	1		2	62	D4	4	3345
163	163	646	646	2.0	0	0	4/4	4	1	1/2	1/2	1		2	50	D3	3	3354
163	163	646	646	2.0	0	0	4/4	6	1	1/2	1/2	1		2	50	D3	3	3362
163	163	646	646	2.0	0	0	4/4	8	1	1/2	1/2	1		2	50	D3	3	3366
163	163	646	646	2.0	0	0	4/4	3	1	1/2	1/2	1		3	57	A3	3	3352
163	163	646	646	2.0	0	0	4/4	5	2	1/2	1/2	1		3	57	A3	3	3358
163	163	646	646	2.0	0	0	4/4	2	1	1/2	1/2	1		2	62	D4	4	3350
163	163	646	646	2.0	0	0	4/4	5	3	1/2	1/2	1		2	62	D4	4	3360
163	163	646	646	2.0	0	0	4/4	1	1	1/2	1/2	1		-1	65	F4	4	3348
163	163	646	646	2.0	0	0	4/4	5	1	1/2	1/2	1		-1	65	F4	4	3356
163	163	646	646	2.0	0	0	4/4	7	1	1/2	1/2	1		-1	65	F4	4	3364
163	163	648	648	2.0	1/2	1/2	4/4	3	1	1/2	1/2	1		1	55	G3	3	3353
163	163	648	648	2.0	1/2	1/2	4/4	4	1	1/2	1/2	1		1	55	G3	3	3355
163	163	648	648	2.0	1/2	1/2	4/4	5	2	1/2	1/2	1		1	55	G3	3	3359
163	163	648	648	2.0	1/2	1/2	4/4	6	1	1/2	1/2	1		1	55	G3	3	3363
163	163	648	648	2.0	1/2	1/2	4/4	8	1	1/2	1/2	1		1	55	G3	3	3367
163	163	648	648	2.0	1/2	1/2	4/4	2	1	1/2	1/2	1		5	59	B3	3	3351
163	163	648	648	2.0	1/2	1/2	4/4	5	3	1/2	1/2	1		5	59	B3	3	3361
163	163	648	648	2.0	1/2	1/2	4/4	1	1	1/2	1/2	1		2	62	D4	4	3349
163	163	648	648	2.0	1/2	1/2	4/4	5	1	1/2	1/2	1		2	62	D4	4	3357
163	163	648	648	2.0	1/2	1/2	4/4	7	1	1/2	1/2	1		2	62	D4	4	3365
164	164	650	650	2.0	0	0	4/4	4	1	1/2	1/2	1		0	48	C3	3	3374
164	164	650	650	2.0	0	0	4/4	6	1	1/2	1/2	1		0	48	C3	3	3382
164	164	650	650	2.0	0	0	4/4	8	1	1/2	1/2	1		0	48	C3	3	3386
164	164	650	650	2.0	0	0	4/4	3	1	1/2	1/2	1		4	52	E3	3	3372
164	164	650	650	2.0	0	0	4/4	5	2	1/2	1/2	1		4	52	E3	3	3378
164	164	650	650	2.0	0	0	4/4	5	3	1/2	1/2	1		1	55	G3	3	3380
164	164	650	650	2.0	0	0	4/4	1	1	1/2	1/2	1		0	60	C4	4	3368
164	164	650	650	2.0	0	0	4/4	2	1	1/2	1/2	1		0	60	C4	4	3370
164	164	650	650	2.0	0	0	4/4	5	1	1/2	1/2	1		0	60	C4	4	3376
164	164	650	650	2.0	0	0	4/4	7	1	1/2	1/2	1		0	60	C4	4	3384
164	164	652	652	2.0	1/2	1/2	4/4	4	1	1/2	1/2	1		3	45	A2	2	3375
164	164	652	652	2.0	1/2	1/2	4/4	6	1	1/2	1/2	1		3	45	A2	2	3383
164	164	652	652	2.0	1/2	1/2	4/4	8	1	1/2	1/2	1		3	45	A2	2	3387
164	164	652	652	2.0	1/2	1/2	4/4	3	1	1/2	1/2	1		3	57	A3	3	3373
164	164	652	652	2.0	1/2	1/2	4/4	5	2	1/2	1/2	1		3	57	A3	3	3379
164	164	652	652	2.0	1/2	1/2	4/4	2	1	1/2	1/2	1		7	61	C#4	4	3371
164	164	652	652	2.0	1/2	1/2	4/4	5	3	1/2	1/2	1		7	61	C#4	4	3381
164	164	652	652	2.0	1/2	1/2	4/4	1	1	1/2	1/2	1		4	64	E4	4	3369
164	164	652	652	2.0	1/2	1/2	4/4	5	1	1/2	1/2	1		4	64	E4	4	3377
164	164	652	652	2.0	1/2	1/2	4/4	7	1	1/2	1/2	1		4	64	E4	4	3385
165	165	654	654	2.0	0	0	4/4	4	1	1/2	1/2	1		2	50	D3	3	3394
165	165	654	654	2.0	0	0	4/4	6	1	1/2	1/2	1		2	50	D3	3	3402
165	165	654	654	2.0	0	0	4/4	8	1	1/2	1/2	1		2	50	D3	3	3406
165	165	654	654	2.0	0	0	4/4	3	1	1/2	1/2	1		3	57	A3	3	3392
165	165	654	654	2.0	0	0	4/4	5	2	1/2	1/2	1		3	57	A3	3	3398
165	165	654	654	2.0	0	0	4/4	2	1	1/2	1/2	1		2	62	D4	4	3390
165	165	654	654	2.0	0	0	4/4	5	3	1/2	1/2	1		2	62	D4	4	3400
165	165	654	654	2.0	0	0	4/4	1	1	1/2	1/2	1		-1	65	F4	4	3388
165	165	654	654	2.0	0	0	4/4	5	1	1/2	1/2	1		-1	65	F4	4	3396
165	165	654	654	2.0	0	0	4/4	7	1	1/2	1/2	1		-1	65	F4	4	3404
165	165	656	656	2.0	1/2	1/2	4/4	4	1	1/2	1/2	1		0	48	C3	3	3395
165	165	656	656	2.0	1/2	1/2	4/4	6	1	1/2	1/2	1		0	48	C3	3	3403
165	165	656	656	2.0	1/2	1/2	4/4	8	1	1/2	1/2	1		0	48	C3	3	3407
165	165	656	656	2.0	1/2	1/2	4/4	3	1	1/2	1/2	1		0	60	C4	4	3393
165	165	656	656	2.0	1/2	1/2	4/4	5	2	1/2	1/2	1		0	60	C4	4	3399
165	165	656	656	2.0	1/2	1/2	4/4	2	1	1/2	1/2	1		4	64	E4	4	3391
165	165	656	656	2.0	1/2	1/2	4/4	5	3	1/2	1/2	1		4	64	E4	4	3401
165	165	656	656	2.0	1/2	1/2	4/4	1	1	1/2	1/2	1		1	67	G4	4	3389
165	165	656	656	2.0	1/2	1/2	4/4	5	1	1/2	1/2	1		1	67	G4	4	3397
165	165	656	656	2.0	1/2	1/2	4/4	7	1	1/2	1/2	1		1	67	G4	4	3405
166	166	658	658	2.0	0	0	4/4	4	1	1/2	1/2	1		7	49	C#3	3	3414
166	166	658	658	2.0	0	0	4/4	6	1	1/2	1/2	1		7	49	C#3	3	3422
166	166	658	658	2.0	0	0	4/4	8	1	1/2	1/2	1		7	49	C#3	3	3426
166	166	658	658	2.0	0	0	4/4	3	1	1/2	1/2	1		3	57	A3	3	3412
166	166	658	658	2.0	0	0	4/4	5	2	1/2	1/2	1		3	57	A3	3	3418
166	166	658	658	2.0	0	0	4/4	2	1	1/2	1/2	1		4	64	E4	4	3410
166	166	658	658	2.0	0	0	4/4	5	3	1/2	1/2	1		4	64	E4	4	3420
166	166	658	658	2.0	0	0	4/4	1	1	1/2	1/2	1		3	69	A4	4	3408
166	166	658	658	2.0	0	0	4/4	5	1	1/2	1/2	1		3	69	A4	4	3416
166	166	658	658	2.0	0	0	4/4	7	1	1/2	1/2	1		3	69	A4	4	3424
166	166	660	660	2.0	1/2	1/2	4/4	4	1	1/2	1/2	1	1	2	50	D3	3	3415
166	166	660	660	2.0	1/2	1/2	4/4	6	1	1/2	1/2	1	1	2	50	D3	3	3423
166	166	660	660	2.0	1/2	1/2	4/4	8	1	1/2	1/2	1	1	2	50	D3	3	3427
166	166	660	660	2.0	1/2	1/2	4/4	3	1	1/2	1/2	1		3	57	A3	3	3413
166	166	660	660	2.0	1/2	1/2	4/4	5	2	1/2	1/2	1		3	57	A3	3	3419
166	166	660	660	2.0	1/2	1/2	4/4	2	1	1/2	1/2	1		2	62	D4	4	3411
166	166	660	660	2.0	1/2	1/2	4/4	5	3	1/2	1/2	1		2	62	D4	4	3421
166	166	660	660	2.0	1/2	1/2	4/4	1	1	1/2	1/2	1		-1	65	F4	4	3409
166	166	660	660	2.0	1/2	1/2	4/4	5	1	1/2	1/2	1		-1	65	F4	4	3417
166	166	660	660	2.0	1/2	1/2	4/4	7	1	1/2	1/2	1		-1	65	F4	4	3425
167	167	662	662	1.0	0	0	4/4	4	1	1/4	1/4	1	-1	2	50	D3	3	3436
167	167	662	662	1.0	0	0	4/4	6	1	1/4	1/4	1	-1	2	50	D3	3	3447
167	167	662	662	1.0	0	0	4/4	8	1	1/4	1/4	1	-1	2	50	D3	3	3452
167	167	662	662	1.0	0	0	4/4	3	1	1/4	1/4	1		-2	58	Bb3	3	3433
167	167	662	662	1.0	0	0	4/4	5	2	1/4	1/4	1		-2	58	Bb3	3	3441
167	167	662	662	3.0	0	0	4/4	2	1	3/4	1/2	3/2		4	64	E4	4	3430
167	167	662	662	3.0	0	0	4/4	5	3	3/4	1/2	3/2		4	64	E4	4	3444
167	167	662	662	2.0	0	0	4/4	1	1	1/2	1/2	1		1	67	G4	4	3428
167	167	662	662	2.0	0	0	4/4	5	1	1/2	1/2	1		1	67	G4	4	3439
167	167	662	662	2.0	0	0	4/4	7	1	1/2	1/2	1		1	67	G4	4	3450
167	167	663	663	1.0	1/4	1/4	4/4	4	1	1/4	1/4	1		7	49	C#3	3	3437
167	167	663	663	1.0	1/4	1/4	4/4	6	1	1/4	1/4	1		7	49	C#3	3	3448
167	167	663	663	1.0	1/4	1/4	4/4	8	1	1/4	1/4	1		7	49	C#3	3	3453
167	167	663	663	1.0	1/4	1/4	4/4	3	1	1/4	1/4	1		3	57	A3	3	3434
167	167	663	663	1.0	1/4	1/4	4/4	5	2	1/4	1/4	1		3	57	A3	3	3442
167	167	664	664	2.0	1/2	1/2	4/4	4	1	1/2	1/2	1		2	50	D3	3	3438
167	167	664	664	2.0	1/2	1/2	4/4	6	1	1/2	1/2	1		2	50	D3	3	3449
167	167	664	664	2.0	1/2	1/2	4/4	8	1	1/2	1/2	1		2	50	D3	3	3454
167	167	664	664	2.0	1/2	1/2	4/4	3	1	1/2	1/2	1		3	57	A3	3	3435
167	167	664	664	2.0	1/2	1/2	4/4	5	2	1/2	1/2	1	1	3	57	A3	3	3443
167	167	664	664	2.0	1/2	1/2	4/4	1	1	1/2	1/2	1		-1	65	F4	4	3429
167	167	664	664	2.0	1/2	1/2	4/4	5	1	1/2	1/2	1		-1	65	F4	4	3440
167	167	664	664	2.0	1/2	1/2	4/4	7	1	1/2	1/2	1		-1	65	F4	4	3451
167	167	665	665	0.5	3/4	3/4	4/4	2	1	1/8	1/8	1		2	62	D4	4	3431
167	167	665	665	0.5	3/4	3/4	4/4	5	3	1/8	1/8	1		2	62	D4	4	3445
167	167	1331/2	1331/2	0.5	7/8	7/8	4/4	2	1	1/8	1/8	1		0	60	C4	4	3432
167	167	1331/2	1331/2	0.5	7/8	7/8	4/4	5	3	1/8	1/8	1		0	60	C4	4	3446
168	168	666	666	2.0	0	0	4/4	4	1	1/2	1/2	1		4	52	E3	3	3462
168	168	666	666	2.0	0	0	4/4	6	1	1/2	1/2	1		4	52	E3	3	3471
168	168	666	666	2.0	0	0	4/4	8	1	1/2	1/2	1		4	52	E3	3	3475
168	168	666	666	1.0	0	0	4/4	3	1	1/4	1/4	1		3	57	A3	3	3459
168	168	666	666	1.0	0	0	4/4	5	2	1/4	1/4	1	-1	3	57	A3	3	3466
168	168	666	666	2.0	0	0	4/4	2	1	1/2	1/2	1		5	59	B3	3	3457
168	168	666	666	2.0	0	0	4/4	5	3	1/2	1/2	1		5	59	B3	3	3469
168	168	666	666	2.0	0	0	4/4	1	1	1/2	1/2	1		4	64	E4	4	3455
168	168	666	666	2.0	0	0	4/4	5	1	1/2	1/2	1		4	64	E4	4	3464
168	168	666	666	2.0	0	0	4/4	7	1	1/2	1/2	1		4	64	E4	4	3473
168	168	667	667	1.0	1/4	1/4	4/4	3	1	1/4	1/4	1		8	56	G#3	3	3460
168	168	667	667	1.0	1/4	1/4	4/4	5	2	1/4	1/4	1		8	56	G#3	3	3467
168	168	668	668	2.0	1/2	1/2	4/4	4	1	1/2	1/2	1		4	52	E3	3	3463
168	168	668	668	2.0	1/2	1/2	4/4	6	1	1/2	1/2	1		4	52	E3	3	3472
168	168	668	668	2.0	1/2	1/2	4/4	8	1	1/2	1/2	1		4	52	E3	3	3476
168	168	668	668	2.0	1/2	1/2	4/4	3	1	1/2	1/2	1		1	55	G3	3	3461
168	168	668	668	2.0	1/2	1/2	4/4	5	2	1/2	1/2	1		1	55	G3	3	3468
168	168	668	668	2.0	1/2	1/2	4/4	2	1	1/2	1/2	1		5	59	B3	3	3458
168	168	668	668	2.0	1/2	1/2	4/4	5	3	1/2	1/2	1		5	59	B3	3	3470
168	168	668	668	2.0	1/2	1/2	4/4	1	1	1/2	1/2	1		4	64	E4	4	3456
168	168	668	668	2.0	1/2	1/2	4/4	5	1	1/2	1/2	1		4	64	E4	4	3465
168	168	668	668	2.0	1/2	1/2	4/4	7	1	1/2	1/2	1		4	64	E4	4	3474
169	169	670	670	2.0	0	0	4/4	4	1	1/2	1/2	1		0	48	C3	3	3483
169	169	670	670	2.0	0	0	4/4	6	1	1/2	1/2	1		0	48	C3	3	3491
169	169	670	670	2.0	0	0	4/4	8	1	1/2	1/2	1		0	48	C3	3	3495
169	169	670	670	2.0	0	0	4/4	3	1	1/2	1/2	1		0	60	C4	4	3481
169	169	670	670	2.0	0	0	4/4	5	2	1/2	1/2	1		0	60	C4	4	3487
169	169	670	670	2.0	0	0	4/4	2	1	1/2	1/2	1		4	64	E4	4	3479
169	169	670	670	2.0	0	0	4/4	5	3	1/2	1/2	1		4	64	E4	4	3489
169	169	670	670	2.0	0	0	4/4	1	1	1/2	1/2	1		1	67	G4	4	3477
169	169	670	670	2.0	0	0	4/4	5	1	1/2	1/2	1		1	67	G4	4	3485
169	169	670	670	2.0	0	0	4/4	7	1	1/2	1/2	1		1	67	G4	4	3493
169	169	672	672	2.0	1/2	1/2	4/4	4	1	1/2	1/2	1		7	49	C#3	3	3484
169	169	672	672	2.0	1/2	1/2	4/4	6	1	1/2	1/2	1		7	49	C#3	3	3492
169	169	672	672	2.0	1/2	1/2	4/4	8	1	1/2	1/2	1		7	49	C#3	3	3496
169	169	672	672	2.0	1/2	1/2	4/4	3	1	1/2	1/2	1		4	64	E4	4	3482
169	169	672	672	2.0	1/2	1/2	4/4	5	2	1/2	1/2	1		4	64	E4	4	3488
169	169	672	672	2.0	1/2	1/2	4/4	1	1	1/2	1/2	1		3	69	A4	4	3478
169	169	672	672	2.0	1/2	1/2	4/4	2	1	1/2	1/2	1		3	69	A4	4	3480
169	169	672	672	2.0	1/2	1/2	4/4	5	1	1/2	1/2	1		3	69	A4	4	3486
169	169	672	672	2.0	1/2	1/2	4/4	5	3	1/2	1/2	1		3	69	A4	4	3490
169	169	672	672	2.0	1/2	1/2	4/4	7	1	1/2	1/2	1		3	69	A4	4	3494
170	170	674	674	2.0	0	0	4/4	4	1	1/2	1/2	1		2	50	D3	3	3503
170	170	674	674	2.0	0	0	4/4	6	1	1/2	1/2	1		2	50	D3	3	3511
170	170	674	674	2.0	0	0	4/4	8	1	1/2	1/2	1		2	50	D3	3	3515
170	170	674	674	2.0	0	0	4/4	3	1	1/2	1/2	1		-1	65	F4	4	3501
170	170	674	674	2.0	0	0	4/4	5	2	1/2	1/2	1		-1	65	F4	4	3507
170	170	674	674	2.0	0	0	4/4	1	1	1/2	1/2	1		3	69	A4	4	3497
170	170	674	674	2.0	0	0	4/4	2	1	1/2	1/2	1		3	69	A4	4	3499
170	170	674	674	2.0	0	0	4/4	5	1	1/2	1/2	1		3	69	A4	4	3505
170	170	674	674	2.0	0	0	4/4	5	3	1/2	1/2	1		3	69	A4	4	3509
170	170	674	674	2.0	0	0	4/4	7	1	1/2	1/2	1		3	69	A4	4	3513
170	170	676	676	2.0	1/2	1/2	4/4	4	1	1/2	1/2	1		5	47	B2	2	3504
170	170	676	676	2.0	1/2	1/2	4/4	6	1	1/2	1/2	1		5	47	B2	2	3512
170	170	676	676	2.0	1/2	1/2	4/4	8	1	1/2	1/2	1		5	47	B2	2	3516
170	170	676	676	2.0	1/2	1/2	4/4	3	1	1/2	1/2	1		2	62	D4	4	3502
170	170	676	676	2.0	1/2	1/2	4/4	5	2	1/2	1/2	1		2	62	D4	4	3508
170	170	676	676	2.0	1/2	1/2	4/4	2	1	1/2	1/2	1		8	68	G#4	4	3500
170	170	676	676	2.0	1/2	1/2	4/4	5	3	1/2	1/2	1		8	68	G#4	4	3510
170	170	676	676	2.0	1/2	1/2	4/4	1	1	1/2	1/2	1		5	71	B4	4	3498
170	170	676	676	2.0	1/2	1/2	4/4	5	1	1/2	1/2	1		5	71	B4	4	3506
170	170	676	676	2.0	1/2	1/2	4/4	7	1	1/2	1/2	1		5	71	B4	4	3514
171	171	678	678	2.0	0	0	4/4	4	1	1/2	1/2	1		3	45	A2	2	3523
171	171	678	678	2.0	0	0	4/4	6	1	1/2	1/2	1		3	45	A2	2	3531
171	171	678	678	2.0	0	0	4/4	8	1	1/2	1/2	1		3	45	A2	2	3535
171	171	678	678	2.0	0	0	4/4	3	1	1/2	1/2	1		4	64	E4	4	3521
171	171	678	678	2.0	0	0	4/4	5	2	1/2	1/2	1		4	64	E4	4	3527
171	171	678	678	2.0	0	0	4/4	2	1	1/2	1/2	1		3	69	A4	4	3519
171	171	678	678	2.0	0	0	4/4	5	3	1/2	1/2	1		3	69	A4	4	3529
171	171	678	678	2.0	0	0	4/4	1	1	1/2	1/2	1		0	72	C5	5	3517
171	171	678	678	2.0	0	0	4/4	5	1	1/2	1/2	1		0	72	C5	5	3525
171	171	678	678	2.0	0	0	4/4	7	1	1/2	1/2	1		0	72	C5	5	3533
171	171	680	680	2.0	1/2	1/2	4/4	4	1	1/2	1/2	1		2	50	D3	3	3524
171	171	680	680	2.0	1/2	1/2	4/4	6	1	1/2	1/2	1		2	50	D3	3	3532
171	171	680	680	2.0	1/2	1/2	4/4	8	1	1/2	1/2	1		2	50	D3	3	3536
171	171	680	680	2.0	1/2	1/2	4/4	3	1	1/2	1/2	1		2	62	D4	4	3522
171	171	680	680	2.0	1/2	1/2	4/4	5	2	1/2	1/2	1		2	62	D4	4	3528
171	171	680	680	2.0	1/2	1/2	4/4	2	1	1/2	1/2	1		-1	65	F4	4	3520
171	171	680	680	2.0	1/2	1/2	4/4	5	3	1/2	1/2	1		-1	65	F4	4	3530
171	171	680	680	2.0	1/2	1/2	4/4	1	1	1/2	1/2	1		3	69	A4	4	3518
171	171	680	680	2.0	1/2	1/2	4/4	5	1	1/2	1/2	1		3	69	A4	4	3526
171	171	680	680	2.0	1/2	1/2	4/4	7	1	1/2	1/2	1		3	69	A4	4	3534
172	172	682	682	2.0	0	0	4/4	4	1	1/2	1/2	1		3	45	A2	2	3543
172	172	682	682	2.0	0	0	4/4	6	1	1/2	1/2	1		3	45	A2	2	3551
172	172	682	682	2.0	0	0	4/4	8	1	1/2	1/2	1		3	45	A2	2	3555
172	172	682	682	2.0	0	0	4/4	3	1	1/2	1/2	1		7	61	C#4	4	3541
172	172	682	682	2.0	0	0	4/4	5	2	1/2	1/2	1		7	61	C#4	4	3547
172	172	682	682	2.0	0	0	4/4	2	1	1/2	1/2	1		4	64	E4	4	3539
172	172	682	682	2.0	0	0	4/4	5	3	1/2	1/2	1		4	64	E4	4	3549
172	172	682	682	2.0	0	0	4/4	1	1	1/2	1/2	1		3	69	A4	4	3537
172	172	682	682	2.0	0	0	4/4	5	1	1/2	1/2	1		3	69	A4	4	3545
172	172	682	682	2.0	0	0	4/4	7	1	1/2	1/2	1		3	69	A4	4	3553
172	172	684	684	2.0	1/2	1/2	4/4	4	1	1/2	1/2	1		-1	53	F3	3	3544
172	172	684	684	2.0	1/2	1/2	4/4	6	1	1/2	1/2	1		-1	53	F3	3	3552
172	172	684	684	2.0	1/2	1/2	4/4	8	1	1/2	1/2	1		-1	53	F3	3	3556
172	172	684	684	2.0	1/2	1/2	4/4	3	1	1/2	1/2	1		2	62	D4	4	3542
172	172	684	684	2.0	1/2	1/2	4/4	5	2	1/2	1/2	1		2	62	D4	4	3548
172	172	684	684	2.0	1/2	1/2	4/4	2	1	1/2	1/2	1		-1	65	F4	4	3540
172	172	684	684	2.0	1/2	1/2	4/4	5	3	1/2	1/2	1		-1	65	F4	4	3550
172	172	684	684	2.0	1/2	1/2	4/4	1	1	1/2	1/2	1		3	69	A4	4	3538
172	172	684	684	2.0	1/2	1/2	4/4	5	1	1/2	1/2	1		3	69	A4	4	3546
172	172	684	684	2.0	1/2	1/2	4/4	7	1	1/2	1/2	1		3	69	A4	4	3554
173	173	686	686	2.0	0	0	4/4	4	1	1/2	1/2	1		5	47	B2	2	3563
173	173	686	686	2.0	0	0	4/4	6	1	1/2	1/2	1		5	47	B2	2	3571
173	173	686	686	2.0	0	0	4/4	8	1	1/2	1/2	1		5	47	B2	2	3575
173	173	686	686	2.0	0	0	4/4	3	1	1/2	1/2	1		2	62	D4	4	3561
173	173	686	686	2.0	0	0	4/4	5	2	1/2	1/2	1		2	62	D4	4	3567
173	173	686	686	2.0	0	0	4/4	2	1	1/2	1/2	1		-1	65	F4	4	3559
173	173	686	686	2.0	0	0	4/4	5	3	1/2	1/2	1		-1	65	F4	4	3569
173	173	686	686	2.0	0	0	4/4	1	1	1/2	1/2	1		3	69	A4	4	3557
173	173	686	686	2.0	0	0	4/4	5	1	1/2	1/2	1		3	69	A4	4	3565
173	173	686	686	2.0	0	0	4/4	7	1	1/2	1/2	1		3	69	A4	4	3573
173	173	688	688	2.0	1/2	1/2	4/4	4	1	1/2	1/2	1		0	48	C3	3	3564
173	173	688	688	2.0	1/2	1/2	4/4	6	1	1/2	1/2	1		0	48	C3	3	3572
173	173	688	688	2.0	1/2	1/2	4/4	8	1	1/2	1/2	1		0	48	C3	3	3576
173	173	688	688	2.0	1/2	1/2	4/4	2	1	1/2	1/2	1		4	64	E4	4	3560
173	173	688	688	2.0	1/2	1/2	4/4	3	1	1/2	1/2	1		4	64	E4	4	3562
173	173	688	688	2.0	1/2	1/2	4/4	5	2	1/2	1/2	1		4	64	E4	4	3568
173	173	688	688	2.0	1/2	1/2	4/4	5	3	1/2	1/2	1		4	64	E4	4	3570
173	173	688	688	2.0	1/2	1/2	4/4	1	1	1/2	1/2	1		1	67	G4	4	3558
173	173	688	688	2.0	1/2	1/2	4/4	5	1	1/2	1/2	1		1	67	G4	4	3566
173	173	688	688	2.0	1/2	1/2	4/4	7	1	1/2	1/2	1		1	67	G4	4	3574
174	174	690	690	2.0	0	0	4/4	4	1	1/2	1/2	1		-1	53	F3	3	3584
174	174	690	690	2.0	0	0	4/4	6	1	1/2	1/2	1		-1	53	F3	3	3594
174	174	690	690	2.0	0	0	4/4	8	1	1/2	1/2	1		-1	53	F3	3	3599
174	174	690	690	2.0	0	0	4/4	3	1	1/2	1/2	1		0	60	C4	4	3582
174	174	690	690	2.0	0	0	4/4	5	2	1/2	1/2	1		0	60	C4	4	3589
174	174	690	690	2.0	0	0	4/4	2	1	1/2	1/2	1		-1	65	F4	4	3579
174	174	690	690	2.0	0	0	4/4	5	3	1/2	1/2	1		-1	65	F4	4	3591
174	174	690	690	2.0	0	0	4/4	1	1	1/2	1/2	1		3	69	A4	4	3577
174	174	690	690	2.0	0	0	4/4	5	1	1/2	1/2	1		3	69	A4	4	3587
174	174	690	690	2.0	0	0	4/4	7	1	1/2	1/2	1		3	69	A4	4	3597
174	174	692	692	1.0	1/2	1/2	4/4	4	1	1/4	1/4	1		4	52	E3	3	3585
174	174	692	692	1.0	1/2	1/2	4/4	6	1	1/4	1/4	1		4	52	E3	3	3595
174	174	692	692	1.0	1/2	1/2	4/4	8	1	1/4	1/4	1		4	52	E3	3	3600
174	174	692	692	2.0	1/2	1/2	4/4	3	1	1/2	1/2	1		0	60	C4	4	3583
174	174	692	692	2.0	1/2	1/2	4/4	5	2	1/2	1/2	1		0	60	C4	4	3590
174	174	692	692	1.0	1/2	1/2	4/4	2	1	1/4	1/4	1		1	67	G4	4	3580
174	174	692	692	1.0	1/2	1/2	4/4	5	3	1/4	1/4	1		1	67	G4	4	3592
174	174	692	692	2.0	1/2	1/2	4/4	1	1	1/2	1/2	1		0	72	C5	5	3578
174	174	692	692	2.0	1/2	1/2	4/4	5	1	1/2	1/2	1		0	72	C5	5	3588
174	174	692	692	2.0	1/2	1/2	4/4	7	1	1/2	1/2	1		0	72	C5	5	3598
174	174	693	693	1.0	3/4	3/4	4/4	4	1	1/4	1/4	1		0	48	C3	3	3586
174	174	693	693	1.0	3/4	3/4	4/4	6	1	1/4	1/4	1		0	48	C3	3	3596
174	174	693	693	1.0	3/4	3/4	4/4	8	1	1/4	1/4	1		0	48	C3	3	3601
174	174	693	693	1.0	3/4	3/4	4/4	2	1	1/4	1/4	1		4	64	E4	4	3581
174	174	693	693	1.0	3/4	3/4	4/4	5	3	1/4	1/4	1		4	64	E4	4	3593
175	175	694	694	2.0	0	0	4/4	4	1	1/2	1/2	1		5	47	B2	2	3608
175	175	694	694	2.0	0	0	4/4	6	1	1/2	1/2	1		5	47	B2	2	3616
175	175	694	694	2.0	0	0	4/4	8	1	1/2	1/2	1		5	47	B2	2	3620
175	175	694	694	2.0	0	0	4/4	2	1	1/2	1/2	1		2	62	D4	4	3604
175	175	694	694	2.0	0	0	4/4	3	1	1/2	1/2	1		2	62	D4	4	3606
175	175	694	694	2.0	0	0	4/4	5	2	1/2	1/2	1		2	62	D4	4	3612
175	175	694	694	2.0	0	0	4/4	5	3	1/2	1/2	1		2	62	D4	4	3614
175	175	694	694	2.0	0	0	4/4	1	1	1/2	1/2	1		1	67	G4	4	3602
175	175	694	694	2.0	0	0	4/4	5	1	1/2	1/2	1		1	67	G4	4	3610
175	175	694	694	2.0	0	0	4/4	7	1	1/2	1/2	1		1	67	G4	4	3618
175	175	696	696	2.0	1/2	1/2	4/4	4	1	1/2	1/2	1		1	43	G2	2	3609
175	175	696	696	2.0	1/2	1/2	4/4	6	1	1/2	1/2	1		1	43	G2	2	3617
175	175	696	696	2.0	1/2	1/2	4/4	8	1	1/2	1/2	1		1	43	G2	2	3621
175	175	696	696	2.0	1/2	1/2	4/4	3	1	1/2	1/2	1		5	59	B3	3	3607
175	175	696	696	2.0	1/2	1/2	4/4	5	2	1/2	1/2	1		5	59	B3	3	3613
175	175	696	696	2.0	1/2	1/2	4/4	2	1	1/2	1/2	1		2	62	D4	4	3605
175	175	696	696	2.0	1/2	1/2	4/4	5	3	1/2	1/2	1		2	62	D4	4	3615
175	175	696	696	2.0	1/2	1/2	4/4	1	1	1/2	1/2	1		1	67	G4	4	3603
175	175	696	696	2.0	1/2	1/2	4/4	5	1	1/2	1/2	1		1	67	G4	4	3611
175	175	696	696	2.0	1/2	1/2	4/4	7	1	1/2	1/2	1		1	67	G4	4	3619
176	176	698	698	2.0	0	0	4/4	4	1	1/2	1/2	1		0	48	C3	3	3628
176	176	698	698	2.0	0	0	4/4	6	1	1/2	1/2	1		0	48	C3	3	3636
176	176	698	698	2.0	0	0	4/4	8	1	1/2	1/2	1		0	48	C3	3	3640
176	176	698	698	2.0	0	0	4/4	3	1	1/2	1/2	1		1	55	G3	3	3626
176	176	698	698	2.0	0	0	4/4	5	2	1/2	1/2	1		1	55	G3	3	3632
176	176	698	698	2.0	0	0	4/4	2	1	1/2	1/2	1		0	60	C4	4	3624
176	176	698	698	2.0	0	0	4/4	5	3	1/2	1/2	1		0	60	C4	4	3634
176	176	698	698	2.0	0	0	4/4	1	1	1/2	1/2	1		4	64	E4	4	3622
176	176	698	698	2.0	0	0	4/4	5	1	1/2	1/2	1		4	64	E4	4	3630
176	176	698	698	2.0	0	0	4/4	7	1	1/2	1/2	1		4	64	E4	4	3638
176	176	700	700	2.0	1/2	1/2	4/4	4	1	1/2	1/2	1		3	57	A3	3	3629
176	176	700	700	2.0	1/2	1/2	4/4	6	1	1/2	1/2	1		3	57	A3	3	3637
176	176	700	700	2.0	1/2	1/2	4/4	8	1	1/2	1/2	1		3	57	A3	3	3641
176	176	700	700	2.0	1/2	1/2	4/4	3	1	1/2	1/2	1	1	0	60	C4	4	3627
176	176	700	700	2.0	1/2	1/2	4/4	5	2	1/2	1/2	1	1	0	60	C4	4	3633
176	176	700	700	2.0	1/2	1/2	4/4	2	1	1/2	1/2	1		4	64	E4	4	3625
176	176	700	700	2.0	1/2	1/2	4/4	5	3	1/2	1/2	1		4	64	E4	4	3635
176	176	700	700	2.0	1/2	1/2	4/4	1	1	1/2	1/2	1		3	69	A4	4	3623
176	176	700	700	2.0	1/2	1/2	4/4	5	1	1/2	1/2	1		3	69	A4	4	3631
176	176	700	700	2.0	1/2	1/2	4/4	7	1	1/2	1/2	1		3	69	A4	4	3639
177	177	702	702	2.0	0	0	4/4	4	1	1/2	1/2	1		6	54	F#3	3	3648
177	177	702	702	2.0	0	0	4/4	6	1	1/2	1/2	1		6	54	F#3	3	3656
177	177	702	702	2.0	0	0	4/4	8	1	1/2	1/2	1		6	54	F#3	3	3660
177	177	702	702	2.0	0	0	4/4	3	1	1/2	1/2	1	-1	0	60	C4	4	3646
177	177	702	702	2.0	0	0	4/4	5	2	1/2	1/2	1	-1	0	60	C4	4	3652
177	177	702	702	2.0	0	0	4/4	2	1	1/2	1/2	1		2	62	D4	4	3644
177	177	702	702	2.0	0	0	4/4	5	3	1/2	1/2	1		2	62	D4	4	3654
177	177	702	702	2.0	0	0	4/4	1	1	1/2	1/2	1		3	69	A4	4	3642
177	177	702	702	2.0	0	0	4/4	5	1	1/2	1/2	1		3	69	A4	4	3650
177	177	702	702	2.0	0	0	4/4	7	1	1/2	1/2	1		3	69	A4	4	3658
177	177	704	704	2.0	1/2	1/2	4/4	4	1	1/2	1/2	1		2	50	D3	3	3649
177	177	704	704	2.0	1/2	1/2	4/4	6	1	1/2	1/2	1		2	50	D3	3	3657
177	177	704	704	2.0	1/2	1/2	4/4	8	1	1/2	1/2	1		2	50	D3	3	3661
177	177	704	704	2.0	1/2	1/2	4/4	3	1	1/2	1/2	1		0	60	C4	4	3647
177	177	704	704	2.0	1/2	1/2	4/4	5	2	1/2	1/2	1		0	60	C4	4	3653
177	177	704	704	2.0	1/2	1/2	4/4	2	1	1/2	1/2	1		6	66	F#4	4	3645
177	177	704	704	2.0	1/2	1/2	4/4	5	3	1/2	1/2	1		6	66	F#4	4	3655
177	177	704	704	2.0	1/2	1/2	4/4	1	1	1/2	1/2	1		3	69	A4	4	3643
177	177	704	704	2.0	1/2	1/2	4/4	5	1	1/2	1/2	1		3	69	A4	4	3651
177	177	704	704	2.0	1/2	1/2	4/4	7	1	1/2	1/2	1		3	69	A4	4	3659
178	178	706	706	2.0	0	0	4/4	4	1	1/2	1/2	1		1	55	G3	3	3668
178	178	706	706	2.0	0	0	4/4	6	1	1/2	1/2	1		1	55	G3	3	3676
178	178	706	706	2.0	0	0	4/4	8	1	1/2	1/2	1		1	55	G3	3	3680
178	178	706	706	2.0	0	0	4/4	3	1	1/2	1/2	1		5	59	B3	3	3666
178	178	706	706	2.0	0	0	4/4	5	2	1/2	1/2	1		5	59	B3	3	3672
178	178	706	706	2.0	0	0	4/4	5	3	1/2	1/2	1		2	62	D4	4	3674
178	178	706	706	2.0	0	0	4/4	1	1	1/2	1/2	1		1	67	G4	4	3662
178	178	706	706	2.0	0	0	4/4	2	1	1/2	1/2	1		1	67	G4	4	3664
178	178	706	706	2.0	0	0	4/4	5	1	1/2	1/2	1		1	67	G4	4	3670
178	178	706	706	2.0	0	0	4/4	7	1	1/2	1/2	1		1	67	G4	4	3678
178	178	708	708	2.0	1/2	1/2	4/4	4	1	1/2	1/2	1		4	52	E3	3	3669
178	178	708	708	2.0	1/2	1/2	4/4	6	1	1/2	1/2	1		4	52	E3	3	3677
178	178	708	708	2.0	1/2	1/2	4/4	8	1	1/2	1/2	1		4	52	E3	3	3681
178	178	708	708	2.0	1/2	1/2	4/4	3	1	1/2	1/2	1		4	64	E4	4	3667
178	178	708	708	2.0	1/2	1/2	4/4	5	2	1/2	1/2	1		4	64	E4	4	3673
178	178	708	708	2.0	1/2	1/2	4/4	2	1	1/2	1/2	1		1	67	G4	4	3665
178	178	708	708	2.0	1/2	1/2	4/4	5	3	1/2	1/2	1		1	67	G4	4	3675
178	178	708	708	2.0	1/2	1/2	4/4	1	1	1/2	1/2	1		5	71	B4	4	3663
178	178	708	708	2.0	1/2	1/2	4/4	5	1	1/2	1/2	1		5	71	B4	4	3671
178	178	708	708	2.0	1/2	1/2	4/4	7	1	1/2	1/2	1		5	71	B4	4	3679
179	179	710	710	2.0	0	0	4/4	4	1	1/2	1/2	1		0	48	C3	3	3689
179	179	710	710	2.0	0	0	4/4	6	1	1/2	1/2	1		0	48	C3	3	3698
179	179	710	710	2.0	0	0	4/4	8	1	1/2	1/2	1		0	48	C3	3	3702
179	179	710	710	2.0	0	0	4/4	3	1	1/2	1/2	1		4	64	E4	4	3687
179	179	710	710	2.0	0	0	4/4	5	2	1/2	1/2	1		4	64	E4	4	3693
179	179	710	710	2.0	0	0	4/4	2	1	1/2	1/2	1		1	67	G4	4	3684
179	179	710	710	2.0	0	0	4/4	5	3	1/2	1/2	1		1	67	G4	4	3695
179	179	710	710	2.0	0	0	4/4	1	1	1/2	1/2	1		0	72	C5	5	3682
179	179	710	710	2.0	0	0	4/4	5	1	1/2	1/2	1		0	72	C5	5	3691
179	179	710	710	2.0	0	0	4/4	7	1	1/2	1/2	1		0	72	C5	5	3700
179	179	712	712	2.0	1/2	1/2	4/4	4	1	1/2	1/2	1		7	49	C#3	3	3690
179	179	712	712	2.0	1/2	1/2	4/4	6	1	1/2	1/2	1		7	49	C#3	3	3699
179	179	712	712	2.0	1/2	1/2	4/4	8	1	1/2	1/2	1		7	49	C#3	3	3703
179	179	712	712	2.0	1/2	1/2	4/4	3	1	1/2	1/2	1		4	64	E4	4	3688
179	179	712	712	2.0	1/2	1/2	4/4	5	2	1/2	1/2	1		4	64	E4	4	3694
179	179	712	712	1.0	1/2	1/2	4/4	2	1	1/4	1/4	1		3	69	A4	4	3685
179	179	712	712	1.0	1/2	1/2	4/4	5	3	1/4	1/4	1		3	69	A4	4	3696
179	179	712	712	2.0	1/2	1/2	4/4	1	1	1/2	1/2	1		3	69	A4	4	3683
179	179	712	712	2.0	1/2	1/2	4/4	5	1	1/2	1/2	1		3	69	A4	4	3692
179	179	712	712	2.0	1/2	1/2	4/4	7	1	1/2	1/2	1		3	69	A4	4	3701
179	179	713	713	1.0	3/4	3/4	4/4	2	1	1/4	1/4	1	1	1	67	G4	4	3686
179	179	713	713	1.0	3/4	3/4	4/4	5	3	1/4	1/4	1	1	1	67	G4	4	3697
180	180	714	714	2.0	0	0	4/4	4	1	1/2	1/2	1		2	50	D3	3	3711
180	180	714	714	2.0	0	0	4/4	6	1	1/2	1/2	1		2	50	D3	3	3720
180	180	714	714	2.0	0	0	4/4	8	1	1/2	1/2	1		2	50	D3	3	3724
180	180	714	714	2.0	0	0	4/4	3	1	1/2	1/2	1		2	62	D4	4	3709
180	180	714	714	2.0	0	0	4/4	5	2	1/2	1/2	1		2	62	D4	4	3715
180	180	714	714	1.0	0	0	4/4	2	1	1/4	1/4	1	-1	1	67	G4	4	3706
180	180	714	714	1.0	0	0	4/4	5	3	1/4	1/4	1	-1	1	67	G4	4	3717
180	180	714	714	2.0	0	0	4/4	1	1	1/2	1/2	1		3	69	A4	4	3704
180	180	714	714	2.0	0	0	4/4	5	1	1/2	1/2	1		3	69	A4	4	3713
180	180	714	714	2.0	0	0	4/4	7	1	1/2	1/2	1		3	69	A4	4	3722
180	180	715	715	1.0	1/4	1/4	4/4	2	1	1/4	1/4	1		-1	65	F4	4	3707
180	180	715	715	1.0	1/4	1/4	4/4	5	3	1/4	1/4	1		-1	65	F4	4	3718
180	180	716	716	2.0	1/2	1/2	4/4	4	1	1/2	1/2	1		0	48	C3	3	3712
180	180	716	716	2.0	1/2	1/2	4/4	6	1	1/2	1/2	1		0	48	C3	3	3721
180	180	716	716	2.0	1/2	1/2	4/4	8	1	1/2	1/2	1		0	48	C3	3	3725
180	180	716	716	2.0	1/2	1/2	4/4	2	1	1/2	1/2	1		4	64	E4	4	3708
180	180	716	716	2.0	1/2	1/2	4/4	3	1	1/2	1/2	1		4	64	E4	4	3710
180	180	716	716	2.0	1/2	1/2	4/4	5	2	1/2	1/2	1		4	64	E4	4	3716
180	180	716	716	2.0	1/2	1/2	4/4	5	3	1/2	1/2	1		4	64	E4	4	3719
180	180	716	716	2.0	1/2	1/2	4/4	1	1	1/2	1/2	1		3	69	A4	4	3705
180	180	716	716	2.0	1/2	1/2	4/4	5	1	1/2	1/2	1		3	69	A4	4	3714
180	180	716	716	2.0	1/2	1/2	4/4	7	1	1/2	1/2	1		3	69	A4	4	3723
181	181	718	718	2.0	0	0	4/4	4	1	1/2	1/2	1		2	50	D3	3	3733
181	181	718	718	2.0	0	0	4/4	6	1	1/2	1/2	1		2	50	D3	3	3742
181	181	718	718	2.0	0	0	4/4	8	1	1/2	1/2	1		2	50	D3	3	3746
181	181	718	718	2.0	0	0	4/4	3	1	1/2	1/2	1		5	59	B3	3	3730
181	181	718	718	2.0	0	0	4/4	5	2	1/2	1/2	1		5	59	B3	3	3737
181	181	718	718	2.0	0	0	4/4	2	1	1/2	1/2	1		-1	65	F4	4	3728
181	181	718	718	2.0	0	0	4/4	5	3	1/2	1/2	1		-1	65	F4	4	3740
181	181	718	718	2.0	0	0	4/4	1	1	1/2	1/2	1		3	69	A4	4	3726
181	181	718	718	2.0	0	0	4/4	5	1	1/2	1/2	1		3	69	A4	4	3735
181	181	718	718	2.0	0	0	4/4	7	1	1/2	1/2	1		3	69	A4	4	3744
181	181	720	720	2.0	1/2	1/2	4/4	4	1	1/2	1/2	1		4	52	E3	3	3734
181	181	720	720	2.0	1/2	1/2	4/4	6	1	1/2	1/2	1		4	52	E3	3	3743
181	181	720	720	2.0	1/2	1/2	4/4	8	1	1/2	1/2	1		4	52	E3	3	3747
181	181	720	720	1.0	1/2	1/2	4/4	3	1	1/4	1/4	1		0	60	C4	4	3731
181	181	720	720	1.0	1/2	1/2	4/4	5	2	1/4	1/4	1		0	60	C4	4	3738
181	181	720	720	2.0	1/2	1/2	4/4	2	1	1/2	1/2	1		4	64	E4	4	3729
181	181	720	720	2.0	1/2	1/2	4/4	5	3	1/2	1/2	1		4	64	E4	4	3741
181	181	720	720	2.0	1/2	1/2	4/4	1	1	1/2	1/2	1		1	67	G4	4	3727
181	181	720	720	2.0	1/2	1/2	4/4	5	1	1/2	1/2	1		1	67	G4	4	3736
181	181	720	720	2.0	1/2	1/2	4/4	7	1	1/2	1/2	1		1	67	G4	4	3745
181	181	721	721	1.0	3/4	3/4	4/4	3	1	1/4	1/4	1		-2	58	Bb3	3	3732
181	181	721	721	1.0	3/4	3/4	4/4	5	2	1/4	1/4	1		-2	58	Bb3	3	3739
182	182	722	722	2.0	0	0	4/4	4	1	1/2	1/2	1		-1	53	F3	3	3756
182	182	722	722	2.0	0	0	4/4	6	1	1/2	1/2	1		-1	53	F3	3	3767
182	182	722	722	2.0	0	0	4/4	8	1	1/2	1/2	1		-1	53	F3	3	3772
182	182	722	722	2.0	0	0	4/4	3	1	1/2	1/2	1		3	57	A3	3	3754
182	182	722	722	2.0	0	0	4/4	5	2	1/2	1/2	1		3	57	A3	3	3761
182	182	722	722	1.0	0	0	4/4	2	1	1/4	1/4	1		0	60	C4	4	3750
182	182	722	722	1.0	0	0	4/4	5	3	1/4	1/4	1		0	60	C4	4	3763
182	182	722	722	2.0	0	0	4/4	1	1	1/2	1/2	1		3	69	A4	4	3748
182	182	722	722	2.0	0	0	4/4	5	1	1/2	1/2	1		3	69	A4	4	3759
182	182	722	722	2.0	0	0	4/4	7	1	1/2	1/2	1		3	69	A4	4	3770
182	182	723	723	1.0	1/4	1/4	4/4	2	1	1/4	1/4	1		2	62	D4	4	3751
182	182	723	723	1.0	1/4	1/4	4/4	5	3	1/4	1/4	1		2	62	D4	4	3764
182	182	724	724	1.0	1/2	1/2	4/4	4	1	1/4	1/4	1		4	52	E3	3	3757
182	182	724	724	1.0	1/2	1/2	4/4	6	1	1/4	1/4	1		4	52	E3	3	3768
182	182	724	724	1.0	1/2	1/2	4/4	8	1	1/4	1/4	1		4	52	E3	3	3773
182	182	724	724	2.0	1/2	1/2	4/4	3	1	1/2	1/2	1		1	55	G3	3	3755
182	182	724	724	2.0	1/2	1/2	4/4	5	2	1/2	1/2	1		1	55	G3	3	3762
182	182	724	724	1.0	1/2	1/2	4/4	2	1	1/4	1/4	1		1	67	G4	4	3752
182	182	724	724	1.0	1/2	1/2	4/4	5	3	1/4	1/4	1		1	67	G4	4	3765
182	182	724	724	2.0	1/2	1/2	4/4	1	1	1/2	1/2	1		0	72	C5	5	3749
182	182	724	724	2.0	1/2	1/2	4/4	5	1	1/2	1/2	1		0	72	C5	5	3760
182	182	724	724	2.0	1/2	1/2	4/4	7	1	1/2	1/2	1		0	72	C5	5	3771
182	182	725	725	1.0	3/4	3/4	4/4	4	1	1/4	1/4	1		0	48	C3	3	3758
182	182	725	725	1.0	3/4	3/4	4/4	6	1	1/4	1/4	1		0	48	C3	3	3769
182	182	725	725	1.0	3/4	3/4	4/4	8	1	1/4	1/4	1		0	48	C3	3	3774
182	182	725	725	1.0	3/4	3/4	4/4	2	1	1/4	1/4	1		4	64	E4	4	3753
182	182	725	725	1.0	3/4	3/4	4/4	5	3	1/4	1/4	1		4	64	E4	4	3766
183	183	726	726	1.0	0	0	4/4	4	1	1/4	1/4	1		5	47	B2	2	3784
183	183	726	726	1.0	0	0	4/4	6	1	1/4	1/4	1		5	47	B2	2	3797
183	183	726	726	1.0	0	0	4/4	8	1	1/4	1/4	1		5	47	B2	2	3803
183	183	726	726	1.0	0	0	4/4	3	1	1/4	1/4	1		1	55	G3	3	3780
183	183	726	726	1.0	0	0	4/4	5	2	1/4	1/4	1		1	55	G3	3	3790
183	183	726	726	2.0	0	0	4/4	2	1	1/2	1/2	1		2	62	D4	4	3777
183	183	726	726	2.0	0	0	4/4	5	3	1/2	1/2	1		2	62	D4	4	3794
183	183	726	726	2.0	0	0	4/4	1	1	1/2	1/2	1		1	67	G4	4	3775
183	183	726	726	2.0	0	0	4/4	5	1	1/2	1/2	1		1	67	G4	4	3788
183	183	726	726	2.0	0	0	4/4	7	1	1/2	1/2	1		1	67	G4	4	3801
183	183	727	727	1.0	1/4	1/4	4/4	4	1	1/4	1/4	1		1	43	G2	2	3785
183	183	727	727	1.0	1/4	1/4	4/4	6	1	1/4	1/4	1		1	43	G2	2	3798
183	183	727	727	1.0	1/4	1/4	4/4	8	1	1/4	1/4	1		1	43	G2	2	3804
183	183	727	727	1.0	1/4	1/4	4/4	3	1	1/4	1/4	1		5	59	B3	3	3781
183	183	727	727	1.0	1/4	1/4	4/4	5	2	1/4	1/4	1		5	59	B3	3	3791
183	183	728	728	1.0	1/2	1/2	4/4	4	1	1/4	1/4	1		3	45	A2	2	3786
183	183	728	728	1.0	1/2	1/2	4/4	6	1	1/4	1/4	1		3	45	A2	2	3799
183	183	728	728	1.0	1/2	1/2	4/4	8	1	1/4	1/4	1		3	45	A2	2	3805
183	183	728	728	1.0	1/2	1/2	4/4	3	1	1/4	1/4	1		3	57	A3	3	3782
183	183	728	728	1.0	1/2	1/2	4/4	5	2	1/4	1/4	1		3	57	A3	3	3792
183	183	728	728	1.0	1/2	1/2	4/4	2	1	1/4	1/4	1		0	60	C4	4	3778
183	183	728	728	1.0	1/2	1/2	4/4	5	3	1/4	1/4	1		0	60	C4	4	3795
183	183	728	728	2.0	1/2	1/2	4/4	1	1	1/2	1/2	1		1	67	G4	4	3776
183	183	728	728	2.0	1/2	1/2	4/4	5	1	1/2	1/2	1		1	67	G4	4	3789
183	183	728	728	2.0	1/2	1/2	4/4	7	1	1/2	1/2	1		1	67	G4	4	3802
183	183	729	729	1.0	3/4	3/4	4/4	4	1	1/4	1/4	1		5	47	B2	2	3787
183	183	729	729	1.0	3/4	3/4	4/4	6	1	1/4	1/4	1		5	47	B2	2	3800
183	183	729	729	1.0	3/4	3/4	4/4	8	1	1/4	1/4	1		5	47	B2	2	3806
183	183	729	729	1.0	3/4	3/4	4/4	3	1	1/4	1/4	1		1	55	G3	3	3783
183	183	729	729	1.0	3/4	3/4	4/4	5	2	1/4	1/4	1		1	55	G3	3	3793
183	183	729	729	1.0	3/4	3/4	4/4	2	1	1/4	1/4	1		2	62	D4	4	3779
183	183	729	729	1.0	3/4	3/4	4/4	5	3	1/4	1/4	1		2	62	D4	4	3796
184	184	730	730	2.0	0	0	4/4	4	1	1/2	1/2	1		0	48	C3	3	3813
184	184	730	730	2.0	0	0	4/4	6	1	1/2	1/2	1		0	48	C3	3	3821
184	184	730	730	2.0	0	0	4/4	8	1	1/2	1/2	1		0	48	C3	3	3825
184	184	730	730	2.0	0	0	4/4	3	1	1/2	1/2	1		1	55	G3	3	3811
184	184	730	730	2.0	0	0	4/4	5	2	1/2	1/2	1		1	55	G3	3	3817
184	184	730	730	2.0	0	0	4/4	2	1	1/2	1/2	1		0	60	C4	4	3809
184	184	730	730	2.0	0	0	4/4	5	3	1/2	1/2	1		0	60	C4	4	3819
184	184	730	730	2.0	0	0	4/4	1	1	1/2	1/2	1		4	64	E4	4	3807
184	184	730	730	2.0	0	0	4/4	5	1	1/2	1/2	1		4	64	E4	4	3815
184	184	730	730	2.0	0	0	4/4	7	1	1/2	1/2	1		4	64	E4	4	3823
184	184	732	732	2.0	1/2	1/2	4/4	4	1	1/2	1/2	1		3	57	A3	3	3814
184	184	732	732	2.0	1/2	1/2	4/4	6	1	1/2	1/2	1		3	57	A3	3	3822
184	184	732	732	2.0	1/2	1/2	4/4	8	1	1/2	1/2	1		3	57	A3	3	3826
184	184	732	732	2.0	1/2	1/2	4/4	3	1	1/2	1/2	1	1	0	60	C4	4	3812
184	184	732	732	2.0	1/2	1/2	4/4	5	2	1/2	1/2	1	1	0	60	C4	4	3818
184	184	732	732	2.0	1/2	1/2	4/4	2	1	1/2	1/2	1		4	64	E4	4	3810
184	184	732	732	2.0	1/2	1/2	4/4	5	3	1/2	1/2	1		4	64	E4	4	3820
184	184	732	732	2.0	1/2	1/2	4/4	1	1	1/2	1/2	1		3	69	A4	4	3808
184	184	732	732	2.0	1/2	1/2	4/4	5	1	1/2	1/2	1		3	69	A4	4	3816
184	184	732	732	2.0	1/2	1/2	4/4	7	1	1/2	1/2	1		3	69	A4	4	3824
185	185	734	734	2.0	0	0	4/4	4	1	1/2	1/2	1		6	54	F#3	3	3833
185	185	734	734	2.0	0	0	4/4	6	1	1/2	1/2	1		6	54	F#3	3	3841
185	185	734	734	2.0	0	0	4/4	8	1	1/2	1/2	1		6	54	F#3	3	3845
185	185	734	734	2.0	0	0	4/4	3	1	1/2	1/2	1	-1	0	60	C4	4	3831
185	185	734	734	2.0	0	0	4/4	5	2	1/2	1/2	1	-1	0	60	C4	4	3837
185	185	734	734	2.0	0	0	4/4	2	1	1/2	1/2	1		2	62	D4	4	3829
185	185	734	734	2.0	0	0	4/4	5	3	1/2	1/2	1		2	62	D4	4	3839
185	185	734	734	2.0	0	0	4/4	1	1	1/2	1/2	1		3	69	A4	4	3827
185	185	734	734	2.0	0	0	4/4	5	1	1/2	1/2	1		3	69	A4	4	3835
185	185	734	734	2.0	0	0	4/4	7	1	1/2	1/2	1		3	69	A4	4	3843
185	185	736	736	2.0	1/2	1/2	4/4	4	1	1/2	1/2	1		2	50	D3	3	3834
185	185	736	736	2.0	1/2	1/2	4/4	6	1	1/2	1/2	1		2	50	D3	3	3842
185	185	736	736	2.0	1/2	1/2	4/4	8	1	1/2	1/2	1		2	50	D3	3	3846
185	185	736	736	2.0	1/2	1/2	4/4	3	1	1/2	1/2	1		0	60	C4	4	3832
185	185	736	736	2.0	1/2	1/2	4/4	5	2	1/2	1/2	1		0	60	C4	4	3838
185	185	736	736	2.0	1/2	1/2	4/4	2	1	1/2	1/2	1		6	66	F#4	4	3830
185	185	736	736	2.0	1/2	1/2	4/4	5	3	1/2	1/2	1		6	66	F#4	4	3840
185	185	736	736	2.0	1/2	1/2	4/4	1	1	1/2	1/2	1		3	69	A4	4	3828
185	185	736	736	2.0	1/2	1/2	4/4	5	1	1/2	1/2	1		3	69	A4	4	3836
185	185	736	736	2.0	1/2	1/2	4/4	7	1	1/2	1/2	1		3	69	A4	4	3844
186	186	738	738	2.0	0	0	4/4	4	1	1/2	1/2	1		1	55	G3	3	3853
186	186	738	738	2.0	0	0	4/4	6	1	1/2	1/2	1		1	55	G3	3	3861
186	186	738	738	2.0	0	0	4/4	8	1	1/2	1/2	1		1	55	G3	3	3865
186	186	738	738	2.0	0	0	4/4	3	1	1/2	1/2	1		5	59	B3	3	3851
186	186	738	738	2.0	0	0	4/4	5	2	1/2	1/2	1		5	59	B3	3	3857
186	186	738	738	2.0	0	0	4/4	5	3	1/2	1/2	1		2	62	D4	4	3859
186	186	738	738	2.0	0	0	4/4	1	1	1/2	1/2	1		1	67	G4	4	3847
186	186	738	738	2.0	0	0	4/4	2	1	1/2	1/2	1		1	67	G4	4	3849
186	186	738	738	2.0	0	0	4/4	5	1	1/2	1/2	1		1	67	G4	4	3855
186	186	738	738	2.0	0	0	4/4	7	1	1/2	1/2	1		1	67	G4	4	3863
186	186	740	740	2.0	1/2	1/2	4/4	4	1	1/2	1/2	1		4	52	E3	3	3854
186	186	740	740	2.0	1/2	1/2	4/4	6	1	1/2	1/2	1		4	52	E3	3	3862
186	186	740	740	2.0	1/2	1/2	4/4	8	1	1/2	1/2	1		4	52	E3	3	3866
186	186	740	740	2.0	1/2	1/2	4/4	3	1	1/2	1/2	1		4	64	E4	4	3852
186	186	740	740	2.0	1/2	1/2	4/4	5	2	1/2	1/2	1		4	64	E4	4	3858
186	186	740	740	2.0	1/2	1/2	4/4	2	1	1/2	1/2	1		1	67	G4	4	3850
186	186	740	740	2.0	1/2	1/2	4/4	5	3	1/2	1/2	1		1	67	G4	4	3860
186	186	740	740	2.0	1/2	1/2	4/4	1	1	1/2	1/2	1		5	71	B4	4	3848
186	186	740	740	2.0	1/2	1/2	4/4	5	1	1/2	1/2	1		5	71	B4	4	3856
186	186	740	740	2.0	1/2	1/2	4/4	7	1	1/2	1/2	1		5	71	B4	4	3864
187	187	742	742	2.0	0	0	4/4	4	1	1/2	1/2	1		0	48	C3	3	3874
187	187	742	742	2.0	0	0	4/4	6	1	1/2	1/2	1		0	48	C3	3	3883
187	187	742	742	2.0	0	0	4/4	8	1	1/2	1/2	1		0	48	C3	3	3887
187	187	742	742	2.0	0	0	4/4	3	1	1/2	1/2	1		4	64	E4	4	3872
187	187	742	742	2.0	0	0	4/4	5	2	1/2	1/2	1		4	64	E4	4	3878
187	187	742	742	2.0	0	0	4/4	2	1	1/2	1/2	1		1	67	G4	4	3869
187	187	742	742	2.0	0	0	4/4	5	3	1/2	1/2	1		1	67	G4	4	3880
187	187	742	742	2.0	0	0	4/4	1	1	1/2	1/2	1		0	72	C5	5	3867
187	187	742	742	2.0	0	0	4/4	5	1	1/2	1/2	1		0	72	C5	5	3876
187	187	742	742	2.0	0	0	4/4	7	1	1/2	1/2	1		0	72	C5	5	3885
187	187	744	744	2.0	1/2	1/2	4/4	4	1	1/2	1/2	1		7	49	C#3	3	3875
187	187	744	744	2.0	1/2	1/2	4/4	6	1	1/2	1/2	1		7	49	C#3	3	3884
187	187	744	744	2.0	1/2	1/2	4/4	8	1	1/2	1/2	1		7	49	C#3	3	3888
187	187	744	744	2.0	1/2	1/2	4/4	3	1	1/2	1/2	1		4	64	E4	4	3873
187	187	744	744	2.0	1/2	1/2	4/4	5	2	1/2	1/2	1		4	64	E4	4	3879
187	187	744	744	1.0	1/2	1/2	4/4	2	1	1/4	1/4	1		3	69	A4	4	3870
187	187	744	744	1.0	1/2	1/2	4/4	5	3	1/4	1/4	1		3	69	A4	4	3881
187	187	744	744	2.0	1/2	1/2	4/4	1	1	1/2	1/2	1		3	69	A4	4	3868
187	187	744	744	2.0	1/2	1/2	4/4	5	1	1/2	1/2	1		3	69	A4	4	3877
187	187	744	744	2.0	1/2	1/2	4/4	7	1	1/2	1/2	1		3	69	A4	4	3886
187	187	745	745	1.0	3/4	3/4	4/4	2	1	1/4	1/4	1	1	1	67	G4	4	3871
187	187	745	745	1.0	3/4	3/4	4/4	5	3	1/4	1/4	1	1	1	67	G4	4	3882
188	188	746	746	2.0	0	0	4/4	4	1	1/2	1/2	1		2	50	D3	3	3896
188	188	746	746	2.0	0	0	4/4	6	1	1/2	1/2	1		2	50	D3	3	3905
188	188	746	746	2.0	0	0	4/4	8	1	1/2	1/2	1		2	50	D3	3	3909
188	188	746	746	2.0	0	0	4/4	3	1	1/2	1/2	1		2	62	D4	4	3894
188	188	746	746	2.0	0	0	4/4	5	2	1/2	1/2	1		2	62	D4	4	3900
188	188	746	746	1.0	0	0	4/4	2	1	1/4	1/4	1	-1	1	67	G4	4	3891
188	188	746	746	1.0	0	0	4/4	5	3	1/4	1/4	1	-1	1	67	G4	4	3902
188	188	746	746	2.0	0	0	4/4	1	1	1/2	1/2	1		3	69	A4	4	3889
188	188	746	746	2.0	0	0	4/4	5	1	1/2	1/2	1		3	69	A4	4	3898
188	188	746	746	2.0	0	0	4/4	7	1	1/2	1/2	1		3	69	A4	4	3907
188	188	747	747	1.0	1/4	1/4	4/4	2	1	1/4	1/4	1		-1	65	F4	4	3892
188	188	747	747	1.0	1/4	1/4	4/4	5	3	1/4	1/4	1		-1	65	F4	4	3903
188	188	748	748	2.0	1/2	1/2	4/4	4	1	1/2	1/2	1		0	48	C3	3	3897
188	188	748	748	2.0	1/2	1/2	4/4	6	1	1/2	1/2	1		0	48	C3	3	3906
188	188	748	748	2.0	1/2	1/2	4/4	8	1	1/2	1/2	1		0	48	C3	3	3910
188	188	748	748	2.0	1/2	1/2	4/4	2	1	1/2	1/2	1		4	64	E4	4	3893
188	188	748	748	2.0	1/2	1/2	4/4	3	1	1/2	1/2	1		4	64	E4	4	3895
188	188	748	748	2.0	1/2	1/2	4/4	5	2	1/2	1/2	1		4	64	E4	4	3901
188	188	748	748	2.0	1/2	1/2	4/4	5	3	1/2	1/2	1		4	64	E4	4	3904
188	188	748	748	2.0	1/2	1/2	4/4	1	1	1/2	1/2	1		3	69	A4	4	3890
188	188	748	748	2.0	1/2	1/2	4/4	5	1	1/2	1/2	1		3	69	A4	4	3899
188	188	748	748	2.0	1/2	1/2	4/4	7	1	1/2	1/2	1		3	69	A4	4	3908
189	189	750	750	2.0	0	0	4/4	4	1	1/2	1/2	1		2	50	D3	3	3918
189	189	750	750	2.0	0	0	4/4	6	1	1/2	1/2	1		2	50	D3	3	3927
189	189	750	750	2.0	0	0	4/4	8	1	1/2	1/2	1		2	50	D3	3	3931
189	189	750	750	2.0	0	0	4/4	3	1	1/2	1/2	1		5	59	B3	3	3915
189	189	750	750	2.0	0	0	4/4	5	2	1/2	1/2	1		5	59	B3	3	3922
189	189	750	750	2.0	0	0	4/4	2	1	1/2	1/2	1		-1	65	F4	4	3913
189	189	750	750	2.0	0	0	4/4	5	3	1/2	1/2	1		-1	65	F4	4	3925
189	189	750	750	2.0	0	0	4/4	1	1	1/2	1/2	1		3	69	A4	4	3911
189	189	750	750	2.0	0	0	4/4	5	1	1/2	1/2	1		3	69	A4	4	3920
189	189	750	750	2.0	0	0	4/4	7	1	1/2	1/2	1		3	69	A4	4	3929
189	189	752	752	2.0	1/2	1/2	4/4	4	1	1/2	1/2	1		4	52	E3	3	3919
189	189	752	752	2.0	1/2	1/2	4/4	6	1	1/2	1/2	1		4	52	E3	3	3928
189	189	752	752	2.0	1/2	1/2	4/4	8	1	1/2	1/2	1		4	52	E3	3	3932
189	189	752	752	1.0	1/2	1/2	4/4	3	1	1/4	1/4	1		0	60	C4	4	3916
189	189	752	752	1.0	1/2	1/2	4/4	5	2	1/4	1/4	1		0	60	C4	4	3923
189	189	752	752	2.0	1/2	1/2	4/4	2	1	1/2	1/2	1		4	64	E4	4	3914
189	189	752	752	2.0	1/2	1/2	4/4	5	3	1/2	1/2	1		4	64	E4	4	3926
189	189	752	752	2.0	1/2	1/2	4/4	1	1	1/2	1/2	1		1	67	G4	4	3912
189	189	752	752	2.0	1/2	1/2	4/4	5	1	1/2	1/2	1		1	67	G4	4	3921
189	189	752	752	2.0	1/2	1/2	4/4	7	1	1/2	1/2	1		1	67	G4	4	3930
189	189	753	753	1.0	3/4	3/4	4/4	3	1	1/4	1/4	1		-2	58	Bb3	3	3917
189	189	753	753	1.0	3/4	3/4	4/4	5	2	1/4	1/4	1		-2	58	Bb3	3	3924
190	190	754	754	2.0	0	0	4/4	4	1	1/2	1/2	1		-1	53	F3	3	3941
190	190	754	754	2.0	0	0	4/4	6	1	1/2	1/2	1		-1	53	F3	3	3952
190	190	754	754	2.0	0	0	4/4	8	1	1/2	1/2	1		-1	53	F3	3	3957
190	190	754	754	2.0	0	0	4/4	3	1	1/2	1/2	1		3	57	A3	3	3939
190	190	754	754	2.0	0	0	4/4	5	2	1/2	1/2	1		3	57	A3	3	3946
190	190	754	754	1.0	0	0	4/4	2	1	1/4	1/4	1		0	60	C4	4	3935
190	190	754	754	1.0	0	0	4/4	5	3	1/4	1/4	1		0	60	C4	4	3948
190	190	754	754	2.0	0	0	4/4	1	1	1/2	1/2	1		3	69	A4	4	3933
190	190	754	754	2.0	0	0	4/4	5	1	1/2	1/2	1		3	69	A4	4	3944
190	190	754	754	2.0	0	0	4/4	7	1	1/2	1/2	1		3	69	A4	4	3955
190	190	755	755	1.0	1/4	1/4	4/4	2	1	1/4	1/4	1		2	62	D4	4	3936
190	190	755	755	1.0	1/4	1/4	4/4	5	3	1/4	1/4	1		2	62	D4	4	3949
190	190	756	756	1.0	1/2	1/2	4/4	4	1	1/4	1/4	1		4	52	E3	3	3942
190	190	756	756	1.0	1/2	1/2	4/4	6	1	1/4	1/4	1		4	52	E3	3	3953
190	190	756	756	1.0	1/2	1/2	4/4	8	1	1/4	1/4	1		4	52	E3	3	3958
190	190	756	756	2.0	1/2	1/2	4/4	3	1	1/2	1/2	1		1	55	G3	3	3940
190	190	756	756	2.0	1/2	1/2	4/4	5	2	1/2	1/2	1		1	55	G3	3	3947
190	190	756	756	1.0	1/2	1/2	4/4	2	1	1/4	1/4	1		1	67	G4	4	3937
190	190	756	756	1.0	1/2	1/2	4/4	5	3	1/4	1/4	1		1	67	G4	4	3950
190	190	756	756	2.0	1/2	1/2	4/4	1	1	1/2	1/2	1		0	72	C5	5	3934
190	190	756	756	2.0	1/2	1/2	4/4	5	1	1/2	1/2	1		0	72	C5	5	3945
190	190	756	756	2.0	1/2	1/2	4/4	7	1	1/2	1/2	1		0	72	C5	5	3956
190	190	757	757	1.0	3/4	3/4	4/4	4	1	1/4	1/4	1		0	48	C3	3	3943
190	190	757	757	1.0	3/4	3/4	4/4	6	1	1/4	1/4	1		0	48	C3	3	3954
190	190	757	757	1.0	3/4	3/4	4/4	8	1	1/4	1/4	1		0	48	C3	3	3959
190	190	757	757	1.0	3/4	3/4	4/4	2	1	1/4	1/4	1		4	64	E4	4	3938
190	190	757	757	1.0	3/4	3/4	4/4	5	3	1/4	1/4	1		4	64	E4	4	3951
191	191	758	758	1.0	0	0	4/4	4	1	1/4	1/4	1		5	47	B2	2	3969
191	191	758	758	1.0	0	0	4/4	6	1	1/4	1/4	1		5	47	B2	2	3982
191	191	758	758	1.0	0	0	4/4	8	1	1/4	1/4	1		5	47	B2	2	3988
191	191	758	758	1.0	0	0	4/4	3	1	1/4	1/4	1		1	55	G3	3	3965
191	191	758	758	1.0	0	0	4/4	5	2	1/4	1/4	1		1	55	G3	3	3975
191	191	758	758	2.0	0	0	4/4	2	1	1/2	1/2	1		2	62	D4	4	3962
191	191	758	758	2.0	0	0	4/4	5	3	1/2	1/2	1		2	62	D4	4	3979
191	191	758	758	2.0	0	0	4/4	1	1	1/2	1/2	1		1	67	G4	4	3960
191	191	758	758	2.0	0	0	4/4	5	1	1/2	1/2	1		1	67	G4	4	3973
191	191	758	758	2.0	0	0	4/4	7	1	1/2	1/2	1		1	67	G4	4	3986
191	191	759	759	1.0	1/4	1/4	4/4	4	1	1/4	1/4	1		1	43	G2	2	3970
191	191	759	759	1.0	1/4	1/4	4/4	6	1	1/4	1/4	1		1	43	G2	2	3983
191	191	759	759	1.0	1/4	1/4	4/4	8	1	1/4	1/4	1		1	43	G2	2	3989
191	191	759	759	1.0	1/4	1/4	4/4	3	1	1/4	1/4	1		5	59	B3	3	3966
191	191	759	759	1.0	1/4	1/4	4/4	5	2	1/4	1/4	1		5	59	B3	3	3976
191	191	760	760	1.0	1/2	1/2	4/4	4	1	1/4	1/4	1		3	45	A2	2	3971
191	191	760	760	1.0	1/2	1/2	4/4	6	1	1/4	1/4	1		3	45	A2	2	3984
191	191	760	760	1.0	1/2	1/2	4/4	8	1	1/4	1/4	1		3	45	A2	2	3990
191	191	760	760	1.0	1/2	1/2	4/4	3	1	1/4	1/4	1		3	57	A3	3	3967
191	191	760	760	1.0	1/2	1/2	4/4	5	2	1/4	1/4	1		3	57	A3	3	3977
191	191	760	760	1.0	1/2	1/2	4/4	2	1	1/4	1/4	1		0	60	C4	4	3963
191	191	760	760	1.0	1/2	1/2	4/4	5	3	1/4	1/4	1		0	60	C4	4	3980
191	191	760	760	2.0	1/2	1/2	4/4	1	1	1/2	1/2	1		1	67	G4	4	3961
191	191	760	760	2.0	1/2	1/2	4/4	5	1	1/2	1/2	1		1	67	G4	4	3974
191	191	760	760	2.0	1/2	1/2	4/4	7	1	1/2	1/2	1		1	67	G4	4	3987
191	191	761	761	1.0	3/4	3/4	4/4	4	1	1/4	1/4	1		5	47	B2	2	3972
191	191	761	761	1.0	3/4	3/4	4/4	6	1	1/4	1/4	1		5	47	B2	2	3985
191	191	761	761	1.0	3/4	3/4	4/4	8	1	1/4	1/4	1		5	47	B2	2	3991
191	191	761	761	1.0	3/4	3/4	4/4	3	1	1/4	1/4	1		1	55	G3	3	3968
191	191	761	761	1.0	3/4	3/4	4/4	5	2	1/4	1/4	1		1	55	G3	3	3978
191	191	761	761	1.0	3/4	3/4	4/4	2	1	1/4	1/4	1		2	62	D4	4	3964
191	191	761	761	1.0	3/4	3/4	4/4	5	3	1/4	1/4	1		2	62	D4	4	3981
192	192	762	762	2.0	0	0	4/4	4	1	1/2	1/2	1		0	48	C3	3	3998
192	192	762	762	2.0	0	0	4/4	6	1	1/2	1/2	1		0	48	C3	3	4006
192	192	762	762	2.0	0	0	4/4	8	1	1/2	1/2	1		0	48	C3	3	4010
192	192	762	762	2.0	0	0	4/4	3	1	1/2	1/2	1		1	55	G3	3	3996
192	192	762	762	2.0	0	0	4/4	5	2	1/2	1/2	1		1	55	G3	3	4002
192	192	762	762	2.0	0	0	4/4	2	1	1/2	1/2	1		0	60	C4	4	3994
192	192	762	762	2.0	0	0	4/4	5	3	1/2	1/2	1		0	60	C4	4	4004
192	192	762	762	2.0	0	0	4/4	1	1	1/2	1/2	1		4	64	E4	4	3992
192	192	762	762	2.0	0	0	4/4	5	1	1/2	1/2	1		4	64	E4	4	4000
192	192	762	762	2.0	0	0	4/4	7	1	1/2	1/2	1		4	64	E4	4	4008
192	192	764	764	2.0	1/2	1/2	4/4	4	1	1/2	1/2	1		3	57	A3	3	3999
192	192	764	764	2.0	1/2	1/2	4/4	6	1	1/2	1/2	1		3	57	A3	3	4007
192	192	764	764	2.0	1/2	1/2	4/4	8	1	1/2	1/2	1		3	57	A3	3	4011
192	192	764	764	2.0	1/2	1/2	4/4	3	1	1/2	1/2	1	1	0	60	C4	4	3997
192	192	764	764	2.0	1/2	1/2	4/4	5	2	1/2	1/2	1	1	0	60	C4	4	4003
192	192	764	764	2.0	1/2	1/2	4/4	2	1	1/2	1/2	1		4	64	E4	4	3995
192	192	764	764	2.0	1/2	1/2	4/4	5	3	1/2	1/2	1		4	64	E4	4	4005
192	192	764	764	2.0	1/2	1/2	4/4	1	1	1/2	1/2	1		3	69	A4	4	3993
192	192	764	764	2.0	1/2	1/2	4/4	5	1	1/2	1/2	1		3	69	A4	4	4001
192	192	764	764	2.0	1/2	1/2	4/4	7	1	1/2	1/2	1		3	69	A4	4	4009
193	193	766	766	2.0	0	0	4/4	4	1	1/2	1/2	1		6	54	F#3	3	4018
193	193	766	766	2.0	0	0	4/4	6	1	1/2	1/2	1		6	54	F#3	3	4026
193	193	766	766	2.0	0	0	4/4	8	1	1/2	1/2	1		6	54	F#3	3	4030
193	193	766	766	2.0	0	0	4/4	3	1	1/2	1/2	1	-1	0	60	C4	4	4016
193	193	766	766	2.0	0	0	4/4	5	2	1/2	1/2	1	-1	0	60	C4	4	4022
193	193	766	766	2.0	0	0	4/4	2	1	1/2	1/2	1		2	62	D4	4	4014
193	193	766	766	2.0	0	0	4/4	5	3	1/2	1/2	1		2	62	D4	4	4024
193	193	766	766	2.0	0	0	4/4	1	1	1/2	1/2	1		3	69	A4	4	4012
193	193	766	766	2.0	0	0	4/4	5	1	1/2	1/2	1		3	69	A4	4	4020
193	193	766	766	2.0	0	0	4/4	7	1	1/2	1/2	1		3	69	A4	4	4028
193	193	768	768	2.0	1/2	1/2	4/4	4	1	1/2	1/2	1		2	50	D3	3	4019
193	193	768	768	2.0	1/2	1/2	4/4	6	1	1/2	1/2	1		2	50	D3	3	4027
193	193	768	768	2.0	1/2	1/2	4/4	8	1	1/2	1/2	1		2	50	D3	3	4031
193	193	768	768	2.0	1/2	1/2	4/4	3	1	1/2	1/2	1		0	60	C4	4	4017
193	193	768	768	2.0	1/2	1/2	4/4	5	2	1/2	1/2	1		0	60	C4	4	4023
193	193	768	768	2.0	1/2	1/2	4/4	2	1	1/2	1/2	1		6	66	F#4	4	4015
193	193	768	768	2.0	1/2	1/2	4/4	5	3	1/2	1/2	1		6	66	F#4	4	4025
193	193	768	768	2.0	1/2	1/2	4/4	1	1	1/2	1/2	1		3	69	A4	4	4013
193	193	768	768	2.0	1/2	1/2	4/4	5	1	1/2	1/2	1		3	69	A4	4	4021
193	193	768	768	2.0	1/2	1/2	4/4	7	1	1/2	1/2	1		3	69	A4	4	4029
194	194	770	770	2.0	0	0	4/4	4	1	1/2	1/2	1		1	55	G3	3	4038
194	194	770	770	2.0	0	0	4/4	6	1	1/2	1/2	1		1	55	G3	3	4046
194	194	770	770	2.0	0	0	4/4	8	1	1/2	1/2	1		1	55	G3	3	4050
194	194	770	770	2.0	0	0	4/4	3	1	1/2	1/2	1		5	59	B3	3	4036
194	194	770	770	2.0	0	0	4/4	5	2	1/2	1/2	1		5	59	B3	3	4042
194	194	770	770	2.0	0	0	4/4	5	3	1/2	1/2	1		2	62	D4	4	4044
194	194	770	770	2.0	0	0	4/4	1	1	1/2	1/2	1		1	67	G4	4	4032
194	194	770	770	2.0	0	0	4/4	2	1	1/2	1/2	1		1	67	G4	4	4034
194	194	770	770	2.0	0	0	4/4	5	1	1/2	1/2	1		1	67	G4	4	4040
194	194	770	770	2.0	0	0	4/4	7	1	1/2	1/2	1		1	67	G4	4	4048
194	194	772	772	2.0	1/2	1/2	4/4	4	1	1/2	1/2	1		4	52	E3	3	4039
194	194	772	772	2.0	1/2	1/2	4/4	6	1	1/2	1/2	1		4	52	E3	3	4047
194	194	772	772	2.0	1/2	1/2	4/4	8	1	1/2	1/2	1		4	52	E3	3	4051
194	194	772	772	2.0	1/2	1/2	4/4	3	1	1/2	1/2	1		4	64	E4	4	4037
194	194	772	772	2.0	1/2	1/2	4/4	5	2	1/2	1/2	1		4	64	E4	4	4043
194	194	772	772	2.0	1/2	1/2	4/4	2	1	1/2	1/2	1		1	67	G4	4	4035
194	194	772	772	2.0	1/2	1/2	4/4	5	3	1/2	1/2	1		1	67	G4	4	4045
194	194	772	772	2.0	1/2	1/2	4/4	1	1	1/2	1/2	1		5	71	B4	4	4033
194	194	772	772	2.0	1/2	1/2	4/4	5	1	1/2	1/2	1		5	71	B4	4	4041
194	194	772	772	2.0	1/2	1/2	4/4	7	1	1/2	1/2	1		5	71	B4	4	4049
195	195	774	774	2.0	0	0	4/4	4	1	1/2	1/2	1		0	48	C3	3	4059
195	195	774	774	2.0	0	0	4/4	6	1	1/2	1/2	1		0	48	C3	3	4068
195	195	774	774	2.0	0	0	4/4	8	1	1/2	1/2	1		0	48	C3	3	4072
195	195	774	774	2.0	0	0	4/4	3	1	1/2	1/2	1		4	64	E4	4	4057
195	195	774	774	2.0	0	0	4/4	5	2	1/2	1/2	1		4	64	E4	4	4063
195	195	774	774	2.0	0	0	4/4	2	1	1/2	1/2	1		1	67	G4	4	4054
195	195	774	774	2.0	0	0	4/4	5	3	1/2	1/2	1		1	67	G4	4	4065
195	195	774	774	2.0	0	0	4/4	1	1	1/2	1/2	1		0	72	C5	5	4052
195	195	774	774	2.0	0	0	4/4	5	1	1/2	1/2	1		0	72	C5	5	4061
195	195	774	774	2.0	0	0	4/4	7	1	1/2	1/2	1		0	72	C5	5	4070
195	195	776	776	2.0	1/2	1/2	4/4	4	1	1/2	1/2	1		7	49	C#3	3	4060
195	195	776	776	2.0	1/2	1/2	4/4	6	1	1/2	1/2	1		7	49	C#3	3	4069
195	195	776	776	2.0	1/2	1/2	4/4	8	1	1/2	1/2	1		7	49	C#3	3	4073
195	195	776	776	2.0	1/2	1/2	4/4	3	1	1/2	1/2	1		4	64	E4	4	4058
195	195	776	776	2.0	1/2	1/2	4/4	5	2	1/2	1/2	1		4	64	E4	4	4064
195	195	776	776	1.0	1/2	1/2	4/4	2	1	1/4	1/4	1		3	69	A4	4	4055
195	195	776	776	1.0	1/2	1/2	4/4	5	3	1/4	1/4	1		3	69	A4	4	4066
195	195	776	776	2.0	1/2	1/2	4/4	1	1	1/2	1/2	1		3	69	A4	4	4053
195	195	776	776	2.0	1/2	1/2	4/4	5	1	1/2	1/2	1		3	69	A4	4	4062
195	195	776	776	2.0	1/2	1/2	4/4	7	1	1/2	1/2	1		3	69	A4	4	4071
195	195	777	777	1.0	3/4	3/4	4/4	2	1	1/4	1/4	1	1	1	67	G4	4	4056
195	195	777	777	1.0	3/4	3/4	4/4	5	3	1/4	1/4	1	1	1	67	G4	4	4067
196	196	778	778	2.0	0	0	4/4	4	1	1/2	1/2	1		2	50	D3	3	4081
196	196	778	778	2.0	0	0	4/4	6	1	1/2	1/2	1		2	50	D3	3	4090
196	196	778	778	2.0	0	0	4/4	8	1	1/2	1/2	1		2	50	D3	3	4094
196	196	778	778	2.0	0	0	4/4	3	1	1/2	1/2	1		2	62	D4	4	4079
196	196	778	778	2.0	0	0	4/4	5	2	1/2	1/2	1		2	62	D4	4	4085
196	196	778	778	1.0	0	0	4/4	2	1	1/4	1/4	1	-1	1	67	G4	4	4076
196	196	778	778	1.0	0	0	4/4	5	3	1/4	1/4	1	-1	1	67	G4	4	4087
196	196	778	778	2.0	0	0	4/4	1	1	1/2	1/2	1		3	69	A4	4	4074
196	196	778	778	2.0	0	0	4/4	5	1	1/2	1/2	1		3	69	A4	4	4083
196	196	778	778	2.0	0	0	4/4	7	1	1/2	1/2	1		3	69	A4	4	4092
196	196	779	779	1.0	1/4	1/4	4/4	2	1	1/4	1/4	1		-1	65	F4	4	4077
196	196	779	779	1.0	1/4	1/4	4/4	5	3	1/4	1/4	1		-1	65	F4	4	4088
196	196	780	780	2.0	1/2	1/2	4/4	4	1	1/2	1/2	1		0	48	C3	3	4082
196	196	780	780	2.0	1/2	1/2	4/4	6	1	1/2	1/2	1		0	48	C3	3	4091
196	196	780	780	2.0	1/2	1/2	4/4	8	1	1/2	1/2	1		0	48	C3	3	4095
196	196	780	780	2.0	1/2	1/2	4/4	2	1	1/2	1/2	1		4	64	E4	4	4078
196	196	780	780	2.0	1/2	1/2	4/4	3	1	1/2	1/2	1		4	64	E4	4	4080
196	196	780	780	2.0	1/2	1/2	4/4	5	2	1/2	1/2	1		4	64	E4	4	4086
196	196	780	780	2.0	1/2	1/2	4/4	5	3	1/2	1/2	1		4	64	E4	4	4089
196	196	780	780	2.0	1/2	1/2	4/4	1	1	1/2	1/2	1		3	69	A4	4	4075
196	196	780	780	2.0	1/2	1/2	4/4	5	1	1/2	1/2	1		3	69	A4	4	4084
196	196	780	780	2.0	1/2	1/2	4/4	7	1	1/2	1/2	1		3	69	A4	4	4093
197	197	782	782	2.0	0	0	4/4	4	1	1/2	1/2	1		2	50	D3	3	4103
197	197	782	782	2.0	0	0	4/4	6	1	1/2	1/2	1		2	50	D3	3	4112
197	197	782	782	2.0	0	0	4/4	8	1	1/2	1/2	1		2	50	D3	3	4116
197	197	782	782	2.0	0	0	4/4	3	1	1/2	1/2	1		5	59	B3	3	4100
197	197	782	782	2.0	0	0	4/4	5	2	1/2	1/2	1		5	59	B3	3	4107
197	197	782	782	2.0	0	0	4/4	2	1	1/2	1/2	1		-1	65	F4	4	4098
197	197	782	782	2.0	0	0	4/4	5	3	1/2	1/2	1		-1	65	F4	4	4110
197	197	782	782	2.0	0	0	4/4	1	1	1/2	1/2	1		3	69	A4	4	4096
197	197	782	782	2.0	0	0	4/4	5	1	1/2	1/2	1		3	69	A4	4	4105
197	197	782	782	2.0	0	0	4/4	7	1	1/2	1/2	1		3	69	A4	4	4114
197	197	784	784	2.0	1/2	1/2	4/4	4	1	1/2	1/2	1		4	52	E3	3	4104
197	197	784	784	2.0	1/2	1/2	4/4	6	1	1/2	1/2	1		4	52	E3	3	4113
197	197	784	784	2.0	1/2	1/2	4/4	8	1	1/2	1/2	1		4	52	E3	3	4117
197	197	784	784	1.0	1/2	1/2	4/4	3	1	1/4	1/4	1		0	60	C4	4	4101
197	197	784	784	1.0	1/2	1/2	4/4	5	2	1/4	1/4	1		0	60	C4	4	4108
197	197	784	784	2.0	1/2	1/2	4/4	2	1	1/2	1/2	1		4	64	E4	4	4099
197	197	784	784	2.0	1/2	1/2	4/4	5	3	1/2	1/2	1		4	64	E4	4	4111
197	197	784	784	2.0	1/2	1/2	4/4	1	1	1/2	1/2	1		1	67	G4	4	4097
197	197	784	784	2.0	1/2	1/2	4/4	5	1	1/2	1/2	1		1	67	G4	4	4106
197	197	784	784	2.0	1/2	1/2	4/4	7	1	1/2	1/2	1		1	67	G4	4	4115
197	197	785	785	1.0	3/4	3/4	4/4	3	1	1/4	1/4	1		-2	58	Bb3	3	4102
197	197	785	785	1.0	3/4	3/4	4/4	5	2	1/4	1/4	1		-2	58	Bb3	3	4109
198	198	786	786	2.0	0	0	4/4	4	1	1/2	1/2	1		-1	53	F3	3	4126
198	198	786	786	2.0	0	0	4/4	6	1	1/2	1/2	1		-1	53	F3	3	4137
198	198	786	786	2.0	0	0	4/4	8	1	1/2	1/2	1		-1	53	F3	3	4142
198	198	786	786	2.0	0	0	4/4	3	1	1/2	1/2	1		3	57	A3	3	4124
198	198	786	786	2.0	0	0	4/4	5	2	1/2	1/2	1		3	57	A3	3	4131
198	198	786	786	1.0	0	0	4/4	2	1	1/4	1/4	1		0	60	C4	4	4120
198	198	786	786	1.0	0	0	4/4	5	3	1/4	1/4	1		0	60	C4	4	4133
198	198	786	786	2.0	0	0	4/4	1	1	1/2	1/2	1		3	69	A4	4	4118
198	198	786	786	2.0	0	0	4/4	5	1	1/2	1/2	1		3	69	A4	4	4129
198	198	786	786	2.0	0	0	4/4	7	1	1/2	1/2	1		3	69	A4	4	4140
198	198	787	787	1.0	1/4	1/4	4/4	2	1	1/4	1/4	1		2	62	D4	4	4121
198	198	787	787	1.0	1/4	1/4	4/4	5	3	1/4	1/4	1		2	62	D4	4	4134
198	198	788	788	1.0	1/2	1/2	4/4	4	1	1/4	1/4	1		4	52	E3	3	4127
198	198	788	788	1.0	1/2	1/2	4/4	6	1	1/4	1/4	1		4	52	E3	3	4138
198	198	788	788	1.0	1/2	1/2	4/4	8	1	1/4	1/4	1		4	52	E3	3	4143
198	198	788	788	2.0	1/2	1/2	4/4	3	1	1/2	1/2	1		1	55	G3	3	4125
198	198	788	788	2.0	1/2	1/2	4/4	5	2	1/2	1/2	1		1	55	G3	3	4132
198	198	788	788	1.0	1/2	1/2	4/4	2	1	1/4	1/4	1		1	67	G4	4	4122
198	198	788	788	1.0	1/2	1/2	4/4	5	3	1/4	1/4	1		1	67	G4	4	4135
198	198	788	788	2.0	1/2	1/2	4/4	1	1	1/2	1/2	1		0	72	C5	5	4119
198	198	788	788	2.0	1/2	1/2	4/4	5	1	1/2	1/2	1		0	72	C5	5	4130
198	198	788	788	2.0	1/2	1/2	4/4	7	1	1/2	1/2	1		0	72	C5	5	4141
198	198	789	789	1.0	3/4	3/4	4/4	4	1	1/4	1/4	1		0	48	C3	3	4128
198	198	789	789	1.0	3/4	3/4	4/4	6	1	1/4	1/4	1		0	48	C3	3	4139
198	198	789	789	1.0	3/4	3/4	4/4	8	1	1/4	1/4	1		0	48	C3	3	4144
198	198	789	789	1.0	3/4	3/4	4/4	2	1	1/4	1/4	1		4	64	E4	4	4123
198	198	789	789	1.0	3/4	3/4	4/4	5	3	1/4	1/4	1		4	64	E4	4	4136
199	199	790	790	1.0	0	0	4/4	4	1	1/4	1/4	1		5	47	B2	2	4154
199	199	790	790	1.0	0	0	4/4	6	1	1/4	1/4	1		5	47	B2	2	4167
199	199	790	790	1.0	0	0	4/4	8	1	1/4	1/4	1		5	47	B2	2	4173
199	199	790	790	1.0	0	0	4/4	3	1	1/4	1/4	1		1	55	G3	3	4150
199	199	790	790	1.0	0	0	4/4	5	2	1/4	1/4	1		1	55	G3	3	4160
199	199	790	790	2.0	0	0	4/4	2	1	1/2	1/2	1		2	62	D4	4	4147
199	199	790	790	2.0	0	0	4/4	5	3	1/2	1/2	1		2	62	D4	4	4164
199	199	790	790	2.0	0	0	4/4	1	1	1/2	1/2	1		1	67	G4	4	4145
199	199	790	790	2.0	0	0	4/4	5	1	1/2	1/2	1		1	67	G4	4	4158
199	199	790	790	2.0	0	0	4/4	7	1	1/2	1/2	1		1	67	G4	4	4171
199	199	791	791	1.0	1/4	1/4	4/4	4	1	1/4	1/4	1		1	43	G2	2	4155
199	199	791	791	1.0	1/4	1/4	4/4	6	1	1/4	1/4	1		1	43	G2	2	4168
199	199	791	791	1.0	1/4	1/4	4/4	8	1	1/4	1/4	1		1	43	G2	2	4174
199	199	791	791	1.0	1/4	1/4	4/4	3	1	1/4	1/4	1		5	59	B3	3	4151
199	199	791	791	1.0	1/4	1/4	4/4	5	2	1/4	1/4	1		5	59	B3	3	4161
199	199	792	792	1.0	1/2	1/2	4/4	4	1	1/4	1/4	1		3	45	A2	2	4156
199	199	792	792	1.0	1/2	1/2	4/4	6	1	1/4	1/4	1		3	45	A2	2	4169
199	199	792	792	1.0	1/2	1/2	4/4	8	1	1/4	1/4	1		3	45	A2	2	4175
199	199	792	792	1.0	1/2	1/2	4/4	3	1	1/4	1/4	1		3	57	A3	3	4152
199	199	792	792	1.0	1/2	1/2	4/4	5	2	1/4	1/4	1		3	57	A3	3	4162
199	199	792	792	1.0	1/2	1/2	4/4	2	1	1/4	1/4	1		0	60	C4	4	4148
199	199	792	792	1.0	1/2	1/2	4/4	5	3	1/4	1/4	1		0	60	C4	4	4165
199	199	792	792	2.0	1/2	1/2	4/4	1	1	1/2	1/2	1		1	67	G4	4	4146
199	199	792	792	2.0	1/2	1/2	4/4	5	1	1/2	1/2	1		1	67	G4	4	4159
199	199	792	792	2.0	1/2	1/2	4/4	7	1	1/2	1/2	1		1	67	G4	4	4172
199	199	793	793	1.0	3/4	3/4	4/4	4	1	1/4	1/4	1		5	47	B2	2	4157
199	199	793	793	1.0	3/4	3/4	4/4	6	1	1/4	1/4	1		5	47	B2	2	4170
199	199	793	793	1.0	3/4	3/4	4/4	8	1	1/4	1/4	1		5	47	B2	2	4176
199	199	793	793	1.0	3/4	3/4	4/4	3	1	1/4	1/4	1		1	55	G3	3	4153
199	199	793	793	1.0	3/4	3/4	4/4	5	2	1/4	1/4	1		1	55	G3	3	4163
199	199	793	793	1.0	3/4	3/4	4/4	2	1	1/4	1/4	1		2	62	D4	4	4149
199	199	793	793	1.0	3/4	3/4	4/4	5	3	1/4	1/4	1		2	62	D4	4	4166
200	200	794	794	2.0	0	0	4/4	4	1	1/2	1/2	1		0	48	C3	3	4183
200	200	794	794	2.0	0	0	4/4	6	1	1/2	1/2	1		0	48	C3	3	4192
200	200	794	794	2.0	0	0	4/4	8	1	1/2	1/2	1		0	48	C3	3	4196
200	200	794	794	2.0	0	0	4/4	3	1	1/2	1/2	1		1	55	G3	3	4181
200	200	794	794	2.0	0	0	4/4	5	2	1/2	1/2	1		1	55	G3	3	4188
200	200	794	794	2.0	0	0	4/4	2	1	1/2	1/2	1		0	60	C4	4	4179
200	200	794	794	2.0	0	0	4/4	5	3	1/2	1/2	1		0	60	C4	4	4190
200	200	794	794	2.0	0	0	4/4	1	1	1/2	1/2	1		4	64	E4	4	4177
200	200	794	794	2.0	0	0	4/4	5	1	1/2	1/2	1		4	64	E4	4	4186
200	200	794	794	2.0	0	0	4/4	7	1	1/2	1/2	1		4	64	E4	4	4194
200	200	796	796	2.0	1/2	1/2	4/4	4	2	1/2	1/2	1		-1	41	F2	2	4185
200	200	796	796	2.0	1/2	1/2	4/4	6	1	1/2	1/2	1		-1	41	F2	2	4193
200	200	796	796	2.0	1/2	1/2	4/4	8	1	1/2	1/2	1		-1	41	F2	2	4197
200	200	796	796	2.0	1/2	1/2	4/4	4	1	1/2	1/2	1		-1	53	F3	3	4184
200	200	796	796	2.0	1/2	1/2	4/4	3	1	1/2	1/2	1		3	57	A3	3	4182
200	200	796	796	2.0	1/2	1/2	4/4	5	2	1/2	1/2	1		3	57	A3	3	4189
200	200	796	796	2.0	1/2	1/2	4/4	2	1	1/2	1/2	1		0	60	C4	4	4180
200	200	796	796	2.0	1/2	1/2	4/4	5	3	1/2	1/2	1		0	60	C4	4	4191
200	200	796	796	2.0	1/2	1/2	4/4	1	1	1/2	1/2	1		-1	65	F4	4	4178
200	200	796	796	2.0	1/2	1/2	4/4	5	1	1/2	1/2	1		-1	65	F4	4	4187
200	200	796	796	2.0	1/2	1/2	4/4	7	1	1/2	1/2	1		-1	65	F4	4	4195
201	201	798	798	2.0	0	0	4/4	4	2	1/2	1/2	1		1	43	G2	2	4207
201	201	798	798	2.0	0	0	4/4	6	1	1/2	1/2	1		1	43	G2	2	4216
201	201	798	798	2.0	0	0	4/4	8	1	1/2	1/2	1		1	43	G2	2	4220
201	201	798	798	2.0	0	0	4/4	3	1	1/2	1/2	1		1	55	G3	3	4202
201	201	798	798	2.0	0	0	4/4	4	1	1/2	1/2	1		1	55	G3	3	4205
201	201	798	798	2.0	0	0	4/4	5	2	1/2	1/2	1		1	55	G3	3	4211
201	201	798	798	2.0	0	0	4/4	2	1	1/2	1/2	1		5	59	B3	3	4200
201	201	798	798	2.0	0	0	4/4	5	3	1/2	1/2	1		5	59	B3	3	4214
201	201	798	798	2.0	0	0	4/4	1	1	1/2	1/2	1		2	62	D4	4	4198
201	201	798	798	2.0	0	0	4/4	5	1	1/2	1/2	1		2	62	D4	4	4209
201	201	798	798	2.0	0	0	4/4	7	1	1/2	1/2	1		2	62	D4	4	4218
201	201	800	800	2.0	1/2	1/2	4/4	4	2	1/2	1/2	1		2	38	D2	2	4208
201	201	800	800	2.0	1/2	1/2	4/4	6	1	1/2	1/2	1		2	38	D2	2	4217
201	201	800	800	2.0	1/2	1/2	4/4	8	1	1/2	1/2	1		2	38	D2	2	4221
201	201	800	800	2.0	1/2	1/2	4/4	4	1	1/2	1/2	1		2	50	D3	3	4206
201	201	800	800	1.0	1/2	1/2	4/4	3	1	1/4	1/4	1		3	57	A3	3	4203
201	201	800	800	1.0	1/2	1/2	4/4	5	2	1/4	1/4	1		3	57	A3	3	4212
201	201	800	800	2.0	1/2	1/2	4/4	2	1	1/2	1/2	1	1	2	62	D4	4	4201
201	201	800	800	2.0	1/2	1/2	4/4	5	3	1/2	1/2	1	1	2	62	D4	4	4215
201	201	800	800	2.0	1/2	1/2	4/4	1	1	1/2	1/2	1		-1	65	F4	4	4199
201	201	800	800	2.0	1/2	1/2	4/4	5	1	1/2	1/2	1		-1	65	F4	4	4210
201	201	800	800	2.0	1/2	1/2	4/4	7	1	1/2	1/2	1		-1	65	F4	4	4219
201	201	801	801	1.0	3/4	3/4	4/4	3	1	1/4	1/4	1		5	59	B3	3	4204
201	201	801	801	1.0	3/4	3/4	4/4	5	2	1/4	1/4	1		5	59	B3	3	4213
202	202	802	802	2.0	0	0	4/4	4	2	1/2	1/2	1		4	40	E2	2	4233
202	202	802	802	2.0	0	0	4/4	6	1	1/2	1/2	1		4	40	E2	2	4243
202	202	802	802	2.0	0	0	4/4	8	1	1/2	1/2	1		4	40	E2	2	4247
202	202	802	802	2.0	0	0	4/4	4	1	1/2	1/2	1		4	52	E3	3	4231
202	202	802	802	2.0	0	0	4/4	3	1	1/2	1/2	1		1	55	G3	3	4228
202	202	802	802	2.0	0	0	4/4	5	2	1/2	1/2	1		1	55	G3	3	4237
202	202	802	802	1.0	0	0	4/4	2	1	1/4	1/4	1	-1	2	62	D4	4	4224
202	202	802	802	1.0	0	0	4/4	5	3	1/4	1/4	1	-1	2	62	D4	4	4240
202	202	802	802	2.0	0	0	4/4	1	1	1/2	1/2	1		1	67	G4	4	4222
202	202	802	802	2.0	0	0	4/4	5	1	1/2	1/2	1		1	67	G4	4	4235
202	202	802	802	2.0	0	0	4/4	7	1	1/2	1/2	1		1	67	G4	4	4245
202	202	803	803	1.0	1/4	1/4	4/4	2	1	1/4	1/4	1		0	60	C4	4	4225
202	202	803	803	2.0	1/4	1/4	4/4	5	3	1/2	1/2	1		0	60	C4	4	4241
202	202	804	804	2.0	1/2	1/2	4/4	4	2	1/2	1/2	1		-1	41	F2	2	4234
202	202	804	804	2.0	1/2	1/2	4/4	6	1	1/2	1/2	1		-1	41	F2	2	4244
202	202	804	804	2.0	1/2	1/2	4/4	8	1	1/2	1/2	1		-1	41	F2	2	4248
202	202	804	804	2.0	1/2	1/2	4/4	4	1	1/2	1/2	1		-1	53	F3	3	4232
202	202	804	804	1.0	1/2	1/2	4/4	2	1	1/4	1/4	1		0	60	C4	4	4226
202	202	804	804	1.0	1/2	1/2	4/4	3	1	1/4	1/4	1		0	60	C4	4	4229
202	202	804	804	1.0	1/2	1/2	4/4	5	2	1/4	1/4	1		0	60	C4	4	4238
202	202	804	804	2.0	1/2	1/2	4/4	1	1	1/2	1/2	1		3	69	A4	4	4223
202	202	804	804	2.0	1/2	1/2	4/4	5	1	1/2	1/2	1		3	69	A4	4	4236
202	202	804	804	2.0	1/2	1/2	4/4	7	1	1/2	1/2	1		3	69	A4	4	4246
202	202	805	805	1.0	3/4	3/4	4/4	3	1	1/4	1/4	1		3	57	A3	3	4230
202	202	805	805	1.0	3/4	3/4	4/4	5	2	1/4	1/4	1		3	57	A3	3	4239
202	202	805	805	1.0	3/4	3/4	4/4	2	1	1/4	1/4	1		2	62	D4	4	4227
202	202	805	805	1.0	3/4	3/4	4/4	5	3	1/4	1/4	1		2	62	D4	4	4242
203	203	806	806	2.0	0	0	4/4	4	2	1/2	1/2	1		1	43	G2	2	4258
203	203	806	806	2.0	0	0	4/4	6	1	1/2	1/2	1		1	43	G2	2	4266
203	203	806	806	2.0	0	0	4/4	8	1	1/2	1/2	1		1	43	G2	2	4270
203	203	806	806	1.0	0	0	4/4	4	1	1/4	1/4	1		1	55	G3	3	4255
203	203	806	806	2.0	0	0	4/4	3	1	1/2	1/2	1		-2	58	Bb3	3	4253
203	203	806	806	2.0	0	0	4/4	5	2	1/2	1/2	1		-2	58	Bb3	3	4262
203	203	806	806	2.0	0	0	4/4	2	1	1/2	1/2	1		4	64	E4	4	4251
203	203	806	806	2.0	0	0	4/4	5	3	1/2	1/2	1		4	64	E4	4	4264
203	203	806	806	2.0	0	0	4/4	1	1	1/2	1/2	1		1	67	G4	4	4249
203	203	806	806	2.0	0	0	4/4	5	1	1/2	1/2	1		1	67	G4	4	4260
203	203	806	806	2.0	0	0	4/4	7	1	1/2	1/2	1		1	67	G4	4	4268
203	203	807	807	1.0	1/4	1/4	4/4	4	1	1/4	1/4	1		1	43	G2	2	4256
203	203	808	808	2.0	1/2	1/2	4/4	4	1	1/2	1/2	1		8	44	G#2	2	4257
203	203	808	808	2.0	1/2	1/2	4/4	4	2	1/2	1/2	1		8	44	G#2	2	4259
203	203	808	808	2.0	1/2	1/2	4/4	6	1	1/2	1/2	1		8	44	G#2	2	4267
203	203	808	808	2.0	1/2	1/2	4/4	8	1	1/2	1/2	1		8	44	G#2	2	4271
203	203	808	808	2.0	1/2	1/2	4/4	3	1	1/2	1/2	1		5	59	B3	3	4254
203	203	808	808	2.0	1/2	1/2	4/4	5	2	1/2	1/2	1		5	59	B3	3	4263
203	203	808	808	2.0	1/2	1/2	4/4	2	1	1/2	1/2	1		2	62	D4	4	4252
203	203	808	808	2.0	1/2	1/2	4/4	5	3	1/2	1/2	1		2	62	D4	4	4265
203	203	808	808	2.0	1/2	1/2	4/4	1	1	1/2	1/2	1		-1	65	F4	4	4250
203	203	808	808	2.0	1/2	1/2	4/4	5	1	1/2	1/2	1		-1	65	F4	4	4261
203	203	808	808	2.0	1/2	1/2	4/4	7	1	1/2	1/2	1		-1	65	F4	4	4269
204	204	810	810	2.0	0	0	4/4	4	1	1/2	1/2	1		3	45	A2	2	4278
204	204	810	810	2.0	0	0	4/4	4	2	1/2	1/2	1		3	45	A2	2	4280
204	204	810	810	2.0	0	0	4/4	6	1	1/2	1/2	1		3	45	A2	2	4287
204	204	810	810	2.0	0	0	4/4	8	1	1/2	1/2	1		3	45	A2	2	4291
204	204	810	810	2.0	0	0	4/4	3	1	1/2	1/2	1		3	57	A3	3	4276
204	204	810	810	2.0	0	0	4/4	5	2	1/2	1/2	1		3	57	A3	3	4283
204	204	810	810	2.0	0	0	4/4	2	1	1/2	1/2	1		7	61	C#4	4	4274
204	204	810	810	2.0	0	0	4/4	5	3	1/2	1/2	1		7	61	C#4	4	4285
204	204	810	810	2.0	0	0	4/4	1	1	1/2	1/2	1		4	64	E4	4	4272
204	204	810	810	2.0	0	0	4/4	5	1	1/2	1/2	1		4	64	E4	4	4281
204	204	810	810	2.0	0	0	4/4	7	1	1/2	1/2	1		4	64	E4	4	4289
204	204	812	812	2.0	1/2	1/2	4/4	4	1	1/2	1/2	1		3	45	A2	2	4279
204	204	812	812	2.0	1/2	1/2	4/4	6	1	1/2	1/2	1		3	45	A2	2	4288
204	204	812	812	2.0	1/2	1/2	4/4	8	1	1/2	1/2	1		3	45	A2	2	4292
204	204	812	812	2.0	1/2	1/2	4/4	3	1	1/2	1/2	1		3	57	A3	3	4277
204	204	812	812	2.0	1/2	1/2	4/4	5	2	1/2	1/2	1		3	57	A3	3	4284
204	204	812	812	2.0	1/2	1/2	4/4	2	1	1/2	1/2	1		7	61	C#4	4	4275
204	204	812	812	2.0	1/2	1/2	4/4	5	3	1/2	1/2	1		7	61	C#4	4	4286
204	204	812	812	2.0	1/2	1/2	4/4	1	1	1/2	1/2	1		4	64	E4	4	4273
204	204	812	812	2.0	1/2	1/2	4/4	5	1	1/2	1/2	1		4	64	E4	4	4282
204	204	812	812	2.0	1/2	1/2	4/4	7	1	1/2	1/2	1		4	64	E4	4	4290
205	205	814	814	2.0	0	0	4/4	4	1	1/2	1/2	1		2	50	D3	3	4299
205	205	814	814	2.0	0	0	4/4	6	1	1/2	1/2	1		2	50	D3	3	4307
205	205	814	814	2.0	0	0	4/4	8	1	1/2	1/2	1		2	50	D3	3	4311
205	205	814	814	2.0	0	0	4/4	3	1	1/2	1/2	1		3	57	A3	3	4297
205	205	814	814	2.0	0	0	4/4	5	2	1/2	1/2	1		3	57	A3	3	4303
205	205	814	814	2.0	0	0	4/4	2	1	1/2	1/2	1		2	62	D4	4	4295
205	205	814	814	2.0	0	0	4/4	5	3	1/2	1/2	1		2	62	D4	4	4305
205	205	814	814	2.0	0	0	4/4	1	1	1/2	1/2	1		-1	65	F4	4	4293
205	205	814	814	2.0	0	0	4/4	5	1	1/2	1/2	1		-1	65	F4	4	4301
205	205	814	814	2.0	0	0	4/4	7	1	1/2	1/2	1		-1	65	F4	4	4309
205	205	816	816	2.0	1/2	1/2	4/4	4	1	1/2	1/2	1		0	48	C3	3	4300
205	205	816	816	2.0	1/2	1/2	4/4	6	1	1/2	1/2	1		0	48	C3	3	4308
205	205	816	816	2.0	1/2	1/2	4/4	8	1	1/2	1/2	1		0	48	C3	3	4312
205	205	816	816	2.0	1/2	1/2	4/4	3	1	1/2	1/2	1		0	60	C4	4	4298
205	205	816	816	2.0	1/2	1/2	4/4	5	2	1/2	1/2	1		0	60	C4	4	4304
205	205	816	816	2.0	1/2	1/2	4/4	2	1	1/2	1/2	1		4	64	E4	4	4296
205	205	816	816	2.0	1/2	1/2	4/4	5	3	1/2	1/2	1		4	64	E4	4	4306
205	205	816	816	2.0	1/2	1/2	4/4	1	1	1/2	1/2	1		1	67	G4	4	4294
205	205	816	816	2.0	1/2	1/2	4/4	5	1	1/2	1/2	1		1	67	G4	4	4302
205	205	816	816	2.0	1/2	1/2	4/4	7	1	1/2	1/2	1		1	67	G4	4	4310
206	206	818	818	2.0	0	0	4/4	4	2	1/2	1/2	1		-1	41	F2	2	4321
206	206	818	818	2.0	0	0	4/4	6	1	1/2	1/2	1		-1	41	F2	2	4328
206	206	818	818	2.0	0	0	4/4	8	1	1/2	1/2	1		-1	41	F2	2	4332
206	206	818	818	2.0	0	0	4/4	4	1	1/2	1/2	1		-1	53	F3	3	4319
206	206	818	818	2.0	0	0	4/4	3	1	1/2	1/2	1		0	60	C4	4	4317
206	206	818	818	2.0	0	0	4/4	5	2	1/2	1/2	1		0	60	C4	4	4324
206	206	818	818	2.0	0	0	4/4	2	1	1/2	1/2	1		-3	63	Eb4	4	4315
206	206	818	818	2.0	0	0	4/4	5	3	1/2	1/2	1		-3	63	Eb4	4	4326
206	206	818	818	2.0	0	0	4/4	1	1	1/2	1/2	1		3	69	A4	4	4313
206	206	818	818	2.0	0	0	4/4	5	1	1/2	1/2	1		3	69	A4	4	4322
206	206	818	818	2.0	0	0	4/4	7	1	1/2	1/2	1		3	69	A4	4	4330
206	206	820	820	2.0	1/2	1/2	4/4	4	1	1/2	1/2	1	1	-2	46	Bb2	2	4320
206	206	820	820	2.0	1/2	1/2	4/4	6	1	1/2	1/2	1	1	-2	46	Bb2	2	4329
206	206	820	820	2.0	1/2	1/2	4/4	8	1	1/2	1/2	1	1	-2	46	Bb2	2	4333
206	206	820	820	2.0	1/2	1/2	4/4	3	1	1/2	1/2	1		-2	58	Bb3	3	4318
206	206	820	820	2.0	1/2	1/2	4/4	5	2	1/2	1/2	1		-2	58	Bb3	3	4325
206	206	820	820	2.0	1/2	1/2	4/4	2	1	1/2	1/2	1		2	62	D4	4	4316
206	206	820	820	2.0	1/2	1/2	4/4	5	3	1/2	1/2	1		2	62	D4	4	4327
206	206	820	820	2.0	1/2	1/2	4/4	1	1	1/2	1/2	1		-1	65	F4	4	4314
206	206	820	820	2.0	1/2	1/2	4/4	5	1	1/2	1/2	1		-1	65	F4	4	4323
206	206	820	820	2.0	1/2	1/2	4/4	7	1	1/2	1/2	1		-1	65	F4	4	4331
207	207	822	822	1.0	0	0	4/4	4	1	1/4	1/4	1	-1	-2	46	Bb2	2	4342
207	207	822	822	1.0	0	0	4/4	6	1	1/4	1/4	1	-1	-2	46	Bb2	2	4353
207	207	822	822	1.0	0	0	4/4	8	1	1/4	1/4	1	-1	-2	46	Bb2	2	4358
207	207	822	822	1.0	0	0	4/4	3	1	1/4	1/4	1		1	55	G3	3	4339
207	207	822	822	1.0	0	0	4/4	5	2	1/4	1/4	1		1	55	G3	3	4347
207	207	822	822	1.0	0	0	4/4	2	1	1/4	1/4	1		2	62	D4	4	4336
207	207	822	822	1.0	0	0	4/4	5	3	1/4	1/4	1		2	62	D4	4	4350
207	207	822	822	2.0	0	0	4/4	1	1	1/2	1/2	1		1	67	G4	4	4334
207	207	822	822	2.0	0	0	4/4	5	1	1/2	1/2	1		1	67	G4	4	4345
207	207	822	822	2.0	0	0	4/4	7	1	1/2	1/2	1		1	67	G4	4	4356
207	207	823	823	2.0	1/4	1/4	4/4	4	1	1/2	1/2	1		3	45	A2	2	4343
207	207	823	823	2.0	1/4	1/4	4/4	6	1	1/2	1/2	1		3	45	A2	2	4354
207	207	823	823	2.0	1/4	1/4	4/4	8	1	1/2	1/2	1		3	45	A2	2	4359
207	207	823	823	2.0	1/4	1/4	4/4	3	1	1/2	1/2	1		3	57	A3	3	4340
207	207	823	823	2.0	1/4	1/4	4/4	5	2	1/2	1/2	1		3	57	A3	3	4348
207	207	823	823	1.0	1/4	1/4	4/4	2	1	1/4	1/4	1		7	61	C#4	4	4337
207	207	823	823	1.0	1/4	1/4	4/4	5	3	1/4	1/4	1		7	61	C#4	4	4351
207	207	824	824	2.0	1/2	1/2	4/4	2	1	1/2	1/2	1		2	62	D4	4	4338
207	207	824	824	2.0	1/2	1/2	4/4	5	3	1/2	1/2	1		2	62	D4	4	4352
207	207	824	824	2.0	1/2	1/2	4/4	1	1	1/2	1/2	1		-1	65	F4	4	4335
207	207	824	824	2.0	1/2	1/2	4/4	5	1	1/2	1/2	1		-1	65	F4	4	4346
207	207	824	824	2.0	1/2	1/2	4/4	7	1	1/2	1/2	1		-1	65	F4	4	4357
207	207	825	825	1.0	3/4	3/4	4/4	4	1	1/4	1/4	1		8	44	G#2	2	4344
207	207	825	825	1.0	3/4	3/4	4/4	6	1	1/4	1/4	1		8	44	G#2	2	4355
207	207	825	825	1.0	3/4	3/4	4/4	8	1	1/4	1/4	1		8	44	G#2	2	4360
207	207	825	825	1.0	3/4	3/4	4/4	3	1	1/4	1/4	1		5	59	B3	3	4341
207	207	825	825	1.0	3/4	3/4	4/4	5	2	1/4	1/4	1		5	59	B3	3	4349
208	208	826	826	2.0	0	0	4/4	4	1	1/2	1/2	1		3	45	A2	2	4367
208	208	826	826	2.0	0	0	4/4	6	1	1/2	1/2	1		3	45	A2	2	4375
208	208	826	826	2.0	0	0	4/4	8	1	1/2	1/2	1		3	45	A2	2	4379
208	208	826	826	2.0	0	0	4/4	3	1	1/2	1/2	1		3	57	A3	3	4365
208	208	826	826	2.0	0	0	4/4	5	2	1/2	1/2	1		3	57	A3	3	4371
208	208	826	826	2.0	0	0	4/4	2	1	1/2	1/2	1		7	61	C#4	4	4363
208	208	826	826	2.0	0	0	4/4	5	3	1/2	1/2	1		7	61	C#4	4	4373
208	208	826	826	2.0	0	0	4/4	1	1	1/2	1/2	1		4	64	E4	4	4361
208	208	826	826	2.0	0	0	4/4	5	1	1/2	1/2	1		4	64	E4	4	4369
208	208	826	826	2.0	0	0	4/4	7	1	1/2	1/2	1		4	64	E4	4	4377
208	208	828	828	2.0	1/2	1/2	4/4	4	1	1/2	1/2	1		5	47	B2	2	4368
208	208	828	828	2.0	1/2	1/2	4/4	6	1	1/2	1/2	1		5	47	B2	2	4376
208	208	828	828	2.0	1/2	1/2	4/4	8	1	1/2	1/2	1		5	47	B2	2	4380
208	208	828	828	2.0	1/2	1/2	4/4	3	1	1/2	1/2	1		1	55	G3	3	4366
208	208	828	828	2.0	1/2	1/2	4/4	5	2	1/2	1/2	1		1	55	G3	3	4372
208	208	828	828	2.0	1/2	1/2	4/4	2	1	1/2	1/2	1		2	62	D4	4	4364
208	208	828	828	2.0	1/2	1/2	4/4	5	3	1/2	1/2	1		2	62	D4	4	4374
208	208	828	828	2.0	1/2	1/2	4/4	1	1	1/2	1/2	1		1	67	G4	4	4362
208	208	828	828	2.0	1/2	1/2	4/4	5	1	1/2	1/2	1		1	67	G4	4	4370
208	208	828	828	2.0	1/2	1/2	4/4	7	1	1/2	1/2	1		1	67	G4	4	4378
209	209	830	830	2.0	0	0	4/4	4	1	1/2	1/2	1		0	48	C3	3	4386
209	209	830	830	2.0	0	0	4/4	6	1	1/2	1/2	1		0	48	C3	3	4395
209	209	830	830	2.0	0	0	4/4	8	1	1/2	1/2	1		0	48	C3	3	4399
209	209	830	830	2.0	0	0	4/4	3	1	1/2	1/2	1		1	55	G3	3	4384
209	209	830	830	2.0	0	0	4/4	5	2	1/2	1/2	1		1	55	G3	3	4391
209	209	830	830	2.0	0	0	4/4	5	3	1/2	1/2	1		0	60	C4	4	4393
209	209	830	830	4.0	0	0	4/4	2	1	1	1	1	1	0	60	C4	4	4383
209	209	830	830	2.0	0	0	4/4	1	1	1/2	1/2	1		4	64	E4	4	4381
209	209	830	830	2.0	0	0	4/4	5	1	1/2	1/2	1		4	64	E4	4	4389
209	209	830	830	2.0	0	0	4/4	7	1	1/2	1/2	1		4	64	E4	4	4397
209	209	832	832	2.0	1/2	1/2	4/4	4	2	1/2	1/2	1		3	45	A2	2	4388
209	209	832	832	2.0	1/2	1/2	4/4	6	1	1/2	1/2	1		3	45	A2	2	4396
209	209	832	832	2.0	1/2	1/2	4/4	8	1	1/2	1/2	1		3	45	A2	2	4400
209	209	832	832	2.0	1/2	1/2	4/4	3	1	1/2	1/2	1		3	57	A3	3	4385
209	209	832	832	2.0	1/2	1/2	4/4	4	1	1/2	1/2	1		3	57	A3	3	4387
209	209	832	832	2.0	1/2	1/2	4/4	5	2	1/2	1/2	1	1	3	57	A3	3	4392
209	209	832	832	2.0	1/2	1/2	4/4	1	1	1/2	1/2	1		0	60	C4	4	4382
209	209	832	832	2.0	1/2	1/2	4/4	5	1	1/2	1/2	1		0	60	C4	4	4390
209	209	832	832	2.0	1/2	1/2	4/4	5	3	1/2	1/2	1	1	0	60	C4	4	4394
209	209	832	832	2.0	1/2	1/2	4/4	7	1	1/2	1/2	1		0	60	C4	4	4398
210	210	834	834	2.0	0	0	4/4	4	2	1/2	1/2	1		-1	41	F2	2	4410
210	210	834	834	2.0	0	0	4/4	6	1	1/2	1/2	1		-1	41	F2	2	4419
210	210	834	834	2.0	0	0	4/4	8	1	1/2	1/2	1		-1	41	F2	2	4422
210	210	834	834	2.0	0	0	4/4	4	1	1/2	1/2	1		-1	53	F3	3	4408
210	210	834	834	2.0	0	0	4/4	3	1	1/2	1/2	1		3	57	A3	3	4405
210	210	834	834	2.0	0	0	4/4	5	2	1/2	1/2	1	-1	3	57	A3	3	4413
210	210	834	834	2.0	0	0	4/4	2	1	1/2	1/2	1	-1	0	60	C4	4	4402
210	210	834	834	2.0	0	0	4/4	5	3	1/2	1/2	1	-1	0	60	C4	4	4416
210	210	834	834	4.0	0	0	4/4	1	1	1	1	1		2	62	D4	4	4401
210	210	834	834	4.0	0	0	4/4	5	1	1	1	1		2	62	D4	4	4412
210	210	834	834	4.0	0	0	4/4	7	1	1	1	1		2	62	D4	4	4421
210	210	836	836	2.0	1/2	1/2	4/4	4	2	1/2	1/2	1		1	43	G2	2	4411
210	210	836	836	2.0	1/2	1/2	4/4	6	1	1/2	1/2	1		1	43	G2	2	4420
210	210	836	836	2.0	1/2	1/2	4/4	8	1	1/2	1/2	1		1	43	G2	2	4423
210	210	836	836	1.0	1/2	1/2	4/4	3	1	1/4	1/4	1		1	55	G3	3	4406
210	210	836	836	1.0	1/2	1/2	4/4	5	2	1/4	1/4	1		1	55	G3	3	4414
210	210	836	836	2.0	1/2	1/2	4/4	4	1	1/2	1/2	1		1	55	G3	3	4409
210	210	836	836	1.0	1/2	1/2	4/4	2	1	1/4	1/4	1		5	59	B3	3	4403
210	210	836	836	1.0	1/2	1/2	4/4	5	3	1/4	1/4	1		5	59	B3	3	4417
210	210	837	837	1.0	3/4	3/4	4/4	3	1	1/4	1/4	1	1	5	59	B3	3	4407
210	210	837	837	1.0	3/4	3/4	4/4	5	2	1/4	1/4	1	1	5	59	B3	3	4415
210	210	837	837	1.0	3/4	3/4	4/4	2	1	1/4	1/4	1	1	2	62	D4	4	4404
210	210	837	837	1.0	3/4	3/4	4/4	5	3	1/4	1/4	1	1	2	62	D4	4	4418
211	211	838	838	1.0	0	0	4/4	4	2	1/4	1/4	1		8	44	G#2	2	4437
211	211	838	838	1.0	0	0	4/4	6	1	1/4	1/4	1		8	44	G#2	2	4450
211	211	838	838	1.0	0	0	4/4	8	1	1/4	1/4	1		8	44	G#2	2	4455
211	211	838	838	1.0	0	0	4/4	4	1	1/4	1/4	1		8	56	G#3	3	4433
211	211	838	838	1.0	0	0	4/4	3	1	1/4	1/4	1	-1	5	59	B3	3	4429
211	211	838	838	1.0	0	0	4/4	5	2	1/4	1/4	1	-1	5	59	B3	3	4442
211	211	838	838	1.0	0	0	4/4	2	1	1/4	1/4	1	-1	2	62	D4	4	4425
211	211	838	838	1.0	0	0	4/4	5	3	1/4	1/4	1	-1	2	62	D4	4	4446
211	211	838	838	4.0	0	0	4/4	1	1	1	1	1	1	4	64	E4	4	4424
211	211	838	838	4.0	0	0	4/4	5	1	1	1	1	1	4	64	E4	4	4441
211	211	838	838	4.0	0	0	4/4	7	1	1	1	1	1	4	64	E4	4	4454
211	211	839	839	1.0	1/4	1/4	4/4	4	2	1/4	1/4	1		4	40	E2	2	4438
211	211	839	839	1.0	1/4	1/4	4/4	6	1	1/4	1/4	1		4	40	E2	2	4451
211	211	839	839	1.0	1/4	1/4	4/4	8	1	1/4	1/4	1		4	40	E2	2	4456
211	211	839	839	1.0	1/4	1/4	4/4	4	1	1/4	1/4	1		4	52	E3	3	4434
211	211	839	839	0.5	1/4	1/4	4/4	3	1	1/8	1/8	1		3	57	A3	3	4430
211	211	839	839	0.5	1/4	1/4	4/4	5	2	1/8	1/8	1		3	57	A3	3	4443
211	211	839	839	0.5	1/4	1/4	4/4	2	1	1/8	1/8	1		0	60	C4	4	4426
211	211	839	839	0.5	1/4	1/4	4/4	5	3	1/8	1/8	1		0	60	C4	4	4447
211	211	1679/2	1679/2	0.5	3/8	3/8	4/4	3	1	1/8	1/8	1		8	56	G#3	3	4431
211	211	1679/2	1679/2	0.5	3/8	3/8	4/4	5	2	1/8	1/8	1		8	56	G#3	3	4444
211	211	1679/2	1679/2	0.5	3/8	3/8	4/4	2	1	1/8	1/8	1		5	59	B3	3	4427
211	211	1679/2	1679/2	0.5	3/8	3/8	4/4	5	3	1/8	1/8	1		5	59	B3	3	4448
211	211	840	840	1.0	1/2	1/2	4/4	4	2	1/4	1/4	1		3	45	A2	2	4439
211	211	840	840	1.0	1/2	1/2	4/4	6	1	1/4	1/4	1		3	45	A2	2	4452
211	211	840	840	1.0	1/2	1/2	4/4	8	1	1/4	1/4	1		3	45	A2	2	4457
211	211	840	840	1.0	1/2	1/2	4/4	4	1	1/4	1/4	1		3	57	A3	3	4435
211	211	840	840	2.0	1/2	1/2	4/4	3	1	1/2	1/2	1		3	57	A3	3	4432
211	211	840	840	2.0	1/2	1/2	4/4	5	2	1/2	1/2	1		3	57	A3	3	4445
211	211	840	840	2.0	1/2	1/2	4/4	2	1	1/2	1/2	1		0	60	C4	4	4428
211	211	840	840	2.0	1/2	1/2	4/4	5	3	1/2	1/2	1		0	60	C4	4	4449
211	211	841	841	1.0	3/4	3/4	4/4	4	2	1/4	1/4	1		0	48	C3	3	4440
211	211	841	841	1.0	3/4	3/4	4/4	6	1	1/4	1/4	1		0	48	C3	3	4453
211	211	841	841	1.0	3/4	3/4	4/4	8	1	1/4	1/4	1		0	48	C3	3	4458
211	211	841	841	1.0	3/4	3/4	4/4	4	1	1/4	1/4	1		0	60	C4	4	4436
212	212	842	842	4.0	0	0	4/4	4	2	1	1	1		4	40	E2	2	4463
212	212	842	842	4.0	0	0	4/4	6	1	1	1	1		4	40	E2	2	4467
212	212	842	842	4.0	0	0	4/4	8	1	1	1	1		4	40	E2	2	4469
212	212	842	842	4.0	0	0	4/4	4	1	1	1	1		4	52	E3	3	4462
212	212	842	842	4.0	0	0	4/4	3	1	1	1	1		8	56	G#3	3	4461
212	212	842	842	4.0	0	0	4/4	5	2	1	1	1		8	56	G#3	3	4465
212	212	842	842	4.0	0	0	4/4	2	1	1	1	1		5	59	B3	3	4460
212	212	842	842	4.0	0	0	4/4	5	3	1	1	1		5	59	B3	3	4466
212	212	842	842	4.0	0	0	4/4	1	1	1	1	1	-1	4	64	E4	4	4459
212	212	842	842	4.0	0	0	4/4	5	1	1	1	1	-1	4	64	E4	4	4464
212	212	842	842	4.0	0	0	4/4	7	1	1	1	1	-1	4	64	E4	4	4468
